ray,material,entry_mm,length_mm,path
0,Scintillator,914.602425789,36.5540808758,World/hcal_top/hcal_top_layer2_strip8
0,Scintillator,951.156506665,35.2750488094,World/hcal_top/hcal_top_layer2_strip9
0,Aluminum3003,912.806697547,1.79572824213,World/hcal_top/hcal_top_cover_2_placement
1,Scintillator,834.678745242,43.4748934058,World/hcal_top/hcal_top_layer1_strip4
1,Scintillator,808.261712442,26.4170327997,World/hcal_top/hcal_top_layer1_strip5
1,Aluminum3003,806.514414287,1.74729815514,World/hcal_top/hcal_top_cover_1_placement
2,Scintillator,628.842332409,51.143100876,World/hcal_top/hcal_top_layer1_strip2
2,Scintillator,679.985433285,3.2340905894,World/hcal_top/hcal_top_layer1_strip3
2,Aluminum3003,627.482902623,1.35942978664,World/hcal_top/hcal_top_cover_1_placement
3,Scintillator,558.589334083,48.3022811992,World/hcal_top/hcal_top_layer1_strip9
3,Aluminum3003,557.381777053,1.20755702998,World/hcal_top/hcal_top_cover_1_placement
4,Scintillator,416.40844455,32.7030142522,World/hcal_top/hcal_top_layer2_strip5
4,Aluminum3003,415.590869194,0.817575356304,World/hcal_top/hcal_top_cover_2_placement
5,Scintillator,547.546233977,47.347363348,World/hcal_top/hcal_top_layer1_strip8
5,Aluminum3003,546.362549894,1.1836840837,World/hcal_top/hcal_top_cover_1_placement
6,Scintillator,622.857851152,53.8597019989,World/hcal_top/hcal_top_layer1_strip10
6,Aluminum3003,621.511358602,1.34649254997,World/hcal_top/hcal_top_cover_1_placement
7,Scintillator,867.798717563,59.5216641961,World/hcal_top/hcal_top_layer2_strip7
7,Scintillator,859.795558986,8.00315857693,World/hcal_top/hcal_top_layer2_strip8
7,Aluminum3003,858.107438417,1.68812056933,World/hcal_top/hcal_top_cover_2_placement
8,Scintillator,728.706303793,27.7978830828,World/hcal_top/hcal_top_layer2_strip4
8,Scintillator,701.417711748,27.2885920456,World/hcal_top/hcal_top_layer2_strip5
8,Aluminum3003,700.040549869,1.37716187821,World/hcal_top/hcal_top_cover_2_placement
9,Scintillator,460.783985984,27.7341958472,World/hcal_top/hcal_top_layer2_strip5
9,Scintillator,488.518181831,8.45389173365,World/hcal_top/hcal_top_layer2_strip6
9,Aluminum3003,459.879283794,0.904702189522,World/hcal_top/hcal_top_cover_2_placement
10,Scintillator,1874.9895872,9.78110421376,World/hcal_above_ecal/hcal_above_ecal_layer2_strip3
10,Scintillator,1854.34795822,20.641628979,World/hcal_above_ecal/hcal_above_ecal_layer2_strip4
10,Scintillator,1956.19335593,5.85107779443,World/hcal_above_ecal/hcal_above_ecal_layer4_strip2
10,Scintillator,1931.62170054,24.5716553983,World/hcal_above_ecal/hcal_above_ecal_layer4_strip3
10,Aluminum3003,1853.5873899,0.760568329818,World/hcal_above_ecal/hcal_above_ecal_cover_2_placement
10,Aluminum3003,1930.86113221,0.760568329818,World/hcal_above_ecal/hcal_above_ecal_cover_4_placement
11,Scintillator,815.130994083,70.4859260426,World/hcal_top/hcal_top_layer1_strip10
11,Aluminum3003,813.368845932,1.76214815107,World/hcal_top/hcal_top_cover_1_placement
12,Scintillator,862.043611443,38.9627936513,World/hcal_top/hcal_top_layer1_strip1
12,Scintillator,829.295635584,32.7479758588,World/hcal_top/hcal_top_layer1_strip2
12,Scintillator,939.227280548,45.5788311524,World/hcal_top/hcal_top_layer2_strip9
12,Scintillator,913.09534219,26.1319383577,World/hcal_top/hcal_top_layer2_strip10
12,Aluminum3003,827.502866347,1.79276923775,World/hcal_top/hcal_top_cover_1_placement
12,Aluminum3003,911.302572952,1.79276923775,World/hcal_top/hcal_top_cover_2_placement
13,Scintillator,281.384545993,9.91097148771,World/hcal_top/hcal_top_layer1_strip5
13,Scintillator,291.29551748,14.4208849161,World/hcal_top/hcal_top_layer1_strip6
13,Aluminum3003,280.776249582,0.608296410097,World/hcal_top/hcal_top_cover_1_placement
13,Scintillator,2066.3777119,24.3318564039,World/hcal_below_ecal/hcal_below_ecal_layer1_strip5
13,Scintillator,2123.61697839,24.3318564039,World/hcal_below_ecal/hcal_below_ecal_layer3_strip5
13,Aluminum3003,2065.76941549,0.608296410097,World/hcal_below_ecal/hcal_below_ecal_cover_1_placement
13,Aluminum3003,2123.00868198,0.608296410097,World/hcal_below_ecal/hcal_below_ecal_cover_3_placement
14,Scintillator,326.108926795,1.94167892483,World/hcal_top/hcal_top_layer1_strip8
14,Scintillator,328.05060572,26.2575796763,World/hcal_top/hcal_top_layer1_strip9
14,Aluminum3003,325.40394533,0.704981465028,World/hcal_top/hcal_top_cover_1_placement
15,Scintillator,942.964109529,26.7227422672,World/hcal_top/hcal_top_layer1_strip7
15,Scintillator,892.509830709,50.4542788211,World/hcal_top/hcal_top_layer1_strip8
15,Scintillator,1018.33820501,41.5361007448,World/hcal_top/hcal_top_layer2_strip8
15,Scintillator,982.697284672,35.640920343,World/hcal_top/hcal_top_layer2_strip9
15,Aluminum3003,890.580405181,1.92942552719,World/hcal_top/hcal_top_cover_1_placement
15,Aluminum3003,980.767859144,1.92942552719,World/hcal_top/hcal_top_cover_2_placement
16,Scintillator,360.605024867,31.1822017539,World/hcal_top/hcal_top_layer1_strip11
16,Scintillator,397.043894176,31.1822017539,World/hcal_top/hcal_top_layer2_strip11
16,Aluminum3003,359.825469823,0.779555043847,World/hcal_top/hcal_top_cover_1_placement
16,Aluminum3003,396.264339133,0.779555043847,World/hcal_top/hcal_top_cover_2_placement
17,Scintillator,526.375029882,3.75515437303,World/hcal_top/hcal_top_layer1_strip6
17,Scintillator,530.130184255,41.7614947254,World/hcal_top/hcal_top_layer1_strip7
17,Aluminum3003,525.237113655,1.13791622746,World/hcal_top/hcal_top_cover_1_placement
18,Scintillator,903.945082062,7.97450335777,World/hcal_top/hcal_top_layer2_strip4
18,Scintillator,845.516204668,58.428877394,World/hcal_top/hcal_top_layer2_strip5
18,Aluminum3003,843.85612015,1.66008451879,World/hcal_top/hcal_top_cover_2_placement
19,Scintillator,660.952671283,57.1538334868,World/hcal_top/hcal_top_layer1_strip8
19,Aluminum3003,659.523825446,1.42884583717,World/hcal_top/hcal_top_cover_1_placement
20,Scintillator,674.055568204,45.2506246088,World/hcal_top/hcal_top_layer2_strip10
20,Scintillator,666.928369415,7.12719878934,World/hcal_top/hcal_top_layer2_strip11
20,Aluminum3003,665.61892383,1.30944558495,World/hcal_top/hcal_top_cover_2_placement
21,Scintillator,734.359520677,5.66956576007,World/hcal_top/hcal_top_layer2_strip0
21,Aluminum3003,732.917680929,1.44183974804,World/hcal_top/hcal_top_cover_2_placement
22,Scintillator,469.320103886,36.8584793298,World/hcal_top/hcal_top_layer2_strip3
22,Aluminum3003,468.398641903,0.921461983245,World/hcal_top/hcal_top_cover_2_placement
23,Scintillator,775.16616854,60.8783769621,World/hcal_top/hcal_top_layer2_strip5
23,Aluminum3003,773.644209116,1.52195942405,World/hcal_top/hcal_top_cover_2_placement
24,Scintillator,904.674251675,10.1081189918,World/hcal_top/hcal_top_layer1_strip10
24,Scintillator,841.975177106,62.6990745685,World/hcal_top/hcal_top_layer1_strip11
24,Aluminum3003,840.154997267,1.82017983901,World/hcal_top/hcal_top_cover_1_placement
25,Scintillator,495.401446501,38.9068011889,World/hcal_top/hcal_top_layer2_strip0
25,Aluminum3003,494.428776472,0.972670029721,World/hcal_top/hcal_top_cover_2_placement
26,Scintillator,690.373428978,17.2858151295,World/hcal_top/hcal_top_layer2_strip6
26,Scintillator,656.129518263,34.243910715,World/hcal_top/hcal_top_layer2_strip7
26,Aluminum3003,654.841275116,1.28824314611,World/hcal_top/hcal_top_cover_2_placement
27,Scintillator,406.43232678,35.1449756354,World/hcal_top/hcal_top_layer1_strip4
27,Aluminum3003,405.553702389,0.878624390886,World/hcal_top/hcal_top_cover_1_placement
28,Scintillator,452.124370719,35.5079968547,World/hcal_top/hcal_top_layer2_strip0
28,Aluminum3003,451.236670797,0.887699921367,World/hcal_top/hcal_top_cover_2_placement
28,Scintillator,2119.21339086,35.5079968547,World/hcal_above_ecal/hcal_above_ecal_layer1_strip0
28,Aluminum3003,2118.32569094,0.887699921367,World/hcal_above_ecal/hcal_above_ecal_cover_1_placement
29,Scintillator,361.630603399,31.2708854785,World/hcal_top/hcal_top_layer1_strip7
29,Scintillator,420.848167747,8.59582438822,World/hcal_top/hcal_top_layer2_strip3
29,Scintillator,398.173106656,22.6750610903,World/hcal_top/hcal_top_layer2_strip4
29,Aluminum3003,360.848831262,0.781772136963,World/hcal_top/hcal_top_cover_1_placement
29,Aluminum3003,397.39133452,0.781772136963,World/hcal_top/hcal_top_cover_2_placement
30,Scintillator,411.931265217,35.6204792917,World/hcal_top/hcal_top_layer1_strip11
30,Aluminum3003,411.040753235,0.890511982292,World/hcal_top/hcal_top_cover_1_placement
31,Scintillator,677.306656774,2.22811852265,World/hcal_top/hcal_top_layer1_strip7
31,Scintillator,625.45085162,51.8558051546,World/hcal_top/hcal_top_layer1_strip8
31,Aluminum3003,624.098753528,1.35209809192,World/hcal_top/hcal_top_cover_1_placement
32,Scintillator,482.939953823,37.9281265774,World/hcal_top/hcal_top_layer2_strip6
32,Aluminum3003,481.991750658,0.948203164435,World/hcal_top/hcal_top_cover_2_placement
33,Scintillator,421.509471838,33.1036280492,World/hcal_top/hcal_top_layer2_strip2
33,Aluminum3003,420.681881137,0.82759070123,World/hcal_top/hcal_top_cover_2_placement
34,Scintillator,678.054869874,42.1636181007,World/hcal_top/hcal_top_layer2_strip8
34,Scintillator,720.218487975,11.0880350861,World/hcal_top/hcal_top_layer2_strip9
34,Aluminum3003,676.723578545,1.33129132967,World/hcal_top/hcal_top_cover_2_placement
35,Scintillator,378.306632991,30.3162017996,World/hcal_top/hcal_top_layer1_strip8
35,Scintillator,408.622834791,2.39669164704,World/hcal_top/hcal_top_layer1_strip9
35,Aluminum3003,377.488810655,0.817822336165,World/hcal_top/hcal_top_cover_1_placement
35,Scintillator,1993.93942635,32.7128934466,World/hcal_above_ecal/hcal_above_ecal_layer2_strip7
35,Scintillator,2077.03017571,32.7128934466,World/hcal_above_ecal/hcal_above_ecal_layer4_strip7
35,Aluminum3003,1993.12160401,0.817822336165,World/hcal_above_ecal/hcal_above_ecal_cover_2_placement
35,Aluminum3003,2076.21235337,0.817822336165,World/hcal_above_ecal/hcal_above_ecal_cover_4_placement
36,Scintillator,530.104868286,9.74572993284,World/hcal_top/hcal_top_layer2_strip2
36,Scintillator,539.850598219,31.88653591,World/hcal_top/hcal_top_layer2_strip3
36,Aluminum3003,529.06406164,1.04080664607,World/hcal_top/hcal_top_cover_2_placement
37,Scintillator,887.570535822,14.0738564881,World/hcal_top/hcal_top_layer1_strip1
37,Scintillator,829.882845632,57.6876901907,World/hcal_top/hcal_top_layer1_strip2
37,Aluminum3003,828.088806965,1.79403866697,World/hcal_top/hcal_top_cover_1_placement
38,Scintillator,727.86670636,7.16354809869,World/hcal_top/hcal_top_layer1_strip3
38,Scintillator,735.03025446,55.7764691568,World/hcal_top/hcal_top_layer1_strip4
38,Scintillator,801.417095177,55.88117636,World/hcal_top/hcal_top_layer2_strip4
38,Scintillator,857.298271537,7.0588408959,World/hcal_top/hcal_top_layer2_strip5
38,Aluminum3003,726.293205929,1.5735004314,World/hcal_top/hcal_top_cover_1_placement
38,Aluminum3003,799.843594746,1.5735004314,World/hcal_top/hcal_top_cover_2_placement
39,Scintillator,536.023443315,26.547643863,World/hcal_top/hcal_top_layer1_strip2
39,Scintillator,517.796260565,18.2271827505,World/hcal_top/hcal_top_layer1_strip3
39,Aluminum3003,516.6768899,1.11937066534,World/hcal_top/hcal_top_cover_1_placement
40,Scintillator,544.632021322,47.0953658418,World/hcal_top/hcal_top_layer1_strip10
40,Scintillator,626.622091442,20.139956025,World/hcal_top/hcal_top_layer2_strip2
40,Scintillator,599.666681625,26.9554098168,World/hcal_top/hcal_top_layer2_strip3
40,Aluminum3003,543.454637176,1.17738414605,World/hcal_top/hcal_top_cover_1_placement
40,Aluminum3003,598.489297479,1.17738414605,World/hcal_top/hcal_top_cover_2_placement
41,Scintillator,763.435997838,30.6630761386,World/hcal_top/hcal_top_layer1_strip0
41,Scintillator,730.897019762,32.5389780756,World/hcal_top/hcal_top_layer1_strip1
41,Aluminum3003,729.316968407,1.58005135536,World/hcal_top/hcal_top_cover_1_placement
42,Scintillator,645.471247123,26.3372392736,World/hcal_top/hcal_top_layer1_strip2
42,Scintillator,671.808486397,29.4778860469,World/hcal_top/hcal_top_layer1_strip3
42,Aluminum3003,644.07586899,1.39537813301,World/hcal_top/hcal_top_cover_1_placement
43,Scintillator,578.092293949,47.5498171699,World/hcal_top/hcal_top_layer1_strip10
43,Scintillator,575.847484829,2.2448091198,World/hcal_top/hcal_top_layer1_strip11
43,Aluminum3003,574.602619172,1.24486565724,World/hcal_top/hcal_top_cover_1_placement
44,Scintillator,878.914367959,53.5737841252,World/hcal_top/hcal_top_layer2_strip0
44,Scintillator,932.488152084,15.4525516227,World/hcal_top/hcal_top_layer2_strip1
44,Aluminum3003,877.188709566,1.7256583937,World/hcal_top/hcal_top_cover_2_placement
45,Scintillator,751.223002562,58.9979787414,World/hcal_top/hcal_top_layer2_strip5
45,Aluminum3003,749.748053093,1.47494946854,World/hcal_top/hcal_top_cover_2_placement
46,Scintillator,672.767293549,48.7103038402,World/hcal_top/hcal_top_layer1_strip10
46,Scintillator,721.477597389,9.46516248513,World/hcal_top/hcal_top_layer1_strip11
46,Aluminum3003,671.312906891,1.45438665813,World/hcal_top/hcal_top_cover_1_placement
47,Scintillator,661.487261112,19.1082838042,World/hcal_top/hcal_top_layer2_strip0
47,Scintillator,631.036520382,30.4507407299,World/hcal_top/hcal_top_layer2_strip1
47,Aluminum3003,629.797544768,1.23897561335,World/hcal_top/hcal_top_cover_2_placement
48,Scintillator,629.846412987,37.4590262219,World/hcal_top/hcal_top_layer1_strip9
48,Scintillator,667.305439209,17.0049899991,World/hcal_top/hcal_top_layer1_strip10
48,Scintillator,693.491924129,50.1658128968,World/hcal_top/hcal_top_layer2_strip1
48,Scintillator,743.657737026,4.29820332422,World/hcal_top/hcal_top_layer2_strip2
48,Aluminum3003,628.484812581,1.36160040553,World/hcal_top/hcal_top_cover_1_placement
48,Aluminum3003,692.130323724,1.36160040553,World/hcal_top/hcal_top_cover_2_placement
49,Scintillator,561.302136461,14.6609906575,World/hcal_top/hcal_top_layer2_strip11
49,Aluminum3003,560.200077172,1.1020592887,World/hcal_top/hcal_top_cover_2_placement
50,Scintillator,718.907895743,27.3119702477,World/hcal_top/hcal_top_layer2_strip3
50,Scintillator,691.882265748,27.0256299948,World/hcal_top/hcal_top_layer2_strip4
50,Aluminum3003,690.523825742,1.35844000606,World/hcal_top/hcal_top_cover_2_placement
51,Scintillator,670.887123103,20.707558733,World/hcal_top/hcal_top_layer1_strip10
51,Scintillator,691.594681836,37.305325681,World/hcal_top/hcal_top_layer1_strip11
51,Aluminum3003,669.436800993,1.45032211035,World/hcal_top/hcal_top_cover_1_placement
52,Scintillator,612.307606273,52.9474022757,World/hcal_top/hcal_top_layer1_strip7
52,Aluminum3003,610.983921216,1.32368505689,World/hcal_top/hcal_top_cover_1_placement
53,Scintillator,628.948999362,20.2526446018,World/hcal_top/hcal_top_layer1_strip4
53,Scintillator,597.531923091,31.417076271,World/hcal_top/hcal_top_layer1_strip5
53,Aluminum3003,596.240180069,1.29174302182,World/hcal_top/hcal_top_cover_1_placement
54,Scintillator,646.441705758,53.7736877658,World/hcal_top/hcal_top_layer1_strip0
54,Scintillator,700.215393524,2.12535495704,World/hcal_top/hcal_top_layer1_strip1
54,Aluminum3003,645.04422969,1.39747606807,World/hcal_top/hcal_top_cover_1_placement
55,Scintillator,613.55515659,53.0552803223,World/hcal_top/hcal_top_layer1_strip3
55,Scintillator,675.554448401,48.8409343137,World/hcal_top/hcal_top_layer2_strip0
55,Scintillator,724.395382715,4.21434600856,World/hcal_top/hcal_top_layer2_strip1
55,Aluminum3003,612.228774581,1.32638200806,World/hcal_top/hcal_top_cover_1_placement
55,Aluminum3003,674.228066393,1.32638200806,World/hcal_top/hcal_top_cover_2_placement
56,Scintillator,586.95673909,38.7125660169,World/hcal_top/hcal_top_layer1_strip9
56,Scintillator,625.669305107,12.0426985995,World/hcal_top/hcal_top_layer1_strip10
56,Aluminum3003,585.687857475,1.26888161541,World/hcal_top/hcal_top_cover_1_placement
57,Scintillator,621.516570233,34.1615727105,World/hcal_top/hcal_top_layer1_strip11
57,Scintillator,664.475474217,20.4988934427,World/hcal_top/hcal_top_layer2_strip6
57,Scintillator,684.97436766,31.68628961,World/hcal_top/hcal_top_layer2_strip7
57,Aluminum3003,663.170844641,1.30462957632,World/hcal_top/hcal_top_cover_2_placement
58,Scintillator,481.712492086,41.6545945835,World/hcal_top/hcal_top_layer1_strip10
58,Aluminum3003,480.671127221,1.04136486459,World/hcal_top/hcal_top_cover_1_placement
59,Scintillator,973.248414252,28.7620751192,World/hcal_top/hcal_top_layer1_strip2
60,Scintillator,678.050410654,18.0181309032,World/hcal_top/hcal_top_layer2_strip1
60,Scintillator,696.068541557,35.2331720746,World/hcal_top/hcal_top_layer2_strip2
60,Aluminum3003,676.719128079,1.33128257445,World/hcal_top/hcal_top_cover_2_placement
61,Scintillator,358.041804225,20.4977187365,World/hcal_top/hcal_top_layer2_strip0
62,Scintillator,781.359152476,53.1268287958,World/hcal_top/hcal_top_layer1_strip6
62,Scintillator,834.485981272,14.4387819268,World/hcal_top/hcal_top_layer1_strip7
62,Scintillator,860.31491315,0.756761685266,World/hcal_top/hcal_top_layer2_strip1
62,Scintillator,861.071674835,66.8088490373,World/hcal_top/hcal_top_layer2_strip2
62,Aluminum3003,779.670012208,1.68914026807,World/hcal_top/hcal_top_cover_1_placement
62,Aluminum3003,858.625772882,1.68914026807,World/hcal_top/hcal_top_cover_2_placement
63,Scintillator,707.549917883,27.8410738468,World/hcal_top/hcal_top_layer2_strip9
63,Scintillator,735.390991729,27.7269996432,World/hcal_top/hcal_top_layer2_strip10
63,Aluminum3003,706.160716045,1.38920183725,World/hcal_top/hcal_top_cover_2_placement
64,Scintillator,585.777905621,9.57333939268,World/hcal_top/hcal_top_layer1_strip1
64,Scintillator,547.967457654,37.810447967,World/hcal_top/hcal_top_layer1_strip2
64,Aluminum3003,546.78286297,1.18459468399,World/hcal_top/hcal_top_cover_1_placement
65,Scintillator,352.010879001,12.758153623,World/hcal_top/hcal_top_layer1_strip6
65,Scintillator,364.769032624,17.6808960065,World/hcal_top/hcal_top_layer1_strip7
65,Aluminum3003,351.249902761,0.760976240739,World/hcal_top/hcal_top_cover_1_placement
66,Scintillator,801.722521714,61.1604012676,World/hcal_top/hcal_top_layer2_strip4
66,Scintillator,862.882922982,1.80360293799,World/hcal_top/hcal_top_layer2_strip5
66,Aluminum3003,800.148421609,1.57410010514,World/hcal_top/hcal_top_cover_2_placement
67,Scintillator,583.394373145,36.0585967352,World/hcal_top/hcal_top_layer1_strip8
67,Scintillator,570.150935073,13.243438072,World/hcal_top/hcal_top_layer1_strip9
67,Aluminum3003,568.918384202,1.23255087018,World/hcal_top/hcal_top_cover_1_placement
68,Scintillator,1572.17266237,25.7933195482,World/hcal_above_ecal/hcal_above_ecal_layer2_strip2
68,Scintillator,1637.68769402,25.7933195482,World/hcal_above_ecal/hcal_above_ecal_layer4_strip3
68,Aluminum3003,1571.52782938,0.644832988705,World/hcal_above_ecal/hcal_above_ecal_cover_2_placement
68,Aluminum3003,1637.04286103,0.644832988705,World/hcal_above_ecal/hcal_above_ecal_cover_4_placement
69,Scintillator,493.106047297,42.6398169537,World/hcal_top/hcal_top_layer1_strip10
69,Scintillator,542.934046283,42.6398169537,World/hcal_top/hcal_top_layer2_strip5
69,Aluminum3003,492.040051873,1.06599542384,World/hcal_top/hcal_top_cover_1_placement
69,Aluminum3003,541.868050859,1.06599542384,World/hcal_top/hcal_top_cover_2_placement
70,Scintillator,686.76383721,29.5463606168,World/hcal_top/hcal_top_layer2_strip11
70,Aluminum3003,685.415446715,1.34839049556,World/hcal_top/hcal_top_cover_2_placement
71,Scintillator,726.363969183,38.2375089391,World/hcal_top/hcal_top_layer1_strip5
71,Scintillator,764.601478122,24.5725637774,World/hcal_top/hcal_top_layer1_strip6
71,Aluminum3003,724.793717365,1.57025181791,World/hcal_top/hcal_top_cover_1_placement
72,Scintillator,511.291060837,44.2123096312,World/hcal_top/hcal_top_layer1_strip7
72,Aluminum3003,510.185753096,1.10530774078,World/hcal_top/hcal_top_cover_1_placement
73,Scintillator,747.375952349,39.0211439763,World/hcal_top/hcal_top_layer1_strip0
73,Scintillator,822.897735949,28.7786261111,World/hcal_top/hcal_top_layer2_strip1
73,Scintillator,851.67636206,35.8483927187,World/hcal_top/hcal_top_layer2_strip2
73,Aluminum3003,745.760276878,1.61567547074,World/hcal_top/hcal_top_cover_1_placement
73,Aluminum3003,821.282060478,1.61567547074,World/hcal_top/hcal_top_cover_2_placement
74,Scintillator,772.685523455,18.7444151043,World/hcal_top/hcal_top_layer2_strip5
74,Aluminum3003,771.168434524,1.51708893135,World/hcal_top/hcal_top_cover_2_placement
75,Scintillator,697.803960413,60.340434486,World/hcal_top/hcal_top_layer1_strip9
75,Aluminum3003,696.295449551,1.50851086215,World/hcal_top/hcal_top_cover_1_placement
76,Scintillator,768.040137953,25.4544482202,World/hcal_top/hcal_top_layer1_strip9
76,Scintillator,793.494586173,40.9594420065,World/hcal_top/hcal_top_layer1_strip10
76,Aluminum3003,766.379790697,1.66034725567,World/hcal_top/hcal_top_cover_1_placement
77,Scintillator,529.246992225,15.176541852,World/hcal_top/hcal_top_layer1_strip7
77,Scintillator,501.093064563,28.153927663,World/hcal_top/hcal_top_layer1_strip8
77,Aluminum3003,500.009802825,1.08326173786,World/hcal_top/hcal_top_cover_1_placement
78,Scintillator,430.208630178,8.9461903385,World/hcal_top/hcal_top_layer1_strip6
78,Scintillator,439.154820517,28.2547674336,World/hcal_top/hcal_top_layer1_strip7
78,Scintillator,473.680891988,37.2009577721,World/hcal_top/hcal_top_layer2_strip1
78,Aluminum3003,429.278606234,0.930023944303,World/hcal_top/hcal_top_cover_1_placement
78,Aluminum3003,472.750868044,0.930023944303,World/hcal_top/hcal_top_cover_2_placement
79,Scintillator,513.641628765,44.4155677067,World/hcal_top/hcal_top_layer1_strip11
79,Aluminum3003,512.531239572,1.11038919267,World/hcal_top/hcal_top_cover_1_placement
80,Scintillator,379.620618917,32.8265163065,World/hcal_top/hcal_top_layer1_strip4
80,Scintillator,417.98099985,32.8265163065,World/hcal_top/hcal_top_layer2_strip4
80,Aluminum3003,378.799956009,0.820662907664,World/hcal_top/hcal_top_cover_1_placement
80,Aluminum3003,417.160336942,0.820662907664,World/hcal_top/hcal_top_cover_2_placement
81,Scintillator,532.459587741,46.0427923789,World/hcal_top/hcal_top_layer1_strip7
81,Aluminum3003,531.308517931,1.15106980947,World/hcal_top/hcal_top_cover_1_placement
82,Scintillator,712.528709383,28.3938728183,World/hcal_top/hcal_top_layer1_strip5
82,Scintillator,681.952825476,30.5758839078,World/hcal_top/hcal_top_layer1_strip6
82,Aluminum3003,680.478581557,1.47424391815,World/hcal_top/hcal_top_cover_1_placement
83,Scintillator,381.104364169,21.3214617165,World/hcal_top/hcal_top_layer2_strip3
83,Scintillator,402.425825886,8.60891461498,World/hcal_top/hcal_top_layer2_strip4
83,Aluminum3003,380.356104761,0.748259408287,World/hcal_top/hcal_top_cover_2_placement
83,Scintillator,1824.33747446,29.9303763315,World/hcal_above_ecal/hcal_above_ecal_layer2_strip0
83,Scintillator,1900.36063035,7.74988066509,World/hcal_above_ecal/hcal_above_ecal_layer4_strip0
83,Scintillator,1908.11051101,22.1804956664,World/hcal_above_ecal/hcal_above_ecal_layer4_strip1
83,Aluminum3003,1823.58921506,0.748259408287,World/hcal_above_ecal/hcal_above_ecal_cover_2_placement
83,Aluminum3003,1899.61237094,0.748259408287,World/hcal_above_ecal/hcal_above_ecal_cover_4_placement
84,Scintillator,620.021711,8.78562150522,World/hcal_top/hcal_top_layer1_strip8
84,Scintillator,578.760787406,41.2609235944,World/hcal_top/hcal_top_layer1_strip9
84,Aluminum3003,577.509623778,1.25116362749,World/hcal_top/hcal_top_cover_1_placement
85,Scintillator,546.190356879,18.7220498236,World/hcal_top/hcal_top_layer1_strip5
85,Scintillator,540.508523601,5.68183327812,World/hcal_top/hcal_top_layer1_strip6
86,Scintillator,592.398987886,51.2258662116,World/hcal_top/hcal_top_layer1_strip2
86,Scintillator,652.2604646,15.4973717792,World/hcal_top/hcal_top_layer2_strip6
86,Scintillator,667.757836379,35.7284944324,World/hcal_top/hcal_top_layer2_strip7
86,Aluminum3003,591.118341231,1.28064665529,World/hcal_top/hcal_top_cover_1_placement
86,Aluminum3003,650.979817944,1.28064665529,World/hcal_top/hcal_top_cover_2_placement
87,Scintillator,578.282788079,1.06718574192,World/hcal_top/hcal_top_layer1_strip8
87,Scintillator,579.349973821,48.9380258475,World/hcal_top/hcal_top_layer1_strip9
87,Aluminum3003,577.032657789,1.25013028974,World/hcal_top/hcal_top_cover_1_placement
88,Scintillator,479.269810313,27.8922865433,World/hcal_top/hcal_top_layer1_strip2
88,Scintillator,466.797251472,12.472558841,World/hcal_top/hcal_top_layer1_strip3
88,Aluminum3003,465.788130337,1.00912113461,World/hcal_top/hcal_top_cover_1_placement
89,Scintillator,1455.10622962,24.3807007107,World/hcal_above_ecal/hcal_above_ecal_layer1_strip0
89,Scintillator,1517.03320943,1.27304033487,World/hcal_above_ecal/hcal_above_ecal_layer3_strip0
89,Scintillator,1518.30624977,23.1076603758,World/hcal_above_ecal/hcal_above_ecal_layer3_strip1
89,Aluminum3003,1454.49671211,0.609517517768,World/hcal_above_ecal/hcal_above_ecal_cover_1_placement
89,Aluminum3003,1516.42369191,0.609517517768,World/hcal_above_ecal/hcal_above_ecal_cover_3_placement
90,Scintillator,418.0800608,18.8598571551,World/hcal_top/hcal_top_layer1_strip1
91,Scintillator,235.621014374,20.3745968609,World/hcal_top/hcal_top_layer1_strip6
91,Aluminum3003,235.111649453,0.509364921523,World/hcal_top/hcal_top_cover_1_placement
91,Scintillator,1241.88684328,20.3745968609,World/hcal_above_ecal/hcal_above_ecal_layer2_strip7
91,Aluminum3003,1241.37747836,0.509364921523,World/hcal_above_ecal/hcal_above_ecal_cover_2_placement
91,Scintillator,1754.27331246,20.3745968609,World/hcal_below_ecal/hcal_below_ecal_layer2_strip11
91,Scintillator,1802.20335775,20.3745968609,World/hcal_below_ecal/hcal_below_ecal_layer4_strip11
91,Aluminum3003,1753.76394754,0.509364921523,World/hcal_below_ecal/hcal_below_ecal_cover_2_placement
91,Aluminum3003,1801.69399283,0.509364921522,World/hcal_below_ecal/hcal_below_ecal_cover_4_placement
92,Scintillator,240.909306979,20.8318855717,World/hcal_top/hcal_top_layer1_strip5
92,Scintillator,265.253013104,20.8318855717,World/hcal_top/hcal_top_layer2_strip2
92,Aluminum3003,240.38850984,0.520797139294,World/hcal_top/hcal_top_cover_1_placement
92,Aluminum3003,264.732215965,0.520797139294,World/hcal_top/hcal_top_cover_2_placement
92,Scintillator,1269.75982832,20.8318855717,World/hcal_above_ecal/hcal_above_ecal_layer2_strip3
92,Scintillator,1322.67281768,20.8318855717,World/hcal_above_ecal/hcal_above_ecal_layer4_strip3
92,Aluminum3003,1269.23903118,0.520797139294,World/hcal_above_ecal/hcal_above_ecal_cover_2_placement
92,Aluminum3003,1322.15202054,0.520797139294,World/hcal_above_ecal/hcal_above_ecal_cover_4_placement
92,Scintillator,1793.64633108,20.8318855717,World/hcal_below_ecal/hcal_below_ecal_layer2_strip5
92,Scintillator,1842.65212127,20.8318855717,World/hcal_below_ecal/hcal_below_ecal_layer4_strip5
92,Aluminum3003,1793.12553394,0.520797139294,World/hcal_below_ecal/hcal_below_ecal_cover_2_placement
92,Aluminum3003,1842.13132413,0.520797139294,World/hcal_below_ecal/hcal_below_ecal_cover_4_placement
93,Scintillator,855.624821496,37.7794510403,World/hcal_top/hcal_top_layer1_strip7
93,Scintillator,893.404272536,36.2080532091,World/hcal_top/hcal_top_layer1_strip8
93,Scintillator,1000.17601192,15.8965650648,World/hcal_top/hcal_top_layer2_strip8
93,Scintillator,942.085072737,58.0909391841,World/hcal_top/hcal_top_layer2_strip9
93,Aluminum3003,853.77513389,1.84968760622,World/hcal_top/hcal_top_cover_1_placement
93,Aluminum3003,940.235385131,1.84968760622,World/hcal_top/hcal_top_cover_2_placement
94,Scintillator,495.21842298,38.8924272709,World/hcal_top/hcal_top_layer2_strip4
94,Aluminum3003,494.246112299,0.972310681773,World/hcal_top/hcal_top_cover_2_placement
95,Scintillator,568.864837184,49.1908234788,World/hcal_top/hcal_top_layer1_strip7
95,Aluminum3003,567.635066597,1.22977058697,World/hcal_top/hcal_top_cover_1_placement
128,Polyvinyltoluene,858.845729749,2.00101066685,World/native_target/trigger_pad3_bar_volume_17
128,Polyvinyltoluene,854.843708415,2.00101066685,World/native_target/trigger_pad3_bar_volume_18
128,LYSO,933.383377089,0.600303200055,World/native_target/lvTarget_3/lvTargetArray1_phys/target_0
128,LYSO,934.183781356,0.600303200055,World/native_target/lvTarget_3/lvTargetArray2_phys/target_0
128,Polyvinyltoluene,629.129705194,2.00101066685,World/native_trig_scint/trigger_pad2_bar_volume_19
128,Polyvinyltoluene,625.127683861,2.00101066685,World/native_trig_scint/trigger_pad2_bar_volume_20
128,Polyvinyltoluene,549.889682787,2.00101066685,World/native_trig_scint/trigger_pad1_bar_volume_20
128,Polyvinyltoluene,553.891704121,2.00101066685,World/native_trig_scint/trigger_pad1_bar_volume_21
128,Silicon,690.30060128,0.320161706696,World/native_recoil/recoil_l14_sensor_vol_10
128,Silicon,696.303633281,0.320161706696,World/native_recoil/recoil_l14_sensor_vol_20
128,Silicon,790.351134623,0.320161706696,World/native_recoil/recoil_l14_sensor_vol_30
128,Silicon,796.354166623,0.320161706696,World/native_recoil/recoil_l14_sensor_vol_40
128,Aluminum,1350.06444848,0.80040426674,World/native_ecal/support_box_0/front_0_volume_0
128,Aluminum,1579.58037197,0.80040426674,World/native_ecal/support_box_0/front_1_volume_0
128,FR4,1427.60661334,0.900454800083,World/native_ecal/PCB_motherboard_volume_0
128,FR4,1432.77522389,1.66684188549,World/native_ecal/PCB_volume_0
128,Glue,1434.44206578,0.100050533342,World/native_ecal/Glue_volume_0
128,Silicon,1434.54211631,0.300151600028,World/native_ecal/Si_volume_0
128,Glue,1434.84226791,0.200101066685,World/native_ecal/GlueThick_volume_0
128,Aluminum,1437.39355651,3.20161706696,World/native_ecal/C_volume_CarbonCoolingPlane_0
128,Glue,1440.59517358,0.200101066685,World/native_ecal/GlueThick_volume_0
128,Silicon,1440.79527464,0.300151600028,World/native_ecal/Si_volume_7
128,Glue,1441.09542624,0.100050533342,World/native_ecal/Glue_volume_0
128,FR4,1441.19547678,1.66684188549,World/native_ecal/PCB_volume_0
128,FR4,1447.63072708,0.900454800083,World/native_ecal/PCB_motherboard_volume_0
128,FR4,1478.45229438,0.900454800083,World/native_ecal/PCB_motherboard_volume_0
128,FR4,1483.62090494,1.66684188549,World/native_ecal/PCB_volume_0
128,Glue,1485.28774682,0.100050533343,World/native_ecal/Glue_volume_0
128,Silicon,1485.38779735,0.300151600028,World/native_ecal/Si_volume_14
128,Glue,1485.68794895,0.200101066685,World/native_ecal/GlueThick_volume_0
128,Aluminum,1488.23923755,3.20161706696,World/native_ecal/C_volume_CarbonCoolingPlane_0
128,Glue,1491.44085462,0.200101066685,World/native_ecal/GlueThick_volume_0
128,Silicon,1491.64095569,0.300151600027,World/native_ecal/Si_volume_21
128,Glue,1491.94110729,0.100050533342,World/native_ecal/Glue_volume_0
128,FR4,1492.04115782,1.66684188549,World/native_ecal/PCB_volume_0
128,FR4,1497.97615546,0.900454800083,World/native_ecal/PCB_motherboard_volume_0
128,Scintillator,231.405885631,20.0101066685,World/hcal_top/hcal_top_layer1_strip6
128,Scintillator,254.789278104,20.0101066685,World/hcal_top/hcal_top_layer2_strip4
128,Aluminum3003,230.905632964,0.500252666713,World/hcal_top/hcal_top_cover_1_placement
128,Aluminum3003,254.289025437,0.500252666713,World/hcal_top/hcal_top_cover_2_placement
128,Scintillator,1194.25734372,20.0101066685,World/hcal_above_ecal/hcal_above_ecal_layer1_strip3
128,Scintillator,1219.67017919,20.0101066685,World/hcal_above_ecal/hcal_above_ecal_layer2_strip4
128,Scintillator,1245.08301466,20.0101066685,World/hcal_above_ecal/hcal_above_ecal_layer3_strip3
128,Scintillator,1270.49585013,20.0101066685,World/hcal_above_ecal/hcal_above_ecal_layer4_strip4
128,Aluminum3003,1193.75709105,0.500252666713,World/hcal_above_ecal/hcal_above_ecal_cover_1_placement
128,Aluminum3003,1219.16992652,0.500252666713,World/hcal_above_ecal/hcal_above_ecal_cover_2_placement
128,Aluminum3003,1244.58276199,0.500252666713,World/hcal_above_ecal/hcal_above_ecal_cover_3_placement
128,Aluminum3003,1269.99559746,0.500252666713,World/hcal_above_ecal/hcal_above_ecal_cover_4_placement
128,Scintillator,1699.35403802,20.0101066685,World/hcal_below_ecal/hcal_below_ecal_layer1_strip5
128,Scintillator,1738.72329067,4.17715575821,World/hcal_below_ecal/hcal_below_ecal_layer2_strip5
128,Scintillator,1722.89033976,15.8329509103,World/hcal_below_ecal/hcal_below_ecal_layer2_strip6
128,Scintillator,1746.42664149,20.0101066685,World/hcal_below_ecal/hcal_below_ecal_layer3_strip5
128,Scintillator,1769.96294323,20.0101066685,World/hcal_below_ecal/hcal_below_ecal_layer4_strip5
128,Aluminum3003,1698.85378536,0.500252666713,World/hcal_below_ecal/hcal_below_ecal_cover_1_placement
128,Aluminum3003,1722.39008709,0.500252666713,World/hcal_below_ecal/hcal_below_ecal_cover_2_placement
128,Aluminum3003,1745.92638883,0.500252666713,World/hcal_below_ecal/hcal_below_ecal_cover_3_placement
128,Aluminum3003,1769.46269056,0.500252666713,World/hcal_below_ecal/hcal_below_ecal_cover_4_placement
129,Polyvinyltoluene,854.581090204,2.00039593244,World/native_target/trigger_pad3_bar_volume_18
129,Polyvinyltoluene,858.581882069,2.00039593244,World/native_target/trigger_pad3_bar_volume_19
129,LYSO,933.096630553,0.600118779733,World/native_target/lvTarget_3/lvTargetArray1_phys/target_0
129,LYSO,933.896788926,0.600118779733,World/native_target/lvTarget_3/lvTargetArray2_phys/target_0
129,Polyvinyltoluene,553.721541965,2.00039593244,World/native_trig_scint/trigger_pad1_bar_volume_15
129,Polyvinyltoluene,624.93563716,2.00039593244,World/native_trig_scint/trigger_pad2_bar_volume_16
129,Polyvinyltoluene,628.936429025,2.00039593244,World/native_trig_scint/trigger_pad2_bar_volume_17
129,Polyvinyltoluene,549.7207501,2.00039593244,World/native_trig_scint/trigger_pad1_bar_volume_16
129,Silicon,690.088532679,0.320063349191,World/native_recoil/recoil_l14_sensor_vol_10
129,Silicon,696.089720477,0.320063349191,World/native_recoil/recoil_l14_sensor_vol_20
129,Silicon,790.108329302,0.320063349191,World/native_recoil/recoil_l14_sensor_vol_30
129,Silicon,796.109517099,0.320063349191,World/native_recoil/recoil_l14_sensor_vol_40
129,Aluminum,1349.64969254,0.800158372977,World/native_ecal/support_box_0/front_0_volume_0
129,Aluminum,1579.09510599,0.800158372977,World/native_ecal/support_box_0/front_1_volume_0
129,FR4,1427.16803551,0.900178169599,World/native_ecal/PCB_motherboard_volume_0
129,FR4,1432.33505821,1.66632981172,World/native_ecal/PCB_volume_0
129,Glue,1434.00138802,0.100019796622,World/native_ecal/Glue_volume_0
129,Silicon,1434.10140781,0.300059389866,World/native_ecal/Si_volume_0
129,Glue,1434.4014672,0.200039593244,World/native_ecal/GlueThick_volume_0
129,Aluminum,1436.95197202,3.20063349191,World/native_ecal/C_volume_CarbonCoolingPlane_0
129,Glue,1440.15260551,0.200039593244,World/native_ecal/GlueThick_volume_0
129,Silicon,1440.3526451,0.300059389866,World/native_ecal/Si_volume_7
129,Glue,1440.65270449,0.100019796622,World/native_ecal/Glue_volume_0
129,FR4,1440.75272429,1.66632981172,World/native_ecal/PCB_volume_0
129,FR4,1447.18599761,0.900178169599,World/native_ecal/PCB_motherboard_volume_0
129,FR4,1477.99809616,0.900178169599,World/native_ecal/PCB_motherboard_volume_0
129,FR4,1483.16511885,1.66632981172,World/native_ecal/PCB_volume_0
129,Glue,1484.83144866,0.100019796622,World/native_ecal/Glue_volume_0
129,Silicon,1484.93146846,0.300059389866,World/native_ecal/Si_volume_14
129,Glue,1485.23152785,0.200039593244,World/native_ecal/GlueThick_volume_0
129,Aluminum,1487.78203266,3.20063349191,World/native_ecal/C_volume_CarbonCoolingPlane_0
129,Glue,1490.98266615,0.200039593244,World/native_ecal/GlueThick_volume_0
129,Silicon,1491.18270575,0.300059389866,World/native_ecal/Si_volume_21
129,Glue,1491.48276514,0.100019796622,World/native_ecal/Glue_volume_0
129,FR4,1491.58278493,1.66632981172,World/native_ecal/PCB_volume_0
129,FR4,1497.51595927,0.900178169599,World/native_ecal/PCB_motherboard_volume_0
129,Scintillator,231.334794975,20.0039593244,World/hcal_top/hcal_top_layer1_strip6
129,Scintillator,254.71100379,20.0039593244,World/hcal_top/hcal_top_layer2_strip5
129,Aluminum3003,230.834695992,0.500098983111,World/hcal_top/hcal_top_cover_1_placement
129,Aluminum3003,254.210904807,0.500098983111,World/hcal_top/hcal_top_cover_2_placement
129,Scintillator,1193.89045358,20.0039593244,World/hcal_above_ecal/hcal_above_ecal_layer1_strip2
129,Scintillator,1219.29548192,20.0039593244,World/hcal_above_ecal/hcal_above_ecal_layer2_strip4
129,Scintillator,1244.70051027,20.0039593244,World/hcal_above_ecal/hcal_above_ecal_layer3_strip2
129,Scintillator,1270.10553861,20.0039593244,World/hcal_above_ecal/hcal_above_ecal_layer4_strip4
129,Aluminum3003,1193.3903546,0.50009898311,World/hcal_above_ecal/hcal_above_ecal_cover_1_placement
129,Aluminum3003,1218.79538294,0.500098983111,World/hcal_above_ecal/hcal_above_ecal_cover_2_placement
129,Aluminum3003,1244.20041128,0.50009898311,World/hcal_above_ecal/hcal_above_ecal_cover_3_placement
129,Aluminum3003,1269.60543962,0.500098983111,World/hcal_above_ecal/hcal_above_ecal_cover_4_placement
129,Scintillator,1698.83197614,20.0039593244,World/hcal_below_ecal/hcal_below_ecal_layer1_strip4
129,Scintillator,1722.36104724,20.0039593244,World/hcal_below_ecal/hcal_below_ecal_layer2_strip6
129,Scintillator,1745.89011834,20.0039593244,World/hcal_below_ecal/hcal_below_ecal_layer3_strip4
129,Scintillator,1769.41918944,20.0039593244,World/hcal_below_ecal/hcal_below_ecal_layer4_strip6
129,Aluminum3003,1698.33187716,0.50009898311,World/hcal_below_ecal/hcal_below_ecal_cover_1_placement
129,Aluminum3003,1721.86094826,0.500098983111,World/hcal_below_ecal/hcal_below_ecal_cover_2_placement
129,Aluminum3003,1745.39001936,0.50009898311,World/hcal_below_ecal/hcal_below_ecal_cover_3_placement
129,Aluminum3003,1768.91909046,0.50009898311,World/hcal_below_ecal/hcal_below_ecal_cover_4_placement
130,Polyvinyltoluene,860.440240088,2.0047256905,World/native_target/trigger_pad3_bar_volume_13
130,Polyvinyltoluene,856.430788707,2.0047256905,World/native_target/trigger_pad3_bar_volume_14
130,LYSO,935.116272059,0.194200861923,World/native_target/lvTarget_3/lvTargetArray1_phys/target_0
130,LYSO,935.918162336,0.60141770715,World/native_target/lvTarget_3/lvTargetArray2_phys/target_0
130,Polyvinyltoluene,626.288279438,2.0047256905,World/native_trig_scint/trigger_pad2_bar_volume_20
130,Polyvinyltoluene,630.297730819,2.0047256905,World/native_trig_scint/trigger_pad2_bar_volume_21
130,Polyvinyltoluene,550.910593475,2.0047256905,World/native_trig_scint/trigger_pad1_bar_volume_22
130,Polyvinyltoluene,554.920044856,2.0047256905,World/native_trig_scint/trigger_pad1_bar_volume_23
130,Silicon,691.582195177,0.32075611048,World/native_recoil/recoil_l14_sensor_vol_10
130,Silicon,697.596372249,0.32075611048,World/native_recoil/recoil_l14_sensor_vol_20
130,Silicon,791.818479702,0.32075611048,World/native_recoil/recoil_l14_sensor_vol_30
130,Silicon,797.832656774,0.32075611048,World/native_recoil/recoil_l14_sensor_vol_40
130,Aluminum,1352.57094254,0.8018902762,World/native_ecal/support_box_0/front_0_volume_0
130,Aluminum,1582.51297924,0.8018902762,World/native_ecal/support_box_0/front_1_volume_0
130,FR4,1430.25707014,0.902126560725,World/native_ecal/PCB_motherboard_volume_0
130,FR4,1435.4352766,1.66993650019,World/native_ecal/PCB_volume_0
130,Glue,1437.1052131,0.100236284525,World/native_ecal/Glue_volume_0
130,Silicon,1437.20544938,0.300708853575,World/native_ecal/Si_volume_0
130,Glue,1437.50615824,0.20047256905,World/native_ecal/GlueThick_volume_0
130,Aluminum,1440.06218349,3.2075611048,World/native_ecal/C_volume_CarbonCoolingPlane_0
130,Glue,1443.2697446,0.20047256905,World/native_ecal/GlueThick_volume_0
130,Silicon,1443.47021717,0.300708853575,World/native_ecal/Si_volume_7
130,Glue,1443.77092602,0.100236284525,World/native_ecal/Glue_volume_0
130,FR4,1443.8711623,1.66993650019,World/native_ecal/PCB_volume_0
130,FR4,1450.31836012,0.902126560725,World/native_ecal/PCB_motherboard_volume_0
130,FR4,1481.19714993,0.902126560725,World/native_ecal/PCB_motherboard_volume_0
130,FR4,1486.37535639,1.66993650019,World/native_ecal/PCB_volume_0
130,Glue,1488.04529289,0.100236284525,World/native_ecal/Glue_volume_0
130,Silicon,1488.14552918,0.300708853575,World/native_ecal/Si_volume_14
130,Glue,1488.44623803,0.20047256905,World/native_ecal/GlueThick_volume_0
130,Aluminum,1491.00226329,3.2075611048,World/native_ecal/C_volume_CarbonCoolingPlane_0
130,Glue,1494.20982439,0.20047256905,World/native_ecal/GlueThick_volume_0
130,Silicon,1494.41029696,0.300708853575,World/native_ecal/Si_volume_21
130,Glue,1494.71100581,0.100236284525,World/native_ecal/Glue_volume_0
130,FR4,1494.8112421,1.66993650019,World/native_ecal/PCB_volume_0
130,FR4,1500.7572585,0.902126560725,World/native_ecal/PCB_motherboard_volume_0
130,Scintillator,231.835507697,1.88851402638,World/hcal_top/hcal_top_layer1_strip5
130,Scintillator,233.724021724,18.1587428786,World/hcal_top/hcal_top_layer1_strip6
130,Scintillator,255.26231316,20.047256905,World/hcal_top/hcal_top_layer2_strip4
130,Aluminum3003,231.334326275,0.501181422625,World/hcal_top/hcal_top_cover_1_placement
130,Aluminum3003,254.761131737,0.501181422625,World/hcal_top/hcal_top_cover_2_placement
130,Scintillator,1196.47457042,20.047256905,World/hcal_above_ecal/hcal_above_ecal_layer1_strip3
130,Scintillator,1221.93458669,10.8316793102,World/hcal_above_ecal/hcal_above_ecal_layer2_strip4
130,Scintillator,1232.766266,9.21557759485,World/hcal_above_ecal/hcal_above_ecal_layer2_strip5
130,Scintillator,1247.39460296,20.047256905,World/hcal_above_ecal/hcal_above_ecal_layer3_strip3
130,Scintillator,1272.85461923,20.047256905,World/hcal_above_ecal/hcal_above_ecal_layer4_strip5
130,Aluminum3003,1195.973389,0.501181422625,World/hcal_above_ecal/hcal_above_ecal_cover_1_placement
130,Aluminum3003,1221.43340527,0.501181422625,World/hcal_above_ecal/hcal_above_ecal_cover_2_placement
130,Aluminum3003,1246.89342154,0.501181422625,World/hcal_above_ecal/hcal_above_ecal_cover_3_placement
130,Aluminum3003,1272.35343781,0.501181422625,World/hcal_above_ecal/hcal_above_ecal_cover_4_placement
130,Scintillator,1702.50901393,20.047256905,World/hcal_below_ecal/hcal_below_ecal_layer1_strip5
130,Scintillator,1726.08901254,20.047256905,World/hcal_below_ecal/hcal_below_ecal_layer2_strip7
130,Scintillator,1749.66901115,20.047256905,World/hcal_below_ecal/hcal_below_ecal_layer3_strip5
130,Scintillator,1773.24900976,20.047256905,World/hcal_below_ecal/hcal_below_ecal_layer4_strip7
130,Aluminum3003,1702.00783251,0.501181422625,World/hcal_below_ecal/hcal_below_ecal_cover_1_placement
130,Aluminum3003,1725.58783112,0.501181422625,World/hcal_below_ecal/hcal_below_ecal_cover_2_placement
130,Aluminum3003,1749.16782973,0.501181422625,World/hcal_below_ecal/hcal_below_ecal_cover_3_placement
130,Aluminum3003,1772.74782834,0.501181422625,World/hcal_below_ecal/hcal_below_ecal_cover_4_placement
131,Polyvinyltoluene,858.609824074,2.00046103406,World/native_target/trigger_pad3_bar_volume_7
131,Polyvinyltoluene,854.608902006,2.00046103406,World/native_target/trigger_pad3_bar_volume_8
131,LYSO,933.126997593,0.600138310219,World/native_target/lvTarget_3/lvTargetArray1_phys/target_0
131,LYSO,933.927182007,0.600138310219,World/native_target/lvTarget_3/lvTargetArray2_phys/target_0
131,Polyvinyltoluene,624.955975295,2.00046103406,World/native_trig_scint/trigger_pad2_bar_volume_6
131,Polyvinyltoluene,628.956897363,2.00046103406,World/native_trig_scint/trigger_pad2_bar_volume_7
131,Polyvinyltoluene,549.738640415,2.00046103406,World/native_trig_scint/trigger_pad1_bar_volume_6
131,Polyvinyltoluene,553.739562483,2.00046103406,World/native_trig_scint/trigger_pad1_bar_volume_7
131,Silicon,690.110991175,0.32007376545,World/native_recoil/recoil_l14_sensor_vol_10
131,Silicon,696.112374277,0.32007376545,World/native_recoil/recoil_l14_sensor_vol_20
131,Silicon,790.134042878,0.32007376545,World/native_recoil/recoil_l14_sensor_vol_30
131,Silicon,796.13542598,0.32007376545,World/native_recoil/recoil_l14_sensor_vol_40
131,Aluminum,1349.69361603,0.800184413626,World/native_ecal/support_box_0/front_0_volume_0
131,Aluminum,1579.14649664,0.800184413626,World/native_ecal/support_box_0/front_1_volume_0
131,FR4,1427.21448179,0.900207465329,World/native_ecal/PCB_motherboard_volume_0
131,FR4,1432.38167265,1.66638404138,World/native_ecal/PCB_volume_0
131,Glue,1434.04805669,0.100023051703,World/native_ecal/Glue_volume_0
131,Silicon,1434.14807974,0.30006915511,World/native_ecal/Si_volume_0
131,Glue,1434.44814889,0.200046103406,World/native_ecal/GlueThick_volume_0
131,Aluminum,1436.99873671,3.2007376545,World/native_ecal/C_volume_CarbonCoolingPlane_0
131,Glue,1440.19947437,0.200046103406,World/native_ecal/GlueThick_volume_0
131,Silicon,1440.39952047,0.30006915511,World/native_ecal/Si_volume_7
131,Glue,1440.69958963,0.100023051703,World/native_ecal/Glue_volume_0
131,FR4,1440.79961268,1.66638404138,World/native_ecal/PCB_volume_0
131,FR4,1447.23309536,0.900207465329,World/native_ecal/PCB_motherboard_volume_0
131,FR4,1478.04619667,0.900207465329,World/native_ecal/PCB_motherboard_volume_0
131,FR4,1483.21338752,1.66638404138,World/native_ecal/PCB_volume_0
131,Glue,1484.87977156,0.100023051703,World/native_ecal/Glue_volume_0
131,Silicon,1484.97979461,0.30006915511,World/native_ecal/Si_volume_14
131,Glue,1485.27986377,0.200046103406,World/native_ecal/GlueThick_volume_0
131,Aluminum,1487.83045159,3.2007376545,World/native_ecal/C_volume_CarbonCoolingPlane_0
131,Glue,1491.03118924,0.200046103406,World/native_ecal/GlueThick_volume_0
131,Silicon,1491.23123535,0.300069155109,World/native_ecal/Si_volume_21
131,Glue,1491.5313045,0.100023051703,World/native_ecal/Glue_volume_0
131,FR4,1491.63132755,1.66638404138,World/native_ecal/PCB_volume_0
131,FR4,1497.56469498,0.900207465329,World/native_ecal/PCB_motherboard_volume_0
131,Scintillator,231.34232362,20.0046103406,World/hcal_top/hcal_top_layer1_strip6
131,Scintillator,254.719293199,20.0046103406,World/hcal_top/hcal_top_layer2_strip5
131,Aluminum3003,230.842208362,0.500115258516,World/hcal_top/hcal_top_cover_1_placement
131,Aluminum3003,254.21917794,0.500115258516,World/hcal_top/hcal_top_cover_2_placement
131,Scintillator,1193.92930799,20.0046103406,World/hcal_above_ecal/hcal_above_ecal_layer1_strip3
131,Scintillator,1219.33516312,20.0046103406,World/hcal_above_ecal/hcal_above_ecal_layer2_strip4
131,Scintillator,1244.74101826,20.0046103406,World/hcal_above_ecal/hcal_above_ecal_layer3_strip3
131,Scintillator,1270.14687339,20.0046103406,World/hcal_above_ecal/hcal_above_ecal_layer4_strip4
131,Aluminum3003,1193.42919273,0.500115258516,World/hcal_above_ecal/hcal_above_ecal_cover_1_placement
131,Aluminum3003,1218.83504787,0.500115258516,World/hcal_above_ecal/hcal_above_ecal_cover_2_placement
131,Aluminum3003,1244.240903,0.500115258516,World/hcal_above_ecal/hcal_above_ecal_cover_3_placement
131,Aluminum3003,1269.64675813,0.500115258516,World/hcal_above_ecal/hcal_above_ecal_cover_4_placement
131,Scintillator,1698.88726355,20.0046103406,World/hcal_below_ecal/hcal_below_ecal_layer1_strip5
131,Scintillator,1722.41710039,20.0046103406,World/hcal_below_ecal/hcal_below_ecal_layer2_strip6
131,Scintillator,1745.94693723,20.0046103406,World/hcal_below_ecal/hcal_below_ecal_layer3_strip5
131,Scintillator,1783.2352444,6.24614001035,World/hcal_below_ecal/hcal_below_ecal_layer4_strip5
131,Scintillator,1769.47677407,13.7584703303,World/hcal_below_ecal/hcal_below_ecal_layer4_strip6
131,Aluminum3003,1698.38714829,0.500115258516,World/hcal_below_ecal/hcal_below_ecal_cover_1_placement
131,Aluminum3003,1721.91698513,0.500115258516,World/hcal_below_ecal/hcal_below_ecal_cover_2_placement
131,Aluminum3003,1745.44682197,0.500115258516,World/hcal_below_ecal/hcal_below_ecal_cover_3_placement
131,Aluminum3003,1768.97665881,0.500115258516,World/hcal_below_ecal/hcal_below_ecal_cover_4_placement
132,Polyvinyltoluene,860.374960367,2.00457359634,World/native_target/trigger_pad3_bar_volume_9
132,Polyvinyltoluene,856.365813174,2.00457359634,World/native_target/trigger_pad3_bar_volume_10
132,LYSO,935.04532683,0.601372078902,World/native_target/lvTarget_3/lvTargetArray1_phys/target_0
132,LYSO,935.847156269,0.601372078902,World/native_target/lvTarget_3/lvTargetArray2_phys/target_0
132,Polyvinyltoluene,630.249911507,2.00457359634,World/native_trig_scint/trigger_pad2_bar_volume_17
132,Polyvinyltoluene,626.240764314,2.00457359634,World/native_trig_scint/trigger_pad2_bar_volume_18
132,Polyvinyltoluene,554.877944284,2.00457359634,World/native_trig_scint/trigger_pad1_bar_volume_19
132,Polyvinyltoluene,550.868797091,2.00457359634,World/native_trig_scint/trigger_pad1_bar_volume_20
132,Silicon,691.529726347,0.320731775415,World/native_recoil/recoil_l14_sensor_vol_10
132,Silicon,697.543447136,0.320731775415,World/native_recoil/recoil_l14_sensor_vol_20
132,Silicon,791.758406164,0.320731775415,World/native_recoil/recoil_l14_sensor_vol_30
132,Silicon,797.772126953,0.320731775415,World/native_recoil/recoil_l14_sensor_vol_40
132,Aluminum,1352.46832594,0.801829438537,World/native_ecal/support_box_0/front_0_volume_0
132,Aluminum,1582.39291744,0.801829438537,World/native_ecal/support_box_0/front_1_volume_0
132,FR4,1430.14855966,0.902058118354,World/native_ecal/PCB_motherboard_volume_0
132,FR4,1435.32637326,1.66980980575,World/native_ecal/PCB_volume_0
132,Glue,1436.99618306,0.100228679817,World/native_ecal/Glue_volume_0
132,Silicon,1437.09641174,0.300686039451,World/native_ecal/Si_volume_0
132,Glue,1437.39709778,0.200457359634,World/native_ecal/GlueThick_volume_0
132,Aluminum,1439.95292912,3.20731775415,World/native_ecal/C_volume_CarbonCoolingPlane_0
132,Glue,1443.16024687,0.200457359634,World/native_ecal/GlueThick_volume_0
132,Silicon,1443.36070423,0.300686039451,World/native_ecal/Si_volume_7
132,Glue,1443.66139027,0.100228679817,World/native_ecal/Glue_volume_0
132,FR4,1443.76161895,1.66980980575,World/native_ecal/PCB_volume_0
132,FR4,1450.20832764,0.902058118353,World/native_ecal/PCB_motherboard_volume_0
132,FR4,1481.08477474,0.902058118354,World/native_ecal/PCB_motherboard_volume_0
132,FR4,1486.26258834,1.66980980575,World/native_ecal/PCB_volume_0
132,Glue,1487.93239815,0.100228679817,World/native_ecal/Glue_volume_0
132,Silicon,1488.03262683,0.300686039451,World/native_ecal/Si_volume_14
132,Glue,1488.33331287,0.200457359634,World/native_ecal/GlueThick_volume_0
132,Aluminum,1490.8891442,3.20731775415,World/native_ecal/C_volume_CarbonCoolingPlane_0
132,Glue,1494.09646196,0.200457359634,World/native_ecal/GlueThick_volume_0
132,Silicon,1494.29691932,0.300686039451,World/native_ecal/Si_volume_21
132,Glue,1494.59760536,0.100228679817,World/native_ecal/Glue_volume_0
132,FR4,1494.69783403,1.66980980575,World/native_ecal/PCB_volume_0
132,FR4,1500.64339932,0.902058118353,World/native_ecal/PCB_motherboard_volume_0
132,Scintillator,231.817918844,20.0457359634,World/hcal_top/hcal_top_layer1_strip6
132,Scintillator,255.242946966,20.0457359634,World/hcal_top/hcal_top_layer2_strip4
132,Aluminum3003,231.316775445,0.501143399085,World/hcal_top/hcal_top_cover_1_placement
132,Aluminum3003,254.741803567,0.501143399085,World/hcal_top/hcal_top_cover_2_placement
132,Scintillator,1196.38379651,20.0457359634,World/hcal_above_ecal/hcal_above_ecal_layer1_strip3
132,Scintillator,1221.84188118,20.0457359634,World/hcal_above_ecal/hcal_above_ecal_layer2_strip4
132,Scintillator,1247.29996585,20.0457359634,World/hcal_above_ecal/hcal_above_ecal_layer3_strip3
132,Scintillator,1272.75805053,20.0457359634,World/hcal_above_ecal/hcal_above_ecal_layer4_strip4
132,Aluminum3003,1195.88265311,0.501143399085,World/hcal_above_ecal/hcal_above_ecal_cover_1_placement
132,Aluminum3003,1221.34073778,0.501143399085,World/hcal_above_ecal/hcal_above_ecal_cover_2_placement
132,Aluminum3003,1246.79882246,0.501143399085,World/hcal_above_ecal/hcal_above_ecal_cover_3_placement
132,Aluminum3003,1272.25690713,0.501143399085,World/hcal_above_ecal/hcal_above_ecal_cover_4_placement
132,Scintillator,1702.37984829,20.0457359634,World/hcal_below_ecal/hcal_below_ecal_layer1_strip6
132,Scintillator,1725.95805794,20.0457359634,World/hcal_below_ecal/hcal_below_ecal_layer2_strip5
132,Scintillator,1749.53626759,20.0457359634,World/hcal_below_ecal/hcal_below_ecal_layer3_strip6
132,Scintillator,1773.11447724,20.0457359634,World/hcal_below_ecal/hcal_below_ecal_layer4_strip5
132,Aluminum3003,1701.87870489,0.501143399085,World/hcal_below_ecal/hcal_below_ecal_cover_1_placement
132,Aluminum3003,1725.45691454,0.501143399085,World/hcal_below_ecal/hcal_below_ecal_cover_2_placement
132,Aluminum3003,1749.03512419,0.501143399085,World/hcal_below_ecal/hcal_below_ecal_cover_3_placement
132,Aluminum3003,1772.61333384,0.501143399085,World/hcal_below_ecal/hcal_below_ecal_cover_4_placement
133,Polyvinyltoluene,859.976868705,2.00364608907,World/native_target/trigger_pad3_bar_volume_17
133,Polyvinyltoluene,857.144381082,0.828841533812,World/native_target/trigger_pad3_bar_volume_18
133,LYSO,934.612685523,0.60109382672,World/native_target/lvTarget_3/lvTargetArray1_phys/target_0
133,LYSO,935.414143959,0.60109382672,World/native_target/lvTarget_3/lvTargetArray2_phys/target_0
133,Polyvinyltoluene,629.95829768,2.00364608907,World/native_trig_scint/trigger_pad2_bar_volume_11
133,Polyvinyltoluene,550.613912553,2.00364608907,World/native_trig_scint/trigger_pad1_bar_volume_10
133,Polyvinyltoluene,556.250219025,0.374631795118,World/native_trig_scint/trigger_pad1_bar_volume_11
133,Polyvinyltoluene,625.951005502,2.00364608907,World/native_trig_scint/trigger_pad2_bar_volume_12
133,Silicon,691.209758623,0.320583374251,World/native_recoil/recoil_l14_sensor_vol_10
133,Silicon,697.22069689,0.320583374251,World/native_recoil/recoil_l14_sensor_vol_20
133,Silicon,791.392063076,0.320583374251,World/native_recoil/recoil_l14_sensor_vol_30
133,Silicon,797.403001344,0.320583374251,World/native_recoil/recoil_l14_sensor_vol_40
133,Aluminum,1351.84254487,0.801458435627,World/native_ecal/support_box_0/front_0_volume_0
133,Aluminum,1581.66075129,0.801458435627,World/native_ecal/support_box_0/front_1_volume_0
133,FR4,1429.48683629,0.90164074008,World/native_ecal/PCB_motherboard_volume_0
133,FR4,1434.66225414,1.66903719219,World/native_ecal/PCB_volume_0
133,Glue,1436.33129133,0.100182304453,World/native_ecal/Glue_volume_0
133,Silicon,1436.43147364,0.30054691336,World/native_ecal/Si_volume_0
133,Glue,1436.73202055,0.200364608907,World/native_ecal/GlueThick_volume_0
133,Aluminum,1439.28666931,3.20583374251,World/native_ecal/C_volume_CarbonCoolingPlane_0
133,Glue,1442.49250306,0.200364608907,World/native_ecal/GlueThick_volume_0
133,Silicon,1442.69286766,0.30054691336,World/native_ecal/Si_volume_7
133,Glue,1442.99341458,0.100182304453,World/native_ecal/Glue_volume_0
133,FR4,1443.09359688,1.66903719219,World/native_ecal/PCB_volume_0
133,FR4,1449.5373227,0.90164074008,World/native_ecal/PCB_motherboard_volume_0
133,FR4,1480.39948341,0.901640740081,World/native_ecal/PCB_motherboard_volume_0
133,FR4,1485.57490126,1.66903719219,World/native_ecal/PCB_volume_0
133,Glue,1487.24393845,0.100182304453,World/native_ecal/Glue_volume_0
133,Silicon,1487.34412076,0.30054691336,World/native_ecal/Si_volume_14
133,Glue,1487.64466767,0.200364608907,World/native_ecal/GlueThick_volume_0
133,Aluminum,1490.19931644,3.20583374251,World/native_ecal/C_volume_CarbonCoolingPlane_0
133,Glue,1493.40515018,0.200364608907,World/native_ecal/GlueThick_volume_0
133,Silicon,1493.60551479,0.30054691336,World/native_ecal/Si_volume_21
133,Glue,1493.9060617,0.100182304453,World/native_ecal/Glue_volume_0
133,FR4,1494.00624401,1.66903719219,World/native_ecal/PCB_volume_0
133,FR4,1499.94905831,0.901640740081,World/native_ecal/PCB_motherboard_volume_0
133,Scintillator,231.710657726,20.0364608907,World/hcal_top/hcal_top_layer1_strip5
133,Scintillator,255.124847191,20.0364608907,World/hcal_top/hcal_top_layer2_strip5
133,Aluminum3003,231.209746203,0.500911522267,World/hcal_top/hcal_top_cover_1_placement
133,Aluminum3003,254.623935669,0.500911522267,World/hcal_top/hcal_top_cover_2_placement
133,Scintillator,1195.83023505,20.0364608907,World/hcal_above_ecal/hcal_above_ecal_layer1_strip2
133,Scintillator,1221.27654039,20.0364608907,World/hcal_above_ecal/hcal_above_ecal_layer2_strip4
133,Scintillator,1246.72284572,20.0364608907,World/hcal_above_ecal/hcal_above_ecal_layer3_strip2
133,Scintillator,1272.16915105,20.0364608907,World/hcal_above_ecal/hcal_above_ecal_layer4_strip4
133,Aluminum3003,1195.32932353,0.500911522267,World/hcal_above_ecal/hcal_above_ecal_cover_1_placement
133,Aluminum3003,1220.77562886,0.500911522267,World/hcal_above_ecal/hcal_above_ecal_cover_2_placement
133,Aluminum3003,1246.22193419,0.500911522267,World/hcal_above_ecal/hcal_above_ecal_cover_3_placement
133,Aluminum3003,1271.66823953,0.500911522267,World/hcal_above_ecal/hcal_above_ecal_cover_4_placement
133,Scintillator,1701.59216472,20.0364608907,World/hcal_below_ecal/hcal_below_ecal_layer1_strip4
133,Scintillator,1725.15946483,20.0364608907,World/hcal_below_ecal/hcal_below_ecal_layer2_strip7
133,Scintillator,1748.72676495,20.0364608907,World/hcal_below_ecal/hcal_below_ecal_layer3_strip4
133,Scintillator,1772.29406507,20.0364608907,World/hcal_below_ecal/hcal_below_ecal_layer4_strip7
133,Aluminum3003,1701.09125319,0.500911522267,World/hcal_below_ecal/hcal_below_ecal_cover_1_placement
133,Aluminum3003,1724.65855331,0.500911522267,World/hcal_below_ecal/hcal_below_ecal_cover_2_placement
133,Aluminum3003,1748.22585343,0.500911522267,World/hcal_below_ecal/hcal_below_ecal_cover_3_placement
133,Aluminum3003,1771.79315354,0.500911522267,World/hcal_below_ecal/hcal_below_ecal_cover_4_placement
134,Polyvinyltoluene,856.758391335,0.231771678707,World/native_target/trigger_pad3_bar_volume_18
134,Polyvinyltoluene,860.769376415,2.00549253986,World/native_target/trigger_pad3_bar_volume_19
134,LYSO,935.473973525,0.601647761959,World/native_target/lvTarget_3/lvTargetArray1_phys/target_0
134,LYSO,936.276170541,0.601647761959,World/native_target/lvTarget_3/lvTargetArray2_phys/target_0
134,Polyvinyltoluene,551.12132826,2.00549253986,World/native_trig_scint/trigger_pad1_bar_volume_4
134,Polyvinyltoluene,555.13231334,2.00549253986,World/native_trig_scint/trigger_pad1_bar_volume_5
134,Polyvinyltoluene,626.527847759,2.00549253986,World/native_trig_scint/trigger_pad2_bar_volume_8
134,Polyvinyltoluene,630.538832839,2.00549253986,World/native_trig_scint/trigger_pad2_bar_volume_9
134,Silicon,691.846739782,0.320878806378,World/native_recoil/recoil_l14_sensor_vol_10
134,Silicon,697.863217402,0.320878806378,World/native_recoil/recoil_l14_sensor_vol_20
134,Silicon,792.121366775,0.320878806378,World/native_recoil/recoil_l14_sensor_vol_30
134,Silicon,798.137844395,0.320878806378,World/native_recoil/recoil_l14_sensor_vol_40
134,Aluminum,1353.08832912,0.802197015945,World/native_ecal/support_box_0/front_0_volume_0
134,Aluminum,1583.11832344,0.802197015945,World/native_ecal/support_box_0/front_1_volume_0
134,FR4,1430.80417328,0.902471642938,World/native_ecal/PCB_motherboard_volume_0
134,FR4,1435.98436051,1.67057528571,World/native_ecal/PCB_volume_0
134,Glue,1437.6549358,0.100274626993,World/native_ecal/Glue_volume_0
134,Silicon,1437.75521042,0.300823880979,World/native_ecal/Si_volume_0
134,Glue,1438.0560343,0.200549253986,World/native_ecal/GlueThick_volume_0
134,Aluminum,1440.61303729,3.20878806378,World/native_ecal/C_volume_CarbonCoolingPlane_0
134,Glue,1443.82182536,0.200549253986,World/native_ecal/GlueThick_volume_0
134,Silicon,1444.02237461,0.300823880979,World/native_ecal/Si_volume_7
134,Glue,1444.32319849,0.100274626993,World/native_ecal/Glue_volume_0
134,FR4,1444.42347312,1.67057528571,World/native_ecal/PCB_volume_0
134,FR4,1450.87313713,0.902471642938,World/native_ecal/PCB_motherboard_volume_0
134,FR4,1481.76373872,0.902471642938,World/native_ecal/PCB_motherboard_volume_0
134,FR4,1486.94392595,1.67057528571,World/native_ecal/PCB_volume_0
134,Glue,1488.61450123,0.100274626993,World/native_ecal/Glue_volume_0
134,Silicon,1488.71477586,0.300823880979,World/native_ecal/Si_volume_14
134,Glue,1489.01559974,0.200549253986,World/native_ecal/GlueThick_volume_0
134,Aluminum,1491.57260273,3.20878806378,World/native_ecal/C_volume_CarbonCoolingPlane_0
134,Glue,1494.78139079,0.200549253986,World/native_ecal/GlueThick_volume_0
134,Silicon,1494.98194005,0.300823880979,World/native_ecal/Si_volume_21
134,Glue,1495.28276393,0.100274626993,World/native_ecal/Glue_volume_0
134,FR4,1495.38303856,1.67057528571,World/native_ecal/PCB_volume_0
134,FR4,1501.33132943,0.902471642938,World/native_ecal/PCB_motherboard_volume_0
134,Scintillator,231.924189611,20.0549253986,World/hcal_top/hcal_top_layer1_strip6
134,Scintillator,255.359956315,20.0549253986,World/hcal_top/hcal_top_layer2_strip5
134,Aluminum3003,231.422816477,0.501373134966,World/hcal_top/hcal_top_cover_1_placement
134,Aluminum3003,254.85858318,0.501373134966,World/hcal_top/hcal_top_cover_2_placement
134,Scintillator,1196.93224688,20.0549253986,World/hcal_above_ecal/hcal_above_ecal_layer1_strip2
134,Scintillator,1222.40200214,20.0549253986,World/hcal_above_ecal/hcal_above_ecal_layer2_strip4
134,Scintillator,1247.87175739,20.0549253986,World/hcal_above_ecal/hcal_above_ecal_layer3_strip2
134,Scintillator,1273.34151265,20.0549253986,World/hcal_above_ecal/hcal_above_ecal_layer4_strip4
134,Aluminum3003,1196.43087375,0.501373134966,World/hcal_above_ecal/hcal_above_ecal_cover_1_placement
134,Aluminum3003,1221.900629,0.501373134966,World/hcal_above_ecal/hcal_above_ecal_cover_2_placement
134,Aluminum3003,1247.37038426,0.501373134966,World/hcal_above_ecal/hcal_above_ecal_cover_3_placement
134,Aluminum3003,1272.84013952,0.501373134966,World/hcal_above_ecal/hcal_above_ecal_cover_4_placement
134,Scintillator,1703.16025911,20.0549253986,World/hcal_below_ecal/hcal_below_ecal_layer1_strip3
134,Scintillator,1726.74927757,20.0549253986,World/hcal_below_ecal/hcal_below_ecal_layer2_strip6
134,Scintillator,1750.33829602,20.0549253986,World/hcal_below_ecal/hcal_below_ecal_layer3_strip3
134,Scintillator,1773.92731447,20.0549253986,World/hcal_below_ecal/hcal_below_ecal_layer4_strip6
134,Aluminum3003,1702.65888598,0.501373134966,World/hcal_below_ecal/hcal_below_ecal_cover_1_placement
134,Aluminum3003,1726.24790443,0.501373134966,World/hcal_below_ecal/hcal_below_ecal_cover_2_placement
134,Aluminum3003,1749.83692288,0.501373134966,World/hcal_below_ecal/hcal_below_ecal_cover_3_placement
134,Aluminum3003,1773.42594134,0.501373134966,World/hcal_below_ecal/hcal_below_ecal_cover_4_placement
135,Polyvinyltoluene,855.731987774,2.0030899434,World/native_target/trigger_pad3_bar_volume_10
135,Polyvinyltoluene,859.738167661,2.0030899434,World/native_target/trigger_pad3_bar_volume_11
135,LYSO,934.353268052,0.600926983019,World/native_target/lvTarget_3/lvTargetArray1_phys/target_0
135,LYSO,935.15450403,0.600926983019,World/native_target/lvTarget_3/lvTargetArray2_phys/target_0
135,Polyvinyltoluene,625.777262272,2.0030899434,World/native_trig_scint/trigger_pad2_bar_volume_12
135,Polyvinyltoluene,629.783442159,2.0030899434,World/native_trig_scint/trigger_pad2_bar_volume_13
135,Polyvinyltoluene,554.467260287,2.0030899434,World/native_trig_scint/trigger_pad1_bar_volume_13
135,Polyvinyltoluene,550.461080401,2.0030899434,World/native_trig_scint/trigger_pad1_bar_volume_14
135,Silicon,691.017901729,0.320494390943,World/native_recoil/recoil_l14_sensor_vol_10
135,Silicon,697.027171559,0.320494390943,World/native_recoil/recoil_l14_sensor_vol_20
135,Silicon,791.172398898,0.320494390943,World/native_recoil/recoil_l14_sensor_vol_30
135,Silicon,797.181668729,0.320494390943,World/native_recoil/recoil_l14_sensor_vol_40
135,Aluminum,1351.46731824,0.801235977358,World/native_ecal/support_box_0/front_0_volume_0
135,Aluminum,1581.22173474,0.801235977358,World/native_ecal/support_box_0/front_1_volume_0
135,FR4,1429.09005818,0.901390474528,World/native_ecal/PCB_motherboard_volume_0
135,FR4,1434.2640395,1.66857392285,World/native_ecal/PCB_volume_0
135,Glue,1435.93261342,0.10015449717,World/native_ecal/Glue_volume_0
135,Silicon,1436.03276792,0.300463491509,World/native_ecal/Si_volume_0
135,Glue,1436.33323141,0.200308994339,World/native_ecal/GlueThick_volume_0
135,Aluminum,1438.88717109,3.20494390943,World/native_ecal/C_volume_CarbonCoolingPlane_0
135,Glue,1442.092115,0.20030899434,World/native_ecal/GlueThick_volume_0
135,Silicon,1442.29242399,0.300463491509,World/native_ecal/Si_volume_7
135,Glue,1442.59288749,0.10015449717,World/native_ecal/Glue_volume_0
135,FR4,1442.69304198,1.66857392285,World/native_ecal/PCB_volume_0
135,FR4,1449.13497924,0.901390474528,World/native_ecal/PCB_motherboard_volume_0
135,FR4,1479.98857364,0.901390474528,World/native_ecal/PCB_motherboard_volume_0
135,FR4,1485.16255496,1.66857392285,World/native_ecal/PCB_volume_0
135,Glue,1486.83112889,0.10015449717,World/native_ecal/Glue_volume_0
135,Silicon,1486.93128338,0.300463491509,World/native_ecal/Si_volume_14
135,Glue,1487.23174687,0.20030899434,World/native_ecal/GlueThick_volume_0
135,Aluminum,1489.78568655,3.20494390943,World/native_ecal/C_volume_CarbonCoolingPlane_0
135,Glue,1492.99063046,0.200308994339,World/native_ecal/GlueThick_volume_0
135,Silicon,1493.19093946,0.300463491509,World/native_ecal/Si_volume_21
135,Glue,1493.49140295,0.10015449717,World/native_ecal/Glue_volume_0
135,FR4,1493.59155744,1.66857392285,World/native_ecal/PCB_volume_0
135,FR4,1499.53272222,0.901390474528,World/native_ecal/PCB_motherboard_volume_0
135,Scintillator,231.646342535,20.030899434,World/hcal_top/hcal_top_layer1_strip6
135,Scintillator,255.054032999,20.030899434,World/hcal_top/hcal_top_layer2_strip4
135,Aluminum3003,231.145570049,0.500772485849,World/hcal_top/hcal_top_cover_1_placement
135,Aluminum3003,254.553260513,0.500772485849,World/hcal_top/hcal_top_cover_2_placement
135,Scintillator,1195.49831226,20.030899434,World/hcal_above_ecal/hcal_above_ecal_layer1_strip3
135,Scintillator,1220.93755454,20.030899434,World/hcal_above_ecal/hcal_above_ecal_layer2_strip3
135,Scintillator,1246.37679682,20.030899434,World/hcal_above_ecal/hcal_above_ecal_layer3_strip3
135,Scintillator,1271.8160391,20.030899434,World/hcal_above_ecal/hcal_above_ecal_layer4_strip3
135,Aluminum3003,1194.99753977,0.500772485849,World/hcal_above_ecal/hcal_above_ecal_cover_1_placement
135,Aluminum3003,1220.43678205,0.500772485849,World/hcal_above_ecal/hcal_above_ecal_cover_2_placement
135,Aluminum3003,1245.87602434,0.500772485849,World/hcal_above_ecal/hcal_above_ecal_cover_3_placement
135,Aluminum3003,1271.31526662,0.500772485849,World/hcal_above_ecal/hcal_above_ecal_cover_4_placement
135,Scintillator,1701.11985919,20.030899434,World/hcal_below_ecal/hcal_below_ecal_layer1_strip5
135,Scintillator,1724.68061781,20.030899434,World/hcal_below_ecal/hcal_below_ecal_layer2_strip5
135,Scintillator,1748.24137642,20.030899434,World/hcal_below_ecal/hcal_below_ecal_layer3_strip5
135,Scintillator,1771.80213504,20.030899434,World/hcal_below_ecal/hcal_below_ecal_layer4_strip5
135,Aluminum3003,1700.6190867,0.500772485849,World/hcal_below_ecal/hcal_below_ecal_cover_1_placement
135,Aluminum3003,1724.17984532,0.500772485849,World/hcal_below_ecal/hcal_below_ecal_cover_2_placement
135,Aluminum3003,1747.74060394,0.500772485849,World/hcal_below_ecal/hcal_below_ecal_cover_3_placement
135,Aluminum3003,1771.30136255,0.500772485849,World/hcal_below_ecal/hcal_below_ecal_cover_4_placement
136,Polyvinyltoluene,858.461400357,2.00011522406,World/native_target/trigger_pad3_bar_volume_21
136,Polyvinyltoluene,854.461169909,1.89002301107,World/native_target/trigger_pad3_bar_volume_22
136,LYSO,932.965692453,0.600034567219,World/native_target/lvTarget_3/lvTargetArray1_phys/target_0
136,LYSO,933.765738543,0.600034567219,World/native_target/lvTarget_3/lvTargetArray2_phys/target_0
136,Polyvinyltoluene,628.848172634,2.00011522406,World/native_trig_scint/trigger_pad2_bar_volume_21
136,Polyvinyltoluene,624.847942186,2.00011522406,World/native_trig_scint/trigger_pad2_bar_volume_22
136,Polyvinyltoluene,549.643609761,2.00011522406,World/native_trig_scint/trigger_pad1_bar_volume_22
136,Polyvinyltoluene,553.643840209,2.00011522406,World/native_trig_scint/trigger_pad1_bar_volume_23
136,Silicon,689.991695034,0.32001843585,World/native_recoil/recoil_l14_sensor_vol_10
136,Silicon,695.992040706,0.32001843585,World/native_recoil/recoil_l14_sensor_vol_20
136,Silicon,789.997456237,0.32001843585,World/native_recoil/recoil_l14_sensor_vol_30
136,Silicon,795.997801909,0.32001843585,World/native_recoil/recoil_l14_sensor_vol_40
136,Aluminum,1349.46030104,0.800046089626,World/native_ecal/support_box_0/front_0_volume_0
136,Aluminum,1578.87351724,0.800046089626,World/native_ecal/support_box_0/front_1_volume_0
136,FR4,1426.96776615,0.900051850829,World/native_ecal/PCB_motherboard_volume_0
136,FR4,1432.13406377,1.66609598165,World/native_ecal/PCB_volume_0
136,Glue,1433.80015975,0.100005761203,World/native_ecal/Glue_volume_0
136,Silicon,1433.90016551,0.30001728361,World/native_ecal/Si_volume_0
136,Glue,1434.2001828,0.200011522406,World/native_ecal/GlueThick_volume_0
136,Aluminum,1436.75032971,3.2001843585,World/native_ecal/C_volume_CarbonCoolingPlane_0
136,Glue,1439.95051407,0.200011522406,World/native_ecal/GlueThick_volume_0
136,Silicon,1440.15052559,0.30001728361,World/native_ecal/Si_volume_7
136,Glue,1440.45054287,0.100005761203,World/native_ecal/Glue_volume_0
136,FR4,1440.55054863,1.66609598165,World/native_ecal/PCB_volume_0
136,FR4,1446.98291919,0.900051850829,World/native_ecal/PCB_motherboard_volume_0
136,FR4,1477.79069399,0.900051850829,World/native_ecal/PCB_motherboard_volume_0
136,FR4,1482.95699161,1.66609598165,World/native_ecal/PCB_volume_0
136,Glue,1484.6230876,0.100005761203,World/native_ecal/Glue_volume_0
136,Silicon,1484.72309336,0.30001728361,World/native_ecal/Si_volume_14
136,Glue,1485.02311064,0.200011522406,World/native_ecal/GlueThick_volume_0
136,Aluminum,1487.57325755,3.2001843585,World/native_ecal/C_volume_CarbonCoolingPlane_0
136,Glue,1490.77344191,0.200011522406,World/native_ecal/GlueThick_volume_0
136,Silicon,1490.97345343,0.300017283609,World/native_ecal/Si_volume_21
136,Glue,1491.27347072,0.100005761203,World/native_ecal/Glue_volume_0
136,FR4,1491.37347648,1.66609598165,World/native_ecal/PCB_volume_0
136,FR4,1497.30581823,0.900051850829,World/native_ecal/PCB_motherboard_volume_0
136,Scintillator,231.302332594,20.0011522406,World/hcal_top/hcal_top_layer1_strip6
136,Scintillator,254.67526111,20.0011522406,World/hcal_top/hcal_top_layer2_strip4
136,Aluminum3003,230.802303788,0.500028806016,World/hcal_top/hcal_top_cover_1_placement
136,Aluminum3003,254.175232304,0.500028806016,World/hcal_top/hcal_top_cover_2_placement
136,Scintillator,1193.72291922,20.0011522406,World/hcal_above_ecal/hcal_above_ecal_layer1_strip2
136,Scintillator,1219.12438257,20.0011522406,World/hcal_above_ecal/hcal_above_ecal_layer2_strip4
136,Scintillator,1244.52584591,20.0011522406,World/hcal_above_ecal/hcal_above_ecal_layer3_strip2
136,Scintillator,1269.92730926,20.0011522406,World/hcal_above_ecal/hcal_above_ecal_layer4_strip4
136,Aluminum3003,1193.22289041,0.500028806016,World/hcal_above_ecal/hcal_above_ecal_cover_1_placement
136,Aluminum3003,1218.62435376,0.500028806016,World/hcal_above_ecal/hcal_above_ecal_cover_2_placement
136,Aluminum3003,1244.02581711,0.500028806016,World/hcal_above_ecal/hcal_above_ecal_cover_3_placement
136,Aluminum3003,1269.42728045,0.500028806016,World/hcal_above_ecal/hcal_above_ecal_cover_4_placement
136,Scintillator,1698.59358515,20.0011522406,World/hcal_below_ecal/hcal_below_ecal_layer1_strip4
136,Scintillator,1722.1193545,20.0011522406,World/hcal_below_ecal/hcal_below_ecal_layer2_strip6
136,Scintillator,1745.64512385,20.0011522406,World/hcal_below_ecal/hcal_below_ecal_layer3_strip4
136,Scintillator,1769.1708932,20.0011522406,World/hcal_below_ecal/hcal_below_ecal_layer4_strip6
136,Aluminum3003,1698.09355634,0.500028806016,World/hcal_below_ecal/hcal_below_ecal_cover_1_placement
136,Aluminum3003,1721.61932569,0.500028806016,World/hcal_below_ecal/hcal_below_ecal_cover_2_placement
136,Aluminum3003,1745.14509504,0.500028806016,World/hcal_below_ecal/hcal_below_ecal_cover_3_placement
136,Aluminum3003,1768.6708644,0.500028806016,World/hcal_below_ecal/hcal_below_ecal_cover_4_placement
137,Polyvinyltoluene,858.838233084,2.00099320049,World/native_target/trigger_pad3_bar_volume_1
137,Polyvinyltoluene,854.836246683,2.00099320049,World/native_target/trigger_pad3_bar_volume_2
137,LYSO,933.375229802,0.600297960148,World/native_target/lvTarget_3/lvTargetArray1_phys/target_0
137,LYSO,934.175627082,0.600297960148,World/native_target/lvTarget_3/lvTargetArray2_phys/target_0
137,Polyvinyltoluene,625.122227266,2.00099320049,World/native_trig_scint/trigger_pad2_bar_volume_6
137,Polyvinyltoluene,629.124213667,2.00099320049,World/native_trig_scint/trigger_pad2_bar_volume_7
137,Polyvinyltoluene,553.886869328,2.00099320049,World/native_trig_scint/trigger_pad1_bar_volume_7
137,Polyvinyltoluene,549.884882927,2.00099320049,World/native_trig_scint/trigger_pad1_bar_volume_8
137,Silicon,690.294575806,0.320158912079,World/native_recoil/recoil_l14_sensor_vol_10
137,Silicon,696.297555408,0.320158912079,World/native_recoil/recoil_l14_sensor_vol_20
137,Silicon,790.344235831,0.320158912079,World/native_recoil/recoil_l14_sensor_vol_30
137,Silicon,796.347215432,0.320158912079,World/native_recoil/recoil_l14_sensor_vol_40
137,Aluminum,1350.05266408,0.800397280197,World/native_ecal/support_box_0/front_0_volume_0
137,Aluminum,1579.56658418,0.800397280197,World/native_ecal/support_box_0/front_1_volume_0
137,FR4,1427.59415209,0.900446940222,World/native_ecal/PCB_motherboard_volume_0
137,FR4,1432.76271753,1.66682733601,World/native_ecal/PCB_volume_0
137,Glue,1434.42954486,0.100049660025,World/native_ecal/Glue_volume_0
137,Silicon,1434.52959452,0.300148980074,World/native_ecal/Si_volume_0
137,Glue,1434.8297435,0.200099320049,World/native_ecal/GlueThick_volume_0
137,Aluminum,1437.38100983,3.20158912079,World/native_ecal/C_volume_CarbonCoolingPlane_0
137,Glue,1440.58259896,0.200099320049,World/native_ecal/GlueThick_volume_0
137,Silicon,1440.78269828,0.300148980074,World/native_ecal/Si_volume_7
137,Glue,1441.08284726,0.100049660025,World/native_ecal/Glue_volume_0
137,FR4,1441.18289692,1.66682733601,World/native_ecal/PCB_volume_0
137,FR4,1447.61809105,0.900446940222,World/native_ecal/PCB_motherboard_volume_0
137,FR4,1478.43938932,0.900446940222,World/native_ecal/PCB_motherboard_volume_0
137,FR4,1483.60795475,1.66682733601,World/native_ecal/PCB_volume_0
137,Glue,1485.27478209,0.100049660024,World/native_ecal/Glue_volume_0
137,Silicon,1485.37483175,0.300148980074,World/native_ecal/Si_volume_14
137,Glue,1485.67498073,0.200099320049,World/native_ecal/GlueThick_volume_0
137,Aluminum,1488.22624706,3.20158912079,World/native_ecal/C_volume_CarbonCoolingPlane_0
137,Glue,1491.42783618,0.200099320049,World/native_ecal/GlueThick_volume_0
137,Silicon,1491.6279355,0.300148980074,World/native_ecal/Si_volume_21
137,Glue,1491.92808448,0.100049660025,World/native_ecal/Glue_volume_0
137,FR4,1492.02813414,1.66682733601,World/native_ecal/PCB_volume_0
137,FR4,1497.96307997,0.900446940222,World/native_ecal/PCB_motherboard_volume_0
137,Scintillator,231.403865743,20.0099320049,World/hcal_top/hcal_top_layer1_strip6
137,Scintillator,254.787054107,2.5221418103,World/hcal_top/hcal_top_layer2_strip4
137,Scintillator,257.309195917,17.4877901946,World/hcal_top/hcal_top_layer2_strip5
137,Aluminum3003,230.903617442,0.500248300123,World/hcal_top/hcal_top_cover_1_placement
137,Aluminum3003,254.286805807,0.500248300123,World/hcal_top/hcal_top_cover_2_placement
137,Scintillator,1194.24691932,20.0099320049,World/hcal_above_ecal/hcal_above_ecal_layer1_strip3
137,Scintillator,1219.65953297,20.0099320049,World/hcal_above_ecal/hcal_above_ecal_layer2_strip4
137,Scintillator,1245.07214662,20.0099320049,World/hcal_above_ecal/hcal_above_ecal_layer3_strip3
137,Scintillator,1270.48476026,20.0099320049,World/hcal_above_ecal/hcal_above_ecal_layer4_strip4
137,Aluminum3003,1193.74667102,0.500248300123,World/hcal_above_ecal/hcal_above_ecal_cover_1_placement
137,Aluminum3003,1219.15928467,0.500248300123,World/hcal_above_ecal/hcal_above_ecal_cover_2_placement
137,Aluminum3003,1244.57189832,0.500248300123,World/hcal_above_ecal/hcal_above_ecal_cover_3_placement
137,Aluminum3003,1269.98451196,0.500248300123,World/hcal_above_ecal/hcal_above_ecal_cover_4_placement
137,Scintillator,1699.33920476,20.0099320049,World/hcal_below_ecal/hcal_below_ecal_layer1_strip5
137,Scintillator,1722.87530105,20.0099320049,World/hcal_below_ecal/hcal_below_ecal_layer2_strip6
137,Scintillator,1746.41139734,20.0099320049,World/hcal_below_ecal/hcal_below_ecal_layer3_strip5
137,Scintillator,1769.94749363,20.0099320049,World/hcal_below_ecal/hcal_below_ecal_layer4_strip6
137,Aluminum3003,1698.83895646,0.500248300123,World/hcal_below_ecal/hcal_below_ecal_cover_1_placement
137,Aluminum3003,1722.37505275,0.500248300123,World/hcal_below_ecal/hcal_below_ecal_cover_2_placement
137,Aluminum3003,1745.91114904,0.500248300123,World/hcal_below_ecal/hcal_below_ecal_cover_3_placement
137,Aluminum3003,1769.44724533,0.500248300123,World/hcal_below_ecal/hcal_below_ecal_cover_4_placement
138,Polyvinyltoluene,855.319414098,2.00212419455,World/native_target/trigger_pad3_bar_volume_16
138,Polyvinyltoluene,859.323662487,2.00212419455,World/native_target/trigger_pad3_bar_volume_17
138,LYSO,933.902788734,0.600637258364,World/native_target/lvTarget_3/lvTargetArray1_phys/target_0
138,LYSO,934.703638411,0.600637258364,World/native_target/lvTarget_3/lvTargetArray2_phys/target_0
138,Polyvinyltoluene,625.475556564,2.00212419455,World/native_trig_scint/trigger_pad2_bar_volume_16
138,Polyvinyltoluene,629.479804953,2.00212419455,World/native_trig_scint/trigger_pad2_bar_volume_17
138,Polyvinyltoluene,550.195686849,2.00212419455,World/native_trig_scint/trigger_pad1_bar_volume_16
138,Polyvinyltoluene,554.199935238,2.00212419455,World/native_trig_scint/trigger_pad1_bar_volume_17
138,Silicon,690.68474158,0.320339871127,World/native_recoil/recoil_l14_sensor_vol_10
138,Silicon,696.691114164,0.320339871127,World/native_recoil/recoil_l14_sensor_vol_20
138,Silicon,790.790951307,0.320339871127,World/native_recoil/recoil_l14_sensor_vol_30
138,Silicon,796.797323891,0.320339871127,World/native_recoil/recoil_l14_sensor_vol_40
138,Aluminum,1350.81573591,0.800849677819,World/native_ecal/support_box_0/front_0_volume_0
138,Aluminum,1580.45938102,0.800849677819,World/native_ecal/support_box_0/front_1_volume_0
138,FR4,1428.40105163,0.900955887546,World/native_ecal/PCB_motherboard_volume_0
138,FR4,1433.57253843,1.66776945406,World/native_ecal/PCB_volume_0
138,Glue,1435.24030788,0.100106209727,World/native_ecal/Glue_volume_0
138,Silicon,1435.34041409,0.300318629182,World/native_ecal/Si_volume_0
138,Glue,1435.64073272,0.200212419455,World/native_ecal/GlueThick_volume_0
138,Aluminum,1438.19344107,3.20339871127,World/native_ecal/C_volume_CarbonCoolingPlane_0
138,Glue,1441.39683978,0.200212419455,World/native_ecal/GlueThick_volume_0
138,Silicon,1441.5970522,0.300318629182,World/native_ecal/Si_volume_7
138,Glue,1441.89737083,0.100106209727,World/native_ecal/Glue_volume_0
138,FR4,1441.99747704,1.66776945406,World/native_ecal/PCB_volume_0
138,FR4,1448.43630845,0.900955887546,World/native_ecal/PCB_motherboard_volume_0
138,FR4,1479.27502742,0.900955887546,World/native_ecal/PCB_motherboard_volume_0
138,FR4,1484.44651421,1.66776945406,World/native_ecal/PCB_volume_0
138,Glue,1486.11428366,0.100106209727,World/native_ecal/Glue_volume_0
138,Silicon,1486.21438987,0.300318629182,World/native_ecal/Si_volume_14
138,Glue,1486.5147085,0.200212419455,World/native_ecal/GlueThick_volume_0
138,Aluminum,1489.06741685,3.20339871127,World/native_ecal/C_volume_CarbonCoolingPlane_0
138,Glue,1492.27081556,0.200212419455,World/native_ecal/GlueThick_volume_0
138,Silicon,1492.47102798,0.300318629182,World/native_ecal/Si_volume_21
138,Glue,1492.77134661,0.100106209727,World/native_ecal/Glue_volume_0
138,FR4,1492.87145282,1.66776945406,World/native_ecal/PCB_volume_0
138,FR4,1498.80975318,0.900955887546,World/native_ecal/PCB_motherboard_volume_0
138,Scintillator,231.534658989,20.0212419455,World/hcal_top/hcal_top_layer1_strip6
138,Scintillator,254.931063913,20.0212419455,World/hcal_top/hcal_top_layer2_strip4
138,Aluminum3003,231.03412794,0.500531048637,World/hcal_top/hcal_top_cover_1_placement
138,Aluminum3003,254.430532865,0.500531048637,World/hcal_top/hcal_top_cover_2_placement
138,Scintillator,1194.9219272,20.0212419455,World/hcal_above_ecal/hcal_above_ecal_layer1_strip3
138,Scintillator,1220.34890447,10.7234325668,World/hcal_above_ecal/hcal_above_ecal_layer2_strip4
138,Scintillator,1231.07233704,9.29780937867,World/hcal_above_ecal/hcal_above_ecal_layer2_strip5
138,Scintillator,1245.77588174,20.0212419455,World/hcal_above_ecal/hcal_above_ecal_layer3_strip3
138,Scintillator,1271.20285901,20.0212419455,World/hcal_above_ecal/hcal_above_ecal_layer4_strip5
138,Aluminum3003,1194.42139615,0.500531048637,World/hcal_above_ecal/hcal_above_ecal_cover_1_placement
138,Aluminum3003,1219.84837342,0.500531048637,World/hcal_above_ecal/hcal_above_ecal_cover_2_placement
138,Aluminum3003,1245.27535069,0.500531048637,World/hcal_above_ecal/hcal_above_ecal_cover_3_placement
138,Aluminum3003,1270.70232796,0.500531048637,World/hcal_above_ecal/hcal_above_ecal_cover_4_placement
138,Scintillator,1700.29969904,20.0212419455,World/hcal_below_ecal/hcal_below_ecal_layer1_strip4
138,Scintillator,1723.84909832,20.0212419455,World/hcal_below_ecal/hcal_below_ecal_layer2_strip7
138,Scintillator,1747.3984976,20.0212419455,World/hcal_below_ecal/hcal_below_ecal_layer3_strip4
138,Scintillator,1770.94789688,20.0212419455,World/hcal_below_ecal/hcal_below_ecal_layer4_strip7
138,Aluminum3003,1699.79916799,0.500531048637,World/hcal_below_ecal/hcal_below_ecal_cover_1_placement
138,Aluminum3003,1723.34856727,0.500531048637,World/hcal_below_ecal/hcal_below_ecal_cover_2_placement
138,Aluminum3003,1746.89796655,0.500531048636,World/hcal_below_ecal/hcal_below_ecal_cover_3_placement
138,Aluminum3003,1770.44736583,0.500531048636,World/hcal_below_ecal/hcal_below_ecal_cover_4_placement
139,Polyvinyltoluene,858.201158674,0.238483705884,World/native_target/trigger_pad3_bar_volume_4
139,Polyvinyltoluene,860.444377711,2.00473533068,World/native_target/trigger_pad3_bar_volume_5
139,LYSO,935.120768779,0.601420599204,World/native_target/lvTarget_3/lvTargetArray1_phys/target_0
139,LYSO,935.922662911,0.601420599204,World/native_target/lvTarget_3/lvTargetArray2_phys/target_0
139,Polyvinyltoluene,627.624782836,0.671243582376,World/native_trig_scint/trigger_pad2_bar_volume_14
139,Polyvinyltoluene,630.300761749,2.00473533068,World/native_trig_scint/trigger_pad2_bar_volume_15
139,Polyvinyltoluene,550.913242654,2.00473533068,World/native_trig_scint/trigger_pad1_bar_volume_18
139,Polyvinyltoluene,554.922713315,0.170793555145,World/native_trig_scint/trigger_pad1_bar_volume_19
139,Silicon,691.585520808,0.320757652909,World/native_recoil/recoil_l14_sensor_vol_10
139,Silicon,697.5997268,0.320757652909,World/native_recoil/recoil_l14_sensor_vol_20
139,Silicon,791.822287342,0.320757652909,World/native_recoil/recoil_l14_sensor_vol_30
139,Silicon,797.836493334,0.320757652909,World/native_recoil/recoil_l14_sensor_vol_40
139,Aluminum,1352.57744669,0.801894132272,World/native_ecal/support_box_0/front_0_volume_0
139,Aluminum,1582.52058912,0.801894132272,World/native_ecal/support_box_0/front_1_volume_0
139,FR4,1430.26394786,0.902130898806,World/native_ecal/PCB_motherboard_volume_0
139,FR4,1435.44217921,1.66994453046,World/native_ecal/PCB_volume_0
139,Glue,1437.11212374,0.100236766534,World/native_ecal/Glue_volume_0
139,Silicon,1437.21236051,0.300710299602,World/native_ecal/Si_volume_0
139,Glue,1437.51307081,0.200473533068,World/native_ecal/GlueThick_volume_0
139,Aluminum,1440.06910836,3.20757652909,World/native_ecal/C_volume_CarbonCoolingPlane_0
139,Glue,1443.27668489,0.200473533068,World/native_ecal/GlueThick_volume_0
139,Silicon,1443.47715842,0.300710299602,World/native_ecal/Si_volume_7
139,Glue,1443.77786872,0.100236766534,World/native_ecal/Glue_volume_0
139,FR4,1443.87810549,1.66994453046,World/native_ecal/PCB_volume_0
139,FR4,1450.32533431,0.902130898806,World/native_ecal/PCB_motherboard_volume_0
139,FR4,1481.20427261,0.902130898806,World/native_ecal/PCB_motherboard_volume_0
139,FR4,1486.38250397,1.66994453046,World/native_ecal/PCB_volume_0
139,Glue,1488.0524485,0.100236766534,World/native_ecal/Glue_volume_0
139,Silicon,1488.15268526,0.300710299602,World/native_ecal/Si_volume_14
139,Glue,1488.45339556,0.200473533068,World/native_ecal/GlueThick_volume_0
139,Aluminum,1491.00943311,3.20757652909,World/native_ecal/C_volume_CarbonCoolingPlane_0
139,Glue,1494.21700964,0.200473533068,World/native_ecal/GlueThick_volume_0
139,Silicon,1494.41748317,0.300710299602,World/native_ecal/Si_volume_21
139,Glue,1494.71819347,0.100236766534,World/native_ecal/Glue_volume_0
139,FR4,1494.81843024,1.66994453046,World/native_ecal/PCB_volume_0
139,FR4,1500.76447523,0.902130898806,World/native_ecal/PCB_motherboard_volume_0
139,Scintillator,231.836622531,20.0473533068,World/hcal_top/hcal_top_layer1_strip6
139,Scintillator,255.263540647,20.0473533068,World/hcal_top/hcal_top_layer2_strip4
139,Aluminum3003,231.335438699,0.50118383267,World/hcal_top/hcal_top_cover_1_placement
139,Aluminum3003,254.762356814,0.50118383267,World/hcal_top/hcal_top_cover_2_placement
139,Scintillator,1196.48032394,20.0473533068,World/hcal_above_ecal/hcal_above_ecal_layer1_strip3
139,Scintillator,1221.94046264,20.0473533068,World/hcal_above_ecal/hcal_above_ecal_layer2_strip4
139,Scintillator,1247.40060134,20.0473533068,World/hcal_above_ecal/hcal_above_ecal_layer3_strip3
139,Scintillator,1272.86074004,20.0473533068,World/hcal_above_ecal/hcal_above_ecal_layer4_strip4
139,Aluminum3003,1195.97914011,0.50118383267,World/hcal_above_ecal/hcal_above_ecal_cover_1_placement
139,Aluminum3003,1221.43927881,0.50118383267,World/hcal_above_ecal/hcal_above_ecal_cover_2_placement
139,Aluminum3003,1246.89941751,0.50118383267,World/hcal_above_ecal/hcal_above_ecal_cover_3_placement
139,Aluminum3003,1272.35955621,0.50118383267,World/hcal_above_ecal/hcal_above_ecal_cover_4_placement
139,Scintillator,1702.51720083,20.0473533068,World/hcal_below_ecal/hcal_below_ecal_layer1_strip6
139,Scintillator,1726.09731283,20.0473533068,World/hcal_below_ecal/hcal_below_ecal_layer2_strip6
139,Scintillator,1749.67742483,20.0473533068,World/hcal_below_ecal/hcal_below_ecal_layer3_strip6
139,Scintillator,1773.25753684,20.0473533068,World/hcal_below_ecal/hcal_below_ecal_layer4_strip6
139,Aluminum3003,1702.016017,0.50118383267,World/hcal_below_ecal/hcal_below_ecal_cover_1_placement
139,Aluminum3003,1725.596129,0.50118383267,World/hcal_below_ecal/hcal_below_ecal_cover_2_placement
139,Aluminum3003,1749.176241,0.50118383267,World/hcal_below_ecal/hcal_below_ecal_cover_3_placement
139,Aluminum3003,1772.756353,0.50118383267,World/hcal_below_ecal/hcal_below_ecal_cover_4_placement
140,Polyvinyltoluene,856.137668633,2.0040395576,World/native_target/trigger_pad3_bar_volume_20
140,Polyvinyltoluene,860.145747748,2.0040395576,World/native_target/trigger_pad3_bar_volume_21
140,LYSO,934.796221269,0.601211867279,World/native_target/lvTarget_3/lvTargetArray1_phys/target_0
140,LYSO,935.597837092,0.601211867279,World/native_target/lvTarget_3/lvTargetArray2_phys/target_0
140,Polyvinyltoluene,550.722040055,2.0040395576,World/native_trig_scint/trigger_pad1_bar_volume_8
140,Polyvinyltoluene,554.73011917,2.0040395576,World/native_trig_scint/trigger_pad1_bar_volume_9
140,Polyvinyltoluene,630.082006536,2.0040395576,World/native_trig_scint/trigger_pad2_bar_volume_11
140,Polyvinyltoluene,626.073927421,2.0040395576,World/native_trig_scint/trigger_pad2_bar_volume_12
140,Silicon,691.345495812,0.320646329216,World/native_recoil/recoil_l14_sensor_vol_10
140,Silicon,697.357614484,0.320646329216,World/native_recoil/recoil_l14_sensor_vol_20
140,Silicon,791.547473692,0.320646329216,World/native_recoil/recoil_l14_sensor_vol_30
140,Silicon,797.559592364,0.320646329216,World/native_recoil/recoil_l14_sensor_vol_40
140,Aluminum,1352.10801466,0.801615823039,World/native_ecal/support_box_0/front_0_volume_0
140,Aluminum,1581.97135191,0.801615823039,World/native_ecal/support_box_0/front_1_volume_0
140,FR4,1429.76755357,0.901817800919,World/native_ecal/PCB_motherboard_volume_0
140,FR4,1434.94398775,1.66936495148,World/native_ecal/PCB_volume_0
140,Glue,1436.6133527,0.10020197788,World/native_ecal/Glue_volume_0
140,Silicon,1436.71355468,0.300605933639,World/native_ecal/Si_volume_0
140,Glue,1437.01416061,0.20040395576,World/native_ecal/GlueThick_volume_0
140,Aluminum,1439.56931105,3.20646329216,World/native_ecal/C_volume_CarbonCoolingPlane_0
140,Glue,1442.77577434,0.20040395576,World/native_ecal/GlueThick_volume_0
140,Silicon,1442.9761783,0.300605933639,World/native_ecal/Si_volume_7
140,Glue,1443.27678423,0.10020197788,World/native_ecal/Glue_volume_0
140,FR4,1443.37698621,1.66936495148,World/native_ecal/PCB_volume_0
140,FR4,1449.82197743,0.901817800919,World/native_ecal/PCB_motherboard_volume_0
140,FR4,1480.69019873,0.901817800919,World/native_ecal/PCB_motherboard_volume_0
140,FR4,1485.86663291,1.66936495148,World/native_ecal/PCB_volume_0
140,Glue,1487.53599786,0.10020197788,World/native_ecal/Glue_volume_0
140,Silicon,1487.63619984,0.300605933639,World/native_ecal/Si_volume_14
140,Glue,1487.93680577,0.20040395576,World/native_ecal/GlueThick_volume_0
140,Aluminum,1490.49195621,3.20646329216,World/native_ecal/C_volume_CarbonCoolingPlane_0
140,Glue,1493.6984195,0.20040395576,World/native_ecal/GlueThick_volume_0
140,Silicon,1493.89882346,0.30060593364,World/native_ecal/Si_volume_21
140,Glue,1494.19942939,0.10020197788,World/native_ecal/Glue_volume_0
140,FR4,1494.29963137,1.66936495148,World/native_ecal/PCB_volume_0
140,FR4,1500.2436127,0.901817800919,World/native_ecal/PCB_motherboard_volume_0
140,Scintillator,231.756160198,20.040395576,World/hcal_top/hcal_top_layer1_strip6
140,Scintillator,255.174947655,20.040395576,World/hcal_top/hcal_top_layer2_strip5
140,Aluminum3003,231.255150309,0.501009889399,World/hcal_top/hcal_top_cover_1_placement
140,Aluminum3003,254.673937766,0.501009889399,World/hcal_top/hcal_top_cover_2_placement
140,Scintillator,1196.06506773,20.040395576,World/hcal_above_ecal/hcal_above_ecal_layer1_strip2
140,Scintillator,1221.51637011,20.040395576,World/hcal_above_ecal/hcal_above_ecal_layer2_strip4
140,Scintillator,1246.96767249,20.040395576,World/hcal_above_ecal/hcal_above_ecal_layer3_strip2
140,Scintillator,1272.41897487,20.040395576,World/hcal_above_ecal/hcal_above_ecal_layer4_strip4
140,Aluminum3003,1195.56405784,0.501009889399,World/hcal_above_ecal/hcal_above_ecal_cover_1_placement
140,Aluminum3003,1221.01536022,0.501009889399,World/hcal_above_ecal/hcal_above_ecal_cover_2_placement
140,Aluminum3003,1246.4666626,0.501009889399,World/hcal_above_ecal/hcal_above_ecal_cover_3_placement
140,Aluminum3003,1271.91796498,0.501009889399,World/hcal_above_ecal/hcal_above_ecal_cover_4_placement
140,Scintillator,1701.92631702,20.040395576,World/hcal_below_ecal/hcal_below_ecal_layer1_strip3
140,Scintillator,1725.4982452,20.040395576,World/hcal_below_ecal/hcal_below_ecal_layer2_strip6
140,Scintillator,1749.07017337,20.040395576,World/hcal_below_ecal/hcal_below_ecal_layer3_strip3
140,Scintillator,1772.64210155,20.040395576,World/hcal_below_ecal/hcal_below_ecal_layer4_strip6
140,Aluminum3003,1701.42530714,0.501009889399,World/hcal_below_ecal/hcal_below_ecal_cover_1_placement
140,Aluminum3003,1724.99723531,0.501009889399,World/hcal_below_ecal/hcal_below_ecal_cover_2_placement
140,Aluminum3003,1748.56916349,0.501009889399,World/hcal_below_ecal/hcal_below_ecal_cover_3_placement
140,Aluminum3003,1772.14109166,0.501009889399,World/hcal_below_ecal/hcal_below_ecal_cover_4_placement
141,Polyvinyltoluene,855.541614599,2.00264431954,World/native_target/trigger_pad3_bar_volume_6
141,Polyvinyltoluene,859.546903238,2.00264431954,World/native_target/trigger_pad3_bar_volume_7
141,LYSO,934.145404141,0.600793295861,World/native_target/lvTarget_3/lvTargetArray1_phys/target_0
141,LYSO,934.946461869,0.600793295861,World/native_target/lvTarget_3/lvTargetArray2_phys/target_0
141,Polyvinyltoluene,625.638046717,2.00264431954,World/native_trig_scint/trigger_pad2_bar_volume_10
141,Polyvinyltoluene,629.643335356,2.00264431954,World/native_trig_scint/trigger_pad2_bar_volume_11
141,Polyvinyltoluene,554.343908941,2.00264431954,World/native_trig_scint/trigger_pad1_bar_volume_11
141,Polyvinyltoluene,550.338620302,2.00264431954,World/native_trig_scint/trigger_pad1_bar_volume_12
141,Silicon,690.864172204,0.320423091126,World/native_recoil/recoil_l14_sensor_vol_10
141,Silicon,696.872105163,0.320423091126,World/native_recoil/recoil_l14_sensor_vol_20
141,Silicon,790.996388181,0.320423091126,World/native_recoil/recoil_l14_sensor_vol_30
141,Silicon,797.004321139,0.320423091126,World/native_recoil/recoil_l14_sensor_vol_40
141,Aluminum,1351.1666597,0.801057727814,World/native_ecal/support_box_0/front_0_volume_0
141,Aluminum,1580.86996315,0.801057727814,World/native_ecal/support_box_0/front_1_volume_0
141,FR4,1428.77213105,0.901189943791,World/native_ecal/PCB_motherboard_volume_0
141,FR4,1433.94496133,1.66820271817,World/native_ecal/PCB_volume_0
141,Glue,1435.61316405,0.100132215977,World/native_ecal/Glue_volume_0
141,Silicon,1435.71329626,0.30039664793,World/native_ecal/Si_volume_0
141,Glue,1436.01369291,0.200264431953,World/native_ecal/GlueThick_volume_0
141,Aluminum,1438.56706442,3.20423091126,World/native_ecal/C_volume_CarbonCoolingPlane_0
141,Glue,1441.77129533,0.200264431953,World/native_ecal/GlueThick_volume_0
141,Silicon,1441.97155976,0.30039664793,World/native_ecal/Si_volume_7
141,Glue,1442.27195641,0.100132215977,World/native_ecal/Glue_volume_0
141,FR4,1442.37208863,1.66820271817,World/native_ecal/PCB_volume_0
141,FR4,1448.81259276,0.901189943791,World/native_ecal/PCB_motherboard_volume_0
141,FR4,1479.65932321,0.901189943791,World/native_ecal/PCB_motherboard_volume_0
141,FR4,1484.83215349,1.66820271817,World/native_ecal/PCB_volume_0
141,Glue,1486.50035621,0.100132215977,World/native_ecal/Glue_volume_0
141,Silicon,1486.60048842,0.30039664793,World/native_ecal/Si_volume_14
141,Glue,1486.90088507,0.200264431953,World/native_ecal/GlueThick_volume_0
141,Aluminum,1489.45425658,3.20423091126,World/native_ecal/C_volume_CarbonCoolingPlane_0
141,Glue,1492.65848749,0.200264431953,World/native_ecal/GlueThick_volume_0
141,Silicon,1492.85875192,0.30039664793,World/native_ecal/Si_volume_21
141,Glue,1493.15914857,0.100132215977,World/native_ecal/Glue_volume_0
141,FR4,1493.25928078,1.66820271817,World/native_ecal/PCB_volume_0
141,FR4,1499.19912384,0.901189943791,World/native_ecal/PCB_motherboard_volume_0
141,Scintillator,231.594808585,18.5770723154,World/hcal_top/hcal_top_layer1_strip5
141,Scintillator,250.1718809,1.44937087993,World/hcal_top/hcal_top_layer1_strip6
141,Scintillator,254.997291581,20.0264431954,World/hcal_top/hcal_top_layer2_strip4
141,Aluminum3003,231.094147505,0.500661079884,World/hcal_top/hcal_top_cover_1_placement
141,Aluminum3003,254.496630502,0.500661079884,World/hcal_top/hcal_top_cover_2_placement
141,Scintillator,1195.23235187,20.0264431954,World/hcal_above_ecal/hcal_above_ecal_layer1_strip3
141,Scintillator,1220.66593473,20.0264431954,World/hcal_above_ecal/hcal_above_ecal_layer2_strip4
141,Scintillator,1246.09951759,20.0264431954,World/hcal_above_ecal/hcal_above_ecal_layer3_strip3
141,Scintillator,1271.53310045,20.0264431954,World/hcal_above_ecal/hcal_above_ecal_layer4_strip4
141,Aluminum3003,1194.73169079,0.500661079884,World/hcal_above_ecal/hcal_above_ecal_cover_1_placement
141,Aluminum3003,1220.16527365,0.500661079884,World/hcal_above_ecal/hcal_above_ecal_cover_2_placement
141,Aluminum3003,1245.59885651,0.500661079884,World/hcal_above_ecal/hcal_above_ecal_cover_3_placement
141,Aluminum3003,1271.03243937,0.500661079884,World/hcal_above_ecal/hcal_above_ecal_cover_4_placement
141,Scintillator,1700.74141408,20.0264431954,World/hcal_below_ecal/hcal_below_ecal_layer1_strip5
141,Scintillator,1724.29693117,20.0264431954,World/hcal_below_ecal/hcal_below_ecal_layer2_strip7
141,Scintillator,1747.85244827,20.0264431954,World/hcal_below_ecal/hcal_below_ecal_layer3_strip5
141,Scintillator,1771.40796537,20.0264431954,World/hcal_below_ecal/hcal_below_ecal_layer4_strip7
141,Aluminum3003,1700.240753,0.500661079884,World/hcal_below_ecal/hcal_below_ecal_cover_1_placement
141,Aluminum3003,1723.79627009,0.500661079884,World/hcal_below_ecal/hcal_below_ecal_cover_2_placement
141,Aluminum3003,1747.35178719,0.500661079884,World/hcal_below_ecal/hcal_below_ecal_cover_3_placement
141,Aluminum3003,1770.90730429,0.500661079884,World/hcal_below_ecal/hcal_below_ecal_cover_4_placement
142,Polyvinyltoluene,856.175093772,2.00412716203,World/native_target/trigger_pad3_bar_volume_14
142,Polyvinyltoluene,860.183348096,2.00412716203,World/native_target/trigger_pad3_bar_volume_15
142,LYSO,934.837084882,0.60123814861,World/native_target/lvTarget_3/lvTargetArray1_phys/target_0
142,LYSO,935.638735746,0.60123814861,World/native_target/lvTarget_3/lvTargetArray2_phys/target_0
142,Polyvinyltoluene,554.754368602,2.00412716203,World/native_trig_scint/trigger_pad1_bar_volume_3
142,Polyvinyltoluene,550.746114278,2.00412716203,World/native_trig_scint/trigger_pad1_bar_volume_4
142,Polyvinyltoluene,626.10129557,2.00412716203,World/native_trig_scint/trigger_pad2_bar_volume_6
142,Polyvinyltoluene,630.109549894,2.00412716203,World/native_trig_scint/trigger_pad2_bar_volume_7
142,Silicon,691.375717238,0.320660345926,World/native_recoil/recoil_l14_sensor_vol_10
142,Silicon,697.388098724,0.320660345926,World/native_recoil/recoil_l14_sensor_vol_20
142,Silicon,791.582075339,0.320660345926,World/native_recoil/recoil_l14_sensor_vol_30
142,Silicon,797.594456825,0.320660345926,World/native_recoil/recoil_l14_sensor_vol_40
142,Aluminum,1352.16712061,0.801650864814,World/native_ecal/support_box_0/front_0_volume_0
142,Aluminum,1582.04050609,0.801650864814,World/native_ecal/support_box_0/front_1_volume_0
142,FR4,1429.83005433,0.901857222916,World/native_ecal/PCB_motherboard_volume_0
142,FR4,1435.00671479,1.66943792597,World/native_ecal/PCB_volume_0
142,Glue,1436.67615271,0.100206358102,World/native_ecal/Glue_volume_0
142,Silicon,1436.77635907,0.300619074305,World/native_ecal/Si_volume_0
142,Glue,1437.07697814,0.200412716203,World/native_ecal/GlueThick_volume_0
142,Aluminum,1439.63224028,3.20660345926,World/native_ecal/C_volume_CarbonCoolingPlane_0
142,Glue,1442.83884374,0.200412716203,World/native_ecal/GlueThick_volume_0
142,Silicon,1443.03925645,0.300619074305,World/native_ecal/Si_volume_7
142,Glue,1443.33987553,0.100206358102,World/native_ecal/Glue_volume_0
142,FR4,1443.44008188,1.66943792597,World/native_ecal/PCB_volume_0
142,FR4,1449.88535484,0.901857222916,World/native_ecal/PCB_motherboard_volume_0
142,FR4,1480.75492551,0.901857222916,World/native_ecal/PCB_motherboard_volume_0
142,FR4,1485.93158597,1.66943792597,World/native_ecal/PCB_volume_0
142,Glue,1487.6010239,0.100206358102,World/native_ecal/Glue_volume_0
142,Silicon,1487.70123026,0.300619074305,World/native_ecal/Si_volume_14
142,Glue,1488.00184933,0.200412716204,World/native_ecal/GlueThick_volume_0
142,Aluminum,1490.55711146,3.20660345926,World/native_ecal/C_volume_CarbonCoolingPlane_0
142,Glue,1493.76371492,0.200412716203,World/native_ecal/GlueThick_volume_0
142,Silicon,1493.96412764,0.300619074305,World/native_ecal/Si_volume_21
142,Glue,1494.26474671,0.100206358102,World/native_ecal/Glue_volume_0
142,FR4,1494.36495307,1.66943792597,World/native_ecal/PCB_volume_0
142,FR4,1500.30919423,0.901857222916,World/native_ecal/PCB_motherboard_volume_0
142,Scintillator,231.76629117,20.0412716203,World/hcal_top/hcal_top_layer1_strip6
142,Scintillator,255.186102354,20.0412716203,World/hcal_top/hcal_top_layer2_strip5
142,Aluminum3003,231.26525938,0.501031790509,World/hcal_top/hcal_top_cover_1_placement
142,Aluminum3003,254.685070564,0.501031790509,World/hcal_top/hcal_top_cover_2_placement
142,Scintillator,1196.11735243,20.0412716203,World/hcal_above_ecal/hcal_above_ecal_layer1_strip2
142,Scintillator,1221.56976738,20.0412716203,World/hcal_above_ecal/hcal_above_ecal_layer2_strip4
142,Scintillator,1247.02218234,20.0412716203,World/hcal_above_ecal/hcal_above_ecal_layer3_strip2
142,Scintillator,1272.4745973,20.0412716203,World/hcal_above_ecal/hcal_above_ecal_layer4_strip4
142,Aluminum3003,1195.61632064,0.501031790509,World/hcal_above_ecal/hcal_above_ecal_cover_1_placement
142,Aluminum3003,1221.06873559,0.501031790509,World/hcal_above_ecal/hcal_above_ecal_cover_2_placement
142,Aluminum3003,1246.52115055,0.501031790509,World/hcal_above_ecal/hcal_above_ecal_cover_3_placement
142,Aluminum3003,1271.97356551,0.501031790509,World/hcal_above_ecal/hcal_above_ecal_cover_4_placement
142,Scintillator,1702.00071491,20.0412716203,World/hcal_below_ecal/hcal_below_ecal_layer1_strip3
142,Scintillator,1725.5736735,20.0412716203,World/hcal_below_ecal/hcal_below_ecal_layer2_strip5
142,Scintillator,1749.1466321,20.0412716203,World/hcal_below_ecal/hcal_below_ecal_layer3_strip3
142,Scintillator,1772.7195907,20.0412716203,World/hcal_below_ecal/hcal_below_ecal_layer4_strip5
142,Aluminum3003,1701.49968312,0.501031790509,World/hcal_below_ecal/hcal_below_ecal_cover_1_placement
142,Aluminum3003,1725.07264171,0.501031790509,World/hcal_below_ecal/hcal_below_ecal_cover_2_placement
142,Aluminum3003,1748.64560031,0.501031790509,World/hcal_below_ecal/hcal_below_ecal_cover_3_placement
142,Aluminum3003,1772.2185589,0.501031790509,World/hcal_below_ecal/hcal_below_ecal_cover_4_placement
143,Polyvinyltoluene,854.88407806,2.00110516376,World/native_target/trigger_pad3_bar_volume_12
143,Polyvinyltoluene,858.886288387,2.00110516376,World/native_target/trigger_pad3_bar_volume_13
143,LYSO,933.427455737,0.600331549128,World/native_target/lvTarget_3/lvTargetArray1_phys/target_0
143,LYSO,934.227897803,0.600331549128,World/native_target/lvTarget_3/lvTargetArray2_phys/target_0
143,Polyvinyltoluene,629.159415587,2.00110516376,World/native_trig_scint/trigger_pad2_bar_volume_13
143,Polyvinyltoluene,625.15720526,2.00110516376,World/native_trig_scint/trigger_pad2_bar_volume_14
143,Polyvinyltoluene,549.915651102,2.00110516376,World/native_trig_scint/trigger_pad1_bar_volume_14
143,Polyvinyltoluene,553.91786143,2.00110516376,World/native_trig_scint/trigger_pad1_bar_volume_15
143,Silicon,690.333200443,0.320176826202,World/native_recoil/recoil_l14_sensor_vol_10
143,Silicon,696.336515935,0.320176826202,World/native_recoil/recoil_l14_sensor_vol_20
143,Silicon,790.388458631,0.320176826202,World/native_recoil/recoil_l14_sensor_vol_30
143,Silicon,796.391774123,0.320176826202,World/native_recoil/recoil_l14_sensor_vol_40
143,Aluminum,1350.12820472,0.800442065504,World/native_ecal/support_box_0/front_0_volume_0
143,Aluminum,1579.65496701,0.800442065504,World/native_ecal/support_box_0/front_1_volume_0
143,FR4,1427.67403148,0.900497323692,World/native_ecal/PCB_motherboard_volume_0
143,FR4,1432.84288611,1.66692060141,World/native_ecal/PCB_volume_0
143,Glue,1434.50980672,0.100055258188,World/native_ecal/Glue_volume_0
143,Silicon,1434.60986197,0.300165774564,World/native_ecal/Si_volume_0
143,Glue,1434.91002775,0.200110516376,World/native_ecal/GlueThick_volume_0
143,Aluminum,1437.46143683,3.20176826202,World/native_ecal/C_volume_CarbonCoolingPlane_0
143,Glue,1440.66320509,0.200110516376,World/native_ecal/GlueThick_volume_0
143,Silicon,1440.86331561,0.300165774564,World/native_ecal/Si_volume_7
143,Glue,1441.16348139,0.100055258188,World/native_ecal/Glue_volume_0
143,FR4,1441.26353664,1.66692060141,World/native_ecal/PCB_volume_0
143,FR4,1447.69909085,0.900497323692,World/native_ecal/PCB_motherboard_volume_0
143,FR4,1478.52211369,0.900497323692,World/native_ecal/PCB_motherboard_volume_0
143,FR4,1483.69096833,1.66692060141,World/native_ecal/PCB_volume_0
143,Glue,1485.35788893,0.100055258188,World/native_ecal/Glue_volume_0
143,Silicon,1485.45794418,0.300165774564,World/native_ecal/Si_volume_14
143,Glue,1485.75810996,0.200110516376,World/native_ecal/GlueThick_volume_0
143,Aluminum,1488.30951904,3.20176826202,World/native_ecal/C_volume_CarbonCoolingPlane_0
143,Glue,1491.51128731,0.200110516376,World/native_ecal/GlueThick_volume_0
143,Silicon,1491.71139782,0.300165774564,World/native_ecal/Si_volume_21
143,Glue,1492.0115636,0.100055258188,World/native_ecal/Glue_volume_0
143,FR4,1492.11161885,1.66692060141,World/native_ecal/PCB_volume_0
143,FR4,1498.04689677,0.900497323692,World/native_ecal/PCB_motherboard_volume_0
143,Scintillator,231.416813679,20.0110516376,World/hcal_top/hcal_top_layer1_strip6
143,Scintillator,254.801310423,20.0110516376,World/hcal_top/hcal_top_layer2_strip4
143,Aluminum3003,230.916537388,0.50027629094,World/hcal_top/hcal_top_cover_1_placement
143,Aluminum3003,254.301034132,0.50027629094,World/hcal_top/hcal_top_cover_2_placement
143,Scintillator,1194.31374203,20.0110516376,World/hcal_above_ecal/hcal_above_ecal_layer1_strip3
143,Scintillator,1219.72777761,20.0110516376,World/hcal_above_ecal/hcal_above_ecal_layer2_strip4
143,Scintillator,1245.1418132,20.0110516376,World/hcal_above_ecal/hcal_above_ecal_layer3_strip3
143,Scintillator,1270.55584877,20.0110516376,World/hcal_above_ecal/hcal_above_ecal_layer4_strip4
143,Aluminum3003,1193.81346574,0.50027629094,World/hcal_above_ecal/hcal_above_ecal_cover_1_placement
143,Aluminum3003,1219.22750132,0.50027629094,World/hcal_above_ecal/hcal_above_ecal_cover_2_placement
143,Aluminum3003,1244.6415369,0.50027629094,World/hcal_above_ecal/hcal_above_ecal_cover_3_placement
143,Aluminum3003,1270.05557248,0.50027629094,World/hcal_above_ecal/hcal_above_ecal_cover_4_placement
143,Scintillator,1699.43428932,20.0110516376,World/hcal_below_ecal/hcal_below_ecal_layer1_strip5
143,Scintillator,1722.97170255,20.0110516376,World/hcal_below_ecal/hcal_below_ecal_layer2_strip5
143,Scintillator,1746.50911578,20.0110516376,World/hcal_below_ecal/hcal_below_ecal_layer3_strip5
143,Scintillator,1770.046529,20.0110516376,World/hcal_below_ecal/hcal_below_ecal_layer4_strip5
143,Aluminum3003,1698.93401303,0.50027629094,World/hcal_below_ecal/hcal_below_ecal_cover_1_placement
143,Aluminum3003,1722.47142626,0.50027629094,World/hcal_below_ecal/hcal_below_ecal_cover_2_placement
143,Aluminum3003,1746.00883949,0.50027629094,World/hcal_below_ecal/hcal_below_ecal_cover_3_placement
143,Aluminum3003,1769.54625271,0.50027629094,World/hcal_below_ecal/hcal_below_ecal_cover_4_placement
144,Polyvinyltoluene,859.479082443,2.00248630497,World/native_target/trigger_pad3_bar_volume_5
144,Polyvinyltoluene,855.474109833,2.00248630497,World/native_target/trigger_pad3_bar_volume_6
144,LYSO,934.071697303,0.600745891491,World/native_target/lvTarget_3/lvTargetArray1_phys/target_0
144,LYSO,934.872691825,0.600745891491,World/native_target/lvTarget_3/lvTargetArray2_phys/target_0
144,Polyvinyltoluene,625.588682022,2.00248630497,World/native_trig_scint/trigger_pad2_bar_volume_12
144,Polyvinyltoluene,629.593654632,2.00248630497,World/native_trig_scint/trigger_pad2_bar_volume_13
144,Polyvinyltoluene,554.300169565,2.00248630497,World/native_trig_scint/trigger_pad1_bar_volume_15
144,Polyvinyltoluene,550.295196956,1.97079482204,World/native_trig_scint/trigger_pad1_bar_volume_16
144,Silicon,690.809660975,0.320397808795,World/native_recoil/recoil_l14_sensor_vol_10
144,Silicon,696.81711989,0.320397808795,World/native_recoil/recoil_l14_sensor_vol_20
144,Silicon,790.933976224,0.320397808795,World/native_recoil/recoil_l14_sensor_vol_30
144,Silicon,796.941435139,0.320397808795,World/native_recoil/recoil_l14_sensor_vol_40
144,Aluminum,1351.06004865,0.800994521988,World/native_ecal/support_box_0/front_0_volume_0
144,Aluminum,1580.74522783,0.800994521988,World/native_ecal/support_box_0/front_1_volume_0
144,FR4,1428.6593967,0.901118837236,World/native_ecal/PCB_motherboard_volume_0
144,FR4,1433.83181883,1.66807109204,World/native_ecal/PCB_volume_0
144,Glue,1435.49988992,0.100124315248,World/native_ecal/Glue_volume_0
144,Silicon,1435.60001423,0.300372945745,World/native_ecal/Si_volume_0
144,Glue,1435.90038718,0.200248630497,World/native_ecal/GlueThick_volume_0
144,Aluminum,1438.45355722,3.20397808795,World/native_ecal/C_volume_CarbonCoolingPlane_0
144,Glue,1441.6575353,0.200248630497,World/native_ecal/GlueThick_volume_0
144,Silicon,1441.85778394,0.300372945745,World/native_ecal/Si_volume_7
144,Glue,1442.15815688,0.100124315248,World/native_ecal/Glue_volume_0
144,FR4,1442.2582812,1.66807109204,World/native_ecal/PCB_volume_0
144,FR4,1448.69827715,0.901118837236,World/native_ecal/PCB_motherboard_volume_0
144,FR4,1479.54257371,0.901118837236,World/native_ecal/PCB_motherboard_volume_0
144,FR4,1484.71499583,1.66807109204,World/native_ecal/PCB_volume_0
144,Glue,1486.38306693,0.100124315248,World/native_ecal/Glue_volume_0
144,Silicon,1486.48319124,0.300372945745,World/native_ecal/Si_volume_14
144,Glue,1486.78356419,0.200248630497,World/native_ecal/GlueThick_volume_0
144,Aluminum,1489.33673423,3.20397808795,World/native_ecal/C_volume_CarbonCoolingPlane_0
144,Glue,1492.54071231,0.200248630497,World/native_ecal/GlueThick_volume_0
144,Silicon,1492.74096094,0.300372945745,World/native_ecal/Si_volume_21
144,Glue,1493.04133389,0.100124315248,World/native_ecal/Glue_volume_0
144,FR4,1493.14145821,1.66807109204,World/native_ecal/PCB_volume_0
144,FR4,1499.08083259,0.901118837236,World/native_ecal/PCB_motherboard_volume_0
144,Scintillator,231.576535069,20.0248630497,World/hcal_top/hcal_top_layer1_strip6
144,Scintillator,254.97717154,20.0248630497,World/hcal_top/hcal_top_layer2_strip4
144,Aluminum3003,231.075913493,0.500621576242,World/hcal_top/hcal_top_cover_1_placement
144,Aluminum3003,254.476549964,0.500621576242,World/hcal_top/hcal_top_cover_2_placement
144,Scintillator,1195.1380445,20.0248630497,World/hcal_above_ecal/hcal_above_ecal_layer1_strip3
144,Scintillator,1220.56962058,20.0248630497,World/hcal_above_ecal/hcal_above_ecal_layer2_strip4
144,Scintillator,1246.00119665,20.0248630497,World/hcal_above_ecal/hcal_above_ecal_layer3_strip3
144,Scintillator,1271.43277272,20.0248630497,World/hcal_above_ecal/hcal_above_ecal_layer4_strip4
144,Aluminum3003,1194.63742293,0.500621576242,World/hcal_above_ecal/hcal_above_ecal_cover_1_placement
144,Aluminum3003,1220.068999,0.500621576242,World/hcal_above_ecal/hcal_above_ecal_cover_2_placement
144,Aluminum3003,1245.50057507,0.500621576242,World/hcal_above_ecal/hcal_above_ecal_cover_3_placement
144,Aluminum3003,1270.93215115,0.500621576242,World/hcal_above_ecal/hcal_above_ecal_cover_4_placement
144,Scintillator,1700.60722055,20.0248630497,World/hcal_below_ecal/hcal_below_ecal_layer1_strip6
144,Scintillator,1724.16087904,20.0248630497,World/hcal_below_ecal/hcal_below_ecal_layer2_strip6
144,Scintillator,1747.71453754,20.0248630497,World/hcal_below_ecal/hcal_below_ecal_layer3_strip6
144,Scintillator,1771.26819603,20.0248630497,World/hcal_below_ecal/hcal_below_ecal_layer4_strip6
144,Aluminum3003,1700.10659897,0.500621576242,World/hcal_below_ecal/hcal_below_ecal_cover_1_placement
144,Aluminum3003,1723.66025746,0.500621576242,World/hcal_below_ecal/hcal_below_ecal_cover_2_placement
144,Aluminum3003,1747.21391596,0.500621576242,World/hcal_below_ecal/hcal_below_ecal_cover_3_placement
144,Aluminum3003,1770.76757446,0.500621576242,World/hcal_below_ecal/hcal_below_ecal_cover_4_placement
145,Polyvinyltoluene,862.452527938,2.00941408716,World/native_target/trigger_pad3_bar_volume_3
145,Polyvinyltoluene,858.433699764,2.00941408716,World/native_target/trigger_pad3_bar_volume_4
145,LYSO,937.303202685,0.602824226149,World/native_target/lvTarget_3/lvTargetArray1_phys/target_0
145,LYSO,938.10696832,0.602824226149,World/native_target/lvTarget_3/lvTargetArray2_phys/target_0
145,Polyvinyltoluene,633.356199941,0.425004878218,World/native_trig_scint/trigger_pad2_bar_volume_15
145,Polyvinyltoluene,627.752962558,2.00941408716,World/native_trig_scint/trigger_pad2_bar_volume_16
145,Polyvinyltoluene,552.19899288,2.00941408716,World/native_trig_scint/trigger_pad1_bar_volume_20
145,Polyvinyltoluene,556.217821055,1.2391373508,World/native_trig_scint/trigger_pad1_bar_volume_21
145,Silicon,693.199579377,0.321506253946,World/native_recoil/recoil_l14_sensor_vol_10
145,Silicon,699.227821638,0.321506253946,World/native_recoil/recoil_l14_sensor_vol_20
145,Silicon,793.670283735,0.321506253946,World/native_recoil/recoil_l14_sensor_vol_30
145,Silicon,799.698525996,0.321506253946,World/native_recoil/recoil_l14_sensor_vol_40
145,Aluminum,1355.73416289,0.803765634865,World/native_ecal/support_box_0/front_0_volume_0
145,Aluminum,1586.21395869,0.803765634865,World/native_ecal/support_box_0/front_1_volume_0
145,FR4,1433.60197289,0.904236339223,World/native_ecal/PCB_motherboard_volume_0
145,FR4,1438.79228948,1.67384193461,World/native_ecal/PCB_volume_0
145,Glue,1440.46613141,0.100470704358,World/native_ecal/Glue_volume_0
145,Silicon,1440.56660211,0.301412113074,World/native_ecal/Si_volume_0
145,Glue,1440.86801423,0.200941408716,World/native_ecal/GlueThick_volume_0
145,Aluminum,1443.43001719,3.21506253946,World/native_ecal/C_volume_CarbonCoolingPlane_0
145,Glue,1446.64507973,0.200941408716,World/native_ecal/GlueThick_volume_0
145,Silicon,1446.84602114,0.301412113074,World/native_ecal/Si_volume_7
145,Glue,1447.14743325,0.100470704358,World/native_ecal/Glue_volume_0
145,FR4,1447.24790395,1.67384193461,World/native_ecal/PCB_volume_0
145,FR4,1453.71017966,0.904236339223,World/native_ecal/PCB_motherboard_volume_0
145,FR4,1484.66118484,0.904236339223,World/native_ecal/PCB_motherboard_volume_0
145,FR4,1489.85150143,1.67384193461,World/native_ecal/PCB_volume_0
145,Glue,1491.52534336,0.100470704358,World/native_ecal/Glue_volume_0
145,Silicon,1491.62581407,0.301412113074,World/native_ecal/Si_volume_14
145,Glue,1491.92722618,0.200941408716,World/native_ecal/GlueThick_volume_0
145,Aluminum,1494.48922914,3.21506253946,World/native_ecal/C_volume_CarbonCoolingPlane_0
145,Glue,1497.70429168,0.200941408716,World/native_ecal/GlueThick_volume_0
145,Silicon,1497.90523309,0.301412113074,World/native_ecal/Si_volume_21
145,Glue,1498.2066452,0.100470704358,World/native_ecal/Glue_volume_0
145,FR4,1498.30711591,1.67384193461,World/native_ecal/PCB_volume_0
145,FR4,1504.26703809,0.904236339223,World/native_ecal/PCB_motherboard_volume_0
145,Scintillator,232.377695003,20.0941408716,World/hcal_top/hcal_top_layer1_strip5
145,Scintillator,255.859288089,20.0941408716,World/hcal_top/hcal_top_layer2_strip4
145,Aluminum3003,231.875341481,0.502353521791,World/hcal_top/hcal_top_cover_1_placement
145,Aluminum3003,255.356934567,0.502353521791,World/hcal_top/hcal_top_cover_2_placement
145,Scintillator,1199.27273249,20.0941408716,World/hcal_above_ecal/hcal_above_ecal_layer1_strip4
145,Scintillator,1224.79229139,20.0941408716,World/hcal_above_ecal/hcal_above_ecal_layer2_strip4
145,Scintillator,1250.3118503,20.0941408716,World/hcal_above_ecal/hcal_above_ecal_layer3_strip4
145,Scintillator,1275.83140921,20.0941408716,World/hcal_above_ecal/hcal_above_ecal_layer4_strip4
145,Aluminum3003,1198.77037896,0.502353521791,World/hcal_above_ecal/hcal_above_ecal_cover_1_placement
145,Aluminum3003,1224.28993787,0.502353521791,World/hcal_above_ecal/hcal_above_ecal_cover_2_placement
145,Aluminum3003,1249.80949678,0.502353521791,World/hcal_above_ecal/hcal_above_ecal_cover_3_placement
145,Aluminum3003,1275.32905569,0.502353521791,World/hcal_above_ecal/hcal_above_ecal_cover_4_placement
145,Scintillator,1706.49062479,20.0941408716,World/hcal_below_ecal/hcal_below_ecal_layer1_strip6
145,Scintillator,1730.12576929,20.0941408716,World/hcal_below_ecal/hcal_below_ecal_layer2_strip7
145,Scintillator,1753.7609138,20.0941408716,World/hcal_below_ecal/hcal_below_ecal_layer3_strip6
145,Scintillator,1777.3960583,20.0941408716,World/hcal_below_ecal/hcal_below_ecal_layer4_strip7
145,Aluminum3003,1705.98827127,0.502353521791,World/hcal_below_ecal/hcal_below_ecal_cover_1_placement
145,Aluminum3003,1729.62341577,0.502353521791,World/hcal_below_ecal/hcal_below_ecal_cover_2_placement
145,Aluminum3003,1753.25856027,0.502353521791,World/hcal_below_ecal/hcal_below_ecal_cover_3_placement
145,Aluminum3003,1776.89370478,0.502353521791,World/hcal_below_ecal/hcal_below_ecal_cover_4_placement
146,Polyvinyltoluene,857.246167622,2.00663432232,World/native_target/trigger_pad3_bar_volume_18
146,Polyvinyltoluene,861.259436266,2.00663432232,World/native_target/trigger_pad3_bar_volume_19
146,LYSO,936.006564773,0.601990296697,World/native_target/lvTarget_3/lvTargetArray1_phys/target_0
146,LYSO,936.809218502,0.601990296697,World/native_target/lvTarget_3/lvTargetArray2_phys/target_0
146,Polyvinyltoluene,555.448365544,0.511570838017,World/native_trig_scint/trigger_pad1_bar_volume_5
146,Polyvinyltoluene,551.4350969,2.00663432232,World/native_trig_scint/trigger_pad1_bar_volume_6
146,Polyvinyltoluene,626.884547419,1.70346363626,World/native_trig_scint/trigger_pad2_bar_volume_8
146,Polyvinyltoluene,630.897816064,2.00663432232,World/native_trig_scint/trigger_pad2_bar_volume_9
146,Silicon,692.240627297,0.321061491572,World/native_recoil/recoil_l14_sensor_vol_10
146,Silicon,698.260530264,0.321061491572,World/native_recoil/recoil_l14_sensor_vol_20
146,Silicon,792.572343413,0.321061491572,World/native_recoil/recoil_l14_sensor_vol_30
146,Silicon,798.59224638,0.321061491572,World/native_recoil/recoil_l14_sensor_vol_40
146,Aluminum,1353.85867979,0.802653728929,World/native_ecal/support_box_0/front_0_volume_0
146,Aluminum,1584.01963656,0.802653728929,World/native_ecal/support_box_0/front_1_volume_0
146,FR4,1431.61876973,0.902985445046,World/native_ecal/PCB_motherboard_volume_0
146,FR4,1436.80190619,1.6715263905,World/native_ecal/PCB_volume_0
146,Glue,1438.47343258,0.100331716116,World/native_ecal/Glue_volume_0
146,Silicon,1438.57376429,0.300995148348,World/native_ecal/Si_volume_0
146,Glue,1438.87475944,0.200663432232,World/native_ecal/GlueThick_volume_0
146,Aluminum,1441.4332182,3.21061491572,World/native_ecal/C_volume_CarbonCoolingPlane_0
146,Glue,1444.64383312,0.200663432232,World/native_ecal/GlueThick_volume_0
146,Silicon,1444.84449655,0.300995148348,World/native_ecal/Si_volume_7
146,Glue,1445.1454917,0.100331716116,World/native_ecal/Glue_volume_0
146,FR4,1445.24582342,1.6715263905,World/native_ecal/PCB_volume_0
146,FR4,1451.6991594,0.902985445046,World/native_ecal/PCB_motherboard_volume_0
146,FR4,1482.60734786,0.902985445046,World/native_ecal/PCB_motherboard_volume_0
146,FR4,1487.79048432,1.6715263905,World/native_ecal/PCB_volume_0
146,Glue,1489.46201071,0.100331716116,World/native_ecal/Glue_volume_0
146,Silicon,1489.56234242,0.300995148348,World/native_ecal/Si_volume_14
146,Glue,1489.86333757,0.200663432232,World/native_ecal/GlueThick_volume_0
146,Aluminum,1492.42179633,3.21061491572,World/native_ecal/C_volume_CarbonCoolingPlane_0
146,Glue,1495.63241125,0.200663432232,World/native_ecal/GlueThick_volume_0
146,Silicon,1495.83307468,0.300995148348,World/native_ecal/Si_volume_21
146,Glue,1496.13406983,0.100331716116,World/native_ecal/Glue_volume_0
146,FR4,1496.23440155,1.6715263905,World/native_ecal/PCB_volume_0
146,FR4,1502.18607895,0.902985445046,World/native_ecal/PCB_motherboard_volume_0
146,Scintillator,232.056230478,20.0663432232,World/hcal_top/hcal_top_layer1_strip6
146,Scintillator,255.505339813,20.0663432232,World/hcal_top/hcal_top_layer2_strip5
146,Aluminum3003,231.554571897,0.501658580581,World/hcal_top/hcal_top_cover_1_placement
146,Aluminum3003,255.003681232,0.501658580581,World/hcal_top/hcal_top_cover_2_placement
146,Scintillator,1197.61369357,20.0663432232,World/hcal_above_ecal/hcal_above_ecal_layer1_strip2
146,Scintillator,1223.09794946,20.0663432232,World/hcal_above_ecal/hcal_above_ecal_layer2_strip3
146,Scintillator,1248.58220536,20.0663432232,World/hcal_above_ecal/hcal_above_ecal_layer3_strip2
146,Scintillator,1274.06646125,20.0663432232,World/hcal_above_ecal/hcal_above_ecal_layer4_strip3
146,Aluminum3003,1197.11203499,0.501658580581,World/hcal_above_ecal/hcal_above_ecal_cover_1_placement
146,Aluminum3003,1222.59629088,0.501658580581,World/hcal_above_ecal/hcal_above_ecal_cover_2_placement
146,Aluminum3003,1248.08054678,0.501658580581,World/hcal_above_ecal/hcal_above_ecal_cover_3_placement
146,Aluminum3003,1273.56480267,0.501658580581,World/hcal_above_ecal/hcal_above_ecal_cover_4_placement
146,Scintillator,1704.12991543,20.0663432232,World/hcal_below_ecal/hcal_below_ecal_layer1_strip3
146,Scintillator,1727.73236377,20.0663432232,World/hcal_below_ecal/hcal_below_ecal_layer2_strip5
146,Scintillator,1751.3348121,20.0663432232,World/hcal_below_ecal/hcal_below_ecal_layer3_strip3
146,Scintillator,1774.93726043,20.0663432232,World/hcal_below_ecal/hcal_below_ecal_layer4_strip5
146,Aluminum3003,1703.62825685,0.501658580581,World/hcal_below_ecal/hcal_below_ecal_cover_1_placement
146,Aluminum3003,1727.23070518,0.501658580581,World/hcal_below_ecal/hcal_below_ecal_cover_2_placement
146,Aluminum3003,1750.83315352,0.501658580581,World/hcal_below_ecal/hcal_below_ecal_cover_3_placement
146,Aluminum3003,1774.43560185,0.501658580581,World/hcal_below_ecal/hcal_below_ecal_cover_4_placement
147,Polyvinyltoluene,859.08833134,2.00157590034,World/native_target/trigger_pad3_bar_volume_9
147,Polyvinyltoluene,855.085179539,2.00157590034,World/native_target/trigger_pad3_bar_volume_10
147,LYSO,933.647033628,0.600472770103,World/native_target/lvTarget_3/lvTargetArray1_phys/target_0
147,LYSO,934.447663988,0.600472770103,World/native_target/lvTarget_3/lvTargetArray2_phys/target_0
147,Polyvinyltoluene,550.045012327,2.00157590034,World/native_trig_scint/trigger_pad1_bar_volume_2
147,Polyvinyltoluene,554.048164127,2.00157590034,World/native_trig_scint/trigger_pad1_bar_volume_3
147,Polyvinyltoluene,625.30426618,2.00157590034,World/native_trig_scint/trigger_pad2_bar_volume_4
147,Polyvinyltoluene,629.30741798,2.00157590034,World/native_trig_scint/trigger_pad2_bar_volume_5
147,Silicon,690.495593254,0.320252144055,World/native_recoil/recoil_l14_sensor_vol_10
147,Silicon,696.500320955,0.320252144055,World/native_recoil/recoil_l14_sensor_vol_20
147,Silicon,790.574388271,0.320252144055,World/native_recoil/recoil_l14_sensor_vol_30
147,Silicon,796.579115972,0.320252144055,World/native_recoil/recoil_l14_sensor_vol_40
147,Aluminum,1350.44580659,0.800630360137,World/native_ecal/support_box_0/front_0_volume_0
147,Aluminum,1580.02656236,0.800630360137,World/native_ecal/support_box_0/front_1_volume_0
147,FR4,1428.00987509,0.900709155154,World/native_ecal/PCB_motherboard_volume_0
147,FR4,1433.17994564,1.66731272499,World/native_ecal/PCB_volume_0
147,Glue,1434.84725837,0.100078795017,World/native_ecal/Glue_volume_0
147,Silicon,1434.94733716,0.300236385051,World/native_ecal/Si_volume_0
147,Glue,1435.24757355,0.200157590034,World/native_ecal/GlueThick_volume_0
147,Aluminum,1437.79958282,3.20252144055,World/native_ecal/C_volume_CarbonCoolingPlane_0
147,Glue,1441.00210426,0.200157590034,World/native_ecal/GlueThick_volume_0
147,Silicon,1441.20226185,0.300236385051,World/native_ecal/Si_volume_7
147,Glue,1441.50249824,0.100078795017,World/native_ecal/Glue_volume_0
147,FR4,1441.60257703,1.66731272499,World/native_ecal/PCB_volume_0
147,FR4,1448.03964513,0.900709155154,World/native_ecal/PCB_motherboard_volume_0
147,FR4,1478.86991872,0.900709155154,World/native_ecal/PCB_motherboard_volume_0
147,FR4,1484.03998927,1.66731272499,World/native_ecal/PCB_volume_0
147,Glue,1485.707302,0.100078795017,World/native_ecal/Glue_volume_0
147,Silicon,1485.80738079,0.300236385051,World/native_ecal/Si_volume_14
147,Glue,1486.10761718,0.200157590034,World/native_ecal/GlueThick_volume_0
147,Aluminum,1488.65962645,3.20252144055,World/native_ecal/C_volume_CarbonCoolingPlane_0
147,Glue,1491.86214789,0.200157590034,World/native_ecal/GlueThick_volume_0
147,Silicon,1492.06230548,0.300236385051,World/native_ecal/Si_volume_21
147,Glue,1492.36254186,0.100078795017,World/native_ecal/Glue_volume_0
147,FR4,1492.46262066,1.66731272499,World/native_ecal/PCB_volume_0
147,FR4,1498.39929478,0.900709155154,World/native_ecal/PCB_motherboard_volume_0
147,Scintillator,231.471251778,20.0157590034,World/hcal_top/hcal_top_layer1_strip6
147,Scintillator,254.861249451,20.0157590034,World/hcal_top/hcal_top_layer2_strip5
147,Aluminum3003,230.970857803,0.500393975086,World/hcal_top/hcal_top_cover_1_placement
147,Aluminum3003,254.360855476,0.500393975086,World/hcal_top/hcal_top_cover_2_placement
147,Scintillator,1194.59469037,20.0157590034,World/hcal_above_ecal/hcal_above_ecal_layer1_strip3
147,Scintillator,1220.01470431,20.0157590034,World/hcal_above_ecal/hcal_above_ecal_layer2_strip4
147,Scintillator,1255.7040812,9.74639604563,World/hcal_above_ecal/hcal_above_ecal_layer3_strip2
147,Scintillator,1245.43471824,10.269362949,World/hcal_above_ecal/hcal_above_ecal_layer3_strip3
147,Scintillator,1270.85473218,20.0157590034,World/hcal_above_ecal/hcal_above_ecal_layer4_strip4
147,Aluminum3003,1194.0942964,0.500393975086,World/hcal_above_ecal/hcal_above_ecal_cover_1_placement
147,Aluminum3003,1219.51431033,0.500393975086,World/hcal_above_ecal/hcal_above_ecal_cover_2_placement
147,Aluminum3003,1244.93432427,0.500393975086,World/hcal_above_ecal/hcal_above_ecal_cover_3_placement
147,Aluminum3003,1270.3543382,0.500393975086,World/hcal_above_ecal/hcal_above_ecal_cover_4_placement
147,Scintillator,1699.83406136,20.0157590034,World/hcal_below_ecal/hcal_below_ecal_layer1_strip4
147,Scintillator,1723.37701149,20.0157590034,World/hcal_below_ecal/hcal_below_ecal_layer2_strip6
147,Scintillator,1746.91996162,20.0157590034,World/hcal_below_ecal/hcal_below_ecal_layer3_strip4
147,Scintillator,1770.46291174,20.0157590034,World/hcal_below_ecal/hcal_below_ecal_layer4_strip6
147,Aluminum3003,1699.33366738,0.500393975086,World/hcal_below_ecal/hcal_below_ecal_cover_1_placement
147,Aluminum3003,1722.87661751,0.500393975086,World/hcal_below_ecal/hcal_below_ecal_cover_2_placement
147,Aluminum3003,1746.41956764,0.500393975086,World/hcal_below_ecal/hcal_below_ecal_cover_3_placement
147,Aluminum3003,1769.96251777,0.500393975086,World/hcal_below_ecal/hcal_below_ecal_cover_4_placement
148,Polyvinyltoluene,856.945107427,1.12818619346,World/native_target/trigger_pad3_bar_volume_20
148,Polyvinyltoluene,860.956966633,2.00592960326,World/native_target/trigger_pad3_bar_volume_21
148,LYSO,935.677844355,0.601778880977,World/native_target/lvTarget_3/lvTargetArray1_phys/target_0
148,LYSO,936.480216196,0.601778880977,World/native_target/lvTarget_3/lvTargetArray2_phys/target_0
148,Polyvinyltoluene,555.253295097,2.00592960326,World/native_trig_scint/trigger_pad1_bar_volume_7
148,Polyvinyltoluene,551.241435891,2.00592960326,World/native_trig_scint/trigger_pad1_bar_volume_8
148,Polyvinyltoluene,626.664388973,2.00592960326,World/native_trig_scint/trigger_pad2_bar_volume_10
148,Polyvinyltoluene,630.67624818,2.00592960326,World/native_trig_scint/trigger_pad2_bar_volume_11
148,Silicon,691.997516151,0.320948736521,World/native_recoil/recoil_l14_sensor_vol_10
148,Silicon,698.015304961,0.320948736521,World/native_recoil/recoil_l14_sensor_vol_20
148,Silicon,792.293996314,0.320948736521,World/native_recoil/recoil_l14_sensor_vol_30
148,Silicon,798.311785124,0.320948736521,World/native_recoil/recoil_l14_sensor_vol_40
148,Aluminum,1353.38321198,0.802371841302,World/native_ecal/support_box_0/front_0_volume_0
148,Aluminum,1583.46333747,0.802371841302,World/native_ecal/support_box_0/front_1_volume_0
148,FR4,1431.115993,0.902668321465,World/native_ecal/PCB_motherboard_volume_0
148,FR4,1436.29730917,1.67093935951,World/native_ecal/PCB_volume_0
148,Glue,1437.96824853,0.100296480163,World/native_ecal/Glue_volume_0
148,Silicon,1438.06854501,0.300889440488,World/native_ecal/Si_volume_0
148,Glue,1438.36943445,0.200592960326,World/native_ecal/GlueThick_volume_0
148,Aluminum,1440.92699469,3.20948736521,World/native_ecal/C_volume_CarbonCoolingPlane_0
148,Glue,1444.13648206,0.200592960326,World/native_ecal/GlueThick_volume_0
148,Silicon,1444.33707502,0.300889440488,World/native_ecal/Si_volume_7
148,Glue,1444.63796446,0.100296480163,World/native_ecal/Glue_volume_0
148,FR4,1444.73826094,1.67093935951,World/native_ecal/PCB_volume_0
148,FR4,1451.18933054,0.902668321465,World/native_ecal/PCB_motherboard_volume_0
148,FR4,1482.08666422,0.902668321465,World/native_ecal/PCB_motherboard_volume_0
148,FR4,1487.26798039,1.67093935951,World/native_ecal/PCB_volume_0
148,Glue,1488.93891975,0.100296480163,World/native_ecal/Glue_volume_0
148,Silicon,1489.03921623,0.300889440488,World/native_ecal/Si_volume_14
148,Glue,1489.34010567,0.200592960326,World/native_ecal/GlueThick_volume_0
148,Aluminum,1491.89766591,3.20948736521,World/native_ecal/C_volume_CarbonCoolingPlane_0
148,Glue,1495.10715328,0.200592960325,World/native_ecal/GlueThick_volume_0
148,Silicon,1495.30774624,0.300889440488,World/native_ecal/Si_volume_21
148,Glue,1495.60863568,0.100296480163,World/native_ecal/Glue_volume_0
148,FR4,1495.70893216,1.67093935951,World/native_ecal/PCB_volume_0
148,FR4,1501.65851936,0.902668321465,World/native_ecal/PCB_motherboard_volume_0
148,Scintillator,231.974733591,20.0592960326,World/hcal_top/hcal_top_layer1_strip6
148,Scintillator,255.415607726,20.0592960326,World/hcal_top/hcal_top_layer2_strip5
148,Aluminum3003,231.47325119,0.501482400814,World/hcal_top/hcal_top_cover_1_placement
148,Aluminum3003,254.914125325,0.501482400814,World/hcal_top/hcal_top_cover_2_placement
148,Scintillator,1197.19309815,20.0592960326,World/hcal_above_ecal/hcal_above_ecal_layer1_strip2
148,Scintillator,1222.66840411,20.0592960326,World/hcal_above_ecal/hcal_above_ecal_layer2_strip4
148,Scintillator,1248.14371007,20.0592960326,World/hcal_above_ecal/hcal_above_ecal_layer3_strip2
148,Scintillator,1273.61901603,20.0592960326,World/hcal_above_ecal/hcal_above_ecal_layer4_strip4
148,Aluminum3003,1196.69161575,0.501482400814,World/hcal_above_ecal/hcal_above_ecal_cover_1_placement
148,Aluminum3003,1222.16692171,0.501482400814,World/hcal_above_ecal/hcal_above_ecal_cover_2_placement
148,Aluminum3003,1247.64222767,0.501482400814,World/hcal_above_ecal/hcal_above_ecal_cover_3_placement
148,Aluminum3003,1273.11753363,0.501482400814,World/hcal_above_ecal/hcal_above_ecal_cover_4_placement
148,Scintillator,1703.53143427,20.0592960326,World/hcal_below_ecal/hcal_below_ecal_layer1_strip3
148,Scintillator,1727.12559355,20.0592960326,World/hcal_below_ecal/hcal_below_ecal_layer2_strip7
148,Scintillator,1750.71975283,20.0592960326,World/hcal_below_ecal/hcal_below_ecal_layer3_strip3
148,Scintillator,1774.31391212,20.0592960326,World/hcal_below_ecal/hcal_below_ecal_layer4_strip7
148,Aluminum3003,1703.02995187,0.501482400814,World/hcal_below_ecal/hcal_below_ecal_cover_1_placement
148,Aluminum3003,1726.62411115,0.501482400814,World/hcal_below_ecal/hcal_below_ecal_cover_2_placement
148,Aluminum3003,1750.21827043,0.501482400814,World/hcal_below_ecal/hcal_below_ecal_cover_3_placement
148,Aluminum3003,1773.81242971,0.501482400814,World/hcal_below_ecal/hcal_below_ecal_cover_4_placement
149,Polyvinyltoluene,859.093674274,2.00158834876,World/native_target/trigger_pad3_bar_volume_9
149,Polyvinyltoluene,855.090497576,2.00158834876,World/native_target/trigger_pad3_bar_volume_10
149,LYSO,933.652840265,0.600476504627,World/native_target/lvTarget_3/lvTargetArray1_phys/target_0
149,LYSO,934.453475604,0.600476504627,World/native_target/lvTarget_3/lvTargetArray2_phys/target_0
149,Polyvinyltoluene,625.308155139,2.00158834876,World/native_trig_scint/trigger_pad2_bar_volume_14
149,Polyvinyltoluene,629.311331836,2.00158834876,World/native_trig_scint/trigger_pad2_bar_volume_15
149,Polyvinyltoluene,554.051609923,2.00158834876,World/native_trig_scint/trigger_pad1_bar_volume_15
149,Polyvinyltoluene,550.048433225,2.00158834876,World/native_trig_scint/trigger_pad1_bar_volume_16
149,Silicon,690.499887658,0.320254135801,World/native_recoil/recoil_l14_sensor_vol_10
149,Silicon,696.504652704,0.320254135801,World/native_recoil/recoil_l14_sensor_vol_20
149,Silicon,790.579305096,0.320254135801,World/native_recoil/recoil_l14_sensor_vol_30
149,Silicon,796.584070142,0.320254135801,World/native_recoil/recoil_l14_sensor_vol_40
149,Aluminum,1350.45420543,0.800635339503,World/native_ecal/support_box_0/front_0_volume_0
149,Aluminum,1580.03638903,0.800635339503,World/native_ecal/support_box_0/front_1_volume_0
149,FR4,1428.01875632,0.900714756941,World/native_ecal/PCB_motherboard_volume_0
149,FR4,1433.18885903,1.66732309452,World/native_ecal/PCB_volume_0
149,Glue,1434.85618212,0.100079417438,World/native_ecal/Glue_volume_0
149,Silicon,1434.95626154,0.300238252314,World/native_ecal/Si_volume_0
149,Glue,1435.25649979,0.200158834876,World/native_ecal/GlueThick_volume_0
149,Aluminum,1437.80852494,3.20254135801,World/native_ecal/C_volume_CarbonCoolingPlane_0
149,Glue,1441.0110663,0.200158834876,World/native_ecal/GlueThick_volume_0
149,Silicon,1441.21122513,0.300238252313,World/native_ecal/Si_volume_7
149,Glue,1441.51146338,0.100079417438,World/native_ecal/Glue_volume_0
149,FR4,1441.6115428,1.66732309452,World/native_ecal/PCB_volume_0
149,FR4,1448.04865093,0.900714756941,World/native_ecal/PCB_motherboard_volume_0
149,FR4,1478.87911627,0.900714756941,World/native_ecal/PCB_motherboard_volume_0
149,FR4,1484.04921897,1.66732309452,World/native_ecal/PCB_volume_0
149,Glue,1485.71654206,0.100079417438,World/native_ecal/Glue_volume_0
149,Silicon,1485.81662148,0.300238252314,World/native_ecal/Si_volume_14
149,Glue,1486.11685973,0.200158834876,World/native_ecal/GlueThick_volume_0
149,Aluminum,1488.66888488,3.20254135801,World/native_ecal/C_volume_CarbonCoolingPlane_0
149,Glue,1491.87142624,0.200158834876,World/native_ecal/GlueThick_volume_0
149,Silicon,1492.07158507,0.300238252314,World/native_ecal/Si_volume_21
149,Glue,1492.37182332,0.100079417438,World/native_ecal/Glue_volume_0
149,FR4,1492.47190274,1.66732309452,World/native_ecal/PCB_volume_0
149,FR4,1498.40861378,0.900714756941,World/native_ecal/PCB_motherboard_volume_0
149,Scintillator,231.472691368,20.0158834876,World/hcal_top/hcal_top_layer1_strip6
149,Scintillator,254.862834511,20.0158834876,World/hcal_top/hcal_top_layer2_strip4
149,Aluminum3003,230.972294281,0.500397087189,World/hcal_top/hcal_top_cover_1_placement
149,Aluminum3003,254.362437424,0.500397087189,World/hcal_top/hcal_top_cover_2_placement
149,Scintillator,1194.60211992,20.0158834876,World/hcal_above_ecal/hcal_above_ecal_layer1_strip3
149,Scintillator,1220.02229195,20.0158834876,World/hcal_above_ecal/hcal_above_ecal_layer2_strip4
149,Scintillator,1245.44246398,20.0158834876,World/hcal_above_ecal/hcal_above_ecal_layer3_strip3
149,Scintillator,1270.86263601,20.0158834876,World/hcal_above_ecal/hcal_above_ecal_layer4_strip4
149,Aluminum3003,1194.10172284,0.500397087189,World/hcal_above_ecal/hcal_above_ecal_cover_1_placement
149,Aluminum3003,1219.52189486,0.500397087189,World/hcal_above_ecal/hcal_above_ecal_cover_2_placement
149,Aluminum3003,1244.9420669,0.500397087189,World/hcal_above_ecal/hcal_above_ecal_cover_3_placement
149,Aluminum3003,1270.36223892,0.500397087189,World/hcal_above_ecal/hcal_above_ecal_cover_4_placement
149,Scintillator,1699.84463315,20.0158834876,World/hcal_below_ecal/hcal_below_ecal_layer1_strip5
149,Scintillator,1723.3877297,20.0158834876,World/hcal_below_ecal/hcal_below_ecal_layer2_strip6
149,Scintillator,1746.93082625,20.0158834876,World/hcal_below_ecal/hcal_below_ecal_layer3_strip5
149,Scintillator,1770.4739228,20.0158834876,World/hcal_below_ecal/hcal_below_ecal_layer4_strip6
149,Aluminum3003,1699.34423606,0.500397087189,World/hcal_below_ecal/hcal_below_ecal_cover_1_placement
149,Aluminum3003,1722.88733261,0.500397087189,World/hcal_below_ecal/hcal_below_ecal_cover_2_placement
149,Aluminum3003,1746.43042916,0.500397087189,World/hcal_below_ecal/hcal_below_ecal_cover_3_placement
149,Aluminum3003,1769.97352571,0.500397087189,World/hcal_below_ecal/hcal_below_ecal_cover_4_placement
150,Polyvinyltoluene,855.623171818,2.00283522796,World/native_target/trigger_pad3_bar_volume_10
150,Polyvinyltoluene,859.628842274,2.00283522796,World/native_target/trigger_pad3_bar_volume_11
150,LYSO,934.652882633,0.182422451235,World/native_target/lvTarget_3/lvTargetArray1_phys/target_0
150,LYSO,935.035588607,0.600850568388,World/native_target/lvTarget_3/lvTargetArray2_phys/target_0
150,Polyvinyltoluene,550.391083077,2.00283522796,World/native_trig_scint/trigger_pad1_bar_volume_2
150,Polyvinyltoluene,554.396753533,2.00283522796,World/native_trig_scint/trigger_pad1_bar_volume_3
150,Polyvinyltoluene,625.697687649,2.00283522796,World/native_trig_scint/trigger_pad2_bar_volume_4
150,Polyvinyltoluene,629.703358104,2.00283522796,World/native_trig_scint/trigger_pad2_bar_volume_5
150,Silicon,690.930031023,0.320453636473,World/native_recoil/recoil_l14_sensor_vol_10
150,Silicon,696.938536707,0.320453636474,World/native_recoil/recoil_l14_sensor_vol_20
150,Silicon,791.071792421,0.320453636473,World/native_recoil/recoil_l14_sensor_vol_30
150,Silicon,797.080298105,0.320453636473,World/native_recoil/recoil_l14_sensor_vol_40
150,Aluminum,1351.29546395,0.801134091184,World/native_ecal/support_box_0/front_0_volume_0
150,Aluminum,1581.0206646,0.801134091184,World/native_ecal/support_box_0/front_1_volume_0
150,FR4,1428.90833329,0.901275852582,World/native_ecal/PCB_motherboard_volume_0
150,FR4,1434.08165668,1.66836174489,World/native_ecal/PCB_volume_0
150,Glue,1435.75001843,0.100141761398,World/native_ecal/Glue_volume_0
150,Silicon,1435.85016019,0.300425284194,World/native_ecal/Si_volume_0
150,Glue,1436.15058547,0.200283522796,World/native_ecal/GlueThick_volume_0
150,Aluminum,1438.70420039,3.20453636473,World/native_ecal/C_volume_CarbonCoolingPlane_0
150,Glue,1441.90873675,0.200283522796,World/native_ecal/GlueThick_volume_0
150,Silicon,1442.10902028,0.300425284194,World/native_ecal/Si_volume_7
150,Glue,1442.40944556,0.100141761398,World/native_ecal/Glue_volume_0
150,FR4,1442.50958732,1.66836174489,World/native_ecal/PCB_volume_0
150,FR4,1448.95070541,0.901275852582,World/native_ecal/PCB_motherboard_volume_0
150,FR4,1479.80037643,0.901275852582,World/native_ecal/PCB_motherboard_volume_0
150,FR4,1484.97369982,1.66836174489,World/native_ecal/PCB_volume_0
150,Glue,1486.64206157,0.100141761398,World/native_ecal/Glue_volume_0
150,Silicon,1486.74220333,0.300425284194,World/native_ecal/Si_volume_14
150,Glue,1487.04262861,0.200283522796,World/native_ecal/GlueThick_volume_0
150,Aluminum,1489.59624353,3.20453636473,World/native_ecal/C_volume_CarbonCoolingPlane_0
150,Glue,1492.80077989,0.200283522796,World/native_ecal/GlueThick_volume_0
150,Silicon,1493.00106342,0.300425284194,World/native_ecal/Si_volume_21
150,Glue,1493.3014887,0.100141761398,World/native_ecal/Glue_volume_0
150,FR4,1493.40163046,1.66836174489,World/native_ecal/PCB_volume_0
150,FR4,1499.34203975,0.901275852582,World/native_ecal/PCB_motherboard_volume_0
150,Scintillator,231.616886095,20.0283522796,World/hcal_top/hcal_top_layer1_strip6
150,Scintillator,255.021600007,20.0283522796,World/hcal_top/hcal_top_layer2_strip5
150,Aluminum3003,231.116177288,0.50070880699,World/hcal_top/hcal_top_cover_1_placement
150,Aluminum3003,254.5208912,0.50070880699,World/hcal_top/hcal_top_cover_2_placement
150,Scintillator,1195.34629119,20.0283522796,World/hcal_above_ecal/hcal_above_ecal_layer1_strip2
150,Scintillator,1220.78229858,20.0283522796,World/hcal_above_ecal/hcal_above_ecal_layer2_strip4
150,Scintillator,1246.21830598,20.0283522796,World/hcal_above_ecal/hcal_above_ecal_layer3_strip2
150,Scintillator,1271.65431338,20.0283522796,World/hcal_above_ecal/hcal_above_ecal_layer4_strip4
150,Aluminum3003,1194.84558238,0.50070880699,World/hcal_above_ecal/hcal_above_ecal_cover_1_placement
150,Aluminum3003,1220.28158978,0.50070880699,World/hcal_above_ecal/hcal_above_ecal_cover_2_placement
150,Aluminum3003,1245.71759717,0.50070880699,World/hcal_above_ecal/hcal_above_ecal_cover_3_placement
150,Aluminum3003,1271.15360457,0.50070880699,World/hcal_above_ecal/hcal_above_ecal_cover_4_placement
150,Scintillator,1700.90354265,20.0283522796,World/hcal_below_ecal/hcal_below_ecal_layer1_strip4
150,Scintillator,1724.46130525,20.0283522796,World/hcal_below_ecal/hcal_below_ecal_layer2_strip7
150,Scintillator,1748.01906785,20.0283522796,World/hcal_below_ecal/hcal_below_ecal_layer3_strip4
150,Scintillator,1771.57683045,20.0283522796,World/hcal_below_ecal/hcal_below_ecal_layer4_strip7
150,Aluminum3003,1700.40283384,0.50070880699,World/hcal_below_ecal/hcal_below_ecal_cover_1_placement
150,Aluminum3003,1723.96059644,0.50070880699,World/hcal_below_ecal/hcal_below_ecal_cover_2_placement
150,Aluminum3003,1747.51835904,0.50070880699,World/hcal_below_ecal/hcal_below_ecal_cover_3_placement
150,Aluminum3003,1771.07612164,0.50070880699,World/hcal_below_ecal/hcal_below_ecal_cover_4_placement
151,Polyvinyltoluene,854.965497307,2.00129574922,World/native_target/trigger_pad3_bar_volume_22
151,Polyvinyltoluene,858.968088805,2.00129574922,World/native_target/trigger_pad3_bar_volume_23
151,LYSO,933.516355464,0.600388724767,World/native_target/lvTarget_3/lvTargetArray1_phys/target_0
151,LYSO,934.316873764,0.600388724767,World/native_target/lvTarget_3/lvTargetArray2_phys/target_0
151,Polyvinyltoluene,553.970616624,2.00129574922,World/native_trig_scint/trigger_pad1_bar_volume_19
151,Polyvinyltoluene,625.216745296,2.00129574922,World/native_trig_scint/trigger_pad2_bar_volume_20
151,Polyvinyltoluene,629.219336795,2.00129574922,World/native_trig_scint/trigger_pad2_bar_volume_21
151,Polyvinyltoluene,549.968025125,2.00129574922,World/native_trig_scint/trigger_pad1_bar_volume_20
151,Silicon,690.398947848,0.320207319876,World/native_recoil/recoil_l14_sensor_vol_10
151,Silicon,696.402835096,0.320207319876,World/native_recoil/recoil_l14_sensor_vol_20
151,Silicon,790.463735309,0.320207319876,World/native_recoil/recoil_l14_sensor_vol_30
151,Silicon,796.467622557,0.320207319876,World/native_recoil/recoil_l14_sensor_vol_40
151,Aluminum,1350.25679107,0.800518299689,World/native_ecal/support_box_0/front_0_volume_0
151,Aluminum,1579.80541351,0.800518299689,World/native_ecal/support_box_0/front_1_volume_0
151,FR4,1427.8100033,0.90058308715,World/native_ecal/PCB_motherboard_volume_0
151,FR4,1432.97935022,1.6670793591,World/native_ecal/PCB_volume_0
151,Glue,1434.64642958,0.100064787461,World/native_ecal/Glue_volume_0
151,Silicon,1434.74649436,0.300194362383,World/native_ecal/Si_volume_0
151,Glue,1435.04668873,0.200129574922,World/native_ecal/GlueThick_volume_0
151,Aluminum,1437.59834081,3.20207319876,World/native_ecal/C_volume_CarbonCoolingPlane_0
151,Glue,1440.80041401,0.200129574922,World/native_ecal/GlueThick_volume_0
151,Silicon,1441.00054358,0.300194362383,World/native_ecal/Si_volume_7
151,Glue,1441.30073794,0.100064787461,World/native_ecal/Glue_volume_0
151,FR4,1441.40080273,1.6670793591,World/native_ecal/PCB_volume_0
151,FR4,1447.83696986,0.90058308715,World/native_ecal/PCB_motherboard_volume_0
151,FR4,1478.66292829,0.90058308715,World/native_ecal/PCB_motherboard_volume_0
151,FR4,1483.83227521,1.6670793591,World/native_ecal/PCB_volume_0
151,Glue,1485.49935456,0.100064787461,World/native_ecal/Glue_volume_0
151,Silicon,1485.59941935,0.300194362383,World/native_ecal/Si_volume_14
151,Glue,1485.89961371,0.200129574922,World/native_ecal/GlueThick_volume_0
151,Aluminum,1488.45126579,3.20207319876,World/native_ecal/C_volume_CarbonCoolingPlane_0
151,Glue,1491.65333899,0.200129574922,World/native_ecal/GlueThick_volume_0
151,Silicon,1491.85346857,0.300194362383,World/native_ecal/Si_volume_21
151,Glue,1492.15366293,0.100064787461,World/native_ecal/Glue_volume_0
151,FR4,1492.25372772,1.6670793591,World/native_ecal/PCB_volume_0
151,FR4,1498.18957091,0.90058308715,World/native_ecal/PCB_motherboard_volume_0
151,Scintillator,231.43885384,20.0129574922,World/hcal_top/hcal_top_layer1_strip6
151,Scintillator,254.825577726,20.0129574922,World/hcal_top/hcal_top_layer2_strip4
151,Aluminum3003,230.938529903,0.500323937306,World/hcal_top/hcal_top_cover_1_placement
151,Aluminum3003,254.325253789,0.500323937306,World/hcal_top/hcal_top_cover_2_placement
151,Scintillator,1194.4274886,20.0129574922,World/hcal_above_ecal/hcal_above_ecal_layer1_strip2
151,Scintillator,1219.84394461,20.0129574922,World/hcal_above_ecal/hcal_above_ecal_layer2_strip4
151,Scintillator,1245.26040063,20.0129574922,World/hcal_above_ecal/hcal_above_ecal_layer3_strip2
151,Scintillator,1270.67685664,20.0129574922,World/hcal_above_ecal/hcal_above_ecal_layer4_strip4
151,Aluminum3003,1193.92716466,0.500323937305,World/hcal_above_ecal/hcal_above_ecal_cover_1_placement
151,Aluminum3003,1219.34362068,0.500323937305,World/hcal_above_ecal/hcal_above_ecal_cover_2_placement
151,Aluminum3003,1244.76007669,0.500323937306,World/hcal_above_ecal/hcal_above_ecal_cover_3_placement
151,Aluminum3003,1270.17653271,0.500323937305,World/hcal_above_ecal/hcal_above_ecal_cover_4_placement
151,Scintillator,1699.59614362,20.0129574922,World/hcal_below_ecal/hcal_below_ecal_layer1_strip4
151,Scintillator,1723.13579855,20.0129574922,World/hcal_below_ecal/hcal_below_ecal_layer2_strip7
151,Scintillator,1746.67545348,20.0129574922,World/hcal_below_ecal/hcal_below_ecal_layer3_strip4
151,Scintillator,1770.21510842,20.0129574922,World/hcal_below_ecal/hcal_below_ecal_layer4_strip7
151,Aluminum3003,1699.09581968,0.500323937306,World/hcal_below_ecal/hcal_below_ecal_cover_1_placement
151,Aluminum3003,1722.63547461,0.500323937305,World/hcal_below_ecal/hcal_below_ecal_cover_2_placement
151,Aluminum3003,1746.17512955,0.500323937306,World/hcal_below_ecal/hcal_below_ecal_cover_3_placement
151,Aluminum3003,1769.71478448,0.500323937305,World/hcal_below_ecal/hcal_below_ecal_cover_4_placement
152,Polyvinyltoluene,859.410400584,2.00232628423,World/native_target/trigger_pad3_bar_volume_3
152,Polyvinyltoluene,855.405748015,2.00232628423,World/native_target/trigger_pad3_bar_volume_4
152,LYSO,933.997054671,0.600697885268,World/native_target/lvTarget_3/lvTargetArray1_phys/target_0
152,LYSO,934.797985185,0.600697885268,World/native_target/lvTarget_3/lvTargetArray2_phys/target_0
152,Polyvinyltoluene,625.538690586,2.00232628423,World/native_trig_scint/trigger_pad2_bar_volume_8
152,Polyvinyltoluene,629.543343155,2.00232628423,World/native_trig_scint/trigger_pad2_bar_volume_9
152,Polyvinyltoluene,554.255874868,2.00232628423,World/native_trig_scint/trigger_pad1_bar_volume_9
152,Polyvinyltoluene,550.251222299,2.00232628423,World/native_trig_scint/trigger_pad1_bar_volume_10
152,Silicon,690.754457663,0.320372205476,World/native_recoil/recoil_l14_sensor_vol_10
152,Silicon,696.761436516,0.320372205476,World/native_recoil/recoil_l14_sensor_vol_20
152,Silicon,790.870771875,0.320372205476,World/native_recoil/recoil_l14_sensor_vol_30
152,Silicon,796.877750727,0.320372205476,World/native_recoil/recoil_l14_sensor_vol_40
152,Aluminum,1350.95208405,0.80093051369,World/native_ecal/support_box_0/front_0_volume_0
152,Aluminum,1580.61890885,0.80093051369,World/native_ecal/support_box_0/front_1_volume_0
152,FR4,1428.54523106,0.901046827901,World/native_ecal/PCB_motherboard_volume_0
152,FR4,1433.71723985,1.66793779476,World/native_ecal/PCB_volume_0
152,Glue,1435.38517764,0.100116314211,World/native_ecal/Glue_volume_0
152,Silicon,1435.48529396,0.300348942634,World/native_ecal/Si_volume_0
152,Glue,1435.7856429,0.200232628422,World/native_ecal/GlueThick_volume_0
152,Aluminum,1438.33860891,3.20372205476,World/native_ecal/C_volume_CarbonCoolingPlane_0
152,Glue,1441.54233097,0.200232628422,World/native_ecal/GlueThick_volume_0
152,Silicon,1441.74256359,0.300348942634,World/native_ecal/Si_volume_7
152,Glue,1442.04291254,0.100116314211,World/native_ecal/Glue_volume_0
152,FR4,1442.14302885,1.66793779476,World/native_ecal/PCB_volume_0
152,FR4,1448.58251018,0.901046827901,World/native_ecal/PCB_motherboard_volume_0
152,FR4,1479.42434194,0.901046827901,World/native_ecal/PCB_motherboard_volume_0
152,FR4,1484.59635073,1.66793779476,World/native_ecal/PCB_volume_0
152,Glue,1486.26428852,0.100116314211,World/native_ecal/Glue_volume_0
152,Silicon,1486.36440484,0.300348942634,World/native_ecal/Si_volume_14
152,Glue,1486.66475378,0.200232628423,World/native_ecal/GlueThick_volume_0
152,Aluminum,1489.21771979,3.20372205476,World/native_ecal/C_volume_CarbonCoolingPlane_0
152,Glue,1492.42144185,0.200232628422,World/native_ecal/GlueThick_volume_0
152,Silicon,1492.62167448,0.300348942634,World/native_ecal/Si_volume_21
152,Glue,1492.92202342,0.100116314211,World/native_ecal/Glue_volume_0
152,FR4,1493.02213973,1.66793779476,World/native_ecal/PCB_volume_0
152,FR4,1498.96103949,0.901046827901,World/native_ecal/PCB_motherboard_volume_0
152,Scintillator,231.558029549,20.0232628423,World/hcal_top/hcal_top_layer1_strip6
152,Scintillator,254.956796052,20.0232628423,World/hcal_top/hcal_top_layer2_strip4
152,Aluminum3003,231.057447978,0.500581571056,World/hcal_top/hcal_top_cover_1_placement
152,Aluminum3003,254.456214481,0.500581571056,World/hcal_top/hcal_top_cover_2_placement
152,Scintillator,1195.04253979,20.0232628423,World/hcal_above_ecal/hcal_above_ecal_layer1_strip3
152,Scintillator,1220.4720836,20.0232628423,World/hcal_above_ecal/hcal_above_ecal_layer2_strip4
152,Scintillator,1245.90162741,20.0232628423,World/hcal_above_ecal/hcal_above_ecal_layer3_strip3
152,Scintillator,1271.33117122,20.0232628423,World/hcal_above_ecal/hcal_above_ecal_layer4_strip4
152,Aluminum3003,1194.54195822,0.500581571056,World/hcal_above_ecal/hcal_above_ecal_cover_1_placement
152,Aluminum3003,1219.97150203,0.500581571056,World/hcal_above_ecal/hcal_above_ecal_cover_2_placement
152,Aluminum3003,1245.40104584,0.500581571056,World/hcal_above_ecal/hcal_above_ecal_cover_3_placement
152,Aluminum3003,1270.83058965,0.500581571056,World/hcal_above_ecal/hcal_above_ecal_cover_4_placement
152,Scintillator,1700.47132327,20.0232628423,World/hcal_below_ecal/hcal_below_ecal_layer1_strip5
152,Scintillator,1724.02309957,20.0232628423,World/hcal_below_ecal/hcal_below_ecal_layer2_strip5
152,Scintillator,1747.57487587,20.0232628423,World/hcal_below_ecal/hcal_below_ecal_layer3_strip5
152,Scintillator,1771.12665217,20.0232628423,World/hcal_below_ecal/hcal_below_ecal_layer4_strip5
152,Aluminum3003,1699.9707417,0.500581571056,World/hcal_below_ecal/hcal_below_ecal_cover_1_placement
152,Aluminum3003,1723.522518,0.500581571056,World/hcal_below_ecal/hcal_below_ecal_cover_2_placement
152,Aluminum3003,1747.0742943,0.500581571056,World/hcal_below_ecal/hcal_below_ecal_cover_3_placement
152,Aluminum3003,1770.6260706,0.500581571056,World/hcal_below_ecal/hcal_below_ecal_cover_4_placement
153,Polyvinyltoluene,861.665422718,2.00758022354,World/native_target/trigger_pad3_bar_volume_1
153,Polyvinyltoluene,857.650262271,2.00758022354,World/native_target/trigger_pad3_bar_volume_2
153,LYSO,936.447786045,0.602274067062,World/native_target/lvTarget_3/lvTargetArray1_phys/target_0
153,LYSO,937.250818134,0.602274067062,World/native_target/lvTarget_3/lvTargetArray2_phys/target_0
153,Polyvinyltoluene,627.180052609,2.00758022354,World/native_trig_scint/trigger_pad2_bar_volume_12
153,Polyvinyltoluene,631.195213056,2.00758022354,World/native_trig_scint/trigger_pad2_bar_volume_13
153,Polyvinyltoluene,551.695036204,2.00758022354,World/native_trig_scint/trigger_pad1_bar_volume_16
153,Polyvinyltoluene,555.710196651,2.00758022354,World/native_trig_scint/trigger_pad1_bar_volume_17
153,Silicon,692.566940489,0.321212835766,World/native_recoil/recoil_l14_sensor_vol_10
153,Silicon,698.58968116,0.321212835766,World/native_recoil/recoil_l14_sensor_vol_20
153,Silicon,792.945951666,0.321212835766,World/native_recoil/recoil_l14_sensor_vol_30
153,Silicon,798.968692337,0.321212835766,World/native_recoil/recoil_l14_sensor_vol_40
153,Aluminum,1354.49687109,0.803032089416,World/native_ecal/support_box_0/front_0_volume_0
153,Aluminum,1584.76632273,0.803032089416,World/native_ecal/support_box_0/front_1_volume_0
153,FR4,1432.29361613,0.903411100593,World/native_ecal/PCB_motherboard_volume_0
153,FR4,1437.47919584,1.67231432621,World/native_ecal/PCB_volume_0
153,Glue,1439.15151017,0.100379011177,World/native_ecal/Glue_volume_0
153,Silicon,1439.25188918,0.301137033531,World/native_ecal/Si_volume_0
153,Glue,1439.55302622,0.200758022354,World/native_ecal/GlueThick_volume_0
153,Aluminum,1442.112691,3.21212835766,World/native_ecal/C_volume_CarbonCoolingPlane_0
153,Glue,1445.32481936,0.200758022354,World/native_ecal/GlueThick_volume_0
153,Silicon,1445.52557738,0.301137033531,World/native_ecal/Si_volume_7
153,Glue,1445.82671441,0.100379011177,World/native_ecal/Glue_volume_0
153,FR4,1445.92709342,1.67231432621,World/native_ecal/PCB_volume_0
153,FR4,1452.38347142,0.903411100593,World/native_ecal/PCB_motherboard_volume_0
153,FR4,1483.30622961,0.903411100593,World/native_ecal/PCB_motherboard_volume_0
153,FR4,1488.49180932,1.67231432621,World/native_ecal/PCB_volume_0
153,Glue,1490.16412365,0.100379011177,World/native_ecal/Glue_volume_0
153,Silicon,1490.26450266,0.301137033531,World/native_ecal/Si_volume_14
153,Glue,1490.5656397,0.200758022354,World/native_ecal/GlueThick_volume_0
153,Aluminum,1493.12530448,3.21212835766,World/native_ecal/C_volume_CarbonCoolingPlane_0
153,Glue,1496.33743284,0.200758022354,World/native_ecal/GlueThick_volume_0
153,Silicon,1496.53819086,0.301137033531,World/native_ecal/Si_volume_21
153,Glue,1496.83932789,0.100379011177,World/native_ecal/Glue_volume_0
153,FR4,1496.93970691,1.67231432621,World/native_ecal/PCB_volume_0
153,FR4,1502.89418985,0.903411100593,World/native_ecal/PCB_motherboard_volume_0
153,Scintillator,232.165618754,20.0758022354,World/hcal_top/hcal_top_layer1_strip6
153,Scintillator,255.625781693,20.0758022354,World/hcal_top/hcal_top_layer2_strip4
153,Aluminum3003,231.663723698,0.501895055885,World/hcal_top/hcal_top_cover_1_placement
153,Aluminum3003,255.123886638,0.501895055885,World/hcal_top/hcal_top_cover_2_placement
153,Scintillator,1198.17823302,20.0758022354,World/hcal_above_ecal/hcal_above_ecal_layer1_strip4
153,Scintillator,1223.67450186,20.0758022354,World/hcal_above_ecal/hcal_above_ecal_layer2_strip3
153,Scintillator,1249.1707707,20.0758022354,World/hcal_above_ecal/hcal_above_ecal_layer3_strip4
153,Scintillator,1274.66703954,20.0758022354,World/hcal_above_ecal/hcal_above_ecal_layer4_strip3
153,Aluminum3003,1197.67633797,0.501895055885,World/hcal_above_ecal/hcal_above_ecal_cover_1_placement
153,Aluminum3003,1223.17260681,0.501895055885,World/hcal_above_ecal/hcal_above_ecal_cover_2_placement
153,Aluminum3003,1248.66887565,0.501895055885,World/hcal_above_ecal/hcal_above_ecal_cover_3_placement
153,Aluminum3003,1274.16514449,0.501895055885,World/hcal_above_ecal/hcal_above_ecal_cover_4_placement
153,Scintillator,1704.93322002,20.0758022354,World/hcal_below_ecal/hcal_below_ecal_layer1_strip6
153,Scintillator,1728.54679424,20.0758022354,World/hcal_below_ecal/hcal_below_ecal_layer2_strip5
153,Scintillator,1752.16036846,20.0758022354,World/hcal_below_ecal/hcal_below_ecal_layer3_strip6
153,Scintillator,1775.77394268,20.0758022354,World/hcal_below_ecal/hcal_below_ecal_layer4_strip5
153,Aluminum3003,1704.43132496,0.501895055885,World/hcal_below_ecal/hcal_below_ecal_cover_1_placement
153,Aluminum3003,1728.04489918,0.501895055885,World/hcal_below_ecal/hcal_below_ecal_cover_2_placement
153,Aluminum3003,1751.65847341,0.501895055885,World/hcal_below_ecal/hcal_below_ecal_cover_3_placement
153,Aluminum3003,1775.27204763,0.501895055885,World/hcal_below_ecal/hcal_below_ecal_cover_4_placement
154,Polyvinyltoluene,857.388121139,2.00696660587,World/native_target/trigger_pad3_bar_volume_16
154,Polyvinyltoluene,861.40205435,2.00696660587,World/native_target/trigger_pad3_bar_volume_17
154,LYSO,936.161560419,0.602089981762,World/native_target/lvTarget_3/lvTargetArray1_phys/target_0
154,LYSO,936.964347062,0.602089981762,World/native_target/lvTarget_3/lvTargetArray2_phys/target_0
154,Polyvinyltoluene,551.526410404,2.00696660587,World/native_trig_scint/trigger_pad1_bar_volume_0
154,Polyvinyltoluene,555.540343615,2.00696660587,World/native_trig_scint/trigger_pad1_bar_volume_1
154,Polyvinyltoluene,626.988354785,2.00696660587,World/native_trig_scint/trigger_pad2_bar_volume_4
154,Polyvinyltoluene,631.002287996,2.00696660587,World/native_trig_scint/trigger_pad2_bar_volume_5
154,Silicon,692.355257138,0.32111465694,World/native_recoil/recoil_l14_sensor_vol_10
154,Silicon,698.376156955,0.32111465694,World/native_recoil/recoil_l14_sensor_vol_20
154,Silicon,792.703587431,0.32111465694,World/native_recoil/recoil_l14_sensor_vol_30
154,Silicon,798.724487249,0.32111465694,World/native_recoil/recoil_l14_sensor_vol_40
154,Aluminum,1354.0828686,0.802786642349,World/native_ecal/support_box_0/front_0_volume_0
154,Aluminum,1584.2819383,0.802786642349,World/native_ecal/support_box_0/front_1_volume_0
154,FR4,1431.85583503,0.903134972643,World/native_ecal/PCB_motherboard_volume_0
154,FR4,1437.03982978,1.67180318269,World/native_ecal/PCB_volume_0
154,Glue,1438.71163296,0.100348330294,World/native_ecal/Glue_volume_0
154,Silicon,1438.81198129,0.301044990881,World/native_ecal/Si_volume_0
154,Glue,1439.11302628,0.200696660587,World/native_ecal/GlueThick_volume_0
154,Aluminum,1441.6719087,3.2111465694,World/native_ecal/C_volume_CarbonCoolingPlane_0
154,Glue,1444.88305527,0.200696660587,World/native_ecal/GlueThick_volume_0
154,Silicon,1445.08375193,0.301044990881,World/native_ecal/Si_volume_7
154,Glue,1445.38479692,0.100348330294,World/native_ecal/Glue_volume_0
154,FR4,1445.48514525,1.67180318269,World/native_ecal/PCB_volume_0
154,FR4,1451.93954986,0.903134972643,World/native_ecal/PCB_motherboard_volume_0
154,FR4,1482.85285649,0.903134972643,World/native_ecal/PCB_motherboard_volume_0
154,FR4,1488.03685123,1.67180318269,World/native_ecal/PCB_volume_0
154,Glue,1489.70865441,0.100348330294,World/native_ecal/Glue_volume_0
154,Silicon,1489.80900274,0.301044990881,World/native_ecal/Si_volume_14
154,Glue,1490.11004773,0.200696660587,World/native_ecal/GlueThick_volume_0
154,Aluminum,1492.66893016,3.2111465694,World/native_ecal/C_volume_CarbonCoolingPlane_0
154,Glue,1495.88007673,0.200696660587,World/native_ecal/GlueThick_volume_0
154,Silicon,1496.08077339,0.301044990881,World/native_ecal/Si_volume_21
154,Glue,1496.38181838,0.100348330294,World/native_ecal/Glue_volume_0
154,FR4,1496.48216671,1.67180318269,World/native_ecal/PCB_volume_0
154,FR4,1502.43482966,0.903134972643,World/native_ecal/PCB_motherboard_volume_0
154,Scintillator,232.094657244,20.0696660587,World/hcal_top/hcal_top_layer1_strip6
154,Scintillator,255.547649575,20.0696660587,World/hcal_top/hcal_top_layer2_strip5
154,Aluminum3003,231.592915592,0.501741651468,World/hcal_top/hcal_top_cover_1_placement
154,Aluminum3003,255.045907924,0.501741651468,World/hcal_top/hcal_top_cover_2_placement
154,Scintillator,1197.81200939,20.0696660587,World/hcal_above_ecal/hcal_above_ecal_layer1_strip2
154,Scintillator,1223.30048528,20.0696660587,World/hcal_above_ecal/hcal_above_ecal_layer2_strip4
154,Scintillator,1248.78896118,20.0696660587,World/hcal_above_ecal/hcal_above_ecal_layer3_strip2
154,Scintillator,1274.27743707,20.0696660587,World/hcal_above_ecal/hcal_above_ecal_layer4_strip4
154,Aluminum3003,1197.31026774,0.501741651468,World/hcal_above_ecal/hcal_above_ecal_cover_1_placement
154,Aluminum3003,1222.79874363,0.501741651468,World/hcal_above_ecal/hcal_above_ecal_cover_2_placement
154,Aluminum3003,1248.28721953,0.501741651468,World/hcal_above_ecal/hcal_above_ecal_cover_3_placement
154,Aluminum3003,1273.77569542,0.501741651468,World/hcal_above_ecal/hcal_above_ecal_cover_4_placement
154,Scintillator,1704.41210653,20.0696660587,World/hcal_below_ecal/hcal_below_ecal_layer1_strip3
154,Scintillator,1728.01846325,20.0696660587,World/hcal_below_ecal/hcal_below_ecal_layer2_strip6
154,Scintillator,1751.62481997,20.0696660587,World/hcal_below_ecal/hcal_below_ecal_layer3_strip3
154,Scintillator,1775.23117669,20.0696660587,World/hcal_below_ecal/hcal_below_ecal_layer4_strip6
154,Aluminum3003,1703.91036487,0.501741651468,World/hcal_below_ecal/hcal_below_ecal_cover_1_placement
154,Aluminum3003,1727.5167216,0.501741651468,World/hcal_below_ecal/hcal_below_ecal_cover_2_placement
154,Aluminum3003,1751.12307832,0.501741651468,World/hcal_below_ecal/hcal_below_ecal_cover_3_placement
154,Aluminum3003,1774.72943504,0.501741651468,World/hcal_below_ecal/hcal_below_ecal_cover_4_placement
155,Polyvinyltoluene,860.604602471,2.00510863574,World/native_target/trigger_pad3_bar_volume_7
155,Polyvinyltoluene,856.594385199,2.00510863574,World/native_target/trigger_pad3_bar_volume_8
155,LYSO,935.294899152,0.601532590721,World/native_target/lvTarget_3/lvTargetArray1_phys/target_0
155,LYSO,936.096942606,0.601532590721,World/native_target/lvTarget_3/lvTargetArray2_phys/target_0
155,Polyvinyltoluene,631.559316898,0.863922825611,World/native_trig_scint/trigger_pad2_bar_volume_17
155,Polyvinyltoluene,626.407913817,2.00510863574,World/native_trig_scint/trigger_pad2_bar_volume_18
155,Polyvinyltoluene,555.026046384,2.00510863574,World/native_trig_scint/trigger_pad1_bar_volume_21
155,Polyvinyltoluene,551.015829113,2.00510863574,World/native_trig_scint/trigger_pad1_bar_volume_22
155,Silicon,691.714302082,0.320817381718,World/native_recoil/recoil_l14_sensor_vol_10
155,Silicon,697.72962799,0.320817381718,World/native_recoil/recoil_l14_sensor_vol_20
155,Silicon,791.969733869,0.320817381718,World/native_recoil/recoil_l14_sensor_vol_30
155,Silicon,797.985059777,0.320817381718,World/native_recoil/recoil_l14_sensor_vol_40
155,Aluminum,1352.82931235,0.802043454294,World/native_ecal/support_box_0/front_0_volume_0
155,Aluminum,1582.81527287,0.802043454295,World/native_ecal/support_box_0/front_1_volume_0
155,FR4,1430.53027965,0.902298886081,World/native_ecal/PCB_motherboard_volume_0
155,FR4,1435.70947526,1.67025549357,World/native_ecal/PCB_volume_0
155,Glue,1437.37973075,0.100255431787,World/native_ecal/Glue_volume_0
155,Silicon,1437.47998618,0.30076629536,World/native_ecal/Si_volume_0
155,Glue,1437.78075248,0.200510863574,World/native_ecal/GlueThick_volume_0
155,Aluminum,1440.33726599,3.20817381718,World/native_ecal/C_volume_CarbonCoolingPlane_0
155,Glue,1443.54543981,0.200510863574,World/native_ecal/GlueThick_volume_0
155,Silicon,1443.74595067,0.30076629536,World/native_ecal/Si_volume_7
155,Glue,1444.04671697,0.100255431787,World/native_ecal/Glue_volume_0
155,FR4,1444.1469724,1.67025549357,World/native_ecal/PCB_volume_0
155,FR4,1450.59540177,0.902298886081,World/native_ecal/PCB_motherboard_volume_0
155,FR4,1481.48009009,0.902298886081,World/native_ecal/PCB_motherboard_volume_0
155,FR4,1486.65928569,1.67025549357,World/native_ecal/PCB_volume_0
155,Glue,1488.32954119,0.100255431787,World/native_ecal/Glue_volume_0
155,Silicon,1488.42979662,0.30076629536,World/native_ecal/Si_volume_14
155,Glue,1488.73056291,0.200510863574,World/native_ecal/GlueThick_volume_0
155,Aluminum,1491.28707642,3.20817381718,World/native_ecal/C_volume_CarbonCoolingPlane_0
155,Glue,1494.49525024,0.200510863573,World/native_ecal/GlueThick_volume_0
155,Silicon,1494.6957611,0.30076629536,World/native_ecal/Si_volume_21
155,Glue,1494.9965274,0.100255431787,World/native_ecal/Glue_volume_0
155,FR4,1495.09678283,1.67025549357,World/native_ecal/PCB_volume_0
155,FR4,1501.04393505,0.902298886081,World/native_ecal/PCB_motherboard_volume_0
155,Scintillator,231.879793209,20.0510863574,World/hcal_top/hcal_top_layer1_strip6
155,Scintillator,255.31107369,20.0510863574,World/hcal_top/hcal_top_layer2_strip4
155,Aluminum3003,231.37851605,0.501277158934,World/hcal_top/hcal_top_cover_1_placement
155,Aluminum3003,254.809796531,0.501277158934,World/hcal_top/hcal_top_cover_2_placement
155,Scintillator,1196.7031225,20.0510863574,World/hcal_above_ecal/hcal_above_ecal_layer1_strip3
155,Scintillator,1222.16800218,20.0510863574,World/hcal_above_ecal/hcal_above_ecal_layer2_strip4
155,Scintillator,1247.63288185,20.0510863574,World/hcal_above_ecal/hcal_above_ecal_layer3_strip3
155,Scintillator,1273.09776153,20.0510863574,World/hcal_above_ecal/hcal_above_ecal_layer4_strip4
155,Aluminum3003,1196.20184535,0.501277158934,World/hcal_above_ecal/hcal_above_ecal_cover_1_placement
155,Aluminum3003,1221.66672502,0.501277158934,World/hcal_above_ecal/hcal_above_ecal_cover_2_placement
155,Aluminum3003,1247.13160469,0.501277158934,World/hcal_above_ecal/hcal_above_ecal_cover_3_placement
155,Aluminum3003,1272.59648437,0.501277158934,World/hcal_above_ecal/hcal_above_ecal_cover_4_placement
155,Scintillator,1702.83422935,20.0510863574,World/hcal_below_ecal/hcal_below_ecal_layer1_strip6
155,Scintillator,1726.41873225,20.0510863574,World/hcal_below_ecal/hcal_below_ecal_layer2_strip6
155,Scintillator,1750.00323514,20.0510863574,World/hcal_below_ecal/hcal_below_ecal_layer3_strip6
155,Scintillator,1773.58773803,20.0510863574,World/hcal_below_ecal/hcal_below_ecal_layer4_strip6
155,Aluminum3003,1702.33295219,0.501277158934,World/hcal_below_ecal/hcal_below_ecal_cover_1_placement
155,Aluminum3003,1725.91745509,0.501277158934,World/hcal_below_ecal/hcal_below_ecal_cover_2_placement
155,Aluminum3003,1749.50195798,0.501277158934,World/hcal_below_ecal/hcal_below_ecal_cover_3_placement
155,Aluminum3003,1773.08646087,0.501277158934,World/hcal_below_ecal/hcal_below_ecal_cover_4_placement
156,Polyvinyltoluene,855.141145372,0.7137725356,World/native_target/trigger_pad3_bar_volume_14
156,Polyvinyltoluene,859.144559181,2.00170690468,World/native_target/trigger_pad3_bar_volume_15
156,LYSO,933.708141381,0.600512071403,World/native_target/lvTarget_3/lvTargetArray1_phys/target_0
156,LYSO,934.508824142,0.600512071402,World/native_target/lvTarget_3/lvTargetArray2_phys/target_0
156,Polyvinyltoluene,554.084426909,2.00170690468,World/native_trig_scint/trigger_pad1_bar_volume_7
156,Polyvinyltoluene,629.348606525,2.00170690467,World/native_trig_scint/trigger_pad2_bar_volume_9
156,Polyvinyltoluene,550.0810131,2.00170690468,World/native_trig_scint/trigger_pad1_bar_volume_8
156,Polyvinyltoluene,625.345192715,2.00170690467,World/native_trig_scint/trigger_pad2_bar_volume_10
156,Silicon,690.540786601,0.320273104748,World/native_recoil/recoil_l14_sensor_vol_10
156,Silicon,696.545907315,0.320273104748,World/native_recoil/recoil_l14_sensor_vol_20
156,Silicon,790.626131834,0.320273104748,World/native_recoil/recoil_l14_sensor_vol_30
156,Silicon,796.631252548,0.320273104748,World/native_recoil/recoil_l14_sensor_vol_40
156,Aluminum,1350.53419407,0.80068276187,World/native_ecal/support_box_0/front_0_volume_0
156,Aluminum,1580.12997604,0.80068276187,World/native_ecal/support_box_0/front_1_volume_0
156,FR4,1428.10333919,0.900768107104,World/native_ecal/PCB_motherboard_volume_0
156,FR4,1433.27374812,1.66742185159,World/native_ecal/PCB_volume_0
156,Glue,1434.94116997,0.100085345234,World/native_ecal/Glue_volume_0
156,Silicon,1435.04125532,0.300256035701,World/native_ecal/Si_volume_0
156,Glue,1435.34151135,0.200170690467,World/native_ecal/GlueThick_volume_0
156,Aluminum,1437.89368766,3.20273104748,World/native_ecal/C_volume_CarbonCoolingPlane_0
156,Glue,1441.09641871,0.200170690467,World/native_ecal/GlueThick_volume_0
156,Silicon,1441.2965894,0.300256035701,World/native_ecal/Si_volume_7
156,Glue,1441.59684543,0.100085345234,World/native_ecal/Glue_volume_0
156,FR4,1441.69693078,1.66742185159,World/native_ecal/PCB_volume_0
156,FR4,1448.13442018,0.900768107104,World/native_ecal/PCB_motherboard_volume_0
156,FR4,1478.96671163,0.900768107104,World/native_ecal/PCB_motherboard_volume_0
156,FR4,1484.13712057,1.66742185159,World/native_ecal/PCB_volume_0
156,Glue,1485.80454242,0.100085345234,World/native_ecal/Glue_volume_0
156,Silicon,1485.90462777,0.300256035701,World/native_ecal/Si_volume_14
156,Glue,1486.2048838,0.200170690467,World/native_ecal/GlueThick_volume_0
156,Aluminum,1488.75706011,3.20273104748,World/native_ecal/C_volume_CarbonCoolingPlane_0
156,Glue,1491.95979115,0.200170690468,World/native_ecal/GlueThick_volume_0
156,Silicon,1492.15996184,0.300256035701,World/native_ecal/Si_volume_21
156,Glue,1492.46021788,0.100085345234,World/native_ecal/Glue_volume_0
156,FR4,1492.56030322,1.66742185159,World/native_ecal/PCB_volume_0
156,FR4,1498.4973659,0.900768107104,World/native_ecal/PCB_motherboard_volume_0
156,Scintillator,231.486401709,20.0170690468,World/hcal_top/hcal_top_layer1_strip6
156,Scintillator,254.877930271,20.0170690468,World/hcal_top/hcal_top_layer2_strip5
156,Aluminum3003,230.985974982,0.500426726169,World/hcal_top/hcal_top_cover_1_placement
156,Aluminum3003,254.377503545,0.500426726169,World/hcal_top/hcal_top_cover_2_placement
156,Scintillator,1194.6728773,20.0170690468,World/hcal_above_ecal/hcal_above_ecal_layer1_strip2
156,Scintillator,1220.09455499,20.0170690468,World/hcal_above_ecal/hcal_above_ecal_layer2_strip4
156,Scintillator,1245.51623268,20.0170690467,World/hcal_above_ecal/hcal_above_ecal_layer3_strip2
156,Scintillator,1270.93791037,20.0170690468,World/hcal_above_ecal/hcal_above_ecal_layer4_strip4
156,Aluminum3003,1194.17245058,0.500426726169,World/hcal_above_ecal/hcal_above_ecal_cover_1_placement
156,Aluminum3003,1219.59412827,0.500426726169,World/hcal_above_ecal/hcal_above_ecal_cover_2_placement
156,Aluminum3003,1245.01580596,0.500426726169,World/hcal_above_ecal/hcal_above_ecal_cover_3_placement
156,Aluminum3003,1270.43748365,0.500426726169,World/hcal_above_ecal/hcal_above_ecal_cover_4_placement
156,Scintillator,1699.94531651,20.0170690468,World/hcal_below_ecal/hcal_below_ecal_layer1_strip4
156,Scintillator,1723.48980754,20.0170690468,World/hcal_below_ecal/hcal_below_ecal_layer2_strip6
156,Scintillator,1747.03429857,20.0170690468,World/hcal_below_ecal/hcal_below_ecal_layer3_strip4
156,Scintillator,1770.57878959,20.0170690468,World/hcal_below_ecal/hcal_below_ecal_layer4_strip6
156,Aluminum3003,1699.44488978,0.500426726169,World/hcal_below_ecal/hcal_below_ecal_cover_1_placement
156,Aluminum3003,1722.98938081,0.500426726169,World/hcal_below_ecal/hcal_below_ecal_cover_2_placement
156,Aluminum3003,1746.53387184,0.500426726169,World/hcal_below_ecal/hcal_below_ecal_cover_3_placement
156,Aluminum3003,1770.07836287,0.500426726169,World/hcal_below_ecal/hcal_below_ecal_cover_4_placement
157,Polyvinyltoluene,860.143156465,0.754091371172,World/native_target/trigger_pad3_bar_volume_19
157,Polyvinyltoluene,856.135089425,2.00403352021,World/native_target/trigger_pad3_bar_volume_20
157,LYSO,934.793405093,0.601210056063,World/native_target/lvTarget_3/lvTargetArray1_phys/target_0
157,LYSO,935.595018501,0.601210056063,World/native_target/lvTarget_3/lvTargetArray2_phys/target_0
157,Polyvinyltoluene,554.728447985,2.00403352021,World/native_trig_scint/trigger_pad1_bar_volume_11
157,Polyvinyltoluene,630.080108345,2.00403352021,World/native_trig_scint/trigger_pad2_bar_volume_13
157,Polyvinyltoluene,550.720380945,2.00403352021,World/native_trig_scint/trigger_pad1_bar_volume_12
157,Polyvinyltoluene,626.072041305,2.00403352021,World/native_trig_scint/trigger_pad2_bar_volume_14
157,Silicon,691.343413058,0.320645363234,World/native_recoil/recoil_l14_sensor_vol_10
157,Silicon,697.355513619,0.320645363234,World/native_recoil/recoil_l14_sensor_vol_20
157,Silicon,791.545089069,0.320645363234,World/native_recoil/recoil_l14_sensor_vol_30
157,Silicon,797.557189629,0.320645363234,World/native_recoil/recoil_l14_sensor_vol_40
157,Aluminum,1352.10394128,0.801613408084,World/native_ecal/support_box_0/front_0_volume_0
157,Aluminum,1581.96658605,0.801613408084,World/native_ecal/support_box_0/front_1_volume_0
157,FR4,1429.76324624,0.901815084094,World/native_ecal/PCB_motherboard_volume_0
157,FR4,1434.93966483,1.66935992233,World/native_ecal/PCB_volume_0
157,Glue,1436.60902475,0.100201676011,World/native_ecal/Glue_volume_0
157,Silicon,1436.70922642,0.300605028031,World/native_ecal/Si_volume_0
157,Glue,1437.00983145,0.200403352021,World/native_ecal/GlueThick_volume_0
157,Aluminum,1439.56497419,3.20645363234,World/native_ecal/C_volume_CarbonCoolingPlane_0
157,Glue,1442.77142782,0.200403352021,World/native_ecal/GlueThick_volume_0
157,Silicon,1442.97183117,0.300605028031,World/native_ecal/Si_volume_7
157,Glue,1443.2724362,0.10020167601,World/native_ecal/Glue_volume_0
157,FR4,1443.37263788,1.66935992233,World/native_ecal/PCB_volume_0
157,FR4,1449.81760968,0.901815084094,World/native_ecal/PCB_motherboard_volume_0
157,FR4,1480.68573799,0.901815084094,World/native_ecal/PCB_motherboard_volume_0
157,FR4,1485.86215657,1.66935992233,World/native_ecal/PCB_volume_0
157,Glue,1487.5315165,0.10020167601,World/native_ecal/Glue_volume_0
157,Silicon,1487.63171817,0.300605028032,World/native_ecal/Si_volume_14
157,Glue,1487.9323232,0.200403352021,World/native_ecal/GlueThick_volume_0
157,Aluminum,1490.48746594,3.20645363234,World/native_ecal/C_volume_CarbonCoolingPlane_0
157,Glue,1493.69391957,0.200403352021,World/native_ecal/GlueThick_volume_0
157,Silicon,1493.89432292,0.300605028031,World/native_ecal/Si_volume_21
157,Glue,1494.19492795,0.10020167601,World/native_ecal/Glue_volume_0
157,FR4,1494.29512963,1.66935992233,World/native_ecal/PCB_volume_0
157,FR4,1500.23909305,0.901815084094,World/native_ecal/PCB_motherboard_volume_0
157,Scintillator,231.755462008,20.0403352021,World/hcal_top/hcal_top_layer1_strip7
157,Scintillator,255.174178913,20.0403352021,World/hcal_top/hcal_top_layer2_strip5
157,Aluminum3003,231.254453628,0.501008380053,World/hcal_top/hcal_top_cover_1_placement
157,Aluminum3003,254.673170533,0.501008380053,World/hcal_top/hcal_top_cover_2_placement
157,Scintillator,1196.06146445,20.0403352021,World/hcal_above_ecal/hcal_above_ecal_layer1_strip2
157,Scintillator,1221.51269016,20.0403352021,World/hcal_above_ecal/hcal_above_ecal_layer2_strip4
157,Scintillator,1246.96391586,20.0403352021,World/hcal_above_ecal/hcal_above_ecal_layer3_strip2
157,Scintillator,1272.41514157,20.0403352021,World/hcal_above_ecal/hcal_above_ecal_layer4_strip4
157,Aluminum3003,1195.56045607,0.501008380052,World/hcal_above_ecal/hcal_above_ecal_cover_1_placement
157,Aluminum3003,1221.01168178,0.501008380053,World/hcal_above_ecal/hcal_above_ecal_cover_2_placement
157,Aluminum3003,1246.46290748,0.501008380052,World/hcal_above_ecal/hcal_above_ecal_cover_3_placement
157,Aluminum3003,1271.91413319,0.501008380052,World/hcal_above_ecal/hcal_above_ecal_cover_4_placement
157,Scintillator,1701.92118979,20.0403352021,World/hcal_below_ecal/hcal_below_ecal_layer1_strip4
157,Scintillator,1725.49304695,20.0403352021,World/hcal_below_ecal/hcal_below_ecal_layer2_strip5
157,Scintillator,1764.37499272,4.73024658886,World/hcal_below_ecal/hcal_below_ecal_layer3_strip3
157,Scintillator,1749.06490411,15.3100886223,World/hcal_below_ecal/hcal_below_ecal_layer3_strip4
157,Scintillator,1772.63676127,20.0403352021,World/hcal_below_ecal/hcal_below_ecal_layer4_strip5
157,Aluminum3003,1701.42018141,0.501008380052,World/hcal_below_ecal/hcal_below_ecal_cover_1_placement
157,Aluminum3003,1724.99203857,0.501008380053,World/hcal_below_ecal/hcal_below_ecal_cover_2_placement
157,Aluminum3003,1748.56389573,0.501008380052,World/hcal_below_ecal/hcal_below_ecal_cover_3_placement
157,Aluminum3003,1772.13575289,0.501008380052,World/hcal_below_ecal/hcal_below_ecal_cover_4_placement
158,Polyvinyltoluene,859.156213983,2.00173405901,World/native_target/trigger_pad3_bar_volume_1
158,Polyvinyltoluene,855.152745865,2.00173405901,World/native_target/trigger_pad3_bar_volume_2
158,LYSO,933.720807681,0.600520217702,World/native_target/lvTarget_3/lvTargetArray1_phys/target_0
158,LYSO,934.521501305,0.600520217702,World/native_target/lvTarget_3/lvTargetArray2_phys/target_0
158,Polyvinyltoluene,625.353675891,2.00173405901,World/native_trig_scint/trigger_pad2_bar_volume_2
158,Polyvinyltoluene,629.357144009,2.00173405901,World/native_trig_scint/trigger_pad2_bar_volume_3
158,Polyvinyltoluene,550.088475272,2.00173405901,World/native_trig_scint/trigger_pad1_bar_volume_2
158,Polyvinyltoluene,554.09194339,2.00173405901,World/native_trig_scint/trigger_pad1_bar_volume_3
158,Silicon,690.550154193,0.320277449441,World/native_recoil/recoil_l14_sensor_vol_10
158,Silicon,696.55535637,0.320277449441,World/native_recoil/recoil_l14_sensor_vol_20
158,Silicon,790.636857143,0.320277449441,World/native_recoil/recoil_l14_sensor_vol_30
158,Silicon,796.64205932,0.320277449441,World/native_recoil/recoil_l14_sensor_vol_40
158,Aluminum,1350.55251486,0.800693623603,World/native_ecal/support_box_0/front_0_volume_0
158,Aluminum,1580.15141143,0.800693623603,World/native_ecal/support_box_0/front_1_volume_0
158,FR4,1428.12271225,0.900780326553,World/native_ecal/PCB_motherboard_volume_0
158,FR4,1433.29319132,1.66744447115,World/native_ecal/PCB_volume_0
158,Glue,1434.96063579,0.10008670295,World/native_ecal/Glue_volume_0
158,Silicon,1435.0607225,0.300260108851,World/native_ecal/Si_volume_0
158,Glue,1435.36098261,0.200173405901,World/native_ecal/GlueThick_volume_0
158,Aluminum,1437.91319353,3.20277449441,World/native_ecal/C_volume_CarbonCoolingPlane_0
158,Glue,1441.11596803,0.200173405901,World/native_ecal/GlueThick_volume_0
158,Silicon,1441.31614143,0.300260108851,World/native_ecal/Si_volume_7
158,Glue,1441.61640154,0.10008670295,World/native_ecal/Glue_volume_0
158,FR4,1441.71648824,1.66744447115,World/native_ecal/PCB_volume_0
158,FR4,1448.15406498,0.900780326553,World/native_ecal/PCB_motherboard_volume_0
158,FR4,1478.98677469,0.900780326553,World/native_ecal/PCB_motherboard_volume_0
158,FR4,1484.15725376,1.66744447115,World/native_ecal/PCB_volume_0
158,Glue,1485.82469823,0.10008670295,World/native_ecal/Glue_volume_0
158,Silicon,1485.92478494,0.300260108851,World/native_ecal/Si_volume_14
158,Glue,1486.22504505,0.200173405901,World/native_ecal/GlueThick_volume_0
158,Aluminum,1488.77725597,3.20277449441,World/native_ecal/C_volume_CarbonCoolingPlane_0
158,Glue,1491.98003047,0.200173405901,World/native_ecal/GlueThick_volume_0
158,Silicon,1492.18020387,0.300260108851,World/native_ecal/Si_volume_21
158,Glue,1492.48046398,0.10008670295,World/native_ecal/Glue_volume_0
158,FR4,1492.58055068,1.66744447115,World/native_ecal/PCB_volume_0
158,FR4,1498.5176939,0.900780326553,World/native_ecal/PCB_motherboard_volume_0
158,Scintillator,231.489541958,20.0173405901,World/hcal_top/hcal_top_layer1_strip6
158,Scintillator,254.88138784,20.0173405901,World/hcal_top/hcal_top_layer2_strip5
158,Aluminum3003,230.989108443,0.500433514752,World/hcal_top/hcal_top_cover_1_placement
158,Aluminum3003,254.380954325,0.500433514752,World/hcal_top/hcal_top_cover_2_placement
158,Scintillator,1194.68908375,20.0173405901,World/hcal_above_ecal/hcal_above_ecal_layer1_strip3
158,Scintillator,1220.11110629,20.0173405901,World/hcal_above_ecal/hcal_above_ecal_layer2_strip4
158,Scintillator,1245.53312884,20.0173405901,World/hcal_above_ecal/hcal_above_ecal_layer3_strip3
158,Scintillator,1270.95515139,20.0173405901,World/hcal_above_ecal/hcal_above_ecal_layer4_strip4
158,Aluminum3003,1194.18865023,0.500433514752,World/hcal_above_ecal/hcal_above_ecal_cover_1_placement
158,Aluminum3003,1219.61067278,0.500433514752,World/hcal_above_ecal/hcal_above_ecal_cover_2_placement
158,Aluminum3003,1245.03269533,0.500433514752,World/hcal_above_ecal/hcal_above_ecal_cover_3_placement
158,Aluminum3003,1270.45471788,0.500433514752,World/hcal_above_ecal/hcal_above_ecal_cover_4_placement
158,Scintillator,1699.96837727,20.0173405901,World/hcal_below_ecal/hcal_below_ecal_layer1_strip5
158,Scintillator,1723.51318769,20.0173405901,World/hcal_below_ecal/hcal_below_ecal_layer2_strip7
158,Scintillator,1747.05799811,20.0173405901,World/hcal_below_ecal/hcal_below_ecal_layer3_strip5
158,Scintillator,1770.60280854,20.0173405901,World/hcal_below_ecal/hcal_below_ecal_layer4_strip7
158,Aluminum3003,1699.46794375,0.500433514752,World/hcal_below_ecal/hcal_below_ecal_cover_1_placement
158,Aluminum3003,1723.01275418,0.500433514752,World/hcal_below_ecal/hcal_below_ecal_cover_2_placement
158,Aluminum3003,1746.5575646,0.500433514752,World/hcal_below_ecal/hcal_below_ecal_cover_3_placement
158,Aluminum3003,1770.10237502,0.500433514752,World/hcal_below_ecal/hcal_below_ecal_cover_4_placement
159,Polyvinyltoluene,860.074051739,2.00387251423,World/native_target/trigger_pad3_bar_volume_9
159,Polyvinyltoluene,856.06630671,2.00387251423,World/native_target/trigger_pad3_bar_volume_10
159,LYSO,934.718302894,0.60116175427,World/native_target/lvTarget_3/lvTargetArray1_phys/target_0
159,LYSO,935.5198519,0.60116175427,World/native_target/lvTarget_3/lvTargetArray2_phys/target_0
159,Polyvinyltoluene,626.021742076,2.00387251423,World/native_trig_scint/trigger_pad2_bar_volume_18
159,Polyvinyltoluene,630.029487105,2.00387251423,World/native_trig_scint/trigger_pad2_bar_volume_19
159,Polyvinyltoluene,554.68388057,2.00387251423,World/native_trig_scint/trigger_pad1_bar_volume_21
159,Polyvinyltoluene,550.676135541,2.00387251423,World/native_trig_scint/trigger_pad1_bar_volume_22
159,Silicon,691.287869865,0.320619602277,World/native_recoil/recoil_l14_sensor_vol_10
159,Silicon,697.299487408,0.320619602277,World/native_recoil/recoil_l14_sensor_vol_20
159,Silicon,791.481495577,0.320619602277,World/native_recoil/recoil_l14_sensor_vol_30
159,Silicon,797.493113119,0.320619602278,World/native_recoil/recoil_l14_sensor_vol_40
159,Aluminum,1351.99531196,0.801549005694,World/native_ecal/support_box_0/front_0_volume_0
159,Aluminum,1581.83948934,0.801549005694,World/native_ecal/support_box_0/front_1_volume_0
159,FR4,1429.64837769,0.901742631405,World/native_ecal/PCB_motherboard_volume_0
159,FR4,1434.8243804,1.66922580436,World/native_ecal/PCB_volume_0
159,Glue,1436.4936062,0.100193625712,World/native_ecal/Glue_volume_0
159,Silicon,1436.59379983,0.300580877135,World/native_ecal/Si_volume_0
159,Glue,1436.8943807,0.200387251423,World/native_ecal/GlueThick_volume_0
159,Aluminum,1439.44931816,3.20619602277,World/native_ecal/C_volume_CarbonCoolingPlane_0
159,Glue,1442.65551418,0.200387251423,World/native_ecal/GlueThick_volume_0
159,Silicon,1442.85590143,0.300580877135,World/native_ecal/Si_volume_7
159,Glue,1443.15648231,0.100193625712,World/native_ecal/Glue_volume_0
159,FR4,1443.25667594,1.66922580436,World/native_ecal/PCB_volume_0
159,FR4,1449.70112994,0.901742631405,World/native_ecal/PCB_motherboard_volume_0
159,FR4,1480.56677828,0.901742631405,World/native_ecal/PCB_motherboard_volume_0
159,FR4,1485.74278098,1.66922580436,World/native_ecal/PCB_volume_0
159,Glue,1487.41200679,0.100193625712,World/native_ecal/Glue_volume_0
159,Silicon,1487.51220041,0.300580877135,World/native_ecal/Si_volume_14
159,Glue,1487.81278129,0.200387251423,World/native_ecal/GlueThick_volume_0
159,Aluminum,1490.36771875,3.20619602277,World/native_ecal/C_volume_CarbonCoolingPlane_0
159,Glue,1493.57391477,0.200387251423,World/native_ecal/GlueThick_volume_0
159,Silicon,1493.77430202,0.300580877135,World/native_ecal/Si_volume_21
159,Glue,1494.0748829,0.100193625712,World/native_ecal/Glue_volume_0
159,FR4,1494.17507652,1.66922580436,World/native_ecal/PCB_volume_0
159,FR4,1500.1185624,0.901742631405,World/native_ecal/PCB_motherboard_volume_0
159,Scintillator,231.736842552,20.0387251423,World/hcal_top/hcal_top_layer1_strip6
159,Scintillator,255.153677975,20.0387251423,World/hcal_top/hcal_top_layer2_strip4
159,Aluminum3003,231.235874423,0.500968128559,World/hcal_top/hcal_top_cover_1_placement
159,Aluminum3003,254.652709846,0.500968128559,World/hcal_top/hcal_top_cover_2_placement
159,Scintillator,1195.96537172,20.0387251423,World/hcal_above_ecal/hcal_above_ecal_layer1_strip3
159,Scintillator,1221.41455265,20.0387251423,World/hcal_above_ecal/hcal_above_ecal_layer2_strip4
159,Scintillator,1246.86373359,20.0387251423,World/hcal_above_ecal/hcal_above_ecal_layer3_strip3
159,Scintillator,1272.31291452,20.0387251423,World/hcal_above_ecal/hcal_above_ecal_layer4_strip4
159,Aluminum3003,1195.46440359,0.500968128559,World/hcal_above_ecal/hcal_above_ecal_cover_1_placement
159,Aluminum3003,1220.91358453,0.500968128559,World/hcal_above_ecal/hcal_above_ecal_cover_2_placement
159,Aluminum3003,1246.36276546,0.500968128558,World/hcal_above_ecal/hcal_above_ecal_cover_3_placement
159,Aluminum3003,1271.81194639,0.500968128558,World/hcal_above_ecal/hcal_above_ecal_cover_4_placement
159,Scintillator,1701.78445581,20.0387251423,World/hcal_below_ecal/hcal_below_ecal_layer1_strip6
159,Scintillator,1725.35441918,20.0387251423,World/hcal_below_ecal/hcal_below_ecal_layer2_strip6
159,Scintillator,1748.92438256,20.0387251423,World/hcal_below_ecal/hcal_below_ecal_layer3_strip6
159,Scintillator,1772.49434593,20.0387251423,World/hcal_below_ecal/hcal_below_ecal_layer4_strip6
159,Aluminum3003,1701.28348768,0.500968128559,World/hcal_below_ecal/hcal_below_ecal_cover_1_placement
159,Aluminum3003,1724.85345105,0.500968128559,World/hcal_below_ecal/hcal_below_ecal_cover_2_placement
159,Aluminum3003,1748.42341443,0.500968128559,World/hcal_below_ecal/hcal_below_ecal_cover_3_placement
159,Aluminum3003,1771.99337781,0.500968128558,World/hcal_below_ecal/hcal_below_ecal_cover_4_placement
160,Polyvinyltoluene,855.078142597,2.00155942833,World/native_target/trigger_pad3_bar_volume_4
160,Polyvinyltoluene,859.081261454,2.00155942833,World/native_target/trigger_pad3_bar_volume_5
160,LYSO,933.639350159,0.600467828499,World/native_target/lvTarget_3/lvTargetArray1_phys/target_0
160,Polyvinyltoluene,629.302239081,2.00155942833,World/native_trig_scint/trigger_pad2_bar_volume_5
160,Polyvinyltoluene,625.299120225,2.00155942833,World/native_trig_scint/trigger_pad2_bar_volume_6
160,Polyvinyltoluene,550.04048572,2.00155942833,World/native_trig_scint/trigger_pad1_bar_volume_6
160,Polyvinyltoluene,554.043604576,2.00155942833,World/native_trig_scint/trigger_pad1_bar_volume_7
160,Silicon,690.489910806,0.320249508533,World/native_recoil/recoil_l14_sensor_vol_10
160,Silicon,696.494589091,0.320249508533,World/native_recoil/recoil_l14_sensor_vol_20
160,Silicon,790.567882222,0.320249508533,World/native_recoil/recoil_l14_sensor_vol_30
160,Silicon,796.572560507,0.320249508533,World/native_recoil/recoil_l14_sensor_vol_40
160,Aluminum,1350.43469307,0.800623771333,World/native_ecal/support_box_0/front_0_volume_0
160,Aluminum,1580.0135595,0.800623771332,World/native_ecal/support_box_0/front_1_volume_0
160,FR4,1427.99812325,0.900701742749,World/native_ecal/PCB_motherboard_volume_0
160,FR4,1433.16815126,1.6672990038,World/native_ecal/PCB_volume_0
160,Glue,1434.83545026,0.100077971417,World/native_ecal/Glue_volume_0
160,Silicon,1434.93552823,0.30023391425,World/native_ecal/Si_volume_0
160,Glue,1435.23576215,0.200155942833,World/native_ecal/GlueThick_volume_0
160,Aluminum,1437.78775042,3.20249508533,World/native_ecal/C_volume_CarbonCoolingPlane_0
160,Glue,1440.9902455,0.200155942833,World/native_ecal/GlueThick_volume_0
160,Silicon,1441.19040145,0.30023391425,World/native_ecal/Si_volume_7
160,Glue,1441.49063536,0.100077971417,World/native_ecal/Glue_volume_0
160,FR4,1441.59071333,1.6672990038,World/native_ecal/PCB_volume_0
160,FR4,1448.02772845,0.900701742749,World/native_ecal/PCB_motherboard_volume_0
160,FR4,1478.85774833,0.900701742749,World/native_ecal/PCB_motherboard_volume_0
160,FR4,1484.02777633,1.6672990038,World/native_ecal/PCB_volume_0
160,Glue,1485.69507534,0.100077971417,World/native_ecal/Glue_volume_0
160,Silicon,1485.79515331,0.30023391425,World/native_ecal/Si_volume_14
160,Glue,1486.09538722,0.200155942833,World/native_ecal/GlueThick_volume_0
160,Aluminum,1488.64737549,3.20249508533,World/native_ecal/C_volume_CarbonCoolingPlane_0
160,Glue,1491.84987058,0.200155942833,World/native_ecal/GlueThick_volume_0
160,Silicon,1492.05002652,0.30023391425,World/native_ecal/Si_volume_21
160,Glue,1492.35026043,0.100077971417,World/native_ecal/Glue_volume_0
160,FR4,1492.45033841,1.6672990038,World/native_ecal/PCB_volume_0
160,FR4,1498.38696367,0.900701742749,World/native_ecal/PCB_motherboard_volume_0
160,Scintillator,231.46934688,20.0155942833,World/hcal_top/hcal_top_layer1_strip6
160,Scintillator,254.859152065,20.0155942833,World/hcal_top/hcal_top_layer2_strip5
160,Aluminum3003,230.968957023,0.500389857083,World/hcal_top/hcal_top_cover_1_placement
160,Aluminum3003,254.358762208,0.500389857083,World/hcal_top/hcal_top_cover_2_placement
160,Scintillator,1194.58485943,20.0155942833,World/hcal_above_ecal/hcal_above_ecal_layer1_strip3
160,Scintillator,1220.00466417,20.0155942833,World/hcal_above_ecal/hcal_above_ecal_layer2_strip4
160,Scintillator,1245.42446891,20.0155942833,World/hcal_above_ecal/hcal_above_ecal_layer3_strip3
160,Scintillator,1270.84427365,20.0155942833,World/hcal_above_ecal/hcal_above_ecal_layer4_strip5
160,Aluminum3003,1194.08446957,0.500389857083,World/hcal_above_ecal/hcal_above_ecal_cover_1_placement
160,Aluminum3003,1219.50427431,0.500389857083,World/hcal_above_ecal/hcal_above_ecal_cover_2_placement
160,Aluminum3003,1244.92407905,0.500389857083,World/hcal_above_ecal/hcal_above_ecal_cover_3_placement
160,Aluminum3003,1270.34388379,0.500389857083,World/hcal_above_ecal/hcal_above_ecal_cover_4_placement
160,Scintillator,1699.82007254,20.0155942833,World/hcal_below_ecal/hcal_below_ecal_layer1_strip5
160,Scintillator,1723.36282892,20.0155942833,World/hcal_below_ecal/hcal_below_ecal_layer2_strip7
160,Scintillator,1746.9055853,20.0155942833,World/hcal_below_ecal/hcal_below_ecal_layer3_strip5
160,Scintillator,1770.44834168,20.0155942833,World/hcal_below_ecal/hcal_below_ecal_layer4_strip7
160,Aluminum3003,1699.31968268,0.500389857083,World/hcal_below_ecal/hcal_below_ecal_cover_1_placement
160,Aluminum3003,1722.86243906,0.500389857083,World/hcal_below_ecal/hcal_below_ecal_cover_2_placement
160,Aluminum3003,1746.40519544,0.500389857083,World/hcal_below_ecal/hcal_below_ecal_cover_3_placement
160,Aluminum3003,1769.94795182,0.500389857083,World/hcal_below_ecal/hcal_below_ecal_cover_4_placement
161,Polyvinyltoluene,854.420262669,2.00001946876,World/native_target/trigger_pad3_bar_volume_0
161,LYSO,932.921026817,0.600005840627,World/native_target/lvTarget_3/lvTargetArray1_phys/target_0
161,LYSO,933.721034605,0.600005840627,World/native_target/lvTarget_3/lvTargetArray2_phys/target_0
161,Polyvinyltoluene,624.818027656,2.00001946876,World/native_trig_scint/trigger_pad2_bar_volume_0
161,Polyvinyltoluene,549.61729563,2.00001946876,World/native_trig_scint/trigger_pad1_bar_volume_0
161,Silicon,689.958661753,0.320003115001,World/native_recoil/recoil_l14_sensor_vol_10
161,Silicon,695.958720159,0.320003115001,World/native_recoil/recoil_l14_sensor_vol_20
161,Silicon,789.959635191,0.320003115001,World/native_recoil/recoil_l14_sensor_vol_30
161,Silicon,795.959693597,0.320003115001,World/native_recoil/recoil_l14_sensor_vol_40
161,Aluminum,1349.39569577,0.800007787502,World/native_ecal/support_box_0/front_0_volume_0
161,Aluminum,1578.79792884,0.800007787502,World/native_ecal/support_box_0/front_1_volume_0
161,FR4,1426.89945021,0.90000876094,World/native_ecal/PCB_motherboard_volume_0
161,FR4,1432.0655005,1.66601621747,World/native_ecal/PCB_volume_0
161,Glue,1433.73151672,0.100000973438,World/native_ecal/Glue_volume_0
161,Silicon,1433.83151769,0.300002920313,World/native_ecal/Si_volume_0
161,Glue,1434.13152061,0.200001946875,World/native_ecal/GlueThick_volume_0
161,Aluminum,1436.68154544,3.20003115001,World/native_ecal/C_volume_CarbonCoolingPlane_0
161,Glue,1439.88157659,0.200001946875,World/native_ecal/GlueThick_volume_0
161,Silicon,1440.08157853,0.300002920313,World/native_ecal/Si_volume_7
161,Glue,1440.38158145,0.100000973438,World/native_ecal/Glue_volume_0
161,FR4,1440.48158243,1.66601621747,World/native_ecal/PCB_volume_0
161,FR4,1446.91364504,0.90000876094,World/native_ecal/PCB_motherboard_volume_0
161,FR4,1477.71994491,0.90000876094,World/native_ecal/PCB_motherboard_volume_0
161,FR4,1482.8859952,1.66601621747,World/native_ecal/PCB_volume_0
161,Glue,1484.55201142,0.100000973438,World/native_ecal/Glue_volume_0
161,Silicon,1484.65201239,0.300002920313,World/native_ecal/Si_volume_14
161,Glue,1484.95201531,0.200001946876,World/native_ecal/GlueThick_volume_0
161,Aluminum,1487.50204014,3.20003115001,World/native_ecal/C_volume_CarbonCoolingPlane_0
161,Glue,1490.70207129,0.200001946876,World/native_ecal/GlueThick_volume_0
161,Silicon,1490.90207323,0.300002920313,World/native_ecal/Si_volume_21
161,Glue,1491.20207615,0.100000973438,World/native_ecal/Glue_volume_0
161,FR4,1491.30207713,1.66601621747,World/native_ecal/PCB_volume_0
161,FR4,1497.23413487,0.90000876094,World/native_ecal/PCB_motherboard_volume_0
161,Scintillator,231.291259019,20.0001946876,World/hcal_top/hcal_top_layer1_strip6
161,Scintillator,254.663068558,20.0001946876,World/hcal_top/hcal_top_layer2_strip5
161,Aluminum3003,230.791254152,0.500004867189,World/hcal_top/hcal_top_cover_1_placement
161,Aluminum3003,254.163063691,0.500004867189,World/hcal_top/hcal_top_cover_2_placement
161,Scintillator,1193.66576986,20.0001946876,World/hcal_above_ecal/hcal_above_ecal_layer1_strip3
161,Scintillator,1219.06601711,20.0001946876,World/hcal_above_ecal/hcal_above_ecal_layer2_strip4
161,Scintillator,1244.46626437,20.0001946876,World/hcal_above_ecal/hcal_above_ecal_layer3_strip3
161,Scintillator,1269.86651162,20.0001946876,World/hcal_above_ecal/hcal_above_ecal_layer4_strip4
161,Aluminum3003,1193.16576499,0.500004867189,World/hcal_above_ecal/hcal_above_ecal_cover_1_placement
161,Aluminum3003,1218.56601225,0.500004867189,World/hcal_above_ecal/hcal_above_ecal_cover_2_placement
161,Aluminum3003,1243.9662595,0.500004867189,World/hcal_above_ecal/hcal_above_ecal_cover_3_placement
161,Aluminum3003,1269.36650675,0.500004867189,World/hcal_above_ecal/hcal_above_ecal_cover_4_placement
161,Scintillator,1698.51226516,20.0001946876,World/hcal_below_ecal/hcal_below_ecal_layer1_strip5
161,Scintillator,1722.03690821,20.0001946876,World/hcal_below_ecal/hcal_below_ecal_layer2_strip6
161,Scintillator,1745.56155127,20.0001946876,World/hcal_below_ecal/hcal_below_ecal_layer3_strip5
161,Scintillator,1769.08619433,20.0001946876,World/hcal_below_ecal/hcal_below_ecal_layer4_strip6
161,Aluminum3003,1698.01226029,0.500004867189,World/hcal_below_ecal/hcal_below_ecal_cover_1_placement
161,Aluminum3003,1721.53690335,0.500004867189,World/hcal_below_ecal/hcal_below_ecal_cover_2_placement
161,Aluminum3003,1745.0615464,0.500004867189,World/hcal_below_ecal/hcal_below_ecal_cover_3_placement
161,Aluminum3003,1768.58618946,0.500004867189,World/hcal_below_ecal/hcal_below_ecal_cover_4_placement
162,Polyvinyltoluene,855.979634321,2.00366963226,World/native_target/trigger_pad3_bar_volume_0
162,Polyvinyltoluene,859.986973586,2.00366963226,World/native_target/trigger_pad3_bar_volume_1
162,LYSO,934.623667388,0.601100889679,World/native_target/lvTarget_3/lvTargetArray1_phys/target_0
162,LYSO,935.425135241,0.601100889679,World/native_target/lvTarget_3/lvTargetArray2_phys/target_0
162,Polyvinyltoluene,629.965699802,2.00366963226,World/native_trig_scint/trigger_pad2_bar_volume_9
162,Polyvinyltoluene,554.627721629,2.00366963226,World/native_trig_scint/trigger_pad1_bar_volume_11
162,Polyvinyltoluene,550.620382364,2.00366963226,World/native_trig_scint/trigger_pad1_bar_volume_12
162,Silicon,691.21788046,0.320587141162,World/native_recoil/recoil_l14_sensor_vol_10
162,Silicon,697.228889357,0.320587141162,World/native_recoil/recoil_l14_sensor_vol_20
162,Silicon,791.401362073,0.320587141162,World/native_recoil/recoil_l14_sensor_vol_30
162,Silicon,797.41237097,0.320587141162,World/native_recoil/recoil_l14_sensor_vol_40
162,Aluminum,1351.85842926,0.801467852906,World/native_ecal/support_box_0/front_0_volume_0
162,Aluminum,1581.67933608,0.801467852906,World/native_ecal/support_box_0/front_1_volume_0
162,FR4,1429.50363302,0.901651334519,World/native_ecal/PCB_motherboard_volume_0
162,FR4,1434.67911168,1.66905680368,World/native_ecal/PCB_volume_0
162,Glue,1436.34816848,0.100183481613,World/native_ecal/Glue_volume_0
162,Silicon,1436.44835196,0.30055044484,World/native_ecal/Si_volume_0
162,Glue,1436.74890241,0.200366963226,World/native_ecal/GlueThick_volume_0
162,Aluminum,1439.30358119,3.20587141162,World/native_ecal/C_volume_CarbonCoolingPlane_0
162,Glue,1442.5094526,0.200366963226,World/native_ecal/GlueThick_volume_0
162,Silicon,1442.70981956,0.30055044484,World/native_ecal/Si_volume_7
162,Glue,1443.01037001,0.100183481613,World/native_ecal/Glue_volume_0
162,FR4,1443.11055349,1.66905680368,World/native_ecal/PCB_volume_0
162,FR4,1449.55435503,0.901651334519,World/native_ecal/PCB_motherboard_volume_0
162,FR4,1480.41687837,0.901651334519,World/native_ecal/PCB_motherboard_volume_0
162,FR4,1485.59235703,1.66905680368,World/native_ecal/PCB_volume_0
162,Glue,1487.26141383,0.100183481613,World/native_ecal/Glue_volume_0
162,Silicon,1487.36159732,0.30055044484,World/native_ecal/Si_volume_14
162,Glue,1487.66214776,0.200366963226,World/native_ecal/GlueThick_volume_0
162,Aluminum,1490.21682654,3.20587141162,World/native_ecal/C_volume_CarbonCoolingPlane_0
162,Glue,1493.42269795,0.200366963226,World/native_ecal/GlueThick_volume_0
162,Silicon,1493.62306492,0.30055044484,World/native_ecal/Si_volume_21
162,Glue,1493.92361536,0.100183481613,World/native_ecal/Glue_volume_0
162,FR4,1494.02379884,1.66905680368,World/native_ecal/PCB_volume_0
162,FR4,1499.96668297,0.901651334519,World/native_ecal/PCB_motherboard_volume_0
162,Scintillator,231.713380367,20.0366963226,World/hcal_top/hcal_top_layer1_strip6
162,Scintillator,255.127844954,20.0366963226,World/hcal_top/hcal_top_layer2_strip4
162,Aluminum3003,231.212462959,0.500917408066,World/hcal_top/hcal_top_cover_1_placement
162,Aluminum3003,254.626927546,0.500917408066,World/hcal_top/hcal_top_cover_2_placement
162,Scintillator,1195.84428627,20.0366963226,World/hcal_above_ecal/hcal_above_ecal_layer1_strip3
162,Scintillator,1221.2908906,20.0366963226,World/hcal_above_ecal/hcal_above_ecal_layer2_strip4
162,Scintillator,1246.73749493,7.07285866768,World/hcal_above_ecal/hcal_above_ecal_layer3_strip3
162,Scintillator,1253.8103536,12.963837655,World/hcal_above_ecal/hcal_above_ecal_layer3_strip4
162,Scintillator,1272.18409926,20.0366963226,World/hcal_above_ecal/hcal_above_ecal_layer4_strip4
162,Aluminum3003,1195.34336886,0.500917408066,World/hcal_above_ecal/hcal_above_ecal_cover_1_placement
162,Aluminum3003,1220.78997319,0.500917408066,World/hcal_above_ecal/hcal_above_ecal_cover_2_placement
162,Aluminum3003,1246.23657752,0.500917408066,World/hcal_above_ecal/hcal_above_ecal_cover_3_placement
162,Aluminum3003,1271.68318185,0.500917408066,World/hcal_above_ecal/hcal_above_ecal_cover_4_placement
162,Scintillator,1701.61215873,20.0366963226,World/hcal_below_ecal/hcal_below_ecal_layer1_strip6
162,Scintillator,1725.17973576,20.0366963226,World/hcal_below_ecal/hcal_below_ecal_layer2_strip6
162,Scintillator,1748.7473128,20.0366963226,World/hcal_below_ecal/hcal_below_ecal_layer3_strip6
162,Scintillator,1772.31488984,20.0366963226,World/hcal_below_ecal/hcal_below_ecal_layer4_strip6
162,Aluminum3003,1701.11124132,0.500917408066,World/hcal_below_ecal/hcal_below_ecal_cover_1_placement
162,Aluminum3003,1724.67881835,0.500917408066,World/hcal_below_ecal/hcal_below_ecal_cover_2_placement
162,Aluminum3003,1748.24639539,0.500917408066,World/hcal_below_ecal/hcal_below_ecal_cover_3_placement
162,Aluminum3003,1771.81397243,0.500917408066,World/hcal_below_ecal/hcal_below_ecal_cover_4_placement
163,Polyvinyltoluene,859.003761109,2.01074848177,World/native_target/trigger_pad3_bar_volume_22
163,Polyvinyltoluene,863.025258073,2.01074848177,World/native_target/trigger_pad3_bar_volume_23
163,LYSO,938.729938411,0.60322454453,World/native_target/lvTarget_3/lvTargetArray2_phys/target_0
163,Polyvinyltoluene,552.565692488,2.01074848177,World/native_trig_scint/trigger_pad1_bar_volume_2
163,Polyvinyltoluene,556.587189451,2.01074848177,World/native_trig_scint/trigger_pad1_bar_volume_3
163,Polyvinyltoluene,632.191332366,2.01074848177,World/native_trig_scint/trigger_pad2_bar_volume_7
163,Polyvinyltoluene,628.169835402,2.01074848177,World/native_trig_scint/trigger_pad2_bar_volume_8
163,Silicon,693.659913454,0.321719757083,World/native_recoil/recoil_l14_sensor_vol_10
163,Silicon,699.692158899,0.321719757083,World/native_recoil/recoil_l14_sensor_vol_20
163,Silicon,794.197337542,0.321719757083,World/native_recoil/recoil_l14_sensor_vol_30
163,Silicon,800.229582987,0.321719757083,World/native_recoil/recoil_l14_sensor_vol_40
163,Aluminum,1356.63446729,0.804299392707,World/native_ecal/support_box_0/front_0_volume_0
163,Aluminum,1587.26731815,0.804299392707,World/native_ecal/support_box_0/front_1_volume_0
163,FR4,1434.55398709,0.904836816796,World/native_ecal/PCB_motherboard_volume_0
163,FR4,1439.74775041,1.67495348531,World/native_ecal/PCB_volume_0
163,Glue,1441.4227039,0.100537424088,World/native_ecal/Glue_volume_0
163,Silicon,1441.52324132,0.301612272265,World/native_ecal/Si_volume_0
163,Glue,1441.8248536,0.201074848177,World/native_ecal/GlueThick_volume_0
163,Aluminum,1444.38855791,3.21719757083,World/native_ecal/C_volume_CarbonCoolingPlane_0
163,Glue,1447.60575548,0.201074848177,World/native_ecal/GlueThick_volume_0
163,Silicon,1447.80683033,0.301612272265,World/native_ecal/Si_volume_7
163,Glue,1448.1084426,0.100537424088,World/native_ecal/Glue_volume_0
163,FR4,1448.20898003,1.67495348531,World/native_ecal/PCB_volume_0
163,FR4,1454.67554714,0.904836816796,World/native_ecal/PCB_motherboard_volume_0
163,FR4,1485.64710601,0.904836816796,World/native_ecal/PCB_motherboard_volume_0
163,FR4,1490.84086934,1.67495348531,World/native_ecal/PCB_volume_0
163,Glue,1492.51582282,0.100537424088,World/native_ecal/Glue_volume_0
163,Silicon,1492.61636025,0.301612272265,World/native_ecal/Si_volume_14
163,Glue,1492.91797252,0.201074848177,World/native_ecal/GlueThick_volume_0
163,Aluminum,1495.48167683,3.21719757083,World/native_ecal/C_volume_CarbonCoolingPlane_0
163,Glue,1498.6988744,0.201074848177,World/native_ecal/GlueThick_volume_0
163,Silicon,1498.89994925,0.301612272265,World/native_ecal/Si_volume_21
163,Glue,1499.20156152,0.100537424088,World/native_ecal/Glue_volume_0
163,FR4,1499.30209895,1.67495348531,World/native_ecal/PCB_volume_0
163,FR4,1505.26597894,0.904836816796,World/native_ecal/PCB_motherboard_volume_0
163,Scintillator,232.532010405,20.1074848177,World/hcal_top/hcal_top_layer1_strip6
163,Scintillator,256.029196948,20.1074848177,World/hcal_top/hcal_top_layer2_strip5
163,Aluminum3003,232.029323285,0.502687120442,World/hcal_top/hcal_top_cover_1_placement
163,Aluminum3003,255.526509827,0.502687120442,World/hcal_top/hcal_top_cover_2_placement
163,Scintillator,1200.06913532,20.1074848177,World/hcal_above_ecal/hcal_above_ecal_layer1_strip2
163,Scintillator,1225.60564103,20.1074848177,World/hcal_above_ecal/hcal_above_ecal_layer2_strip4
163,Scintillator,1251.14214675,20.1074848177,World/hcal_above_ecal/hcal_above_ecal_layer3_strip2
163,Scintillator,1276.67865247,20.1074848177,World/hcal_above_ecal/hcal_above_ecal_layer4_strip4
163,Aluminum3003,1199.5664482,0.502687120442,World/hcal_above_ecal/hcal_above_ecal_cover_1_placement
163,Aluminum3003,1225.10295391,0.502687120442,World/hcal_above_ecal/hcal_above_ecal_cover_2_placement
163,Aluminum3003,1250.63945963,0.502687120442,World/hcal_above_ecal/hcal_above_ecal_cover_3_placement
163,Aluminum3003,1276.17596535,0.502687120442,World/hcal_above_ecal/hcal_above_ecal_cover_4_placement
163,Scintillator,1707.62385656,20.1074848177,World/hcal_below_ecal/hcal_below_ecal_layer1_strip2
163,Scintillator,1731.27469649,20.1074848177,World/hcal_below_ecal/hcal_below_ecal_layer2_strip6
163,Scintillator,1754.92553642,20.1074848177,World/hcal_below_ecal/hcal_below_ecal_layer3_strip2
163,Scintillator,1778.57637635,20.1074848177,World/hcal_below_ecal/hcal_below_ecal_layer4_strip6
163,Aluminum3003,1707.12116944,0.502687120442,World/hcal_below_ecal/hcal_below_ecal_cover_1_placement
163,Aluminum3003,1730.77200937,0.502687120442,World/hcal_below_ecal/hcal_below_ecal_cover_2_placement
163,Aluminum3003,1754.4228493,0.502687120442,World/hcal_below_ecal/hcal_below_ecal_cover_3_placement
163,Aluminum3003,1778.07368923,0.502687120442,World/hcal_below_ecal/hcal_below_ecal_cover_4_placement
164,Polyvinyltoluene,855.065551879,2.00152995609,World/native_target/trigger_pad3_bar_volume_10
164,Polyvinyltoluene,859.068611791,2.00152995609,World/native_target/trigger_pad3_bar_volume_11
164,LYSO,934.426214638,0.600458986827,World/native_target/lvTarget_3/lvTargetArray2_phys/target_0
164,Polyvinyltoluene,629.292972832,2.00152995609,World/native_trig_scint/trigger_pad2_bar_volume_15
164,Polyvinyltoluene,625.28991292,2.00152995609,World/native_trig_scint/trigger_pad2_bar_volume_16
164,Polyvinyltoluene,554.035446483,2.00152995609,World/native_trig_scint/trigger_pad1_bar_volume_17
164,Polyvinyltoluene,550.032386571,1.49348346233,World/native_trig_scint/trigger_pad1_bar_volume_18
164,Silicon,690.47974359,0.320244792974,World/native_recoil/recoil_l14_sensor_vol_10
164,Silicon,696.484333458,0.320244792974,World/native_recoil/recoil_l14_sensor_vol_20
164,Silicon,790.556241394,0.320244792974,World/native_recoil/recoil_l14_sensor_vol_30
164,Silicon,796.560831263,0.320244792974,World/native_recoil/recoil_l14_sensor_vol_40
164,Aluminum,1350.4148084,0.800611982435,World/native_ecal/support_box_0/front_0_volume_0
164,Aluminum,1579.99029437,0.800611982436,World/native_ecal/support_box_0/front_1_volume_0
164,FR4,1427.9770965,0.90068848024,World/native_ecal/PCB_motherboard_volume_0
164,FR4,1433.14704837,1.66727445342,World/native_ecal/PCB_volume_0
164,Glue,1434.81432283,0.100076497804,World/native_ecal/Glue_volume_0
164,Silicon,1434.91439932,0.300229493413,World/native_ecal/Si_volume_0
164,Glue,1435.21462882,0.200152995609,World/native_ecal/GlueThick_volume_0
164,Aluminum,1437.76657951,3.20244792974,World/native_ecal/C_volume_CarbonCoolingPlane_0
164,Glue,1440.96902744,0.200152995609,World/native_ecal/GlueThick_volume_0
164,Silicon,1441.16918044,0.300229493413,World/native_ecal/Si_volume_7
164,Glue,1441.46940993,0.100076497804,World/native_ecal/Glue_volume_0
164,FR4,1441.56948643,1.66727445342,World/native_ecal/PCB_volume_0
164,FR4,1448.00640677,0.90068848024,World/native_ecal/PCB_motherboard_volume_0
164,FR4,1478.83597268,0.90068848024,World/native_ecal/PCB_motherboard_volume_0
164,FR4,1484.00592456,1.66727445342,World/native_ecal/PCB_volume_0
164,Glue,1485.67319901,0.100076497804,World/native_ecal/Glue_volume_0
164,Silicon,1485.77327551,0.300229493413,World/native_ecal/Si_volume_14
164,Glue,1486.073505,0.200152995609,World/native_ecal/GlueThick_volume_0
164,Aluminum,1488.62545569,3.20244792974,World/native_ecal/C_volume_CarbonCoolingPlane_0
164,Glue,1491.82790362,0.200152995609,World/native_ecal/GlueThick_volume_0
164,Silicon,1492.02805662,0.300229493413,World/native_ecal/Si_volume_21
164,Glue,1492.32828611,0.100076497804,World/native_ecal/Glue_volume_0
164,FR4,1492.42836261,1.66727445342,World/native_ecal/PCB_volume_0
164,FR4,1498.36490046,0.90068848024,World/native_ecal/PCB_motherboard_volume_0
164,Scintillator,231.465938577,20.0152995609,World/hcal_top/hcal_top_layer1_strip6
164,Scintillator,254.855399355,20.0152995609,World/hcal_top/hcal_top_layer2_strip4
164,Aluminum3003,230.965556088,0.500382489022,World/hcal_top/hcal_top_cover_1_placement
164,Aluminum3003,254.355016866,0.500382489022,World/hcal_top/hcal_top_cover_2_placement
164,Scintillator,1194.5672696,20.0152995609,World/hcal_above_ecal/hcal_above_ecal_layer1_strip3
164,Scintillator,1219.98670004,20.0152995609,World/hcal_above_ecal/hcal_above_ecal_layer2_strip4
164,Scintillator,1245.40613048,20.0152995609,World/hcal_above_ecal/hcal_above_ecal_layer3_strip3
164,Scintillator,1270.82556092,20.0152995609,World/hcal_above_ecal/hcal_above_ecal_layer4_strip4
164,Aluminum3003,1194.06688711,0.500382489022,World/hcal_above_ecal/hcal_above_ecal_cover_1_placement
164,Aluminum3003,1219.48631755,0.500382489022,World/hcal_above_ecal/hcal_above_ecal_cover_2_placement
164,Aluminum3003,1244.90574799,0.500382489022,World/hcal_above_ecal/hcal_above_ecal_cover_3_placement
164,Aluminum3003,1270.32517844,0.500382489022,World/hcal_above_ecal/hcal_above_ecal_cover_4_placement
164,Scintillator,1699.7950433,20.0152995609,World/hcal_below_ecal/hcal_below_ecal_layer1_strip5
164,Scintillator,1723.33745302,20.0152995609,World/hcal_below_ecal/hcal_below_ecal_layer2_strip6
164,Scintillator,1746.87986274,20.0152995609,World/hcal_below_ecal/hcal_below_ecal_layer3_strip5
164,Scintillator,1770.42227247,20.0152995609,World/hcal_below_ecal/hcal_below_ecal_layer4_strip6
164,Aluminum3003,1699.29466081,0.500382489022,World/hcal_below_ecal/hcal_below_ecal_cover_1_placement
164,Aluminum3003,1722.83707053,0.500382489022,World/hcal_below_ecal/hcal_below_ecal_cover_2_placement
164,Aluminum3003,1746.37948026,0.500382489022,World/hcal_below_ecal/hcal_below_ecal_cover_3_placement
164,Aluminum3003,1769.92188998,0.500382489022,World/hcal_below_ecal/hcal_below_ecal_cover_4_placement
165,Polyvinyltoluene,860.686436001,2.00529929834,World/native_target/trigger_pad3_bar_volume_13
165,LYSO,935.383834864,0.601589789503,World/native_target/lvTarget_3/lvTargetArray1_phys/target_0
165,Polyvinyltoluene,555.078822933,2.00529929834,World/native_trig_scint/trigger_pad1_bar_volume_9
165,Polyvinyltoluene,626.467477954,2.00529929834,World/native_trig_scint/trigger_pad2_bar_volume_10
165,Polyvinyltoluene,630.478076551,2.00529929834,World/native_trig_scint/trigger_pad2_bar_volume_11
165,Polyvinyltoluene,551.068224336,2.00529929834,World/native_trig_scint/trigger_pad1_bar_volume_10
165,Silicon,691.780076101,0.320847887735,World/native_recoil/recoil_l14_sensor_vol_10
165,Silicon,697.795973996,0.320847887735,World/native_recoil/recoil_l14_sensor_vol_20
165,Silicon,792.045041018,0.320847887735,World/native_recoil/recoil_l14_sensor_vol_30
165,Silicon,798.060938913,0.320847887735,World/native_recoil/recoil_l14_sensor_vol_40
165,Aluminum,1352.95795075,0.802119719338,World/native_ecal/support_box_0/front_0_volume_0
165,Aluminum,1582.96578027,0.802119719338,World/native_ecal/support_box_0/front_1_volume_0
165,FR4,1430.66630651,0.902384684255,World/native_ecal/PCB_motherboard_volume_0
165,FR4,1435.8459946,1.67041431552,World/native_ecal/PCB_volume_0
165,Glue,1437.51640892,0.100264964917,World/native_ecal/Glue_volume_0
165,Silicon,1437.61667388,0.300794894751,World/native_ecal/Si_volume_0
165,Glue,1437.91746878,0.200529929834,World/native_ecal/GlueThick_volume_0
165,Aluminum,1440.47422538,3.20847887735,World/native_ecal/C_volume_CarbonCoolingPlane_0
165,Glue,1443.68270426,0.200529929834,World/native_ecal/GlueThick_volume_0
165,Silicon,1443.88323419,0.300794894752,World/native_ecal/Si_volume_7
165,Glue,1444.18402908,0.100264964917,World/native_ecal/Glue_volume_0
165,FR4,1444.28429405,1.67041431552,World/native_ecal/PCB_volume_0
165,FR4,1450.73333659,0.902384684255,World/native_ecal/PCB_motherboard_volume_0
165,FR4,1481.62096168,0.902384684255,World/native_ecal/PCB_motherboard_volume_0
165,FR4,1486.80064977,1.67041431552,World/native_ecal/PCB_volume_0
165,Glue,1488.47106409,0.100264964917,World/native_ecal/Glue_volume_0
165,Silicon,1488.57132905,0.300794894752,World/native_ecal/Si_volume_14
165,Glue,1488.87212395,0.200529929834,World/native_ecal/GlueThick_volume_0
165,Aluminum,1491.42888055,3.20847887735,World/native_ecal/C_volume_CarbonCoolingPlane_0
165,Glue,1494.63735943,0.200529929834,World/native_ecal/GlueThick_volume_0
165,Silicon,1494.83788936,0.300794894752,World/native_ecal/Si_volume_21
165,Glue,1495.13868425,0.100264964917,World/native_ecal/Glue_volume_0
165,FR4,1495.23894922,1.67041431552,World/native_ecal/PCB_volume_0
165,FR4,1501.18666694,0.902384684255,World/native_ecal/PCB_motherboard_volume_0
165,Scintillator,231.901842292,20.0529929834,World/hcal_top/hcal_top_layer1_strip7
165,Scintillator,255.335350816,20.0529929834,World/hcal_top/hcal_top_layer2_strip5
165,Aluminum3003,231.400517467,0.501324824586,World/hcal_top/hcal_top_cover_1_placement
165,Aluminum3003,254.834025991,0.501324824586,World/hcal_top/hcal_top_cover_2_placement
165,Scintillator,1196.81691511,20.0529929834,World/hcal_above_ecal/hcal_above_ecal_layer1_strip3
165,Scintillator,1222.2842162,20.0529929834,World/hcal_above_ecal/hcal_above_ecal_layer2_strip3
165,Scintillator,1247.75151729,20.0529929834,World/hcal_above_ecal/hcal_above_ecal_layer3_strip2
165,Scintillator,1273.21881838,20.0529929834,World/hcal_above_ecal/hcal_above_ecal_layer4_strip3
165,Aluminum3003,1196.31559029,0.501324824586,World/hcal_above_ecal/hcal_above_ecal_cover_1_placement
165,Aluminum3003,1221.78289138,0.501324824586,World/hcal_above_ecal/hcal_above_ecal_cover_2_placement
165,Aluminum3003,1247.25019247,0.501324824586,World/hcal_above_ecal/hcal_above_ecal_cover_3_placement
165,Aluminum3003,1272.71749355,0.501324824586,World/hcal_above_ecal/hcal_above_ecal_cover_4_placement
165,Scintillator,1702.99614917,20.0529929834,World/hcal_below_ecal/hcal_below_ecal_layer1_strip4
165,Scintillator,1726.58289467,20.0529929834,World/hcal_below_ecal/hcal_below_ecal_layer2_strip5
165,Scintillator,1750.16964018,20.0529929834,World/hcal_below_ecal/hcal_below_ecal_layer3_strip4
165,Scintillator,1777.5281369,16.2812417646,World/hcal_below_ecal/hcal_below_ecal_layer4_strip4
165,Scintillator,1773.75638568,3.77175121888,World/hcal_below_ecal/hcal_below_ecal_layer4_strip5
165,Aluminum3003,1702.49482434,0.501324824586,World/hcal_below_ecal/hcal_below_ecal_cover_1_placement
165,Aluminum3003,1726.08156985,0.501324824586,World/hcal_below_ecal/hcal_below_ecal_cover_2_placement
165,Aluminum3003,1749.66831535,0.501324824586,World/hcal_below_ecal/hcal_below_ecal_cover_3_placement
165,Aluminum3003,1773.25506086,0.501324824586,World/hcal_below_ecal/hcal_below_ecal_cover_4_placement
166,Polyvinyltoluene,859.508368999,2.00255453924,World/native_target/trigger_pad3_bar_volume_23
166,LYSO,934.103525586,0.600766361772,World/native_target/lvTarget_3/lvTargetArray1_phys/target_0
166,LYSO,934.904547402,0.600766361772,World/native_target/lvTarget_3/lvTargetArray2_phys/target_0
166,Polyvinyltoluene,554.319057219,2.00255453924,World/native_trig_scint/trigger_pad1_bar_volume_15
166,Polyvinyltoluene,629.615107895,2.00255453924,World/native_trig_scint/trigger_pad2_bar_volume_17
166,Polyvinyltoluene,550.313948141,2.00255453924,World/native_trig_scint/trigger_pad1_bar_volume_16
166,Polyvinyltoluene,625.609998816,2.00255453924,World/native_trig_scint/trigger_pad2_bar_volume_18
166,Silicon,690.833200159,0.320408726278,World/native_recoil/recoil_l14_sensor_vol_10
166,Silicon,696.840863777,0.320408726278,World/native_recoil/recoil_l14_sensor_vol_20
166,Silicon,790.960927121,0.320408726278,World/native_recoil/recoil_l14_sensor_vol_30
166,Silicon,796.968590739,0.320408726278,World/native_recoil/recoil_l14_sensor_vol_40
166,Aluminum,1351.10608572,0.801021815696,World/native_ecal/support_box_0/front_0_volume_0
166,Aluminum,1580.79909137,0.801021815696,World/native_ecal/support_box_0/front_1_volume_0
166,FR4,1428.70807795,0.901149542658,World/native_ecal/PCB_motherboard_volume_0
166,FR4,1433.88067632,1.66812793119,World/native_ecal/PCB_volume_0
166,Glue,1435.54880425,0.100127726962,World/native_ecal/Glue_volume_0
166,Silicon,1435.64893198,0.300383180886,World/native_ecal/Si_volume_0
166,Glue,1435.94931516,0.200255453924,World/native_ecal/GlueThick_volume_0
166,Aluminum,1438.5025722,3.20408726278,World/native_ecal/C_volume_CarbonCoolingPlane_0
166,Glue,1441.70665946,0.200255453924,World/native_ecal/GlueThick_volume_0
166,Silicon,1441.90691492,0.300383180886,World/native_ecal/Si_volume_7
166,Glue,1442.2072981,0.100127726962,World/native_ecal/Glue_volume_0
166,FR4,1442.30742582,1.66812793119,World/native_ecal/PCB_volume_0
166,FR4,1448.74764122,0.901149542658,World/native_ecal/PCB_motherboard_volume_0
166,FR4,1479.59298879,0.901149542658,World/native_ecal/PCB_motherboard_volume_0
166,FR4,1484.76558716,1.66812793119,World/native_ecal/PCB_volume_0
166,Glue,1486.4337151,0.100127726962,World/native_ecal/Glue_volume_0
166,Silicon,1486.53384282,0.300383180886,World/native_ecal/Si_volume_14
166,Glue,1486.834226,0.200255453924,World/native_ecal/GlueThick_volume_0
166,Aluminum,1489.38748304,3.20408726278,World/native_ecal/C_volume_CarbonCoolingPlane_0
166,Glue,1492.5915703,0.200255453924,World/native_ecal/GlueThick_volume_0
166,Silicon,1492.79182576,0.300383180886,World/native_ecal/Si_volume_21
166,Glue,1493.09220894,0.100127726962,World/native_ecal/Glue_volume_0
166,FR4,1493.19233667,1.66812793119,World/native_ecal/PCB_volume_0
166,FR4,1499.13191343,0.901149542658,World/native_ecal/PCB_motherboard_volume_0
166,Scintillator,231.584425987,20.0255453924,World/hcal_top/hcal_top_layer1_strip6
166,Scintillator,254.98585983,20.0255453924,World/hcal_top/hcal_top_layer2_strip5
166,Aluminum3003,231.083787353,0.50063863481,World/hcal_top/hcal_top_cover_1_placement
166,Aluminum3003,254.485221195,0.50063863481,World/hcal_top/hcal_top_cover_2_placement
166,Scintillator,1195.17876856,20.0255453924,World/hcal_above_ecal/hcal_above_ecal_layer1_strip2
166,Scintillator,1220.61121121,20.0255453924,World/hcal_above_ecal/hcal_above_ecal_layer2_strip4
166,Scintillator,1246.04365386,20.0255453924,World/hcal_above_ecal/hcal_above_ecal_layer3_strip2
166,Scintillator,1271.47609651,20.0255453924,World/hcal_above_ecal/hcal_above_ecal_layer4_strip4
166,Aluminum3003,1194.67812993,0.50063863481,World/hcal_above_ecal/hcal_above_ecal_cover_1_placement
166,Aluminum3003,1220.11057258,0.50063863481,World/hcal_above_ecal/hcal_above_ecal_cover_2_placement
166,Aluminum3003,1245.54301523,0.50063863481,World/hcal_above_ecal/hcal_above_ecal_cover_3_placement
166,Aluminum3003,1270.97545787,0.50063863481,World/hcal_above_ecal/hcal_above_ecal_cover_4_placement
166,Scintillator,1709.71726721,10.9734465351,World/hcal_below_ecal/hcal_below_ecal_layer1_strip3
166,Scintillator,1700.66516835,9.05209886722,World/hcal_below_ecal/hcal_below_ecal_layer1_strip4
166,Scintillator,1724.21962944,20.0255453924,World/hcal_below_ecal/hcal_below_ecal_layer2_strip6
166,Scintillator,1747.77409052,20.0255453924,World/hcal_below_ecal/hcal_below_ecal_layer3_strip3
166,Scintillator,1785.20382664,6.15027035071,World/hcal_below_ecal/hcal_below_ecal_layer4_strip5
166,Scintillator,1771.3285516,13.8752750417,World/hcal_below_ecal/hcal_below_ecal_layer4_strip6
166,Aluminum3003,1700.16452972,0.50063863481,World/hcal_below_ecal/hcal_below_ecal_cover_1_placement
166,Aluminum3003,1723.7189908,0.50063863481,World/hcal_below_ecal/hcal_below_ecal_cover_2_placement
166,Aluminum3003,1747.27345188,0.50063863481,World/hcal_below_ecal/hcal_below_ecal_cover_3_placement
166,Aluminum3003,1770.82791296,0.50063863481,World/hcal_below_ecal/hcal_below_ecal_cover_4_placement
167,LYSO,933.445775739,0.600343331592,World/native_target/lvTarget_3/lvTargetArray1_phys/target_0
167,LYSO,934.246233515,0.600343331592,World/native_target/lvTarget_3/lvTargetArray2_phys/target_0
167,Polyvinyltoluene,625.169474967,2.00114443864,World/native_trig_scint/trigger_pad2_bar_volume_0
167,Polyvinyltoluene,629.171763844,2.00114443864,World/native_trig_scint/trigger_pad2_bar_volume_1
167,Polyvinyltoluene,553.928732951,2.00114443864,World/native_trig_scint/trigger_pad1_bar_volume_1
167,Polyvinyltoluene,549.926444074,2.00114443864,World/native_trig_scint/trigger_pad1_bar_volume_2
167,Silicon,690.346749333,0.320183110182,World/native_recoil/recoil_l14_sensor_vol_10
167,Silicon,696.350182649,0.320183110182,World/native_recoil/recoil_l14_sensor_vol_20
167,Silicon,790.403971265,0.320183110182,World/native_recoil/recoil_l14_sensor_vol_30
167,Silicon,796.407404581,0.320183110182,World/native_recoil/recoil_l14_sensor_vol_40
167,Aluminum,1350.15470314,0.800457775456,World/native_ecal/support_box_0/front_0_volume_0
167,Aluminum,1579.68597025,0.800457775456,World/native_ecal/support_box_0/front_1_volume_0
167,FR4,1427.70205186,0.900514997388,World/native_ecal/PCB_motherboard_volume_0
167,FR4,1432.87100794,1.66695331739,World/native_ecal/PCB_volume_0
167,Glue,1434.53796126,0.100057221932,World/native_ecal/Glue_volume_0
167,Silicon,1434.63801848,0.300171665796,World/native_ecal/Si_volume_0
167,Glue,1434.93819015,0.200114443864,World/native_ecal/GlueThick_volume_0
167,Aluminum,1437.4896493,3.20183110182,World/native_ecal/C_volume_CarbonCoolingPlane_0
167,Glue,1440.69148041,0.200114443864,World/native_ecal/GlueThick_volume_0
167,Silicon,1440.89159485,0.300171665796,World/native_ecal/Si_volume_7
167,Glue,1441.19176652,0.100057221932,World/native_ecal/Glue_volume_0
167,FR4,1441.29182374,1.66695331739,World/native_ecal/PCB_volume_0
167,FR4,1447.72750425,0.900514997388,World/native_ecal/PCB_motherboard_volume_0
167,FR4,1478.55113204,0.900514997388,World/native_ecal/PCB_motherboard_volume_0
167,FR4,1483.72008813,1.66695331739,World/native_ecal/PCB_volume_0
167,Glue,1485.38704144,0.100057221932,World/native_ecal/Glue_volume_0
167,Silicon,1485.48709867,0.300171665796,World/native_ecal/Si_volume_14
167,Glue,1485.78727033,0.200114443864,World/native_ecal/GlueThick_volume_0
167,Aluminum,1488.33872949,3.20183110182,World/native_ecal/C_volume_CarbonCoolingPlane_0
167,Glue,1491.54056059,0.200114443864,World/native_ecal/GlueThick_volume_0
167,Silicon,1491.74067504,0.300171665796,World/native_ecal/Si_volume_21
167,Glue,1492.0408467,0.100057221932,World/native_ecal/Glue_volume_0
167,FR4,1492.14090392,1.66695331739,World/native_ecal/PCB_volume_0
167,FR4,1498.07629833,0.900514997388,World/native_ecal/PCB_motherboard_volume_0
167,Scintillator,231.421355603,20.0114443864,World/hcal_top/hcal_top_layer1_strip6
167,Scintillator,254.806311305,20.0114443864,World/hcal_top/hcal_top_layer2_strip5
167,Aluminum3003,230.921069493,0.50028610966,World/hcal_top/hcal_top_cover_1_placement
167,Aluminum3003,254.306025195,0.50028610966,World/hcal_top/hcal_top_cover_2_placement
167,Scintillator,1194.33718235,20.0114443864,World/hcal_above_ecal/hcal_above_ecal_layer1_strip3
167,Scintillator,1219.75171672,20.0114443864,World/hcal_above_ecal/hcal_above_ecal_layer2_strip4
167,Scintillator,1245.16625109,20.0114443864,World/hcal_above_ecal/hcal_above_ecal_layer3_strip3
167,Scintillator,1270.58078546,20.0114443864,World/hcal_above_ecal/hcal_above_ecal_layer4_strip4
167,Aluminum3003,1193.83689624,0.50028610966,World/hcal_above_ecal/hcal_above_ecal_cover_1_placement
167,Aluminum3003,1219.25143061,0.50028610966,World/hcal_above_ecal/hcal_above_ecal_cover_2_placement
167,Aluminum3003,1244.66596498,0.50028610966,World/hcal_above_ecal/hcal_above_ecal_cover_3_placement
167,Aluminum3003,1270.08049935,0.50028610966,World/hcal_above_ecal/hcal_above_ecal_cover_4_placement
167,Scintillator,1699.46764343,20.0114443864,World/hcal_below_ecal/hcal_below_ecal_layer1_strip5
167,Scintillator,1723.00551862,20.0114443864,World/hcal_below_ecal/hcal_below_ecal_layer2_strip5
167,Scintillator,1746.5433938,20.0114443864,World/hcal_below_ecal/hcal_below_ecal_layer3_strip5
167,Scintillator,1770.08126899,20.0114443864,World/hcal_below_ecal/hcal_below_ecal_layer4_strip5
167,Aluminum3003,1698.96735732,0.50028610966,World/hcal_below_ecal/hcal_below_ecal_cover_1_placement
167,Aluminum3003,1722.50523251,0.50028610966,World/hcal_below_ecal/hcal_below_ecal_cover_2_placement
167,Aluminum3003,1746.04310769,0.50028610966,World/hcal_below_ecal/hcal_below_ecal_cover_3_placement
167,Aluminum3003,1769.58098288,0.50028610966,World/hcal_below_ecal/hcal_below_ecal_cover_4_placement
168,Polyvinyltoluene,859.596034561,2.0027587898,World/native_target/trigger_pad3_bar_volume_3
168,LYSO,934.198799481,0.600827636941,World/native_target/lvTarget_3/lvTargetArray1_phys/target_0
168,LYSO,934.999902997,0.600827636941,World/native_target/lvTarget_3/lvTargetArray2_phys/target_0
168,Polyvinyltoluene,625.673807912,2.0027587898,World/native_trig_scint/trigger_pad2_bar_volume_10
168,Polyvinyltoluene,629.679325492,2.0027587898,World/native_trig_scint/trigger_pad2_bar_volume_11
168,Polyvinyltoluene,554.375594995,2.0027587898,World/native_trig_scint/trigger_pad1_bar_volume_13
168,Polyvinyltoluene,550.370077415,2.0027587898,World/native_trig_scint/trigger_pad1_bar_volume_14
168,Silicon,690.903661696,0.320441406369,World/native_recoil/recoil_l14_sensor_vol_10
168,Silicon,696.911938065,0.320441406368,World/native_recoil/recoil_l14_sensor_vol_20
168,Silicon,791.041601186,0.320441406369,World/native_recoil/recoil_l14_sensor_vol_30
168,Silicon,797.049877555,0.320441406368,World/native_recoil/recoil_l14_sensor_vol_40
168,Aluminum,1351.24389179,0.801103515921,World/native_ecal/support_box_0/front_0_volume_0
168,Aluminum,1580.96032498,0.801103515921,World/native_ecal/support_box_0/front_1_volume_0
168,FR4,1428.85379904,0.901241455411,World/native_ecal/PCB_motherboard_volume_0
168,FR4,1434.02692499,1.66829807191,World/native_ecal/PCB_volume_0
168,Glue,1435.69522306,0.10013793949,World/native_ecal/Glue_volume_0
168,Silicon,1435.795361,0.30041381847,World/native_ecal/Si_volume_0
168,Glue,1436.09577482,0.20027587898,World/native_ecal/GlueThick_volume_0
168,Aluminum,1438.64929228,3.20441406368,World/native_ecal/C_volume_CarbonCoolingPlane_0
168,Glue,1441.85370634,0.20027587898,World/native_ecal/GlueThick_volume_0
168,Silicon,1442.05398222,0.30041381847,World/native_ecal/Si_volume_7
168,Glue,1442.35439604,0.10013793949,World/native_ecal/Glue_volume_0
168,FR4,1442.45453398,1.66829807191,World/native_ecal/PCB_volume_0
168,FR4,1448.89540625,0.901241455411,World/native_ecal/PCB_motherboard_volume_0
168,FR4,1479.74389989,0.901241455411,World/native_ecal/PCB_motherboard_volume_0
168,FR4,1484.91702584,1.66829807191,World/native_ecal/PCB_volume_0
168,Glue,1486.58532391,0.10013793949,World/native_ecal/Glue_volume_0
168,Silicon,1486.68546185,0.30041381847,World/native_ecal/Si_volume_14
168,Glue,1486.98587567,0.20027587898,World/native_ecal/GlueThick_volume_0
168,Aluminum,1489.53939313,3.20441406368,World/native_ecal/C_volume_CarbonCoolingPlane_0
168,Glue,1492.74380719,0.20027587898,World/native_ecal/GlueThick_volume_0
168,Silicon,1492.94408307,0.30041381847,World/native_ecal/Si_volume_21
168,Glue,1493.24449689,0.10013793949,World/native_ecal/Glue_volume_0
168,FR4,1493.34463483,1.66829807191,World/native_ecal/PCB_volume_0
168,FR4,1499.2848174,0.901241455411,World/native_ecal/PCB_motherboard_volume_0
168,Scintillator,231.608046442,20.027587898,World/hcal_top/hcal_top_layer1_strip6
168,Scintillator,255.011867114,20.027587898,World/hcal_top/hcal_top_layer2_strip4
168,Aluminum3003,231.107356745,0.500689697451,World/hcal_top/hcal_top_cover_1_placement
168,Aluminum3003,254.511177417,0.500689697451,World/hcal_top/hcal_top_cover_2_placement
168,Scintillator,1195.30067083,20.027587898,World/hcal_above_ecal/hcal_above_ecal_layer1_strip3
168,Scintillator,1220.73570746,20.027587898,World/hcal_above_ecal/hcal_above_ecal_layer2_strip4
168,Scintillator,1246.17074409,20.027587898,World/hcal_above_ecal/hcal_above_ecal_layer3_strip3
168,Scintillator,1271.60578072,20.027587898,World/hcal_above_ecal/hcal_above_ecal_layer4_strip4
168,Aluminum3003,1194.79998113,0.500689697451,World/hcal_above_ecal/hcal_above_ecal_cover_1_placement
168,Aluminum3003,1220.23501776,0.500689697451,World/hcal_above_ecal/hcal_above_ecal_cover_2_placement
168,Aluminum3003,1245.67005439,0.500689697451,World/hcal_above_ecal/hcal_above_ecal_cover_3_placement
168,Aluminum3003,1271.10509102,0.500689697451,World/hcal_above_ecal/hcal_above_ecal_cover_4_placement
168,Scintillator,1700.83862771,20.027587898,World/hcal_below_ecal/hcal_below_ecal_layer1_strip6
168,Scintillator,1724.39549123,20.027587898,World/hcal_below_ecal/hcal_below_ecal_layer2_strip6
168,Scintillator,1747.95235475,20.027587898,World/hcal_below_ecal/hcal_below_ecal_layer3_strip6
168,Scintillator,1771.50921827,20.027587898,World/hcal_below_ecal/hcal_below_ecal_layer4_strip6
168,Aluminum3003,1700.33793801,0.500689697451,World/hcal_below_ecal/hcal_below_ecal_cover_1_placement
168,Aluminum3003,1723.89480153,0.500689697451,World/hcal_below_ecal/hcal_below_ecal_cover_2_placement
168,Aluminum3003,1747.45166505,0.500689697451,World/hcal_below_ecal/hcal_below_ecal_cover_3_placement
168,Aluminum3003,1771.00852857,0.500689697451,World/hcal_below_ecal/hcal_below_ecal_cover_4_placement
169,Polyvinyltoluene,855.459362934,2.00245178556,World/native_target/trigger_pad3_bar_volume_12
169,Polyvinyltoluene,859.464266505,2.00245178556,World/native_target/trigger_pad3_bar_volume_13
169,LYSO,934.856576231,0.600735535667,World/native_target/lvTarget_3/lvTargetArray2_phys/target_0
169,Polyvinyltoluene,554.290614386,2.00245178556,World/native_trig_scint/trigger_pad1_bar_volume_3
169,Polyvinyltoluene,629.582801523,1.22249857377,World/native_trig_scint/trigger_pad2_bar_volume_5
169,Polyvinyltoluene,550.285710815,2.00245178556,World/native_trig_scint/trigger_pad1_bar_volume_4
169,Polyvinyltoluene,625.577897952,2.00245178556,World/native_trig_scint/trigger_pad2_bar_volume_6
169,Silicon,690.797752607,0.320392285689,World/native_recoil/recoil_l14_sensor_vol_10
169,Silicon,696.805107964,0.320392285689,World/native_recoil/recoil_l14_sensor_vol_20
169,Silicon,790.920341885,0.320392285689,World/native_recoil/recoil_l14_sensor_vol_30
169,Silicon,796.927697242,0.320392285689,World/native_recoil/recoil_l14_sensor_vol_40
169,Aluminum,1351.03675871,0.800980714223,World/native_ecal/support_box_0/front_0_volume_0
169,Aluminum,1580.71797851,0.800980714223,World/native_ecal/support_box_0/front_1_volume_0
169,FR4,1428.63476907,0.9011033035,World/native_ecal/PCB_motherboard_volume_0
169,FR4,1433.80710204,1.66804233737,World/native_ecal/PCB_volume_0
169,Glue,1435.47514437,0.100122589278,World/native_ecal/Glue_volume_0
169,Silicon,1435.57526696,0.300367767833,World/native_ecal/Si_volume_0
169,Glue,1435.87563473,0.200245178556,World/native_ecal/GlueThick_volume_0
169,Aluminum,1438.42876076,3.20392285689,World/native_ecal/C_volume_CarbonCoolingPlane_0
169,Glue,1441.63268361,0.200245178555,World/native_ecal/GlueThick_volume_0
169,Silicon,1441.83292879,0.300367767833,World/native_ecal/Si_volume_7
169,Glue,1442.13329656,0.100122589278,World/native_ecal/Glue_volume_0
169,FR4,1442.23341915,1.66804233737,World/native_ecal/PCB_volume_0
169,FR4,1448.67330409,0.9011033035,World/native_ecal/PCB_motherboard_volume_0
169,FR4,1479.51706894,0.9011033035,World/native_ecal/PCB_motherboard_volume_0
169,FR4,1484.68940191,1.66804233737,World/native_ecal/PCB_volume_0
169,Glue,1486.35744424,0.100122589278,World/native_ecal/Glue_volume_0
169,Silicon,1486.45756683,0.300367767833,World/native_ecal/Si_volume_14
169,Glue,1486.7579346,0.200245178556,World/native_ecal/GlueThick_volume_0
169,Aluminum,1489.31106063,3.20392285689,World/native_ecal/C_volume_CarbonCoolingPlane_0
169,Glue,1492.51498348,0.200245178556,World/native_ecal/GlueThick_volume_0
169,Silicon,1492.71522866,0.300367767833,World/native_ecal/Si_volume_21
169,Glue,1493.01559643,0.100122589278,World/native_ecal/Glue_volume_0
169,FR4,1493.11571902,1.66804233737,World/native_ecal/PCB_volume_0
169,FR4,1499.05499102,0.9011033035,World/native_ecal/PCB_motherboard_volume_0
169,Scintillator,231.572543089,20.0245178556,World/hcal_top/hcal_top_layer1_strip6
169,Scintillator,254.972776173,20.0245178556,World/hcal_top/hcal_top_layer2_strip5
169,Aluminum3003,231.071930142,0.500612946389,World/hcal_top/hcal_top_cover_1_placement
169,Aluminum3003,254.472163227,0.500612946389,World/hcal_top/hcal_top_cover_2_placement
169,Scintillator,1195.11744238,20.0245178556,World/hcal_above_ecal/hcal_above_ecal_layer1_strip2
169,Scintillator,1220.54858006,20.0245178556,World/hcal_above_ecal/hcal_above_ecal_layer2_strip4
169,Scintillator,1245.97971774,20.0245178556,World/hcal_above_ecal/hcal_above_ecal_layer3_strip2
169,Scintillator,1271.41085541,20.0245178556,World/hcal_above_ecal/hcal_above_ecal_layer4_strip4
169,Aluminum3003,1194.61682944,0.500612946389,World/hcal_above_ecal/hcal_above_ecal_cover_1_placement
169,Aluminum3003,1220.04796711,0.500612946389,World/hcal_above_ecal/hcal_above_ecal_cover_2_placement
169,Aluminum3003,1245.47910479,0.500612946389,World/hcal_above_ecal/hcal_above_ecal_cover_3_placement
169,Aluminum3003,1270.91024247,0.500612946389,World/hcal_above_ecal/hcal_above_ecal_cover_4_placement
169,Scintillator,1700.57790501,20.0245178556,World/hcal_below_ecal/hcal_below_ecal_layer1_strip4
169,Scintillator,1724.13115748,20.0245178556,World/hcal_below_ecal/hcal_below_ecal_layer2_strip6
169,Scintillator,1747.68440995,20.0245178556,World/hcal_below_ecal/hcal_below_ecal_layer3_strip4
169,Scintillator,1771.23766242,20.0245178556,World/hcal_below_ecal/hcal_below_ecal_layer4_strip6
169,Aluminum3003,1700.07729206,0.500612946389,World/hcal_below_ecal/hcal_below_ecal_cover_1_placement
169,Aluminum3003,1723.63054453,0.500612946389,World/hcal_below_ecal/hcal_below_ecal_cover_2_placement
169,Aluminum3003,1747.183797,0.500612946389,World/hcal_below_ecal/hcal_below_ecal_cover_3_placement
169,Aluminum3003,1770.73704948,0.500612946389,World/hcal_below_ecal/hcal_below_ecal_cover_4_placement
170,Polyvinyltoluene,862.285252813,2.00902435558,World/native_target/trigger_pad3_bar_volume_1
170,Polyvinyltoluene,858.267204102,2.00902435558,World/native_target/trigger_pad3_bar_volume_2
170,LYSO,937.925019801,0.602707306673,World/native_target/lvTarget_3/lvTargetArray2_phys/target_0
170,Polyvinyltoluene,627.631208082,2.00902435558,World/native_trig_scint/trigger_pad2_bar_volume_14
170,Polyvinyltoluene,631.649256793,2.00902435558,World/native_trig_scint/trigger_pad2_bar_volume_15
170,Polyvinyltoluene,552.091892312,2.00902435558,World/native_trig_scint/trigger_pad1_bar_volume_18
170,Polyvinyltoluene,556.109941023,2.00902435558,World/native_trig_scint/trigger_pad1_bar_volume_19
170,Silicon,693.065131343,0.321443896892,World/native_recoil/recoil_l14_sensor_vol_10
170,Silicon,699.09220441,0.321443896892,World/native_recoil/recoil_l14_sensor_vol_20
170,Silicon,793.516349122,0.321443896892,World/native_recoil/recoil_l14_sensor_vol_30
170,Silicon,799.543422189,0.321443896892,World/native_recoil/recoil_l14_sensor_vol_40
170,Aluminum,1355.47121439,0.80360974223,World/native_ecal/support_box_0/front_0_volume_0
170,Aluminum,1585.90630797,0.80360974223,World/native_ecal/support_box_0/front_1_volume_0
170,FR4,1433.3239217,0.904060960009,World/native_ecal/PCB_motherboard_volume_0
170,FR4,1438.51323161,1.67351728819,World/native_ecal/PCB_volume_0
170,Glue,1440.1867489,0.100451217779,World/native_ecal/Glue_volume_0
170,Silicon,1440.28720012,0.301353653336,World/native_ecal/Si_volume_0
170,Glue,1440.58855377,0.200902435557,World/native_ecal/GlueThick_volume_0
170,Aluminum,1443.15005982,3.21443896892,World/native_ecal/C_volume_CarbonCoolingPlane_0
170,Glue,1446.36449879,0.200902435557,World/native_ecal/GlueThick_volume_0
170,Silicon,1446.56540123,0.301353653336,World/native_ecal/Si_volume_7
170,Glue,1446.86675488,0.100451217779,World/native_ecal/Glue_volume_0
170,FR4,1446.9672061,1.67351728819,World/native_ecal/PCB_volume_0
170,FR4,1453.42822843,0.904060960009,World/native_ecal/PCB_motherboard_volume_0
170,FR4,1484.37323058,0.904060960009,World/native_ecal/PCB_motherboard_volume_0
170,FR4,1489.56254049,1.67351728819,World/native_ecal/PCB_volume_0
170,Glue,1491.23605777,0.100451217779,World/native_ecal/Glue_volume_0
170,Silicon,1491.33650899,0.301353653336,World/native_ecal/Si_volume_14
170,Glue,1491.63786265,0.200902435557,World/native_ecal/GlueThick_volume_0
170,Aluminum,1494.1993687,3.21443896892,World/native_ecal/C_volume_CarbonCoolingPlane_0
170,Glue,1497.41380767,0.200902435558,World/native_ecal/GlueThick_volume_0
170,Silicon,1497.6147101,0.301353653336,World/native_ecal/Si_volume_21
170,Glue,1497.91606376,0.100451217779,World/native_ecal/Glue_volume_0
170,FR4,1498.01651497,1.67351728819,World/native_ecal/PCB_volume_0
170,FR4,1503.97528121,0.904060960009,World/native_ecal/PCB_motherboard_volume_0
170,Scintillator,232.332624687,20.0902435558,World/hcal_top/hcal_top_layer1_strip6
170,Scintillator,255.809663451,20.0902435558,World/hcal_top/hcal_top_layer2_strip4
170,Aluminum3003,231.830368598,0.502256088894,World/hcal_top/hcal_top_cover_1_placement
170,Aluminum3003,255.307407362,0.502256088894,World/hcal_top/hcal_top_cover_2_placement
170,Scintillator,1199.04013012,20.0902435558,World/hcal_above_ecal/hcal_above_ecal_layer1_strip4
170,Scintillator,1224.55473944,20.0902435558,World/hcal_above_ecal/hcal_above_ecal_layer2_strip4
170,Scintillator,1250.06934876,20.0902435558,World/hcal_above_ecal/hcal_above_ecal_layer3_strip4
170,Scintillator,1275.58395807,20.0902435558,World/hcal_above_ecal/hcal_above_ecal_layer4_strip4
170,Aluminum3003,1198.53787403,0.502256088894,World/hcal_above_ecal/hcal_above_ecal_cover_1_placement
170,Aluminum3003,1224.05248335,0.502256088894,World/hcal_above_ecal/hcal_above_ecal_cover_2_placement
170,Aluminum3003,1249.56709267,0.502256088894,World/hcal_above_ecal/hcal_above_ecal_cover_3_placement
170,Aluminum3003,1275.08170198,0.502256088894,World/hcal_above_ecal/hcal_above_ecal_cover_4_placement
170,Scintillator,1706.15964607,20.0902435558,World/hcal_below_ecal/hcal_below_ecal_layer1_strip6
170,Scintillator,1729.79020647,20.0902435558,World/hcal_below_ecal/hcal_below_ecal_layer2_strip6
170,Scintillator,1753.42076687,20.0902435558,World/hcal_below_ecal/hcal_below_ecal_layer3_strip7
170,Scintillator,1777.05132727,20.0902435558,World/hcal_below_ecal/hcal_below_ecal_layer4_strip6
170,Aluminum3003,1705.65738998,0.502256088894,World/hcal_below_ecal/hcal_below_ecal_cover_1_placement
170,Aluminum3003,1729.28795038,0.502256088894,World/hcal_below_ecal/hcal_below_ecal_cover_2_placement
170,Aluminum3003,1752.91851078,0.502256088894,World/hcal_below_ecal/hcal_below_ecal_cover_3_placement
170,Aluminum3003,1776.54907118,0.502256088894,World/hcal_below_ecal/hcal_below_ecal_cover_4_placement
171,Polyvinyltoluene,860.394540895,2.00461921669,World/native_target/trigger_pad3_bar_volume_23
171,LYSO,935.066606717,0.601385765008,World/native_target/lvTarget_3/lvTargetArray1_phys/target_0
171,LYSO,935.868454403,0.601385765008,World/native_target/lvTarget_3/lvTargetArray2_phys/target_0
171,Polyvinyltoluene,550.881333837,2.00461921669,World/native_trig_scint/trigger_pad1_bar_volume_10
171,Polyvinyltoluene,554.890572271,2.00461921669,World/native_trig_scint/trigger_pad1_bar_volume_11
171,Polyvinyltoluene,630.264254818,2.00461921669,World/native_trig_scint/trigger_pad2_bar_volume_13
171,Polyvinyltoluene,626.255016385,2.00461921669,World/native_trig_scint/trigger_pad2_bar_volume_14
171,Silicon,691.545464273,0.320739074671,World/native_recoil/recoil_l14_sensor_vol_10
171,Silicon,697.559321923,0.320739074671,World/native_recoil/recoil_l14_sensor_vol_20
171,Silicon,791.776425107,0.320739074671,World/native_recoil/recoil_l14_sensor_vol_30
171,Silicon,797.790282757,0.320739074671,World/native_recoil/recoil_l14_sensor_vol_40
171,Aluminum,1352.4991056,0.801847686678,World/native_ecal/support_box_0/front_0_volume_0
171,Aluminum,1582.42892975,0.801847686678,World/native_ecal/support_box_0/front_1_volume_0
171,FR4,1430.18110717,0.902078647513,World/native_ecal/PCB_motherboard_volume_0
171,FR4,1435.35903861,1.66984780751,World/native_ecal/PCB_volume_0
171,Glue,1437.02888642,0.100230960835,World/native_ecal/Glue_volume_0
171,Silicon,1437.12911738,0.300692882504,World/native_ecal/Si_volume_0
171,Glue,1437.42981026,0.200461921669,World/native_ecal/GlueThick_volume_0
171,Aluminum,1439.98569976,3.20739074671,World/native_ecal/C_volume_CarbonCoolingPlane_0
171,Glue,1443.19309051,0.200461921669,World/native_ecal/GlueThick_volume_0
171,Silicon,1443.39355243,0.300692882504,World/native_ecal/Si_volume_7
171,Glue,1443.69424531,0.100230960835,World/native_ecal/Glue_volume_0
171,FR4,1443.79447627,1.66984780751,World/native_ecal/PCB_volume_0
171,FR4,1450.24133167,0.902078647513,World/native_ecal/PCB_motherboard_volume_0
171,FR4,1481.11848147,0.902078647512,World/native_ecal/PCB_motherboard_volume_0
171,FR4,1486.2964129,1.66984780751,World/native_ecal/PCB_volume_0
171,Glue,1487.96626071,0.100230960835,World/native_ecal/Glue_volume_0
171,Silicon,1488.06649167,0.300692882504,World/native_ecal/Si_volume_14
171,Glue,1488.36718455,0.200461921669,World/native_ecal/GlueThick_volume_0
171,Aluminum,1490.92307406,3.20739074671,World/native_ecal/C_volume_CarbonCoolingPlane_0
171,Glue,1494.1304648,0.200461921669,World/native_ecal/GlueThick_volume_0
171,Silicon,1494.33092672,0.300692882504,World/native_ecal/Si_volume_21
171,Glue,1494.63161961,0.100230960835,World/native_ecal/Glue_volume_0
171,FR4,1494.73185057,1.66984780751,World/native_ecal/PCB_volume_0
171,FR4,1500.67755116,0.902078647513,World/native_ecal/PCB_motherboard_volume_0
171,Scintillator,231.823194587,20.0461921669,World/hcal_top/hcal_top_layer1_strip6
171,Scintillator,255.248755819,20.0461921669,World/hcal_top/hcal_top_layer2_strip5
171,Aluminum3003,231.322039783,0.501154804174,World/hcal_top/hcal_top_cover_1_placement
171,Aluminum3003,254.747601015,0.501154804174,World/hcal_top/hcal_top_cover_2_placement
171,Scintillator,1196.41102397,20.0461921669,World/hcal_above_ecal/hcal_above_ecal_layer1_strip2
171,Scintillator,1221.86968802,20.0461921669,World/hcal_above_ecal/hcal_above_ecal_layer2_strip4
171,Scintillator,1247.32835207,20.0461921669,World/hcal_above_ecal/hcal_above_ecal_layer3_strip2
171,Scintillator,1272.78701613,20.0461921669,World/hcal_above_ecal/hcal_above_ecal_layer4_strip4
171,Aluminum3003,1195.90986916,0.501154804174,World/hcal_above_ecal/hcal_above_ecal_cover_1_placement
171,Aluminum3003,1221.36853322,0.501154804174,World/hcal_above_ecal/hcal_above_ecal_cover_2_placement
171,Aluminum3003,1246.82719727,0.501154804174,World/hcal_above_ecal/hcal_above_ecal_cover_3_placement
171,Aluminum3003,1272.28586132,0.501154804174,World/hcal_above_ecal/hcal_above_ecal_cover_4_placement
171,Scintillator,1702.41859128,20.0461921669,World/hcal_below_ecal/hcal_below_ecal_layer1_strip3
171,Scintillator,1725.99733752,20.0461921669,World/hcal_below_ecal/hcal_below_ecal_layer2_strip6
171,Scintillator,1749.57608377,20.0461921669,World/hcal_below_ecal/hcal_below_ecal_layer3_strip3
171,Scintillator,1773.15483001,20.0461921669,World/hcal_below_ecal/hcal_below_ecal_layer4_strip6
171,Aluminum3003,1701.91743647,0.501154804174,World/hcal_below_ecal/hcal_below_ecal_cover_1_placement
171,Aluminum3003,1725.49618272,0.501154804174,World/hcal_below_ecal/hcal_below_ecal_cover_2_placement
171,Aluminum3003,1749.07492896,0.501154804173,World/hcal_below_ecal/hcal_below_ecal_cover_3_placement
171,Aluminum3003,1772.65367521,0.501154804174,World/hcal_below_ecal/hcal_below_ecal_cover_4_placement
172,Polyvinyltoluene,855.321579788,2.00212926398,World/native_target/trigger_pad3_bar_volume_2
172,Polyvinyltoluene,859.325838316,2.00212926398,World/native_target/trigger_pad3_bar_volume_3
172,LYSO,933.905153399,0.361122993674,World/native_target/lvTarget_3/lvTargetArray1_phys/target_0
172,LYSO,934.706005105,0.600638779193,World/native_target/lvTarget_3/lvTargetArray2_phys/target_0
172,Polyvinyltoluene,629.481398812,2.00212926398,World/native_trig_scint/trigger_pad2_bar_volume_1
172,Polyvinyltoluene,554.201338486,2.00212926398,World/native_trig_scint/trigger_pad1_bar_volume_1
172,Polyvinyltoluene,625.477140284,2.00212926398,World/native_trig_scint/trigger_pad2_bar_volume_2
172,Silicon,690.686490411,0.320340682236,World/native_recoil/recoil_l14_sensor_vol_10
172,Silicon,696.692878203,0.320340682236,World/native_recoil/recoil_l14_sensor_vol_20
172,Silicon,790.79295361,0.320340682236,World/native_recoil/recoil_l14_sensor_vol_30
172,Silicon,796.799341402,0.320340682236,World/native_recoil/recoil_l14_sensor_vol_40
172,Aluminum,1350.81915621,0.800851705591,World/native_ecal/support_box_0/front_0_volume_0
172,Aluminum,1580.46338279,0.80085170559,World/native_ecal/support_box_0/front_1_volume_0
172,FR4,1428.40466838,0.900958168789,World/native_ecal/PCB_motherboard_volume_0
172,FR4,1433.57616827,1.66777367689,World/native_ecal/PCB_volume_0
172,Glue,1435.24394195,0.100106463199,World/native_ecal/Glue_volume_0
172,Silicon,1435.34404841,0.300319389596,World/native_ecal/Si_volume_0
172,Glue,1435.6443678,0.200212926398,World/native_ecal/GlueThick_volume_0
172,Aluminum,1438.19708261,3.20340682236,World/native_ecal/C_volume_CarbonCoolingPlane_0
172,Glue,1441.40048943,0.200212926398,World/native_ecal/GlueThick_volume_0
172,Silicon,1441.60070236,0.300319389596,World/native_ecal/Si_volume_7
172,Glue,1441.90102175,0.100106463199,World/native_ecal/Glue_volume_0
172,FR4,1442.00112821,1.66777367689,World/native_ecal/PCB_volume_0
172,FR4,1448.43997593,0.900958168789,World/native_ecal/PCB_motherboard_volume_0
172,FR4,1479.27877298,0.900958168789,World/native_ecal/PCB_motherboard_volume_0
172,FR4,1484.45027287,1.66777367689,World/native_ecal/PCB_volume_0
172,Glue,1486.11804654,0.100106463199,World/native_ecal/Glue_volume_0
172,Silicon,1486.21815301,0.300319389596,World/native_ecal/Si_volume_14
172,Glue,1486.5184724,0.200212926397,World/native_ecal/GlueThick_volume_0
172,Aluminum,1489.07118721,3.20340682236,World/native_ecal/C_volume_CarbonCoolingPlane_0
172,Glue,1492.27459403,0.200212926398,World/native_ecal/GlueThick_volume_0
172,Silicon,1492.47480696,0.300319389596,World/native_ecal/Si_volume_21
172,Glue,1492.77512635,0.100106463199,World/native_ecal/Glue_volume_0
172,FR4,1492.87523281,1.66777367689,World/native_ecal/PCB_volume_0
172,FR4,1498.81354821,0.900958168789,World/native_ecal/PCB_motherboard_volume_0
172,Scintillator,231.53524524,20.0212926398,World/hcal_top/hcal_top_layer1_strip7
172,Scintillator,254.931709405,20.0212926398,World/hcal_top/hcal_top_layer2_strip5
172,Aluminum3003,231.034712924,0.500532315994,World/hcal_top/hcal_top_cover_1_placement
172,Aluminum3003,254.431177089,0.500532315994,World/hcal_top/hcal_top_cover_2_placement
172,Scintillator,1194.92495277,20.0212926398,World/hcal_above_ecal/hcal_above_ecal_layer1_strip3
172,Scintillator,1220.35199442,20.0212926398,World/hcal_above_ecal/hcal_above_ecal_layer2_strip4
172,Scintillator,1245.77903608,20.0212926398,World/hcal_above_ecal/hcal_above_ecal_layer3_strip3
172,Scintillator,1271.20607773,20.0212926398,World/hcal_above_ecal/hcal_above_ecal_layer4_strip4
172,Aluminum3003,1194.42442045,0.500532315994,World/hcal_above_ecal/hcal_above_ecal_cover_1_placement
172,Aluminum3003,1219.85146211,0.500532315994,World/hcal_above_ecal/hcal_above_ecal_cover_2_placement
172,Aluminum3003,1245.27850376,0.500532315994,World/hcal_above_ecal/hcal_above_ecal_cover_3_placement
172,Aluminum3003,1270.70554541,0.500532315994,World/hcal_above_ecal/hcal_above_ecal_cover_4_placement
172,Scintillator,1700.30400424,20.0212926398,World/hcal_below_ecal/hcal_below_ecal_layer1_strip5
172,Scintillator,1723.85346315,20.0212926398,World/hcal_below_ecal/hcal_below_ecal_layer2_strip5
172,Scintillator,1747.40292206,20.0212926398,World/hcal_below_ecal/hcal_below_ecal_layer3_strip5
172,Scintillator,1770.95238096,20.0212926398,World/hcal_below_ecal/hcal_below_ecal_layer4_strip5
172,Aluminum3003,1699.80347193,0.500532315994,World/hcal_below_ecal/hcal_below_ecal_cover_1_placement
172,Aluminum3003,1723.35293083,0.500532315994,World/hcal_below_ecal/hcal_below_ecal_cover_2_placement
172,Aluminum3003,1746.90238974,0.500532315994,World/hcal_below_ecal/hcal_below_ecal_cover_3_placement
172,Aluminum3003,1770.45184865,0.500532315994,World/hcal_below_ecal/hcal_below_ecal_cover_4_placement
173,Polyvinyltoluene,860.123903856,2.00398866387,World/native_target/trigger_pad3_bar_volume_7
173,LYSO,934.772481585,0.601196599161,World/native_target/lvTarget_3/lvTargetArray1_phys/target_0
173,LYSO,935.574077051,0.601196599161,World/native_target/lvTarget_3/lvTargetArray2_phys/target_0
173,Polyvinyltoluene,630.066005244,2.00398866387,World/native_trig_scint/trigger_pad2_bar_volume_1
173,Polyvinyltoluene,550.708054155,2.00398866387,World/native_trig_scint/trigger_pad1_bar_volume_0
173,Polyvinyltoluene,554.716031482,2.00398866387,World/native_trig_scint/trigger_pad1_bar_volume_1
173,Polyvinyltoluene,626.058027916,2.00398866387,World/native_trig_scint/trigger_pad2_bar_volume_2
173,Silicon,691.327938698,0.320638186219,World/native_recoil/recoil_l14_sensor_vol_10
173,Silicon,697.33990469,0.320638186219,World/native_recoil/recoil_l14_sensor_vol_20
173,Silicon,791.527371892,0.320638186219,World/native_recoil/recoil_l14_sensor_vol_30
173,Silicon,797.539337883,0.320638186219,World/native_recoil/recoil_l14_sensor_vol_40
173,Aluminum,1352.0736771,0.801595465548,World/native_ecal/support_box_0/front_0_volume_0
173,Aluminum,1581.93117685,0.801595465548,World/native_ecal/support_box_0/front_1_volume_0
173,FR4,1429.73124381,0.901794898741,World/native_ecal/PCB_motherboard_volume_0
173,FR4,1434.90754653,1.669322557,World/native_ecal/PCB_volume_0
173,Glue,1436.57686909,0.100199433193,World/native_ecal/Glue_volume_0
173,Silicon,1436.67706852,0.30059829958,World/native_ecal/Si_volume_0
173,Glue,1436.97766682,0.200398866387,World/native_ecal/GlueThick_volume_0
173,Aluminum,1439.53275236,3.20638186219,World/native_ecal/C_volume_CarbonCoolingPlane_0
173,Glue,1442.73913423,0.200398866387,World/native_ecal/GlueThick_volume_0
173,Silicon,1442.93953309,0.30059829958,World/native_ecal/Si_volume_7
173,Glue,1443.24013139,0.100199433193,World/native_ecal/Glue_volume_0
173,FR4,1443.34033083,1.669322557,World/native_ecal/PCB_volume_0
173,FR4,1449.78515837,0.901794898741,World/native_ecal/PCB_motherboard_volume_0
173,FR4,1480.65259576,0.901794898741,World/native_ecal/PCB_motherboard_volume_0
173,FR4,1485.82889848,1.669322557,World/native_ecal/PCB_volume_0
173,Glue,1487.49822103,0.100199433193,World/native_ecal/Glue_volume_0
173,Silicon,1487.59842047,0.30059829958,World/native_ecal/Si_volume_14
173,Glue,1487.89901877,0.200398866387,World/native_ecal/GlueThick_volume_0
173,Aluminum,1490.45410431,3.20638186219,World/native_ecal/C_volume_CarbonCoolingPlane_0
173,Glue,1493.66048618,0.200398866387,World/native_ecal/GlueThick_volume_0
173,Silicon,1493.86088504,0.30059829958,World/native_ecal/Si_volume_21
173,Glue,1494.16148334,0.100199433193,World/native_ecal/Glue_volume_0
173,FR4,1494.26168278,1.669322557,World/native_ecal/PCB_volume_0
173,FR4,1500.20551315,0.901794898741,World/native_ecal/PCB_motherboard_volume_0
173,Scintillator,231.750274618,20.0398866387,World/hcal_top/hcal_top_layer1_strip5
173,Scintillator,255.168467342,20.0398866387,World/hcal_top/hcal_top_layer2_strip5
173,Aluminum3003,231.249277452,0.500997165967,World/hcal_top/hcal_top_cover_1_placement
173,Aluminum3003,254.667470176,0.500997165967,World/hcal_top/hcal_top_cover_2_placement
173,Scintillator,1196.03469297,20.0398866387,World/hcal_above_ecal/hcal_above_ecal_layer1_strip3
173,Scintillator,1221.485349,20.0398866387,World/hcal_above_ecal/hcal_above_ecal_layer2_strip4
173,Scintillator,1246.93600503,20.0398866387,World/hcal_above_ecal/hcal_above_ecal_layer3_strip3
173,Scintillator,1272.38666106,20.0398866387,World/hcal_above_ecal/hcal_above_ecal_layer4_strip4
173,Aluminum3003,1195.5336958,0.500997165967,World/hcal_above_ecal/hcal_above_ecal_cover_1_placement
173,Aluminum3003,1220.98435184,0.500997165967,World/hcal_above_ecal/hcal_above_ecal_cover_2_placement
173,Aluminum3003,1246.43500787,0.500997165967,World/hcal_above_ecal/hcal_above_ecal_cover_3_placement
173,Aluminum3003,1271.8856639,0.500997165967,World/hcal_above_ecal/hcal_above_ecal_cover_4_placement
173,Scintillator,1701.88309563,20.0398866387,World/hcal_below_ecal/hcal_below_ecal_layer1_strip4
173,Scintillator,1725.45442519,20.0398866387,World/hcal_below_ecal/hcal_below_ecal_layer2_strip7
173,Scintillator,1749.02575474,20.0398866387,World/hcal_below_ecal/hcal_below_ecal_layer3_strip4
173,Scintillator,1772.59708429,20.0398866387,World/hcal_below_ecal/hcal_below_ecal_layer4_strip7
173,Aluminum3003,1701.38209847,0.500997165967,World/hcal_below_ecal/hcal_below_ecal_cover_1_placement
173,Aluminum3003,1724.95342802,0.500997165967,World/hcal_below_ecal/hcal_below_ecal_cover_2_placement
173,Aluminum3003,1748.52475757,0.500997165967,World/hcal_below_ecal/hcal_below_ecal_cover_3_placement
173,Aluminum3003,1772.09608713,0.500997165967,World/hcal_below_ecal/hcal_below_ecal_cover_4_placement
174,Polyvinyltoluene,858.892722868,2.00112015535,World/native_target/trigger_pad3_bar_volume_23
174,LYSO,933.434448655,0.600336046606,World/native_target/lvTarget_3/lvTargetArray1_phys/target_0
174,LYSO,934.234896717,0.600336046606,World/native_target/lvTarget_3/lvTargetArray2_phys/target_0
174,Polyvinyltoluene,629.164129034,2.00112015535,World/native_trig_scint/trigger_pad2_bar_volume_21
174,Polyvinyltoluene,549.919770882,2.00112015535,World/native_trig_scint/trigger_pad1_bar_volume_20
174,Polyvinyltoluene,553.922011192,2.00112015535,World/native_trig_scint/trigger_pad1_bar_volume_21
174,Polyvinyltoluene,625.161888723,2.00112015535,World/native_trig_scint/trigger_pad2_bar_volume_22
174,Silicon,690.338372183,0.320179224857,World/native_recoil/recoil_l14_sensor_vol_10
174,Silicon,696.341732649,0.320179224857,World/native_recoil/recoil_l14_sensor_vol_20
174,Silicon,790.394379951,0.320179224857,World/native_recoil/recoil_l14_sensor_vol_30
174,Silicon,796.397740417,0.320179224857,World/native_recoil/recoil_l14_sensor_vol_40
174,Aluminum,1350.13831942,0.800448062142,World/native_ecal/support_box_0/front_0_volume_0
174,Aluminum,1579.66680124,0.800448062142,World/native_ecal/support_box_0/front_1_volume_0
174,FR4,1427.68472712,0.900504069909,World/native_ecal/PCB_motherboard_volume_0
174,FR4,1432.85362048,1.66693308941,World/native_ecal/PCB_volume_0
174,Glue,1434.52055357,0.100056007768,World/native_ecal/Glue_volume_0
174,Silicon,1434.62060958,0.300168023303,World/native_ecal/Si_volume_0
174,Glue,1434.9207776,0.200112015535,World/native_ecal/GlueThick_volume_0
174,Aluminum,1437.4722058,3.20179224857,World/native_ecal/C_volume_CarbonCoolingPlane_0
174,Glue,1440.67399805,0.200112015535,World/native_ecal/GlueThick_volume_0
174,Silicon,1440.87411006,0.300168023303,World/native_ecal/Si_volume_7
174,Glue,1441.17427809,0.100056007768,World/native_ecal/Glue_volume_0
174,FR4,1441.27433409,1.66693308941,World/native_ecal/PCB_volume_0
174,FR4,1447.70993651,0.900504069909,World/native_ecal/PCB_motherboard_volume_0
174,FR4,1478.53319027,0.900504069909,World/native_ecal/PCB_motherboard_volume_0
174,FR4,1483.70208363,1.66693308941,World/native_ecal/PCB_volume_0
174,Glue,1485.36901672,0.100056007768,World/native_ecal/Glue_volume_0
174,Silicon,1485.46907273,0.300168023303,World/native_ecal/Si_volume_14
174,Glue,1485.76924075,0.200112015535,World/native_ecal/GlueThick_volume_0
174,Aluminum,1488.32066895,3.20179224857,World/native_ecal/C_volume_CarbonCoolingPlane_0
174,Glue,1491.5224612,0.200112015535,World/native_ecal/GlueThick_volume_0
174,Silicon,1491.72257321,0.300168023303,World/native_ecal/Si_volume_21
174,Glue,1492.02274123,0.100056007768,World/native_ecal/Glue_volume_0
174,FR4,1492.12279724,1.66693308941,World/native_ecal/PCB_volume_0
174,FR4,1498.05811962,0.900504069909,World/native_ecal/PCB_motherboard_volume_0
174,Scintillator,231.418547375,20.0112015535,World/hcal_top/hcal_top_layer1_strip6
174,Scintillator,254.803219307,20.0112015535,World/hcal_top/hcal_top_layer2_strip4
174,Aluminum3003,230.918267336,0.500280038838,World/hcal_top/hcal_top_cover_1_placement
174,Aluminum3003,254.302939268,0.500280038839,World/hcal_top/hcal_top_cover_2_placement
174,Scintillator,1194.32268942,20.0112015535,World/hcal_above_ecal/hcal_above_ecal_layer1_strip2
174,Scintillator,1219.7369154,20.0112015535,World/hcal_above_ecal/hcal_above_ecal_layer2_strip4
174,Scintillator,1245.15114137,20.0112015535,World/hcal_above_ecal/hcal_above_ecal_layer3_strip2
174,Scintillator,1290.0864048,0.49016409276,World/hcal_above_ecal/hcal_above_ecal_layer4_strip3
174,Scintillator,1270.56536734,19.5210374608,World/hcal_above_ecal/hcal_above_ecal_layer4_strip4
174,Aluminum3003,1193.82240938,0.500280038838,World/hcal_above_ecal/hcal_above_ecal_cover_1_placement
174,Aluminum3003,1219.23663536,0.500280038838,World/hcal_above_ecal/hcal_above_ecal_cover_2_placement
174,Aluminum3003,1244.65086133,0.500280038839,World/hcal_above_ecal/hcal_above_ecal_cover_3_placement
174,Aluminum3003,1270.0650873,0.500280038838,World/hcal_above_ecal/hcal_above_ecal_cover_4_placement
174,Scintillator,1699.4470209,20.0112015535,World/hcal_below_ecal/hcal_below_ecal_layer1_strip4
174,Scintillator,1722.98461046,20.0112015535,World/hcal_below_ecal/hcal_below_ecal_layer2_strip5
174,Scintillator,1746.52220002,20.0112015535,World/hcal_below_ecal/hcal_below_ecal_layer3_strip4
174,Scintillator,1770.05978958,20.0112015535,World/hcal_below_ecal/hcal_below_ecal_layer4_strip5
174,Aluminum3003,1698.94674086,0.500280038838,World/hcal_below_ecal/hcal_below_ecal_cover_1_placement
174,Aluminum3003,1722.48433042,0.500280038838,World/hcal_below_ecal/hcal_below_ecal_cover_2_placement
174,Aluminum3003,1746.02191998,0.500280038838,World/hcal_below_ecal/hcal_below_ecal_cover_3_placement
174,Aluminum3003,1769.55950955,0.500280038839,World/hcal_below_ecal/hcal_below_ecal_cover_4_placement
175,LYSO,934.926809029,0.600780667015,World/native_target/lvTarget_3/lvTargetArray2_phys/target_0
175,Polyvinyltoluene,629.630100074,2.00260222338,World/native_trig_scint/trigger_pad2_bar_volume_3
175,Polyvinyltoluene,625.624895628,0.26586450839,World/native_trig_scint/trigger_pad2_bar_volume_4
175,Polyvinyltoluene,554.332256475,2.00260222338,World/native_trig_scint/trigger_pad1_bar_volume_5
175,Polyvinyltoluene,550.327052028,2.00260222338,World/native_trig_scint/trigger_pad1_bar_volume_6
175,Silicon,690.849650043,0.320416355741,World/native_recoil/recoil_l14_sensor_vol_10
175,Silicon,696.857456713,0.320416355741,World/native_recoil/recoil_l14_sensor_vol_20
175,Silicon,790.979761212,0.320416355741,World/native_recoil/recoil_l14_sensor_vol_30
175,Silicon,796.987567883,0.320416355741,World/native_recoil/recoil_l14_sensor_vol_40
175,Aluminum,1351.1382578,0.801040889354,World/native_ecal/support_box_0/front_0_volume_0
175,Aluminum,1580.83673282,0.801040889354,World/native_ecal/support_box_0/front_1_volume_0
175,FR4,1428.74209786,0.901171000523,World/native_ecal/PCB_motherboard_volume_0
175,FR4,1433.9148194,1.66816765208,World/native_ecal/PCB_volume_0
175,Glue,1435.58298705,0.100130111169,World/native_ecal/Glue_volume_0
175,Silicon,1435.68311716,0.300390333508,World/native_ecal/Si_volume_0
175,Glue,1435.9835075,0.200260222338,World/native_ecal/GlueThick_volume_0
175,Aluminum,1438.53682533,3.20416355741,World/native_ecal/C_volume_CarbonCoolingPlane_0
175,Glue,1441.74098889,0.200260222338,World/native_ecal/GlueThick_volume_0
175,Silicon,1441.94124911,0.300390333508,World/native_ecal/Si_volume_7
175,Glue,1442.24163944,0.100130111169,World/native_ecal/Glue_volume_0
175,FR4,1442.34176955,1.66816765208,World/native_ecal/PCB_volume_0
175,FR4,1448.78213831,0.901171000523,World/native_ecal/PCB_motherboard_volume_0
175,FR4,1479.62822035,0.901171000523,World/native_ecal/PCB_motherboard_volume_0
175,FR4,1484.8009419,1.66816765208,World/native_ecal/PCB_volume_0
175,Glue,1486.46910955,0.100130111169,World/native_ecal/Glue_volume_0
175,Silicon,1486.56923966,0.300390333508,World/native_ecal/Si_volume_14
175,Glue,1486.86962999,0.200260222338,World/native_ecal/GlueThick_volume_0
175,Aluminum,1489.42294783,3.20416355741,World/native_ecal/C_volume_CarbonCoolingPlane_0
175,Glue,1492.62711138,0.200260222338,World/native_ecal/GlueThick_volume_0
175,Silicon,1492.82737161,0.300390333508,World/native_ecal/Si_volume_21
175,Glue,1493.12776194,0.100130111169,World/native_ecal/Glue_volume_0
175,FR4,1493.22789205,1.66816765208,World/native_ecal/PCB_volume_0
175,FR4,1499.16761025,0.901171000523,World/native_ecal/PCB_motherboard_volume_0
175,Scintillator,231.589940396,20.0260222338,World/hcal_top/hcal_top_layer1_strip6
175,Scintillator,254.991931466,6.31710358574,World/hcal_top/hcal_top_layer2_strip4
175,Scintillator,261.309035052,13.7089186481,World/hcal_top/hcal_top_layer2_strip5
175,Aluminum3003,231.089289841,0.500650555846,World/hcal_top/hcal_top_cover_1_placement
175,Aluminum3003,254.49128091,0.500650555846,World/hcal_top/hcal_top_cover_2_placement
175,Scintillator,1195.20722775,20.0260222338,World/hcal_above_ecal/hcal_above_ecal_layer1_strip3
175,Scintillator,1220.64027599,20.0260222338,World/hcal_above_ecal/hcal_above_ecal_layer2_strip4
175,Scintillator,1246.07332423,20.0260222338,World/hcal_above_ecal/hcal_above_ecal_layer3_strip4
175,Scintillator,1271.50637246,20.0260222338,World/hcal_above_ecal/hcal_above_ecal_layer4_strip4
175,Aluminum3003,1194.70657719,0.500650555846,World/hcal_above_ecal/hcal_above_ecal_cover_1_placement
175,Aluminum3003,1220.13962543,0.500650555846,World/hcal_above_ecal/hcal_above_ecal_cover_2_placement
175,Aluminum3003,1245.57267367,0.500650555846,World/hcal_above_ecal/hcal_above_ecal_cover_3_placement
175,Aluminum3003,1271.00572191,0.500650555846,World/hcal_above_ecal/hcal_above_ecal_cover_4_placement
175,Scintillator,1700.70566401,20.0260222338,World/hcal_below_ecal/hcal_below_ecal_layer1_strip6
175,Scintillator,1724.26068596,20.0260222338,World/hcal_below_ecal/hcal_below_ecal_layer2_strip6
175,Scintillator,1747.81570792,20.0260222338,World/hcal_below_ecal/hcal_below_ecal_layer3_strip6
175,Scintillator,1771.37072987,20.0260222338,World/hcal_below_ecal/hcal_below_ecal_layer4_strip6
175,Aluminum3003,1700.20501346,0.500650555846,World/hcal_below_ecal/hcal_below_ecal_cover_1_placement
175,Aluminum3003,1723.76003541,0.500650555846,World/hcal_below_ecal/hcal_below_ecal_cover_2_placement
175,Aluminum3003,1747.31505736,0.500650555846,World/hcal_below_ecal/hcal_below_ecal_cover_3_placement
175,Aluminum3003,1770.87007931,0.500650555846,World/hcal_below_ecal/hcal_below_ecal_cover_4_placement
176,Polyvinyltoluene,856.491118239,2.00486690934,World/native_target/trigger_pad3_bar_volume_12
176,Polyvinyltoluene,860.500852058,2.00486690934,World/native_target/trigger_pad3_bar_volume_13
176,LYSO,935.182144431,0.601460072802,World/native_target/lvTarget_3/lvTargetArray1_phys/target_0
176,LYSO,935.984091195,0.601460072802,World/native_target/lvTarget_3/lvTargetArray2_phys/target_0
176,Polyvinyltoluene,551.763166806,1.19110135857,World/native_trig_scint/trigger_pad1_bar_volume_0
176,Polyvinyltoluene,626.332397047,2.00486690934,World/native_trig_scint/trigger_pad2_bar_volume_2
176,Polyvinyltoluene,630.342130866,2.00486690934,World/native_trig_scint/trigger_pad2_bar_volume_3
176,Silicon,691.630912284,0.320778705495,World/native_recoil/recoil_l14_sensor_vol_10
176,Silicon,697.645513012,0.320778705495,World/native_recoil/recoil_l14_sensor_vol_20
176,Silicon,791.874257751,0.320778705495,World/native_recoil/recoil_l14_sensor_vol_30
176,Silicon,797.888858479,0.320778705495,World/native_recoil/recoil_l14_sensor_vol_40
176,Aluminum,1352.66622166,0.801946763736,World/native_ecal/support_box_0/front_0_volume_0
176,Aluminum,1582.62445617,0.801946763736,World/native_ecal/support_box_0/front_1_volume_0
176,FR4,1430.3578217,0.902190109203,World/native_ecal/PCB_motherboard_volume_0
176,FR4,1435.53639293,1.67005413548,World/native_ecal/PCB_volume_0
176,Glue,1437.20644706,0.100243345467,World/native_ecal/Glue_volume_0
176,Silicon,1437.30669041,0.300730036401,World/native_ecal/Si_volume_0
176,Glue,1437.60742045,0.200486690934,World/native_ecal/GlueThick_volume_0
176,Aluminum,1440.16362575,3.20778705495,World/native_ecal/C_volume_CarbonCoolingPlane_0
176,Glue,1443.37141281,0.200486690934,World/native_ecal/GlueThick_volume_0
176,Silicon,1443.5718995,0.300730036401,World/native_ecal/Si_volume_7
176,Glue,1443.87262954,0.100243345467,World/native_ecal/Glue_volume_0
176,FR4,1443.97287288,1.67005413548,World/native_ecal/PCB_volume_0
176,FR4,1450.42052486,0.902190109203,World/native_ecal/PCB_motherboard_volume_0
176,FR4,1481.30148987,0.902190109203,World/native_ecal/PCB_motherboard_volume_0
176,FR4,1486.48006109,1.67005413548,World/native_ecal/PCB_volume_0
176,Glue,1488.15011523,0.100243345467,World/native_ecal/Glue_volume_0
176,Silicon,1488.25035858,0.300730036401,World/native_ecal/Si_volume_14
176,Glue,1488.55108861,0.200486690934,World/native_ecal/GlueThick_volume_0
176,Aluminum,1491.10729392,3.20778705495,World/native_ecal/C_volume_CarbonCoolingPlane_0
176,Glue,1494.31508098,0.200486690934,World/native_ecal/GlueThick_volume_0
176,Silicon,1494.51556767,0.300730036401,World/native_ecal/Si_volume_21
176,Glue,1494.8162977,0.100243345467,World/native_ecal/Glue_volume_0
176,FR4,1494.91654105,1.67005413548,World/native_ecal/PCB_volume_0
176,FR4,1500.8629763,0.902190109203,World/native_ecal/PCB_motherboard_volume_0
176,Scintillator,231.85183888,20.0486690934,World/hcal_top/hcal_top_layer1_strip6
176,Scintillator,255.280294597,20.0486690934,World/hcal_top/hcal_top_layer2_strip5
176,Aluminum3003,231.350622153,0.501216727335,World/hcal_top/hcal_top_cover_1_placement
176,Aluminum3003,254.779077869,0.501216727335,World/hcal_top/hcal_top_cover_2_placement
176,Scintillator,1196.55885365,20.0486690934,World/hcal_above_ecal/hcal_above_ecal_layer1_strip2
176,Scintillator,1222.0206634,20.0486690934,World/hcal_above_ecal/hcal_above_ecal_layer2_strip4
176,Scintillator,1247.48247314,20.0486690934,World/hcal_above_ecal/hcal_above_ecal_layer3_strip2
176,Scintillator,1272.94428289,20.0486690934,World/hcal_above_ecal/hcal_above_ecal_layer4_strip4
176,Aluminum3003,1196.05763692,0.501216727335,World/hcal_above_ecal/hcal_above_ecal_cover_1_placement
176,Aluminum3003,1221.51944667,0.501216727335,World/hcal_above_ecal/hcal_above_ecal_cover_2_placement
176,Aluminum3003,1246.98125642,0.501216727335,World/hcal_above_ecal/hcal_above_ecal_cover_3_placement
176,Aluminum3003,1272.44306617,0.501216727335,World/hcal_above_ecal/hcal_above_ecal_cover_4_placement
176,Scintillator,1702.62894373,20.0486690934,World/hcal_below_ecal/hcal_below_ecal_layer1_strip3
176,Scintillator,1726.21060338,20.0486690934,World/hcal_below_ecal/hcal_below_ecal_layer2_strip6
176,Scintillator,1749.79226304,20.0486690934,World/hcal_below_ecal/hcal_below_ecal_layer3_strip3
176,Scintillator,1773.3739227,20.0486690934,World/hcal_below_ecal/hcal_below_ecal_layer4_strip6
176,Aluminum3003,1702.127727,0.501216727335,World/hcal_below_ecal/hcal_below_ecal_cover_1_placement
176,Aluminum3003,1725.70938666,0.501216727335,World/hcal_below_ecal/hcal_below_ecal_cover_2_placement
176,Aluminum3003,1749.29104631,0.501216727335,World/hcal_below_ecal/hcal_below_ecal_cover_3_placement
176,Aluminum3003,1772.87270597,0.501216727335,World/hcal_below_ecal/hcal_below_ecal_cover_4_placement
177,LYSO,933.593741397,0.600438495338,World/native_target/lvTarget_3/lvTargetArray1_phys/target_0
177,LYSO,934.394326058,0.600438495338,World/native_target/lvTarget_3/lvTargetArray2_phys/target_0
177,Polyvinyltoluene,554.016539262,2.00146165113,World/native_trig_scint/trigger_pad1_bar_volume_17
177,Polyvinyltoluene,629.271497344,2.00146165113,World/native_trig_scint/trigger_pad2_bar_volume_19
177,Polyvinyltoluene,550.013615959,2.00146165113,World/native_trig_scint/trigger_pad1_bar_volume_18
177,Polyvinyltoluene,625.268574042,2.00146165113,World/native_trig_scint/trigger_pad2_bar_volume_20
177,Silicon,690.456180019,0.32023386418,World/native_recoil/recoil_l14_sensor_vol_10
177,Silicon,696.460564972,0.32023386418,World/native_recoil/recoil_l14_sensor_vol_20
177,Silicon,790.529262575,0.32023386418,World/native_recoil/recoil_l14_sensor_vol_30
177,Silicon,796.533647528,0.32023386418,World/native_recoil/recoil_l14_sensor_vol_40
177,Aluminum,1350.36872364,0.80058466045,World/native_ecal/support_box_0/front_0_volume_0
177,Aluminum,1579.93637502,0.80058466045,World/native_ecal/support_box_0/front_1_volume_0
177,FR4,1427.92836481,0.900657743006,World/native_ecal/PCB_motherboard_volume_0
177,FR4,1433.09814026,1.66721755539,World/native_ecal/PCB_volume_0
177,Glue,1434.76535781,0.100073082556,World/native_ecal/Glue_volume_0
177,Silicon,1434.8654309,0.300219247669,World/native_ecal/Si_volume_0
177,Glue,1435.16565014,0.200146165112,World/native_ecal/GlueThick_volume_0
177,Aluminum,1437.71751375,3.2023386418,World/native_ecal/C_volume_CarbonCoolingPlane_0
177,Glue,1440.91985239,0.200146165113,World/native_ecal/GlueThick_volume_0
177,Silicon,1441.11999856,0.300219247669,World/native_ecal/Si_volume_7
177,Glue,1441.4202178,0.100073082556,World/native_ecal/Glue_volume_0
177,FR4,1441.52029089,1.66721755539,World/native_ecal/PCB_volume_0
177,FR4,1447.95699156,0.900657743006,World/native_ecal/PCB_motherboard_volume_0
177,FR4,1478.78550537,0.900657743006,World/native_ecal/PCB_motherboard_volume_0
177,FR4,1483.95528081,1.66721755539,World/native_ecal/PCB_volume_0
177,Glue,1485.62249837,0.100073082556,World/native_ecal/Glue_volume_0
177,Silicon,1485.72257145,0.300219247669,World/native_ecal/Si_volume_14
177,Glue,1486.0227907,0.200146165112,World/native_ecal/GlueThick_volume_0
177,Aluminum,1488.5746543,3.2023386418,World/native_ecal/C_volume_CarbonCoolingPlane_0
177,Glue,1491.77699295,0.200146165112,World/native_ecal/GlueThick_volume_0
177,Silicon,1491.97713911,0.300219247669,World/native_ecal/Si_volume_21
177,Glue,1492.27735836,0.100073082556,World/native_ecal/Glue_volume_0
177,FR4,1492.37743144,1.66721755539,World/native_ecal/PCB_volume_0
177,FR4,1498.3137667,0.900657743006,World/native_ecal/PCB_motherboard_volume_0
177,Scintillator,231.458039484,20.0146165113,World/hcal_top/hcal_top_layer1_strip6
177,Scintillator,254.846702064,20.0146165113,World/hcal_top/hcal_top_layer2_strip5
177,Aluminum3003,230.957674071,0.500365412781,World/hcal_top/hcal_top_cover_1_placement
177,Aluminum3003,254.346336651,0.500365412781,World/hcal_top/hcal_top_cover_2_placement
177,Scintillator,1194.52650335,20.0146165113,World/hcal_above_ecal/hcal_above_ecal_layer1_strip2
177,Scintillator,1219.94506631,20.0146165113,World/hcal_above_ecal/hcal_above_ecal_layer2_strip4
177,Scintillator,1245.36362929,20.0146165113,World/hcal_above_ecal/hcal_above_ecal_layer3_strip2
177,Scintillator,1270.78219225,20.0146165113,World/hcal_above_ecal/hcal_above_ecal_layer4_strip4
177,Aluminum3003,1194.02613793,0.500365412781,World/hcal_above_ecal/hcal_above_ecal_cover_1_placement
177,Aluminum3003,1219.4447009,0.500365412781,World/hcal_above_ecal/hcal_above_ecal_cover_2_placement
177,Aluminum3003,1244.86326387,0.500365412781,World/hcal_above_ecal/hcal_above_ecal_cover_3_placement
177,Aluminum3003,1270.28182684,0.500365412781,World/hcal_above_ecal/hcal_above_ecal_cover_4_placement
177,Scintillator,1710.35562106,9.39603091133,World/hcal_below_ecal/hcal_below_ecal_layer1_strip3
177,Scintillator,1699.73703546,10.6185856106,World/hcal_below_ecal/hcal_below_ecal_layer1_strip4
177,Scintillator,1723.27864176,20.0146165113,World/hcal_below_ecal/hcal_below_ecal_layer2_strip6
177,Scintillator,1746.82024807,20.0146165113,World/hcal_below_ecal/hcal_below_ecal_layer3_strip3
177,Scintillator,1770.36185437,20.0146165113,World/hcal_below_ecal/hcal_below_ecal_layer4_strip6
177,Aluminum3003,1699.23667004,0.500365412781,World/hcal_below_ecal/hcal_below_ecal_cover_1_placement
177,Aluminum3003,1722.77827635,0.500365412781,World/hcal_below_ecal/hcal_below_ecal_cover_2_placement
177,Aluminum3003,1746.31988265,0.500365412781,World/hcal_below_ecal/hcal_below_ecal_cover_3_placement
177,Aluminum3003,1769.86148896,0.500365412781,World/hcal_below_ecal/hcal_below_ecal_cover_4_placement
178,LYSO,935.948553521,0.601952986905,World/native_target/lvTarget_3/lvTargetArray1_phys/target_0
178,LYSO,936.751157504,0.601952986905,World/native_target/lvTarget_3/lvTargetArray2_phys/target_0
178,Polyvinyltoluene,626.845694746,2.00650995635,World/native_trig_scint/trigger_pad2_bar_volume_6
178,Polyvinyltoluene,630.858714658,2.00650995635,World/native_trig_scint/trigger_pad2_bar_volume_7
178,Polyvinyltoluene,555.4139403,2.00650995635,World/native_trig_scint/trigger_pad1_bar_volume_9
178,Polyvinyltoluene,551.400920387,2.00650995635,World/native_trig_scint/trigger_pad1_bar_volume_10
178,Silicon,692.197724024,0.321041593016,World/native_recoil/recoil_l14_sensor_vol_10
178,Silicon,698.217253893,0.321041593016,World/native_recoil/recoil_l14_sensor_vol_20
178,Silicon,792.523221841,0.321041593016,World/native_recoil/recoil_l14_sensor_vol_30
178,Silicon,798.54275171,0.321041593016,World/native_recoil/recoil_l14_sensor_vol_40
178,Aluminum,1353.77477115,0.802603982539,World/native_ecal/support_box_0/front_0_volume_0
178,Aluminum,1583.92146315,0.802603982539,World/native_ecal/support_box_0/front_1_volume_0
178,FR4,1431.53004173,0.902929480357,World/native_ecal/PCB_motherboard_volume_0
178,FR4,1436.71285694,1.67142279364,World/native_ecal/PCB_volume_0
178,Glue,1438.38427974,0.100325497817,World/native_ecal/Glue_volume_0
178,Silicon,1438.48460523,0.300976493452,World/native_ecal/Si_volume_0
178,Glue,1438.78558173,0.200650995635,World/native_ecal/GlueThick_volume_0
178,Aluminum,1441.34388192,3.21041593016,World/native_ecal/C_volume_CarbonCoolingPlane_0
178,Glue,1444.55429785,0.200650995635,World/native_ecal/GlueThick_volume_0
178,Silicon,1444.75494885,0.300976493452,World/native_ecal/Si_volume_7
178,Glue,1445.05592534,0.100325497817,World/native_ecal/Glue_volume_0
178,FR4,1445.15625084,1.67142279364,World/native_ecal/PCB_volume_0
178,FR4,1451.60918686,0.902929480357,World/native_ecal/PCB_motherboard_volume_0
178,FR4,1482.51545972,0.902929480357,World/native_ecal/PCB_motherboard_volume_0
178,FR4,1487.69827493,1.67142279364,World/native_ecal/PCB_volume_0
178,Glue,1489.36969773,0.100325497817,World/native_ecal/Glue_volume_0
178,Silicon,1489.47002323,0.300976493452,World/native_ecal/Si_volume_14
178,Glue,1489.77099972,0.200650995635,World/native_ecal/GlueThick_volume_0
178,Aluminum,1492.32929991,3.21041593016,World/native_ecal/C_volume_CarbonCoolingPlane_0
178,Glue,1495.53971584,0.200650995635,World/native_ecal/GlueThick_volume_0
178,Silicon,1495.74036684,0.300976493452,World/native_ecal/Si_volume_21
178,Glue,1496.04134333,0.100325497817,World/native_ecal/Glue_volume_0
178,FR4,1496.14166883,1.67142279364,World/native_ecal/PCB_volume_0
178,FR4,1502.09297736,0.902929480357,World/native_ecal/PCB_motherboard_volume_0
178,Scintillator,232.041848236,20.0650995635,World/hcal_top/hcal_top_layer1_strip5
178,Scintillator,255.489504256,20.0650995635,World/hcal_top/hcal_top_layer2_strip4
178,Aluminum3003,231.540220747,0.501627489087,World/hcal_top/hcal_top_cover_1_placement
178,Aluminum3003,254.987876767,0.501627489087,World/hcal_top/hcal_top_cover_2_placement
178,Scintillator,1197.53946859,20.0650995635,World/hcal_above_ecal/hcal_above_ecal_layer1_strip3
178,Scintillator,1223.02214503,20.0650995635,World/hcal_above_ecal/hcal_above_ecal_layer2_strip5
178,Scintillator,1248.50482148,20.0650995635,World/hcal_above_ecal/hcal_above_ecal_layer3_strip4
178,Scintillator,1273.98749792,20.0650995635,World/hcal_above_ecal/hcal_above_ecal_layer4_strip5
178,Aluminum3003,1197.0378411,0.501627489087,World/hcal_above_ecal/hcal_above_ecal_cover_1_placement
178,Aluminum3003,1222.52051754,0.501627489087,World/hcal_above_ecal/hcal_above_ecal_cover_2_placement
178,Aluminum3003,1248.00319399,0.501627489087,World/hcal_above_ecal/hcal_above_ecal_cover_3_placement
178,Aluminum3003,1273.48587044,0.501627489087,World/hcal_above_ecal/hcal_above_ecal_cover_4_placement
178,Scintillator,1704.02429789,20.0650995635,World/hcal_below_ecal/hcal_below_ecal_layer1_strip6
178,Scintillator,1727.62528341,20.0650995635,World/hcal_below_ecal/hcal_below_ecal_layer2_strip7
178,Scintillator,1751.22626892,20.0650995635,World/hcal_below_ecal/hcal_below_ecal_layer3_strip6
178,Scintillator,1774.82725444,20.0650995635,World/hcal_below_ecal/hcal_below_ecal_layer4_strip7
178,Aluminum3003,1703.5226704,0.501627489087,World/hcal_below_ecal/hcal_below_ecal_cover_1_placement
178,Aluminum3003,1727.12365592,0.501627489087,World/hcal_below_ecal/hcal_below_ecal_cover_2_placement
178,Aluminum3003,1750.72464144,0.501627489087,World/hcal_below_ecal/hcal_below_ecal_cover_3_placement
178,Aluminum3003,1774.32562695,0.501627489087,World/hcal_below_ecal/hcal_below_ecal_cover_4_placement
179,Polyvinyltoluene,854.477566147,2.00015360424,World/native_target/trigger_pad3_bar_volume_14
179,LYSO,932.983595113,0.60004608127,World/native_target/lvTarget_3/lvTargetArray1_phys/target_0
179,LYSO,933.783656555,0.60004608127,World/native_target/lvTarget_3/lvTargetArray2_phys/target_0
179,Polyvinyltoluene,624.85993238,2.00015360424,World/native_trig_scint/trigger_pad2_bar_volume_12
179,Polyvinyltoluene,628.860239589,2.00015360424,World/native_trig_scint/trigger_pad2_bar_volume_13
179,Polyvinyltoluene,549.654156861,2.00015360424,World/native_trig_scint/trigger_pad1_bar_volume_12
179,Polyvinyltoluene,553.65446407,2.00015360423,World/native_trig_scint/trigger_pad1_bar_volume_13
179,Silicon,690.00493527,0.320024576678,World/native_recoil/recoil_l14_sensor_vol_10
179,Silicon,696.005396083,0.320024576678,World/native_recoil/recoil_l14_sensor_vol_20
179,Silicon,790.012615482,0.320024576678,World/native_recoil/recoil_l14_sensor_vol_30
179,Silicon,796.013076295,0.320024576678,World/native_recoil/recoil_l14_sensor_vol_40
179,Aluminum,1349.48619581,0.800061441694,World/native_ecal/support_box_0/front_0_volume_0
179,Aluminum,1578.90381421,0.800061441694,World/native_ecal/support_box_0/front_1_volume_0
179,FR4,1426.9951482,0.900069121906,World/native_ecal/PCB_motherboard_volume_0
179,FR4,1432.16154496,1.66612795233,World/native_ecal/PCB_volume_0
179,Glue,1433.82767291,0.100007680212,World/native_ecal/Glue_volume_0
179,Silicon,1433.92768059,0.300023040635,World/native_ecal/Si_volume_0
179,Glue,1434.22770364,0.200015360423,World/native_ecal/GlueThick_volume_0
179,Aluminum,1436.77789948,3.20024576678,World/native_ecal/C_volume_CarbonCoolingPlane_0
179,Glue,1439.97814525,0.200015360423,World/native_ecal/GlueThick_volume_0
179,Silicon,1440.17816061,0.300023040635,World/native_ecal/Si_volume_7
179,Glue,1440.47818365,0.100007680212,World/native_ecal/Glue_volume_0
179,FR4,1440.57819133,1.66612795233,World/native_ecal/PCB_volume_0
179,FR4,1447.01068532,0.900069121906,World/native_ecal/PCB_motherboard_volume_0
179,FR4,1477.81905129,0.900069121906,World/native_ecal/PCB_motherboard_volume_0
179,FR4,1482.98544805,1.66612795233,World/native_ecal/PCB_volume_0
179,Glue,1484.651576,0.100007680212,World/native_ecal/Glue_volume_0
179,Silicon,1484.75158368,0.300023040635,World/native_ecal/Si_volume_14
179,Glue,1485.05160672,0.200015360423,World/native_ecal/GlueThick_volume_0
179,Aluminum,1487.60180256,3.20024576678,World/native_ecal/C_volume_CarbonCoolingPlane_0
179,Glue,1490.80204833,0.200015360423,World/native_ecal/GlueThick_volume_0
179,Silicon,1491.00206369,0.300023040635,World/native_ecal/Si_volume_21
179,Glue,1491.30208673,0.100007680212,World/native_ecal/Glue_volume_0
179,FR4,1491.40209441,1.66612795233,World/native_ecal/PCB_volume_0
179,FR4,1497.33455,0.900069121906,World/native_ecal/PCB_motherboard_volume_0
179,Scintillator,231.30677105,20.0015360423,World/hcal_top/hcal_top_layer1_strip6
179,Scintillator,254.680148068,20.0015360423,World/hcal_top/hcal_top_layer2_strip5
179,Aluminum3003,230.806732649,0.500038401059,World/hcal_top/hcal_top_cover_1_placement
179,Aluminum3003,254.180109667,0.500038401059,World/hcal_top/hcal_top_cover_2_placement
179,Scintillator,1193.74582555,20.0015360423,World/hcal_above_ecal/hcal_above_ecal_layer1_strip3
179,Scintillator,1219.14777632,20.0015360423,World/hcal_above_ecal/hcal_above_ecal_layer2_strip4
179,Scintillator,1244.54972709,20.0015360423,World/hcal_above_ecal/hcal_above_ecal_layer3_strip3
179,Scintillator,1269.95167787,20.0015360423,World/hcal_above_ecal/hcal_above_ecal_layer4_strip4
179,Aluminum3003,1193.24578714,0.500038401059,World/hcal_above_ecal/hcal_above_ecal_cover_1_placement
179,Aluminum3003,1218.64773792,0.500038401059,World/hcal_above_ecal/hcal_above_ecal_cover_2_placement
179,Aluminum3003,1244.04968869,0.500038401059,World/hcal_above_ecal/hcal_above_ecal_cover_3_placement
179,Aluminum3003,1269.45163947,0.500038401059,World/hcal_above_ecal/hcal_above_ecal_cover_4_placement
179,Scintillator,1698.62617943,20.0015360423,World/hcal_below_ecal/hcal_below_ecal_layer1_strip4
179,Scintillator,1722.15240021,20.0015360423,World/hcal_below_ecal/hcal_below_ecal_layer2_strip6
179,Scintillator,1745.678621,20.0015360423,World/hcal_below_ecal/hcal_below_ecal_layer3_strip4
179,Scintillator,1769.20484179,20.0015360423,World/hcal_below_ecal/hcal_below_ecal_layer4_strip6
179,Aluminum3003,1698.12614102,0.500038401059,World/hcal_below_ecal/hcal_below_ecal_cover_1_placement
179,Aluminum3003,1721.65236181,0.500038401059,World/hcal_below_ecal/hcal_below_ecal_cover_2_placement
179,Aluminum3003,1745.1785826,0.500038401059,World/hcal_below_ecal/hcal_below_ecal_cover_3_placement
179,Aluminum3003,1768.70480339,0.500038401059,World/hcal_below_ecal/hcal_below_ecal_cover_4_placement
180,Polyvinyltoluene,861.439261064,2.01644947873,World/native_target/trigger_pad3_bar_volume_0
180,LYSO,941.391482896,0.60493484362,World/native_target/lvTarget_3/lvTargetArray2_phys/target_0
180,Polyvinyltoluene,633.983759863,2.01644947873,World/native_trig_scint/trigger_pad2_bar_volume_17
180,Polyvinyltoluene,629.950860905,1.1749097482,World/native_trig_scint/trigger_pad2_bar_volume_18
180,Polyvinyltoluene,554.132360505,2.01644947873,World/native_trig_scint/trigger_pad1_bar_volume_22
180,Polyvinyltoluene,558.165259462,2.01644947873,World/native_trig_scint/trigger_pad1_bar_volume_23
180,Silicon,695.626620428,0.322631916597,World/native_recoil/recoil_l14_sensor_vol_10
180,Silicon,701.675968864,0.322631916597,World/native_recoil/recoil_l14_sensor_vol_20
180,Silicon,796.449094364,0.322631916597,World/native_recoil/recoil_l14_sensor_vol_30
180,Silicon,802.4984428,0.322631916597,World/native_recoil/recoil_l14_sensor_vol_40
180,Aluminum,1360.48088024,0.806579791494,World/native_ecal/support_box_0/front_0_volume_0
180,Aluminum,1591.76763545,0.806579791494,World/native_ecal/support_box_0/front_1_volume_0
180,FR4,1438.62132221,0.90740226543,World/native_ecal/PCB_motherboard_volume_0
180,Aluminum,1448.48377661,3.22631916597,World/native_ecal/C_volume_CarbonCoolingPlane_0
180,FR4,1458.79993214,0.90740226543,World/native_ecal/PCB_motherboard_volume_0
180,FR4,1489.85930347,0.90740226543,World/native_ecal/PCB_motherboard_volume_0
180,Aluminum,1499.72175787,3.22631916597,World/native_ecal/C_volume_CarbonCoolingPlane_0
180,FR4,1509.53380103,0.90740226543,World/native_ecal/PCB_motherboard_volume_0
180,Scintillator,233.19129937,20.1644947873,World/hcal_top/hcal_top_layer1_strip7
180,Scintillator,256.755106572,20.1644947873,World/hcal_top/hcal_top_layer2_strip4
180,Aluminum3003,232.687187,0.504112369684,World/hcal_top/hcal_top_cover_1_placement
180,Aluminum3003,256.250994202,0.504112369684,World/hcal_top/hcal_top_cover_2_placement
180,Scintillator,1203.47164466,20.1644947873,World/hcal_above_ecal/hcal_above_ecal_layer1_strip4
180,Scintillator,1239.70619914,9.53884869227,World/hcal_above_ecal/hcal_above_ecal_layer2_strip3
180,Scintillator,1229.08055304,10.6256460951,World/hcal_above_ecal/hcal_above_ecal_layer2_strip4
180,Scintillator,1254.68946142,20.1644947873,World/hcal_above_ecal/hcal_above_ecal_layer3_strip4
180,Scintillator,1280.2983698,20.1644947873,World/hcal_above_ecal/hcal_above_ecal_layer4_strip3
180,Aluminum3003,1202.96753229,0.504112369683,World/hcal_above_ecal/hcal_above_ecal_cover_1_placement
180,Aluminum3003,1228.57644067,0.504112369683,World/hcal_above_ecal/hcal_above_ecal_cover_2_placement
180,Aluminum3003,1254.18534905,0.504112369683,World/hcal_above_ecal/hcal_above_ecal_cover_3_placement
180,Aluminum3003,1279.79425743,0.504112369683,World/hcal_above_ecal/hcal_above_ecal_cover_4_placement
180,Scintillator,1712.46541606,20.1644947873,World/hcal_below_ecal/hcal_below_ecal_layer1_strip7
180,Scintillator,1736.1833123,20.1644947873,World/hcal_below_ecal/hcal_below_ecal_layer2_strip5
180,Scintillator,1759.90120854,20.1644947873,World/hcal_below_ecal/hcal_below_ecal_layer3_strip7
180,Scintillator,1783.61910477,20.1644947873,World/hcal_below_ecal/hcal_below_ecal_layer4_strip5
180,Aluminum3003,1711.96130369,0.504112369683,World/hcal_below_ecal/hcal_below_ecal_cover_1_placement
180,Aluminum3003,1735.67919993,0.504112369684,World/hcal_below_ecal/hcal_below_ecal_cover_2_placement
180,Aluminum3003,1759.39709617,0.504112369683,World/hcal_below_ecal/hcal_below_ecal_cover_3_placement
180,Aluminum3003,1783.1149924,0.504112369683,World/hcal_below_ecal/hcal_below_ecal_cover_4_placement
181,Polyvinyltoluene,858.668978812,2.00059885772,World/native_target/trigger_pad3_bar_volume_17
181,LYSO,933.191286263,0.600179657317,World/native_target/lvTarget_3/lvTargetArray1_phys/target_0
181,Polyvinyltoluene,629.000229945,2.00059885772,World/native_trig_scint/trigger_pad2_bar_volume_13
181,Polyvinyltoluene,549.77651518,2.00059885772,World/native_trig_scint/trigger_pad1_bar_volume_12
181,Polyvinyltoluene,553.777712895,2.00059885772,World/native_trig_scint/trigger_pad1_bar_volume_13
181,Polyvinyltoluene,624.99903223,2.00059885772,World/native_trig_scint/trigger_pad2_bar_volume_14
181,Silicon,690.158537026,0.320095817236,World/native_recoil/recoil_l14_sensor_vol_10
181,Silicon,696.160333599,0.320095817236,World/native_recoil/recoil_l14_sensor_vol_20
181,Silicon,790.188479912,0.320095817236,World/native_recoil/recoil_l14_sensor_vol_30
181,Silicon,796.190276486,0.320095817236,World/native_recoil/recoil_l14_sensor_vol_40
181,Aluminum,1349.78660445,0.80023954309,World/native_ecal/support_box_0/front_0_volume_0
181,Aluminum,1579.25529344,0.80023954309,World/native_ecal/support_box_0/front_1_volume_0
181,FR4,1427.31281109,0.900269485976,World/native_ecal/PCB_motherboard_volume_0
181,FR4,1432.48035794,1.66649884848,World/native_ecal/PCB_volume_0
181,Glue,1434.14685679,0.100029942886,World/native_ecal/Glue_volume_0
181,Silicon,1434.24688673,0.300089828659,World/native_ecal/Si_volume_0
181,Glue,1434.54697656,0.200059885772,World/native_ecal/GlueThick_volume_0
181,Aluminum,1437.0977401,3.20095817236,World/native_ecal/C_volume_CarbonCoolingPlane_0
181,Glue,1440.29869828,0.200059885772,World/native_ecal/GlueThick_volume_0
181,Silicon,1440.49875816,0.300089828659,World/native_ecal/Si_volume_7
181,Glue,1440.79884799,0.100029942886,World/native_ecal/Glue_volume_0
181,FR4,1440.89887793,1.66649884848,World/native_ecal/PCB_volume_0
181,FR4,1447.33280386,0.900269485976,World/native_ecal/PCB_motherboard_volume_0
181,FR4,1478.14802806,0.900269485976,World/native_ecal/PCB_motherboard_volume_0
181,FR4,1483.31557491,1.66649884848,World/native_ecal/PCB_volume_0
181,Glue,1484.98207376,0.100029942886,World/native_ecal/Glue_volume_0
181,Silicon,1485.08210371,0.300089828659,World/native_ecal/Si_volume_14
181,Glue,1485.38219353,0.200059885772,World/native_ecal/GlueThick_volume_0
181,Aluminum,1487.93295708,3.20095817236,World/native_ecal/C_volume_CarbonCoolingPlane_0
181,Glue,1491.13391525,0.200059885772,World/native_ecal/GlueThick_volume_0
181,Silicon,1491.33397514,0.300089828659,World/native_ecal/Si_volume_21
181,Glue,1491.63406496,0.100029942886,World/native_ecal/Glue_volume_0
181,FR4,1491.73409491,1.66649884848,World/native_ecal/PCB_volume_0
181,FR4,1497.66787112,0.900269485976,World/native_ecal/PCB_motherboard_volume_0
181,Scintillator,231.358262169,20.0059885772,World/hcal_top/hcal_top_layer1_strip6
181,Scintillator,254.736842326,20.0059885772,World/hcal_top/hcal_top_layer2_strip5
181,Aluminum3003,230.858112454,0.500149714431,World/hcal_top/hcal_top_cover_1_placement
181,Aluminum3003,254.236692612,0.500149714431,World/hcal_top/hcal_top_cover_2_placement
181,Scintillator,1194.01156488,20.0059885772,World/hcal_above_ecal/hcal_above_ecal_layer1_strip2
181,Scintillator,1219.41917038,20.0059885772,World/hcal_above_ecal/hcal_above_ecal_layer2_strip4
181,Scintillator,1244.82677587,20.0059885772,World/hcal_above_ecal/hcal_above_ecal_layer3_strip2
181,Scintillator,1270.23438136,20.0059885772,World/hcal_above_ecal/hcal_above_ecal_layer4_strip4
181,Aluminum3003,1193.51141517,0.500149714431,World/hcal_above_ecal/hcal_above_ecal_cover_1_placement
181,Aluminum3003,1218.91902066,0.500149714431,World/hcal_above_ecal/hcal_above_ecal_cover_2_placement
181,Aluminum3003,1244.32662616,0.500149714431,World/hcal_above_ecal/hcal_above_ecal_cover_3_placement
181,Aluminum3003,1269.73423165,0.500149714431,World/hcal_above_ecal/hcal_above_ecal_cover_4_placement
181,Scintillator,1699.00431,20.0059885772,World/hcal_below_ecal/hcal_below_ecal_layer1_strip4
181,Scintillator,1722.53576795,20.0059885772,World/hcal_below_ecal/hcal_below_ecal_layer2_strip6
181,Scintillator,1746.0672259,20.0059885772,World/hcal_below_ecal/hcal_below_ecal_layer3_strip4
181,Scintillator,1769.59868385,20.0059885772,World/hcal_below_ecal/hcal_below_ecal_layer4_strip6
181,Aluminum3003,1698.50416029,0.500149714431,World/hcal_below_ecal/hcal_below_ecal_cover_1_placement
181,Aluminum3003,1722.03561824,0.500149714431,World/hcal_below_ecal/hcal_below_ecal_cover_2_placement
181,Aluminum3003,1745.56707619,0.500149714431,World/hcal_below_ecal/hcal_below_ecal_cover_3_placement
181,Aluminum3003,1769.09853414,0.500149714431,World/hcal_below_ecal/hcal_below_ecal_cover_4_placement
182,Polyvinyltoluene,854.4134123,2.00000343347,World/native_target/trigger_pad3_bar_volume_4
182,Polyvinyltoluene,858.413419167,2.00000343347,World/native_target/trigger_pad3_bar_volume_5
182,LYSO,933.713548437,0.600001030041,World/native_target/lvTarget_3/lvTargetArray2_phys/target_0
182,Polyvinyltoluene,624.813018137,2.00000343347,World/native_trig_scint/trigger_pad2_bar_volume_4
182,Polyvinyltoluene,628.813025004,2.00000343347,World/native_trig_scint/trigger_pad2_bar_volume_5
182,Polyvinyltoluene,549.612889039,2.00000343347,World/native_trig_scint/trigger_pad1_bar_volume_4
182,Polyvinyltoluene,553.612895906,2.00000343347,World/native_trig_scint/trigger_pad1_bar_volume_5
182,Silicon,689.953129965,0.320000549355,World/native_recoil/recoil_l14_sensor_vol_10
182,Silicon,695.953140266,0.320000549356,World/native_recoil/recoil_l14_sensor_vol_20
182,Silicon,789.953301639,0.320000549356,World/native_recoil/recoil_l14_sensor_vol_30
182,Silicon,795.953311939,0.320000549356,World/native_recoil/recoil_l14_sensor_vol_40
182,Aluminum,1349.3848769,0.800001373389,World/native_ecal/support_box_0/front_0_volume_0
182,Aluminum,1578.78527072,0.800001373389,World/native_ecal/support_box_0/front_1_volume_0
182,FR4,1426.88800996,0.900001545062,World/native_ecal/PCB_motherboard_volume_0
182,FR4,1432.05401882,1.66600286008,World/native_ecal/PCB_volume_0
182,Glue,1433.72002168,0.100000171673,World/native_ecal/Glue_volume_0
182,Silicon,1433.82002186,0.300000515021,World/native_ecal/Si_volume_0
182,Glue,1434.12002237,0.200000343347,World/native_ecal/GlueThick_volume_0
182,Aluminum,1436.67002675,3.20000549355,World/native_ecal/C_volume_CarbonCoolingPlane_0
182,Glue,1439.87003224,0.200000343347,World/native_ecal/GlueThick_volume_0
182,Silicon,1440.07003259,0.300000515021,World/native_ecal/Si_volume_7
182,Glue,1440.3700331,0.100000171674,World/native_ecal/Glue_volume_0
182,FR4,1440.47003327,1.66600286008,World/native_ecal/PCB_volume_0
182,FR4,1446.90204431,0.900001545062,World/native_ecal/PCB_motherboard_volume_0
182,FR4,1477.7080972,0.900001545062,World/native_ecal/PCB_motherboard_volume_0
182,FR4,1482.87410607,1.66600286008,World/native_ecal/PCB_volume_0
182,Glue,1484.54010893,0.100000171674,World/native_ecal/Glue_volume_0
182,Silicon,1484.6401091,0.300000515021,World/native_ecal/Si_volume_14
182,Glue,1484.94010962,0.200000343347,World/native_ecal/GlueThick_volume_0
182,Aluminum,1487.49011399,3.20000549355,World/native_ecal/C_volume_CarbonCoolingPlane_0
182,Glue,1490.69011949,0.200000343347,World/native_ecal/GlueThick_volume_0
182,Silicon,1490.89011983,0.300000515021,World/native_ecal/Si_volume_21
182,Glue,1491.19012035,0.100000171673,World/native_ecal/Glue_volume_0
182,FR4,1491.29012052,1.66600286008,World/native_ecal/PCB_volume_0
182,FR4,1497.2221307,0.900001545062,World/native_ecal/PCB_motherboard_volume_0
182,Scintillator,231.289404627,20.0000343347,World/hcal_top/hcal_top_layer1_strip6
182,Scintillator,254.66102678,20.0000343347,World/hcal_top/hcal_top_layer2_strip5
182,Aluminum3003,230.789403768,0.500000858368,World/hcal_top/hcal_top_cover_1_placement
182,Aluminum3003,254.161025922,0.500000858368,World/hcal_top/hcal_top_cover_2_placement
182,Scintillator,1193.65619957,20.0000343347,World/hcal_above_ecal/hcal_above_ecal_layer1_strip3
182,Scintillator,1219.05624317,20.0000343347,World/hcal_above_ecal/hcal_above_ecal_layer2_strip4
182,Scintillator,1244.45628678,20.0000343347,World/hcal_above_ecal/hcal_above_ecal_layer3_strip3
182,Scintillator,1269.85633038,20.0000343347,World/hcal_above_ecal/hcal_above_ecal_layer4_strip4
182,Aluminum3003,1193.15619871,0.500000858368,World/hcal_above_ecal/hcal_above_ecal_cover_1_placement
182,Aluminum3003,1218.55624232,0.500000858368,World/hcal_above_ecal/hcal_above_ecal_cover_2_placement
182,Aluminum3003,1243.95628592,0.500000858368,World/hcal_above_ecal/hcal_above_ecal_cover_3_placement
182,Aluminum3003,1269.35632953,0.500000858368,World/hcal_above_ecal/hcal_above_ecal_cover_4_placement
182,Scintillator,1698.49864723,20.0000343347,World/hcal_below_ecal/hcal_below_ecal_layer1_strip5
182,Scintillator,1722.02310167,20.0000343347,World/hcal_below_ecal/hcal_below_ecal_layer2_strip6
182,Scintillator,1745.54755612,20.0000343347,World/hcal_below_ecal/hcal_below_ecal_layer3_strip5
182,Scintillator,1769.07201057,20.0000343347,World/hcal_below_ecal/hcal_below_ecal_layer4_strip6
182,Aluminum3003,1697.99864637,0.500000858368,World/hcal_below_ecal/hcal_below_ecal_cover_1_placement
182,Aluminum3003,1721.52310081,0.500000858368,World/hcal_below_ecal/hcal_below_ecal_cover_2_placement
182,Aluminum3003,1745.04755526,0.500000858368,World/hcal_below_ecal/hcal_below_ecal_cover_3_placement
182,Aluminum3003,1768.57200971,0.500000858368,World/hcal_below_ecal/hcal_below_ecal_cover_4_placement
183,Polyvinyltoluene,854.647680178,2.00055180567,World/native_target/trigger_pad3_bar_volume_14
183,Polyvinyltoluene,858.648783789,2.00055180567,World/native_target/trigger_pad3_bar_volume_15
183,LYSO,933.169338551,0.600165541701,World/native_target/lvTarget_3/lvTargetArray1_phys/target_0
183,LYSO,933.969559273,0.600165541701,World/native_target/lvTarget_3/lvTargetArray2_phys/target_0
183,Polyvinyltoluene,628.985436498,2.00055180567,World/native_trig_scint/trigger_pad2_bar_volume_17
183,Polyvinyltoluene,624.984332887,2.00055180567,World/native_trig_scint/trigger_pad2_bar_volume_18
183,Polyvinyltoluene,553.764688605,2.00055180567,World/native_trig_scint/trigger_pad1_bar_volume_19
183,Silicon,690.142305198,0.320088288907,World/native_recoil/recoil_l14_sensor_vol_10
183,Silicon,696.143960615,0.320088288907,World/native_recoil/recoil_l14_sensor_vol_20
183,Silicon,790.169895481,0.320088288907,World/native_recoil/recoil_l14_sensor_vol_30
183,Silicon,796.171550898,0.320088288907,World/native_recoil/recoil_l14_sensor_vol_40
183,Aluminum,1349.75485884,0.800220722268,World/native_ecal/support_box_0/front_0_volume_0
183,Aluminum,1579.21815095,0.800220722268,World/native_ecal/support_box_0/front_1_volume_0
183,FR4,1427.27924214,0.900248312552,World/native_ecal/PCB_motherboard_volume_0
183,FR4,1432.44666746,1.66645965412,World/native_ecal/PCB_volume_0
183,Glue,1434.11312711,0.100027590283,World/native_ecal/Glue_volume_0
183,Silicon,1434.2131547,0.300082770851,World/native_ecal/Si_volume_0
183,Glue,1434.51323747,0.200055180567,World/native_ecal/GlueThick_volume_0
183,Aluminum,1437.06394102,3.20088288907,World/native_ecal/C_volume_CarbonCoolingPlane_0
183,Glue,1440.26482391,0.200055180567,World/native_ecal/GlueThick_volume_0
183,Silicon,1440.46487909,0.30008277085,World/native_ecal/Si_volume_7
183,Glue,1440.76496186,0.100027590283,World/native_ecal/Glue_volume_0
183,FR4,1440.86498945,1.66645965412,World/native_ecal/PCB_volume_0
183,FR4,1447.29876406,0.900248312552,World/native_ecal/PCB_motherboard_volume_0
183,FR4,1478.11326352,0.900248312552,World/native_ecal/PCB_motherboard_volume_0
183,FR4,1483.28068884,1.66645965412,World/native_ecal/PCB_volume_0
183,Glue,1484.94714849,0.100027590283,World/native_ecal/Glue_volume_0
183,Silicon,1485.04717608,0.30008277085,World/native_ecal/Si_volume_14
183,Glue,1485.34725885,0.200055180567,World/native_ecal/GlueThick_volume_0
183,Aluminum,1487.89796241,3.20088288907,World/native_ecal/C_volume_CarbonCoolingPlane_0
183,Glue,1491.09884529,0.200055180567,World/native_ecal/GlueThick_volume_0
183,Silicon,1491.29890047,0.30008277085,World/native_ecal/Si_volume_21
183,Glue,1491.59898325,0.100027590284,World/native_ecal/Glue_volume_0
183,FR4,1491.69901084,1.66645965412,World/native_ecal/PCB_volume_0
183,FR4,1497.63264749,0.900248312552,World/native_ecal/PCB_motherboard_volume_0
183,Scintillator,231.352820857,20.0055180567,World/hcal_top/hcal_top_layer1_strip6
183,Scintillator,254.730851174,20.0055180567,World/hcal_top/hcal_top_layer2_strip4
183,Aluminum3003,230.852682906,0.500137951418,World/hcal_top/hcal_top_cover_1_placement
183,Aluminum3003,254.230713223,0.500137951418,World/hcal_top/hcal_top_cover_2_placement
183,Scintillator,1193.98348294,20.0055180567,World/hcal_above_ecal/hcal_above_ecal_layer1_strip3
183,Scintillator,1219.39049088,20.0055180567,World/hcal_above_ecal/hcal_above_ecal_layer2_strip4
183,Scintillator,1244.79749881,20.0055180567,World/hcal_above_ecal/hcal_above_ecal_layer3_strip3
183,Scintillator,1270.20450674,20.0055180567,World/hcal_above_ecal/hcal_above_ecal_layer4_strip4
183,Aluminum3003,1193.48334499,0.500137951417,World/hcal_above_ecal/hcal_above_ecal_cover_1_placement
183,Aluminum3003,1218.89035292,0.500137951417,World/hcal_above_ecal/hcal_above_ecal_cover_2_placement
183,Aluminum3003,1244.29736086,0.500137951418,World/hcal_above_ecal/hcal_above_ecal_cover_3_placement
183,Aluminum3003,1269.70436879,0.500137951417,World/hcal_above_ecal/hcal_above_ecal_cover_4_placement
183,Scintillator,1698.96435114,20.0055180567,World/hcal_below_ecal/hcal_below_ecal_layer1_strip5
183,Scintillator,1722.49525566,20.0055180567,World/hcal_below_ecal/hcal_below_ecal_layer2_strip6
183,Scintillator,1746.02616017,20.0055180567,World/hcal_below_ecal/hcal_below_ecal_layer3_strip5
183,Scintillator,1769.55706469,20.0055180567,World/hcal_below_ecal/hcal_below_ecal_layer4_strip6
183,Aluminum3003,1698.46421319,0.500137951417,World/hcal_below_ecal/hcal_below_ecal_cover_1_placement
183,Aluminum3003,1721.99511771,0.500137951417,World/hcal_below_ecal/hcal_below_ecal_cover_2_placement
183,Aluminum3003,1745.52602222,0.500137951417,World/hcal_below_ecal/hcal_below_ecal_cover_3_placement
183,Aluminum3003,1769.05692674,0.500137951417,World/hcal_below_ecal/hcal_below_ecal_cover_4_placement
184,Polyvinyltoluene,854.524479774,2.00026341924,World/native_target/trigger_pad3_bar_volume_10
184,LYSO,933.03481898,0.600079025773,World/native_target/lvTarget_3/lvTargetArray1_phys/target_0
184,LYSO,933.834924347,0.600079025773,World/native_target/lvTarget_3/lvTargetArray2_phys/target_0
184,Polyvinyltoluene,624.894239245,2.00026341924,World/native_trig_scint/trigger_pad2_bar_volume_10
184,Polyvinyltoluene,628.894766084,2.00026341924,World/native_trig_scint/trigger_pad2_bar_volume_11
184,Polyvinyltoluene,549.684334682,2.00026341924,World/native_trig_scint/trigger_pad1_bar_volume_10
184,Polyvinyltoluene,553.68486152,2.00026341924,World/native_trig_scint/trigger_pad1_bar_volume_11
184,Silicon,690.04281881,0.320042147079,World/native_recoil/recoil_l14_sensor_vol_10
184,Silicon,696.043609068,0.320042147079,World/native_recoil/recoil_l14_sensor_vol_20
184,Silicon,790.055989772,0.320042147079,World/native_recoil/recoil_l14_sensor_vol_30
184,Silicon,796.05678003,0.320042147079,World/native_recoil/recoil_l14_sensor_vol_40
184,Aluminum,1349.56028704,0.800105367698,World/native_ecal/support_box_0/front_0_volume_0
184,Aluminum,1578.99050122,0.800105367698,World/native_ecal/support_box_0/front_1_volume_0
184,FR4,1427.07349493,0.90011853866,World/native_ecal/PCB_motherboard_volume_0
184,FR4,1432.24017534,1.66621942823,World/native_ecal/PCB_volume_0
184,Glue,1433.90639477,0.100013170962,World/native_ecal/Glue_volume_0
184,Silicon,1434.00640794,0.300039512886,World/native_ecal/Si_volume_0
184,Glue,1434.30644745,0.200026341924,World/native_ecal/GlueThick_volume_0
184,Aluminum,1436.85678331,3.20042147079,World/native_ecal/C_volume_CarbonCoolingPlane_0
184,Glue,1440.05720478,0.200026341924,World/native_ecal/GlueThick_volume_0
184,Silicon,1440.25723112,0.300039512887,World/native_ecal/Si_volume_7
184,Glue,1440.55727064,0.100013170962,World/native_ecal/Glue_volume_0
184,FR4,1440.65728381,1.66621942823,World/native_ecal/PCB_volume_0
184,FR4,1447.09013096,0.90011853866,World/native_ecal/PCB_motherboard_volume_0
184,FR4,1477.90018841,0.90011853866,World/native_ecal/PCB_motherboard_volume_0
184,FR4,1483.06686882,1.66621942823,World/native_ecal/PCB_volume_0
184,Glue,1484.73308825,0.100013170962,World/native_ecal/Glue_volume_0
184,Silicon,1484.83310142,0.300039512887,World/native_ecal/Si_volume_14
184,Glue,1485.13314093,0.200026341924,World/native_ecal/GlueThick_volume_0
184,Aluminum,1487.68347679,3.20042147079,World/native_ecal/C_volume_CarbonCoolingPlane_0
184,Glue,1490.88389827,0.200026341924,World/native_ecal/GlueThick_volume_0
184,Silicon,1491.08392461,0.300039512887,World/native_ecal/Si_volume_21
184,Glue,1491.38396412,0.100013170962,World/native_ecal/Glue_volume_0
184,FR4,1491.48397729,1.66621942823,World/native_ecal/PCB_volume_0
184,FR4,1497.41675859,0.90011853866,World/native_ecal/PCB_motherboard_volume_0
184,Scintillator,231.319470552,20.0026341924,World/hcal_top/hcal_top_layer1_strip6
184,Scintillator,254.694130845,20.0026341924,World/hcal_top/hcal_top_layer2_strip5
184,Aluminum3003,230.819404697,0.500065854811,World/hcal_top/hcal_top_cover_1_placement
184,Aluminum3003,254.194064991,0.500065854811,World/hcal_top/hcal_top_cover_2_placement
184,Scintillator,1193.81136612,20.0026341924,World/hcal_above_ecal/hcal_above_ecal_layer1_strip3
184,Scintillator,1219.21471154,20.0026341924,World/hcal_above_ecal/hcal_above_ecal_layer2_strip4
184,Scintillator,1244.61805697,20.0026341924,World/hcal_above_ecal/hcal_above_ecal_layer3_strip3
184,Scintillator,1270.02140239,20.0026341924,World/hcal_above_ecal/hcal_above_ecal_layer4_strip4
184,Aluminum3003,1193.31130026,0.500065854811,World/hcal_above_ecal/hcal_above_ecal_cover_1_placement
184,Aluminum3003,1218.71464569,0.500065854811,World/hcal_above_ecal/hcal_above_ecal_cover_2_placement
184,Aluminum3003,1244.11799111,0.500065854811,World/hcal_above_ecal/hcal_above_ecal_cover_3_placement
184,Aluminum3003,1269.52133654,0.500065854811,World/hcal_above_ecal/hcal_above_ecal_cover_4_placement
184,Scintillator,1698.71943959,20.0026341924,World/hcal_below_ecal/hcal_below_ecal_layer1_strip5
184,Scintillator,1722.24695204,20.0026341924,World/hcal_below_ecal/hcal_below_ecal_layer2_strip6
184,Scintillator,1745.7744645,20.0026341924,World/hcal_below_ecal/hcal_below_ecal_layer3_strip5
184,Scintillator,1769.30197695,20.0026341924,World/hcal_below_ecal/hcal_below_ecal_layer4_strip6
184,Aluminum3003,1698.21937373,0.500065854811,World/hcal_below_ecal/hcal_below_ecal_cover_1_placement
184,Aluminum3003,1721.74688619,0.500065854811,World/hcal_below_ecal/hcal_below_ecal_cover_2_placement
184,Aluminum3003,1745.27439864,0.500065854811,World/hcal_below_ecal/hcal_below_ecal_cover_3_placement
184,Aluminum3003,1768.80191109,0.500065854811,World/hcal_below_ecal/hcal_below_ecal_cover_4_placement
185,LYSO,937.726273783,0.602579593183,World/native_target/lvTarget_3/lvTargetArray2_phys/target_0
185,Polyvinyltoluene,555.992101501,1.12638720593,World/native_trig_scint/trigger_pad1_bar_volume_13
185,Polyvinyltoluene,551.974904213,2.00859864394,World/native_trig_scint/trigger_pad1_bar_volume_14
185,Polyvinyltoluene,627.498213226,2.00859864394,World/native_trig_scint/trigger_pad2_bar_volume_16
185,Polyvinyltoluene,631.515410514,2.00859864394,World/native_trig_scint/trigger_pad2_bar_volume_17
185,Silicon,692.918271059,0.321375783031,World/native_recoil/recoil_l14_sensor_vol_10
185,Silicon,698.944066991,0.321375783031,World/native_recoil/recoil_l14_sensor_vol_20
185,Silicon,793.348203256,0.321375783031,World/native_recoil/recoil_l14_sensor_vol_30
185,Silicon,799.373999188,0.321375783031,World/native_recoil/recoil_l14_sensor_vol_40
185,Aluminum,1355.18399046,0.803439457578,World/native_ecal/support_box_0/front_0_volume_0
185,Aluminum,1585.57025492,0.803439457578,World/native_ecal/support_box_0/front_1_volume_0
185,FR4,1433.02020081,0.903869389775,World/native_ecal/PCB_motherboard_volume_0
185,FR4,1438.20841111,1.67316267041,World/native_ecal/PCB_volume_0
185,Glue,1439.88157378,0.100429932197,World/native_ecal/Glue_volume_0
185,Silicon,1439.98200371,0.301289796591,World/native_ecal/Si_volume_0
185,Glue,1440.28329351,0.200859864394,World/native_ecal/GlueThick_volume_0
185,Aluminum,1442.84425678,3.21375783031,World/native_ecal/C_volume_CarbonCoolingPlane_0
185,Glue,1446.05801461,0.200859864394,World/native_ecal/GlueThick_volume_0
185,Silicon,1446.25887447,0.301289796591,World/native_ecal/Si_volume_7
185,Glue,1446.56016427,0.100429932197,World/native_ecal/Glue_volume_0
185,FR4,1446.6605942,1.67316267041,World/native_ecal/PCB_volume_0
185,FR4,1453.12024744,0.903869389775,World/native_ecal/PCB_motherboard_volume_0
185,FR4,1484.05869235,0.903869389775,World/native_ecal/PCB_motherboard_volume_0
185,FR4,1489.24690265,1.67316267041,World/native_ecal/PCB_volume_0
185,Glue,1490.92006532,0.100429932197,World/native_ecal/Glue_volume_0
185,Silicon,1491.02049525,0.301289796592,World/native_ecal/Si_volume_14
185,Glue,1491.32178505,0.200859864394,World/native_ecal/GlueThick_volume_0
185,Aluminum,1493.88274832,3.21375783031,World/native_ecal/C_volume_CarbonCoolingPlane_0
185,Glue,1497.09650615,0.200859864394,World/native_ecal/GlueThick_volume_0
185,Silicon,1497.29736602,0.301289796592,World/native_ecal/Si_volume_21
185,Glue,1497.59865581,0.100429932197,World/native_ecal/Glue_volume_0
185,FR4,1497.69908574,1.67316267041,World/native_ecal/PCB_volume_0
185,FR4,1503.65658932,0.903869389775,World/native_ecal/PCB_motherboard_volume_0
185,Scintillator,232.283393477,20.0859864394,World/hcal_top/hcal_top_layer1_strip5
185,Scintillator,255.755457464,20.0859864394,World/hcal_top/hcal_top_layer2_strip5
185,Aluminum3003,231.781243816,0.502149660986,World/hcal_top/hcal_top_cover_1_placement
185,Aluminum3003,255.253307803,0.502149660986,World/hcal_top/hcal_top_cover_2_placement
185,Scintillator,1198.7860539,20.0859864394,World/hcal_above_ecal/hcal_above_ecal_layer1_strip2
185,Scintillator,1224.29525667,20.0859864394,World/hcal_above_ecal/hcal_above_ecal_layer2_strip5
185,Scintillator,1249.80445945,20.0859864394,World/hcal_above_ecal/hcal_above_ecal_layer3_strip2
185,Scintillator,1275.31366223,20.0859864394,World/hcal_above_ecal/hcal_above_ecal_layer4_strip5
185,Aluminum3003,1198.28390423,0.502149660986,World/hcal_above_ecal/hcal_above_ecal_cover_1_placement
185,Aluminum3003,1223.79310701,0.502149660986,World/hcal_above_ecal/hcal_above_ecal_cover_2_placement
185,Aluminum3003,1249.30230979,0.502149660986,World/hcal_above_ecal/hcal_above_ecal_cover_3_placement
185,Aluminum3003,1274.81151257,0.502149660986,World/hcal_above_ecal/hcal_above_ecal_cover_4_placement
185,Scintillator,1705.79811137,20.0859864394,World/hcal_below_ecal/hcal_below_ecal_layer1_strip3
185,Scintillator,1729.42366447,20.0859864394,World/hcal_below_ecal/hcal_below_ecal_layer2_strip7
185,Scintillator,1753.04921756,20.0859864394,World/hcal_below_ecal/hcal_below_ecal_layer3_strip3
185,Scintillator,1776.67477065,20.0859864394,World/hcal_below_ecal/hcal_below_ecal_layer4_strip7
185,Aluminum3003,1705.29596171,0.502149660986,World/hcal_below_ecal/hcal_below_ecal_cover_1_placement
185,Aluminum3003,1728.92151481,0.502149660986,World/hcal_below_ecal/hcal_below_ecal_cover_2_placement
185,Aluminum3003,1752.5470679,0.502149660986,World/hcal_below_ecal/hcal_below_ecal_cover_3_placement
185,Aluminum3003,1776.17262099,0.502149660986,World/hcal_below_ecal/hcal_below_ecal_cover_4_placement
186,LYSO,933.441453955,0.600340552047,World/native_target/lvTarget_3/lvTargetArray1_phys/target_0
186,LYSO,934.241908024,0.600340552047,World/native_target/lvTarget_3/lvTargetArray2_phys/target_0
186,Polyvinyltoluene,625.166580479,2.00113517349,World/native_trig_scint/trigger_pad2_bar_volume_2
186,Polyvinyltoluene,629.168850826,2.00113517349,World/native_trig_scint/trigger_pad2_bar_volume_3
186,Polyvinyltoluene,549.923897955,2.00113517349,World/native_trig_scint/trigger_pad1_bar_volume_4
186,Silicon,690.343553079,0.320181627759,World/native_recoil/recoil_l14_sensor_vol_10
186,Silicon,696.3469586,0.320181627758,World/native_recoil/recoil_l14_sensor_vol_20
186,Silicon,790.400311754,0.320181627758,World/native_recoil/recoil_l14_sensor_vol_30
186,Silicon,796.403717274,0.320181627759,World/native_recoil/recoil_l14_sensor_vol_40
186,Aluminum,1350.14845203,0.800454069396,World/native_ecal/support_box_0/front_0_volume_0
186,Aluminum,1579.67865643,0.800454069396,World/native_ecal/support_box_0/front_1_volume_0
186,FR4,1427.6954417,0.900510828071,World/native_ecal/PCB_motherboard_volume_0
186,FR4,1432.86437385,1.66694559952,World/native_ecal/PCB_volume_0
186,Glue,1434.53131945,0.100056758674,World/native_ecal/Glue_volume_0
186,Silicon,1434.63137621,0.300170276023,World/native_ecal/Si_volume_0
186,Glue,1434.93154649,0.200113517349,World/native_ecal/GlueThick_volume_0
186,Aluminum,1437.48299383,3.20181627758,World/native_ecal/C_volume_CarbonCoolingPlane_0
186,Glue,1440.68481011,0.200113517349,World/native_ecal/GlueThick_volume_0
186,Silicon,1440.88492363,0.300170276024,World/native_ecal/Si_volume_7
186,Glue,1441.18509391,0.100056758675,World/native_ecal/Glue_volume_0
186,FR4,1441.28515066,1.66694559952,World/native_ecal/PCB_volume_0
186,FR4,1447.72080138,0.900510828071,World/native_ecal/PCB_motherboard_volume_0
186,FR4,1478.54428646,0.900510828071,World/native_ecal/PCB_motherboard_volume_0
186,FR4,1483.71321861,1.66694559952,World/native_ecal/PCB_volume_0
186,Glue,1485.38016421,0.100056758674,World/native_ecal/Glue_volume_0
186,Silicon,1485.48022097,0.300170276024,World/native_ecal/Si_volume_14
186,Glue,1485.78039125,0.200113517349,World/native_ecal/GlueThick_volume_0
186,Aluminum,1488.33183859,3.20181627758,World/native_ecal/C_volume_CarbonCoolingPlane_0
186,Glue,1491.53365487,0.200113517349,World/native_ecal/GlueThick_volume_0
186,Silicon,1491.73376839,0.300170276023,World/native_ecal/Si_volume_21
186,Glue,1492.03393866,0.100056758674,World/native_ecal/Glue_volume_0
186,FR4,1492.13399542,1.66694559952,World/native_ecal/PCB_volume_0
186,FR4,1498.06936235,0.900510828071,World/native_ecal/PCB_motherboard_volume_0
186,Scintillator,231.42028414,20.0113517349,World/hcal_top/hcal_top_layer1_strip6
186,Scintillator,254.805131571,20.0113517349,World/hcal_top/hcal_top_layer2_strip5
186,Aluminum3003,230.920000346,0.500283793373,World/hcal_top/hcal_top_cover_1_placement
186,Aluminum3003,254.304847777,0.500283793373,World/hcal_top/hcal_top_cover_2_placement
186,Scintillator,1194.33165265,20.0113517349,World/hcal_above_ecal/hcal_above_ecal_layer1_strip3
186,Scintillator,1219.74606936,20.0113517349,World/hcal_above_ecal/hcal_above_ecal_layer2_strip4
186,Scintillator,1245.16048606,20.0113517349,World/hcal_above_ecal/hcal_above_ecal_layer3_strip3
186,Scintillator,1270.57490276,20.0113517349,World/hcal_above_ecal/hcal_above_ecal_layer4_strip4
186,Aluminum3003,1193.83136886,0.500283793373,World/hcal_above_ecal/hcal_above_ecal_cover_1_placement
186,Aluminum3003,1219.24578556,0.500283793373,World/hcal_above_ecal/hcal_above_ecal_cover_2_placement
186,Aluminum3003,1244.66020227,0.500283793373,World/hcal_above_ecal/hcal_above_ecal_cover_3_placement
186,Aluminum3003,1270.07461897,0.500283793372,World/hcal_above_ecal/hcal_above_ecal_cover_4_placement
186,Scintillator,1699.45977502,20.0113517349,World/hcal_below_ecal/hcal_below_ecal_layer1_strip5
186,Scintillator,1722.99754123,20.0113517349,World/hcal_below_ecal/hcal_below_ecal_layer2_strip6
186,Scintillator,1746.53530744,20.0113517349,World/hcal_below_ecal/hcal_below_ecal_layer3_strip5
186,Scintillator,1770.07307364,20.0113517349,World/hcal_below_ecal/hcal_below_ecal_layer4_strip6
186,Aluminum3003,1698.95949123,0.500283793373,World/hcal_below_ecal/hcal_below_ecal_cover_1_placement
186,Aluminum3003,1722.49725744,0.500283793373,World/hcal_below_ecal/hcal_below_ecal_cover_2_placement
186,Aluminum3003,1746.03502364,0.500283793373,World/hcal_below_ecal/hcal_below_ecal_cover_3_placement
186,Aluminum3003,1769.57278985,0.500283793373,World/hcal_below_ecal/hcal_below_ecal_cover_4_placement
187,Polyvinyltoluene,858.428862747,2.00003941522,World/native_target/trigger_pad3_bar_volume_19
187,LYSO,932.930330964,0.600011824565,World/native_target/lvTarget_3/lvTargetArray1_phys/target_0
187,LYSO,933.73034673,0.600011824565,World/native_target/lvTarget_3/lvTargetArray2_phys/target_0
187,Polyvinyltoluene,624.82425905,2.00003941522,World/native_trig_scint/trigger_pad2_bar_volume_18
187,Polyvinyltoluene,628.82433788,2.00003941522,World/native_trig_scint/trigger_pad2_bar_volume_19
187,Polyvinyltoluene,549.622777037,2.00003941522,World/native_trig_scint/trigger_pad1_bar_volume_18
187,Silicon,689.965542803,0.320006306435,World/native_recoil/recoil_l14_sensor_vol_10
187,Silicon,695.965661049,0.320006306435,World/native_recoil/recoil_l14_sensor_vol_20
187,Silicon,789.967513564,0.320006306435,World/native_recoil/recoil_l14_sensor_vol_30
187,Silicon,795.96763181,0.320006306435,World/native_recoil/recoil_l14_sensor_vol_40
187,Aluminum,1349.40915347,0.800015766087,World/native_ecal/support_box_0/front_0_volume_0
187,Aluminum,1578.8136744,0.800015766087,World/native_ecal/support_box_0/front_1_volume_0
187,FR4,1426.91368087,0.900017736848,World/native_ecal/PCB_motherboard_volume_0
187,FR4,1432.07978268,1.66603283288,World/native_ecal/PCB_volume_0
187,Glue,1433.74581552,0.100001970761,World/native_ecal/Glue_volume_0
187,Silicon,1433.84581749,0.300005912283,World/native_ecal/Si_volume_0
187,Glue,1434.1458234,0.200003941522,World/native_ecal/GlueThick_volume_0
187,Aluminum,1436.69587365,3.20006306435,World/native_ecal/C_volume_CarbonCoolingPlane_0
187,Glue,1439.89593672,0.200003941522,World/native_ecal/GlueThick_volume_0
187,Silicon,1440.09594066,0.300005912283,World/native_ecal/Si_volume_7
187,Glue,1440.39594657,0.100001970761,World/native_ecal/Glue_volume_0
187,FR4,1440.49594854,1.66603283288,World/native_ecal/PCB_volume_0
187,FR4,1446.9280753,0.900017736848,World/native_ecal/PCB_motherboard_volume_0
187,FR4,1477.73468241,0.900017736848,World/native_ecal/PCB_motherboard_volume_0
187,FR4,1482.90078422,1.66603283288,World/native_ecal/PCB_volume_0
187,Glue,1484.56681706,0.100001970761,World/native_ecal/Glue_volume_0
187,Silicon,1484.66681903,0.300005912283,World/native_ecal/Si_volume_14
187,Glue,1484.96682494,0.200003941522,World/native_ecal/GlueThick_volume_0
187,Aluminum,1487.51687519,3.20006306435,World/native_ecal/C_volume_CarbonCoolingPlane_0
187,Glue,1490.71693826,0.200003941522,World/native_ecal/GlueThick_volume_0
187,Silicon,1490.9169422,0.300005912283,World/native_ecal/Si_volume_21
187,Glue,1491.21694811,0.100001970761,World/native_ecal/Glue_volume_0
187,FR4,1491.31695008,1.66603283288,World/native_ecal/PCB_volume_0
187,FR4,1497.24906699,0.900017736848,World/native_ecal/PCB_motherboard_volume_0
187,Scintillator,231.293565718,20.0003941522,World/hcal_top/hcal_top_layer1_strip6
187,Scintillator,254.665608347,20.0003941522,World/hcal_top/hcal_top_layer2_strip4
187,Aluminum3003,230.793555864,0.500009853805,World/hcal_top/hcal_top_cover_1_placement
187,Aluminum3003,254.165598493,0.500009853805,World/hcal_top/hcal_top_cover_2_placement
187,Scintillator,1193.67767445,20.0003941522,World/hcal_above_ecal/hcal_above_ecal_layer1_strip2
187,Scintillator,1219.07817502,20.0003941522,World/hcal_above_ecal/hcal_above_ecal_layer2_strip4
187,Scintillator,1244.4786756,20.0003941522,World/hcal_above_ecal/hcal_above_ecal_layer3_strip2
187,Scintillator,1269.87917617,20.0003941522,World/hcal_above_ecal/hcal_above_ecal_layer4_strip4
187,Aluminum3003,1193.1776646,0.500009853805,World/hcal_above_ecal/hcal_above_ecal_cover_1_placement
187,Aluminum3003,1218.57816517,0.500009853804,World/hcal_above_ecal/hcal_above_ecal_cover_2_placement
187,Aluminum3003,1243.97866574,0.500009853804,World/hcal_above_ecal/hcal_above_ecal_cover_3_placement
187,Aluminum3003,1269.37916632,0.500009853805,World/hcal_above_ecal/hcal_above_ecal_cover_4_placement
187,Scintillator,1698.52920465,20.0003941522,World/hcal_below_ecal/hcal_below_ecal_layer1_strip4
187,Scintillator,1722.05408232,20.0003941522,World/hcal_below_ecal/hcal_below_ecal_layer2_strip6
187,Scintillator,1745.57895999,20.0003941522,World/hcal_below_ecal/hcal_below_ecal_layer3_strip4
187,Scintillator,1769.10383766,20.0003941522,World/hcal_below_ecal/hcal_below_ecal_layer4_strip6
187,Aluminum3003,1698.02919479,0.500009853805,World/hcal_below_ecal/hcal_below_ecal_cover_1_placement
187,Aluminum3003,1721.55407246,0.500009853804,World/hcal_below_ecal/hcal_below_ecal_cover_2_placement
187,Aluminum3003,1745.07895014,0.500009853804,World/hcal_below_ecal/hcal_below_ecal_cover_3_placement
187,Aluminum3003,1768.60382781,0.500009853804,World/hcal_below_ecal/hcal_below_ecal_cover_4_placement
188,Polyvinyltoluene,854.45327196,2.00009673662,World/native_target/trigger_pad3_bar_volume_6
188,Polyvinyltoluene,858.453465433,2.00009673662,World/native_target/trigger_pad3_bar_volume_7
188,LYSO,932.957068872,0.600029020985,World/native_target/lvTarget_3/lvTargetArray1_phys/target_0
188,Polyvinyltoluene,628.84236007,2.00009673662,World/native_trig_scint/trigger_pad2_bar_volume_7
188,Polyvinyltoluene,624.842166597,2.00009673662,World/native_trig_scint/trigger_pad2_bar_volume_8
188,Polyvinyltoluene,549.6385293,2.00009673662,World/native_trig_scint/trigger_pad1_bar_volume_8
188,Polyvinyltoluene,553.638722773,2.00009673662,World/native_trig_scint/trigger_pad1_bar_volume_9
188,Silicon,689.985317308,0.320015477859,World/native_recoil/recoil_l14_sensor_vol_10
188,Silicon,695.985607518,0.320015477859,World/native_recoil/recoil_l14_sensor_vol_20
188,Silicon,789.990154139,0.320015477859,World/native_recoil/recoil_l14_sensor_vol_30
188,Silicon,795.990444349,0.320015477858,World/native_recoil/recoil_l14_sensor_vol_40
188,Aluminum,1349.44782772,0.800038694646,World/native_ecal/support_box_0/front_0_volume_0
188,Aluminum,1578.85892341,0.800038694646,World/native_ecal/support_box_0/front_1_volume_0
188,FR4,1426.95457641,0.900043531477,World/native_ecal/PCB_motherboard_volume_0
188,FR4,1432.12082628,1.6660805816,World/native_ecal/PCB_volume_0
188,Glue,1433.78690686,0.100004836831,World/native_ecal/Glue_volume_0
188,Silicon,1433.8869117,0.300014510492,World/native_ecal/Si_volume_0
188,Glue,1434.18692621,0.200009673662,World/native_ecal/GlueThick_volume_0
188,Aluminum,1436.73704955,3.20015477858,World/native_ecal/C_volume_CarbonCoolingPlane_0
188,Glue,1439.93720433,0.200009673662,World/native_ecal/GlueThick_volume_0
188,Silicon,1440.137214,0.300014510492,World/native_ecal/Si_volume_7
188,Glue,1440.43722851,0.100004836831,World/native_ecal/Glue_volume_0
188,FR4,1440.53723335,1.6660805816,World/native_ecal/PCB_volume_0
188,FR4,1446.96954445,0.900043531477,World/native_ecal/PCB_motherboard_volume_0
188,FR4,1477.77703449,0.900043531477,World/native_ecal/PCB_motherboard_volume_0
188,FR4,1482.94328436,1.6660805816,World/native_ecal/PCB_volume_0
188,Glue,1484.60936494,0.100004836831,World/native_ecal/Glue_volume_0
188,Silicon,1484.70936978,0.300014510492,World/native_ecal/Si_volume_14
188,Glue,1485.00938429,0.200009673661,World/native_ecal/GlueThick_volume_0
188,Aluminum,1487.55950763,3.20015477858,World/native_ecal/C_volume_CarbonCoolingPlane_0
188,Glue,1490.7596624,0.200009673662,World/native_ecal/GlueThick_volume_0
188,Silicon,1490.95967208,0.300014510492,World/native_ecal/Si_volume_21
188,Glue,1491.25968659,0.100004836831,World/native_ecal/Glue_volume_0
188,FR4,1491.35969143,1.6660805816,World/native_ecal/PCB_volume_0
188,FR4,1497.29197835,0.900043531477,World/native_ecal/PCB_motherboard_volume_0
188,Scintillator,231.300194622,20.0009673662,World/hcal_top/hcal_top_layer1_strip6
188,Scintillator,254.672907097,20.0009673662,World/hcal_top/hcal_top_layer2_strip5
188,Aluminum3003,230.800170438,0.500024184154,World/hcal_top/hcal_top_cover_1_placement
188,Aluminum3003,254.172882913,0.500024184154,World/hcal_top/hcal_top_cover_2_placement
188,Scintillator,1193.71188541,20.0009673662,World/hcal_above_ecal/hcal_above_ecal_layer1_strip3
188,Scintillator,1219.11311397,20.0009673662,World/hcal_above_ecal/hcal_above_ecal_layer2_strip4
188,Scintillator,1244.51434252,20.0009673662,World/hcal_above_ecal/hcal_above_ecal_layer3_strip3
188,Scintillator,1269.91557108,20.0009673662,World/hcal_above_ecal/hcal_above_ecal_layer4_strip4
188,Aluminum3003,1193.21186123,0.500024184154,World/hcal_above_ecal/hcal_above_ecal_cover_1_placement
188,Aluminum3003,1218.61308978,0.500024184154,World/hcal_above_ecal/hcal_above_ecal_cover_2_placement
188,Aluminum3003,1244.01431834,0.500024184154,World/hcal_above_ecal/hcal_above_ecal_cover_3_placement
188,Aluminum3003,1269.41554689,0.500024184154,World/hcal_above_ecal/hcal_above_ecal_cover_4_placement
188,Scintillator,1698.57788472,20.0009673662,World/hcal_below_ecal/hcal_below_ecal_layer1_strip5
188,Scintillator,1722.10343662,20.0009673662,World/hcal_below_ecal/hcal_below_ecal_layer2_strip6
188,Scintillator,1745.62898852,20.0009673662,World/hcal_below_ecal/hcal_below_ecal_layer3_strip5
188,Scintillator,1769.15454042,20.0009673662,World/hcal_below_ecal/hcal_below_ecal_layer4_strip6
188,Aluminum3003,1698.07786054,0.500024184154,World/hcal_below_ecal/hcal_below_ecal_cover_1_placement
188,Aluminum3003,1721.60341244,0.500024184154,World/hcal_below_ecal/hcal_below_ecal_cover_2_placement
188,Aluminum3003,1745.12896433,0.500024184154,World/hcal_below_ecal/hcal_below_ecal_cover_3_placement
188,Aluminum3003,1768.65451623,0.500024184154,World/hcal_below_ecal/hcal_below_ecal_cover_4_placement
189,Polyvinyltoluene,857.151932848,2.00641373839,World/native_target/trigger_pad3_bar_volume_0
189,LYSO,935.90367208,0.601924121517,World/native_target/lvTarget_3/lvTargetArray1_phys/target_0
189,LYSO,936.706237575,0.601924121517,World/native_target/lvTarget_3/lvTargetArray2_phys/target_0
189,Polyvinyltoluene,630.828463158,2.00641373839,World/native_trig_scint/trigger_pad2_bar_volume_11
189,Polyvinyltoluene,551.374479117,2.00641373839,World/native_trig_scint/trigger_pad1_bar_volume_14
189,Polyvinyltoluene,555.387306594,2.00641373839,World/native_trig_scint/trigger_pad1_bar_volume_15
189,Silicon,692.16453114,0.321026198143,World/native_recoil/recoil_l14_sensor_vol_10
189,Silicon,698.183772355,0.321026198143,World/native_recoil/recoil_l14_sensor_vol_20
189,Silicon,792.48521806,0.321026198143,World/native_recoil/recoil_l14_sensor_vol_30
189,Silicon,798.504459275,0.321026198142,World/native_recoil/recoil_l14_sensor_vol_40
189,Aluminum,1353.70985374,0.802565495356,World/native_ecal/support_box_0/front_0_volume_0
189,Aluminum,1583.84550953,0.802565495356,World/native_ecal/support_box_0/front_1_volume_0
189,FR4,1431.46139572,0.902886182276,World/native_ecal/PCB_motherboard_volume_0
189,FR4,1436.64396241,1.67134264408,World/native_ecal/PCB_volume_0
189,Glue,1438.31530505,0.100320686919,World/native_ecal/Glue_volume_0
189,Silicon,1438.41562574,0.300962060758,World/native_ecal/Si_volume_0
189,Glue,1438.7165878,0.200641373839,World/native_ecal/GlueThick_volume_0
189,Aluminum,1441.27476531,3.21026198143,World/native_ecal/C_volume_CarbonCoolingPlane_0
189,Glue,1444.48502729,0.200641373839,World/native_ecal/GlueThick_volume_0
189,Silicon,1444.68566867,0.300962060758,World/native_ecal/Si_volume_7
189,Glue,1444.98663073,0.10032068692,World/native_ecal/Glue_volume_0
189,FR4,1445.08695142,1.67134264408,World/native_ecal/PCB_volume_0
189,FR4,1451.539578,0.902886182276,World/native_ecal/PCB_motherboard_volume_0
189,FR4,1482.44436881,0.902886182276,World/native_ecal/PCB_motherboard_volume_0
189,FR4,1487.6269355,1.67134264408,World/native_ecal/PCB_volume_0
189,Glue,1489.29827814,0.100320686919,World/native_ecal/Glue_volume_0
189,Silicon,1489.39859883,0.300962060758,World/native_ecal/Si_volume_14
189,Glue,1489.69956089,0.200641373839,World/native_ecal/GlueThick_volume_0
189,Aluminum,1492.25773841,3.21026198143,World/native_ecal/C_volume_CarbonCoolingPlane_0
189,Glue,1495.46800039,0.200641373839,World/native_ecal/GlueThick_volume_0
189,Silicon,1495.66864176,0.300962060759,World/native_ecal/Si_volume_21
189,Glue,1495.96960382,0.10032068692,World/native_ecal/Glue_volume_0
189,FR4,1496.06992451,1.67134264408,World/native_ecal/PCB_volume_0
189,FR4,1502.02094766,0.902886182276,World/native_ecal/PCB_motherboard_volume_0
189,Scintillator,232.030721158,20.0641373839,World/hcal_top/hcal_top_layer1_strip6
189,Scintillator,255.477252796,20.0641373839,World/hcal_top/hcal_top_layer2_strip4
189,Aluminum3003,231.529117723,0.501603434598,World/hcal_top/hcal_top_cover_1_placement
189,Aluminum3003,254.975649361,0.501603434598,World/hcal_top/hcal_top_cover_2_placement
189,Scintillator,1197.4820431,20.0641373839,World/hcal_above_ecal/hcal_above_ecal_layer1_strip4
189,Scintillator,1222.96349758,20.0641373839,World/hcal_above_ecal/hcal_above_ecal_layer2_strip4
189,Scintillator,1248.44495206,20.0641373839,World/hcal_above_ecal/hcal_above_ecal_layer3_strip4
189,Scintillator,1273.92640654,20.0641373839,World/hcal_above_ecal/hcal_above_ecal_layer4_strip4
189,Aluminum3003,1196.98043967,0.501603434598,World/hcal_above_ecal/hcal_above_ecal_cover_1_placement
189,Aluminum3003,1222.46189415,0.501603434598,World/hcal_above_ecal/hcal_above_ecal_cover_2_placement
189,Aluminum3003,1247.94334863,0.501603434598,World/hcal_above_ecal/hcal_above_ecal_cover_3_placement
189,Aluminum3003,1273.4248031,0.501603434598,World/hcal_above_ecal/hcal_above_ecal_cover_4_placement
189,Scintillator,1703.942585,20.0641373839,World/hcal_below_ecal/hcal_below_ecal_layer1_strip6
189,Scintillator,1727.54243878,20.0641373839,World/hcal_below_ecal/hcal_below_ecal_layer2_strip6
189,Scintillator,1751.14229256,20.0641373839,World/hcal_below_ecal/hcal_below_ecal_layer3_strip6
189,Scintillator,1774.74214634,20.0641373839,World/hcal_below_ecal/hcal_below_ecal_layer4_strip6
189,Aluminum3003,1703.44098156,0.501603434598,World/hcal_below_ecal/hcal_below_ecal_cover_1_placement
189,Aluminum3003,1727.04083534,0.501603434598,World/hcal_below_ecal/hcal_below_ecal_cover_2_placement
189,Aluminum3003,1750.64068912,0.501603434598,World/hcal_below_ecal/hcal_below_ecal_cover_3_placement
189,Aluminum3003,1774.2405429,0.501603434598,World/hcal_below_ecal/hcal_below_ecal_cover_4_placement
190,Polyvinyltoluene,860.403828872,2.01402574813,World/native_target/trigger_pad3_bar_volume_20
190,Polyvinyltoluene,864.431880368,2.01402574813,World/native_target/trigger_pad3_bar_volume_21
190,LYSO,939.454339486,0.604207724438,World/native_target/lvTarget_3/lvTargetArray1_phys/target_0
190,LYSO,940.259949785,0.604207724438,World/native_target/lvTarget_3/lvTargetArray2_phys/target_0
190,Polyvinyltoluene,553.466304858,2.01402574813,World/native_trig_scint/trigger_pad1_bar_volume_0
190,Polyvinyltoluene,557.494356354,2.01402574813,World/native_trig_scint/trigger_pad1_bar_volume_1
190,Polyvinyltoluene,633.221724483,2.01402574813,World/native_trig_scint/trigger_pad2_bar_volume_5
190,Polyvinyltoluene,629.193672987,2.01402574813,World/native_trig_scint/trigger_pad2_bar_volume_6
190,Silicon,694.790491604,0.3222441197,World/native_recoil/recoil_l14_sensor_vol_10
190,Silicon,700.832568848,0.3222441197,World/native_recoil/recoil_l14_sensor_vol_20
190,Silicon,795.49177901,0.3222441197,World/native_recoil/recoil_l14_sensor_vol_30
190,Silicon,801.533856254,0.3222441197,World/native_recoil/recoil_l14_sensor_vol_40
190,Aluminum,1358.84561033,0.805610299251,World/native_ecal/support_box_0/front_0_volume_0
190,Aluminum,1589.85436364,0.805610299251,World/native_ecal/support_box_0/front_1_volume_0
190,FR4,1436.89212911,0.906311586657,World/native_ecal/PCB_motherboard_volume_0
190,FR4,1442.09435762,1.67768344819,World/native_ecal/PCB_volume_0
190,Glue,1443.77204106,0.100701287406,World/native_ecal/Glue_volume_0
190,Silicon,1443.87274235,0.302103862219,World/native_ecal/Si_volume_0
190,Glue,1444.17484621,0.201402574813,World/native_ecal/GlueThick_volume_0
190,Aluminum,1446.74272904,3.222441197,World/native_ecal/C_volume_CarbonCoolingPlane_0
190,FR4,1457.04648477,0.906311586657,World/native_ecal/PCB_motherboard_volume_0
190,FR4,1488.06852337,0.906311586657,World/native_ecal/PCB_motherboard_volume_0
190,Aluminum,1497.9191233,3.222441197,World/native_ecal/C_volume_CarbonCoolingPlane_0
190,FR4,1507.71937259,0.906311586657,World/native_ecal/PCB_motherboard_volume_0
190,Scintillator,232.911008247,20.1402574813,World/hcal_top/hcal_top_layer1_strip7
190,Scintillator,273.121993051,3.46475666975,World/hcal_top/hcal_top_layer2_strip5
190,Scintillator,256.446492239,16.6755008115,World/hcal_top/hcal_top_layer2_strip6
190,Aluminum3003,232.40750181,0.503506437032,World/hcal_top/hcal_top_cover_1_placement
190,Aluminum3003,255.942985802,0.503506437032,World/hcal_top/hcal_top_cover_2_placement
190,Scintillator,1202.02509661,20.1402574813,World/hcal_above_ecal/hcal_above_ecal_layer1_strip2
190,Scintillator,1227.60322361,20.1402574813,World/hcal_above_ecal/hcal_above_ecal_layer2_strip3
190,Scintillator,1253.18135061,20.1402574813,World/hcal_above_ecal/hcal_above_ecal_layer3_strip2
190,Scintillator,1278.75947762,20.1402574813,World/hcal_above_ecal/hcal_above_ecal_layer4_strip3
190,Aluminum3003,1201.52159017,0.503506437032,World/hcal_above_ecal/hcal_above_ecal_cover_1_placement
190,Aluminum3003,1227.09971718,0.503506437032,World/hcal_above_ecal/hcal_above_ecal_cover_2_placement
190,Aluminum3003,1252.67784418,0.503506437032,World/hcal_above_ecal/hcal_above_ecal_cover_3_placement
190,Aluminum3003,1278.25597118,0.503506437032,World/hcal_above_ecal/hcal_above_ecal_cover_4_placement
190,Scintillator,1730.10332858,0.443996917533,World/hcal_below_ecal/hcal_below_ecal_layer1_strip2
190,Scintillator,1710.40706802,19.6962605637,World/hcal_below_ecal/hcal_below_ecal_layer1_strip3
190,Scintillator,1734.09645583,20.1402574813,World/hcal_below_ecal/hcal_below_ecal_layer2_strip5
190,Scintillator,1757.78584365,20.1402574813,World/hcal_below_ecal/hcal_below_ecal_layer3_strip2
190,Scintillator,1781.47523146,20.1402574813,World/hcal_below_ecal/hcal_below_ecal_layer4_strip5
190,Aluminum3003,1709.90356158,0.503506437032,World/hcal_below_ecal/hcal_below_ecal_cover_1_placement
190,Aluminum3003,1733.5929494,0.503506437032,World/hcal_below_ecal/hcal_below_ecal_cover_2_placement
190,Aluminum3003,1757.28233721,0.503506437032,World/hcal_below_ecal/hcal_below_ecal_cover_3_placement
190,Aluminum3003,1780.97172503,0.503506437032,World/hcal_below_ecal/hcal_below_ecal_cover_4_placement
191,Polyvinyltoluene,859.493916892,2.00252086751,World/native_target/trigger_pad3_bar_volume_3
191,Polyvinyltoluene,855.488875157,2.00252086751,World/native_target/trigger_pad3_bar_volume_4
191,LYSO,934.888827554,0.600756260253,World/native_target/lvTarget_3/lvTargetArray2_phys/target_0
191,Polyvinyltoluene,629.86464782,1.74239434969,World/native_trig_scint/trigger_pad2_bar_volume_9
191,Polyvinyltoluene,625.599479567,2.00252086751,World/native_trig_scint/trigger_pad2_bar_volume_10
191,Polyvinyltoluene,550.304694949,2.00252086751,World/native_trig_scint/trigger_pad1_bar_volume_12
191,Polyvinyltoluene,554.309736684,2.00252086751,World/native_trig_scint/trigger_pad1_bar_volume_13
191,Silicon,690.821584222,0.320403338802,World/native_recoil/recoil_l14_sensor_vol_10
191,Silicon,696.829146824,0.320403338802,World/native_recoil/recoil_l14_sensor_vol_20
191,Silicon,790.947627597,0.320403338802,World/native_recoil/recoil_l14_sensor_vol_30
191,Silicon,796.9551902,0.320403338802,World/native_recoil/recoil_l14_sensor_vol_40
191,Aluminum,1351.0833677,0.801008347005,World/native_ecal/support_box_0/front_0_volume_0
191,Aluminum,1580.7725112,0.801008347005,World/native_ecal/support_box_0/front_1_volume_0
191,FR4,1428.6840551,0.90113439038,World/native_ecal/PCB_motherboard_volume_0
191,FR4,1433.8565665,1.66809988264,World/native_ecal/PCB_volume_0
191,Glue,1435.52466638,0.100126043375,World/native_ecal/Glue_volume_0
191,Silicon,1435.62479242,0.300378130127,World/native_ecal/Si_volume_0
191,Glue,1435.92517055,0.200252086751,World/native_ecal/GlueThick_volume_0
191,Aluminum,1438.47838466,3.20403338802,World/native_ecal/C_volume_CarbonCoolingPlane_0
191,Glue,1441.68241805,0.200252086751,World/native_ecal/GlueThick_volume_0
191,Silicon,1441.88267013,0.300378130127,World/native_ecal/Si_volume_7
191,Glue,1442.18304826,0.100126043376,World/native_ecal/Glue_volume_0
191,FR4,1442.28317431,1.66809988264,World/native_ecal/PCB_volume_0
191,FR4,1448.72328142,0.90113439038,World/native_ecal/PCB_motherboard_volume_0
191,FR4,1479.56811034,0.90113439038,World/native_ecal/PCB_motherboard_volume_0
191,FR4,1484.74062174,1.66809988264,World/native_ecal/PCB_volume_0
191,Glue,1486.40872162,0.100126043376,World/native_ecal/Glue_volume_0
191,Silicon,1486.50884767,0.300378130127,World/native_ecal/Si_volume_14
191,Glue,1486.8092258,0.200252086751,World/native_ecal/GlueThick_volume_0
191,Aluminum,1489.3624399,3.20403338802,World/native_ecal/C_volume_CarbonCoolingPlane_0
191,Glue,1492.56647329,0.200252086751,World/native_ecal/GlueThick_volume_0
191,Silicon,1492.76672538,0.300378130127,World/native_ecal/Si_volume_21
191,Glue,1493.06710351,0.100126043375,World/native_ecal/Glue_volume_0
191,FR4,1493.16722955,1.66809988264,World/native_ecal/PCB_volume_0
191,FR4,1499.10670644,0.90113439038,World/native_ecal/PCB_motherboard_volume_0
191,Scintillator,231.580532037,20.0252086751,World/hcal_top/hcal_top_layer1_strip6
191,Scintillator,254.981572399,20.0252086751,World/hcal_top/hcal_top_layer2_strip4
191,Aluminum3003,231.07990182,0.500630216878,World/hcal_top/hcal_top_cover_1_placement
191,Aluminum3003,254.480942182,0.500630216878,World/hcal_top/hcal_top_cover_2_placement
191,Scintillator,1195.15867236,20.0252086751,World/hcal_above_ecal/hcal_above_ecal_layer1_strip3
191,Scintillator,1220.59068738,20.0252086751,World/hcal_above_ecal/hcal_above_ecal_layer2_strip4
191,Scintillator,1246.0227024,20.0252086751,World/hcal_above_ecal/hcal_above_ecal_layer3_strip3
191,Scintillator,1271.45471742,20.0252086751,World/hcal_above_ecal/hcal_above_ecal_layer4_strip4
191,Aluminum3003,1194.65804215,0.500630216878,World/hcal_above_ecal/hcal_above_ecal_cover_1_placement
191,Aluminum3003,1220.09005716,0.500630216878,World/hcal_above_ecal/hcal_above_ecal_cover_2_placement
191,Aluminum3003,1245.52207218,0.500630216878,World/hcal_above_ecal/hcal_above_ecal_cover_3_placement
191,Aluminum3003,1270.9540872,0.500630216878,World/hcal_above_ecal/hcal_above_ecal_cover_4_placement
191,Scintillator,1700.63657271,20.0252086751,World/hcal_below_ecal/hcal_below_ecal_layer1_strip6
191,Scintillator,1724.19063774,20.0252086751,World/hcal_below_ecal/hcal_below_ecal_layer2_strip6
191,Scintillator,1747.74470277,20.0252086751,World/hcal_below_ecal/hcal_below_ecal_layer3_strip6
191,Scintillator,1771.29876779,20.0252086751,World/hcal_below_ecal/hcal_below_ecal_layer4_strip6
191,Aluminum3003,1700.13594249,0.500630216878,World/hcal_below_ecal/hcal_below_ecal_cover_1_placement
191,Aluminum3003,1723.69000752,0.500630216878,World/hcal_below_ecal/hcal_below_ecal_cover_2_placement
191,Aluminum3003,1747.24407255,0.500630216878,World/hcal_below_ecal/hcal_below_ecal_cover_3_placement
191,Aluminum3003,1770.79813758,0.500630216878,World/hcal_below_ecal/hcal_below_ecal_cover_4_placement
