ray,material,entry_mm,length_mm
0,Polyvinyltoluene,858.845729749,2.00101066685
0,Polyvinyltoluene,854.843708415,2.00101066685
0,LYSO,933.383377089,0.600303200055
0,LYSO,934.183781356,0.600303200055
0,Polyvinyltoluene,629.129705194,2.00101066685
0,Polyvinyltoluene,625.127683861,2.00101066685
0,Polyvinyltoluene,549.889682787,2.00101066685
0,Polyvinyltoluene,553.891704121,2.00101066685
0,Silicon,690.30060128,0.320161706696
0,Silicon,696.303633281,0.320161706696
0,Silicon,790.351134623,0.320161706696
0,Silicon,796.354166623,0.320161706696
0,Aluminum,1350.06444848,0.80040426674
0,Aluminum,1579.58037197,0.80040426674
0,FR4,1427.60661334,0.900454800083
0,FR4,1432.77522389,1.66684188549
0,Glue,1434.44206578,0.100050533342
0,Silicon,1434.54211631,0.300151600028
0,Glue,1434.84226791,0.200101066685
0,Aluminum,1437.39355651,3.20161706696
0,Glue,1440.59517358,0.200101066685
0,Silicon,1440.79527464,0.300151600028
0,Glue,1441.09542624,0.100050533342
0,FR4,1441.19547678,1.66684188549
0,FR4,1447.63072708,0.900454800083
0,FR4,1478.45229438,0.900454800083
0,FR4,1483.62090494,1.66684188549
0,Glue,1485.28774682,0.100050533343
0,Silicon,1485.38779735,0.300151600028
0,Glue,1485.68794895,0.200101066685
0,Aluminum,1488.23923755,3.20161706696
0,Glue,1491.44085462,0.200101066685
0,Silicon,1491.64095569,0.300151600027
0,Glue,1491.94110729,0.100050533342
0,FR4,1492.04115782,1.66684188549
0,FR4,1497.97615546,0.900454800083
0,Scintillator,231.405885631,20.0101066685
0,Scintillator,254.789278104,20.0101066685
0,Aluminum3003,230.905632964,0.500252666713
0,Aluminum3003,254.289025437,0.500252666713
0,Scintillator,1194.25734372,20.0101066685
0,Scintillator,1219.67017919,20.0101066685
0,Scintillator,1245.08301466,20.0101066685
0,Scintillator,1270.49585013,20.0101066685
0,Aluminum3003,1193.75709105,0.500252666713
0,Aluminum3003,1219.16992652,0.500252666713
0,Aluminum3003,1244.58276199,0.500252666713
0,Aluminum3003,1269.99559746,0.500252666713
0,Scintillator,1699.35403802,20.0101066685
0,Scintillator,1738.72329067,4.17715575821
0,Scintillator,1722.89033976,15.8329509103
0,Scintillator,1746.42664149,20.0101066685
0,Scintillator,1769.96294323,20.0101066685
0,Aluminum3003,1698.85378536,0.500252666713
0,Aluminum3003,1722.39008709,0.500252666713
0,Aluminum3003,1745.92638883,0.500252666713
0,Aluminum3003,1769.46269056,0.500252666713
1,Polyvinyltoluene,854.581090204,2.00039593244
1,Polyvinyltoluene,858.581882069,2.00039593244
1,LYSO,933.096630553,0.600118779733
1,LYSO,933.896788926,0.600118779733
1,Polyvinyltoluene,553.721541965,2.00039593244
1,Polyvinyltoluene,624.93563716,2.00039593244
1,Polyvinyltoluene,628.936429025,2.00039593244
1,Polyvinyltoluene,549.7207501,2.00039593244
1,Silicon,690.088532679,0.320063349191
1,Silicon,696.089720477,0.320063349191
1,Silicon,790.108329302,0.320063349191
1,Silicon,796.109517099,0.320063349191
1,Aluminum,1349.64969254,0.800158372977
1,Aluminum,1579.09510599,0.800158372977
1,FR4,1427.16803551,0.900178169599
1,FR4,1432.33505821,1.66632981172
1,Glue,1434.00138802,0.100019796622
1,Silicon,1434.10140781,0.300059389866
1,Glue,1434.4014672,0.200039593244
1,Aluminum,1436.95197202,3.20063349191
1,Glue,1440.15260551,0.200039593244
1,Silicon,1440.3526451,0.300059389866
1,Glue,1440.65270449,0.100019796622
1,FR4,1440.75272429,1.66632981172
1,FR4,1447.18599761,0.900178169599
1,FR4,1477.99809616,0.900178169599
1,FR4,1483.16511885,1.66632981172
1,Glue,1484.83144866,0.100019796622
1,Silicon,1484.93146846,0.300059389866
1,Glue,1485.23152785,0.200039593244
1,Aluminum,1487.78203266,3.20063349191
1,Glue,1490.98266615,0.200039593244
1,Silicon,1491.18270575,0.300059389866
1,Glue,1491.48276514,0.100019796622
1,FR4,1491.58278493,1.66632981172
1,FR4,1497.51595927,0.900178169599
1,Scintillator,231.334794975,20.0039593244
1,Scintillator,254.71100379,20.0039593244
1,Aluminum3003,230.834695992,0.500098983111
1,Aluminum3003,254.210904807,0.500098983111
1,Scintillator,1193.89045358,20.0039593244
1,Scintillator,1219.29548192,20.0039593244
1,Scintillator,1244.70051027,20.0039593244
1,Scintillator,1270.10553861,20.0039593244
1,Aluminum3003,1193.3903546,0.500098983111
1,Aluminum3003,1218.79538294,0.50009898311
1,Aluminum3003,1244.20041128,0.500098983111
1,Aluminum3003,1269.60543962,0.50009898311
1,Scintillator,1698.83197614,20.0039593244
1,Scintillator,1722.36104724,20.0039593244
1,Scintillator,1745.89011834,20.0039593244
1,Scintillator,1769.41918944,20.0039593244
1,Aluminum3003,1698.33187716,0.500098983111
1,Aluminum3003,1721.86094826,0.50009898311
1,Aluminum3003,1745.39001936,0.500098983111
1,Aluminum3003,1768.91909046,0.500098983111
2,Polyvinyltoluene,858.609824074,2.00046103406
2,Polyvinyltoluene,854.608902006,2.00046103406
2,LYSO,933.126997593,0.600138310219
2,LYSO,933.927182007,0.600138310219
2,Polyvinyltoluene,624.955975295,2.00046103406
2,Polyvinyltoluene,628.956897363,2.00046103406
2,Polyvinyltoluene,549.738640415,2.00046103406
2,Polyvinyltoluene,553.739562483,2.00046103406
2,Silicon,690.110991175,0.32007376545
2,Silicon,696.112374277,0.32007376545
2,Silicon,790.134042878,0.32007376545
2,Silicon,796.13542598,0.32007376545
2,Aluminum,1349.69361603,0.800184413626
2,Aluminum,1579.14649664,0.800184413626
2,FR4,1427.21448179,0.900207465329
2,FR4,1432.38167265,1.66638404138
2,Glue,1434.04805669,0.100023051703
2,Silicon,1434.14807974,0.30006915511
2,Glue,1434.44814889,0.200046103406
2,Aluminum,1436.99873671,3.2007376545
2,Glue,1440.19947437,0.200046103406
2,Silicon,1440.39952047,0.30006915511
2,Glue,1440.69958963,0.100023051703
2,FR4,1440.79961268,1.66638404138
2,FR4,1447.23309536,0.900207465329
2,FR4,1478.04619667,0.900207465329
2,FR4,1483.21338752,1.66638404138
2,Glue,1484.87977156,0.100023051703
2,Silicon,1484.97979461,0.300069155109
2,Glue,1485.27986377,0.200046103406
2,Aluminum,1487.83045159,3.2007376545
2,Glue,1491.03118924,0.200046103406
2,Silicon,1491.23123535,0.30006915511
2,Glue,1491.5313045,0.100023051703
2,FR4,1491.63132755,1.66638404138
2,FR4,1497.56469498,0.900207465329
2,Scintillator,231.34232362,20.0046103406
2,Scintillator,254.719293199,20.0046103406
2,Aluminum3003,230.842208362,0.500115258516
2,Aluminum3003,254.21917794,0.500115258516
2,Scintillator,1193.92930799,20.0046103406
2,Scintillator,1219.33516312,20.0046103406
2,Scintillator,1244.74101826,20.0046103406
2,Scintillator,1270.14687339,20.0046103406
2,Aluminum3003,1193.42919273,0.500115258516
2,Aluminum3003,1218.83504787,0.500115258516
2,Aluminum3003,1244.240903,0.500115258516
2,Aluminum3003,1269.64675813,0.500115258516
2,Scintillator,1698.88726355,20.0046103406
2,Scintillator,1722.41710039,20.0046103406
2,Scintillator,1745.94693723,20.0046103406
2,Scintillator,1783.2352444,6.24614001013
2,Scintillator,1769.47677407,13.7584703305
2,Aluminum3003,1698.38714829,0.500115258516
2,Aluminum3003,1721.91698513,0.500115258516
2,Aluminum3003,1745.44682197,0.500115258516
2,Aluminum3003,1768.97665881,0.500115258516
3,Polyvinyltoluene,860.374960367,2.00457359634
3,Polyvinyltoluene,856.365813174,2.00457359634
3,LYSO,935.04532683,0.601372078902
3,LYSO,935.847156269,0.601372078902
3,Polyvinyltoluene,630.249911507,2.00457359634
3,Polyvinyltoluene,626.240764314,2.00457359634
3,Polyvinyltoluene,554.877944284,2.00457359634
3,Polyvinyltoluene,550.868797091,2.00457359634
3,Silicon,691.529726347,0.320731775415
3,Silicon,697.543447136,0.320731775415
3,Silicon,791.758406164,0.320731775415
3,Silicon,797.772126953,0.320731775415
3,Aluminum,1352.46832594,0.801829438537
3,Aluminum,1582.39291744,0.801829438537
3,FR4,1430.14855966,0.902058118354
3,FR4,1435.32637326,1.66980980575
3,Glue,1436.99618306,0.100228679817
3,Silicon,1437.09641174,0.300686039451
3,Glue,1437.39709778,0.200457359634
3,Aluminum,1439.95292912,3.20731775415
3,Glue,1443.16024687,0.200457359634
3,Silicon,1443.36070423,0.300686039451
3,Glue,1443.66139027,0.100228679817
3,FR4,1443.76161895,1.66980980575
3,FR4,1450.20832764,0.902058118353
3,FR4,1481.08477474,0.902058118354
3,FR4,1486.26258834,1.66980980575
3,Glue,1487.93239815,0.100228679817
3,Silicon,1488.03262683,0.300686039451
3,Glue,1488.33331287,0.200457359634
3,Aluminum,1490.8891442,3.20731775415
3,Glue,1494.09646196,0.200457359634
3,Silicon,1494.29691932,0.300686039451
3,Glue,1494.59760536,0.100228679817
3,FR4,1494.69783403,1.66980980575
3,FR4,1500.64339932,0.902058118353
3,Scintillator,231.817918844,20.0457359634
3,Scintillator,255.242946966,20.0457359634
3,Aluminum3003,231.316775445,0.501143399085
3,Aluminum3003,254.741803567,0.501143399085
3,Scintillator,1196.38379651,20.0457359634
3,Scintillator,1221.84188118,20.0457359634
3,Scintillator,1247.29996585,20.0457359634
3,Scintillator,1272.75805053,20.0457359634
3,Aluminum3003,1195.88265311,0.501143399085
3,Aluminum3003,1221.34073778,0.501143399085
3,Aluminum3003,1246.79882246,0.501143399085
3,Aluminum3003,1272.25690713,0.501143399085
3,Scintillator,1702.37984829,20.0457359634
3,Scintillator,1725.95805794,20.0457359634
3,Scintillator,1749.53626759,20.0457359634
3,Scintillator,1773.11447724,20.0457359634
3,Aluminum3003,1701.87870489,0.501143399085
3,Aluminum3003,1725.45691454,0.501143399085
3,Aluminum3003,1749.03512419,0.501143399085
3,Aluminum3003,1772.61333384,0.501143399085
4,Polyvinyltoluene,855.731987774,2.0030899434
4,Polyvinyltoluene,859.738167661,2.0030899434
4,LYSO,934.353268052,0.600926983019
4,LYSO,935.15450403,0.600926983019
4,Polyvinyltoluene,625.777262272,2.0030899434
4,Polyvinyltoluene,629.783442159,2.0030899434
4,Polyvinyltoluene,554.467260287,2.0030899434
4,Polyvinyltoluene,550.461080401,2.0030899434
4,Silicon,691.017901729,0.320494390943
4,Silicon,697.027171559,0.320494390943
4,Silicon,791.172398898,0.320494390943
4,Silicon,797.181668729,0.320494390943
4,Aluminum,1351.46731824,0.801235977358
4,Aluminum,1581.22173474,0.801235977358
4,FR4,1429.09005818,0.901390474528
4,FR4,1434.2640395,1.66857392285
4,Glue,1435.93261342,0.10015449717
4,Silicon,1436.03276792,0.300463491509
4,Glue,1436.33323141,0.200308994339
4,Aluminum,1438.88717109,3.20494390943
4,Glue,1442.092115,0.20030899434
4,Silicon,1442.29242399,0.300463491509
4,Glue,1442.59288749,0.10015449717
4,FR4,1442.69304198,1.66857392285
4,FR4,1449.13497924,0.901390474528
4,FR4,1479.98857364,0.901390474528
4,FR4,1485.16255496,1.66857392285
4,Glue,1486.83112889,0.10015449717
4,Silicon,1486.93128338,0.300463491509
4,Glue,1487.23174687,0.20030899434
4,Aluminum,1489.78568655,3.20494390943
4,Glue,1492.99063046,0.200308994339
4,Silicon,1493.19093946,0.300463491509
4,Glue,1493.49140295,0.10015449717
4,FR4,1493.59155744,1.66857392285
4,FR4,1499.53272222,0.901390474528
4,Scintillator,231.646342535,20.030899434
4,Scintillator,255.054032999,20.030899434
4,Aluminum3003,231.145570049,0.500772485849
4,Aluminum3003,254.553260513,0.500772485849
4,Scintillator,1195.49831226,20.030899434
4,Scintillator,1220.93755454,20.030899434
4,Scintillator,1246.37679682,20.030899434
4,Scintillator,1271.8160391,20.030899434
4,Aluminum3003,1194.99753977,0.500772485849
4,Aluminum3003,1220.43678205,0.500772485849
4,Aluminum3003,1245.87602434,0.500772485849
4,Aluminum3003,1271.31526662,0.500772485849
4,Scintillator,1701.11985919,20.030899434
4,Scintillator,1724.68061781,20.030899434
4,Scintillator,1748.24137642,20.030899434
4,Scintillator,1771.80213504,20.030899434
4,Aluminum3003,1700.6190867,0.500772485849
4,Aluminum3003,1724.17984532,0.500772485849
4,Aluminum3003,1747.74060394,0.500772485849
4,Aluminum3003,1771.30136255,0.500772485849
5,Polyvinyltoluene,858.461400357,2.00011522406
5,Polyvinyltoluene,854.461169909,1.8900230111
5,LYSO,932.965692453,0.600034567219
5,LYSO,933.765738543,0.600034567219
5,Polyvinyltoluene,628.848172634,2.00011522406
5,Polyvinyltoluene,624.847942186,2.00011522406
5,Polyvinyltoluene,549.643609761,2.00011522406
5,Polyvinyltoluene,553.643840209,2.00011522406
5,Silicon,689.991695034,0.32001843585
5,Silicon,695.992040706,0.32001843585
5,Silicon,789.997456237,0.32001843585
5,Silicon,795.997801909,0.32001843585
5,Aluminum,1349.46030104,0.800046089626
5,Aluminum,1578.87351724,0.800046089626
5,FR4,1426.96776615,0.900051850829
5,FR4,1432.13406377,1.66609598165
5,Glue,1433.80015975,0.100005761203
5,Silicon,1433.90016551,0.300017283609
5,Glue,1434.2001828,0.200011522406
5,Aluminum,1436.75032971,3.2001843585
5,Glue,1439.95051407,0.200011522406
5,Silicon,1440.15052559,0.30001728361
5,Glue,1440.45054287,0.100005761203
5,FR4,1440.55054863,1.66609598165
5,FR4,1446.98291919,0.900051850829
5,FR4,1477.79069399,0.900051850829
5,FR4,1482.95699161,1.66609598165
5,Glue,1484.6230876,0.100005761203
5,Silicon,1484.72309336,0.30001728361
5,Glue,1485.02311064,0.200011522406
5,Aluminum,1487.57325755,3.2001843585
5,Glue,1490.77344191,0.200011522406
5,Silicon,1490.97345343,0.30001728361
5,Glue,1491.27347072,0.100005761203
5,FR4,1491.37347648,1.66609598165
5,FR4,1497.30581823,0.900051850829
5,Scintillator,231.302332594,20.0011522406
5,Scintillator,254.67526111,20.0011522406
5,Aluminum3003,230.802303788,0.500028806016
5,Aluminum3003,254.175232304,0.500028806016
5,Scintillator,1193.72291922,20.0011522406
5,Scintillator,1219.12438257,20.0011522406
5,Scintillator,1244.52584591,20.0011522406
5,Scintillator,1269.92730926,20.0011522406
5,Aluminum3003,1193.22289041,0.500028806016
5,Aluminum3003,1218.62435376,0.500028806016
5,Aluminum3003,1244.02581711,0.500028806016
5,Aluminum3003,1269.42728045,0.500028806016
5,Scintillator,1698.59358515,20.0011522406
5,Scintillator,1722.1193545,20.0011522406
5,Scintillator,1745.64512385,20.0011522406
5,Scintillator,1769.1708932,20.0011522406
5,Aluminum3003,1698.09355634,0.500028806016
5,Aluminum3003,1721.61932569,0.500028806016
5,Aluminum3003,1745.14509504,0.500028806016
5,Aluminum3003,1768.6708644,0.500028806016
6,Polyvinyltoluene,858.838233084,2.00099320049
6,Polyvinyltoluene,854.836246683,2.00099320049
6,LYSO,933.375229802,0.600297960148
6,LYSO,934.175627082,0.600297960148
6,Polyvinyltoluene,625.122227266,2.00099320049
6,Polyvinyltoluene,629.124213667,2.00099320049
6,Polyvinyltoluene,553.886869328,2.00099320049
6,Polyvinyltoluene,549.884882927,2.00099320049
6,Silicon,690.294575806,0.320158912079
6,Silicon,696.297555408,0.320158912079
6,Silicon,790.344235831,0.320158912079
6,Silicon,796.347215432,0.320158912079
6,Aluminum,1350.05266408,0.800397280197
6,Aluminum,1579.56658418,0.800397280197
6,FR4,1427.59415209,0.900446940222
6,FR4,1432.76271753,1.66682733601
6,Glue,1434.42954486,0.100049660025
6,Silicon,1434.52959452,0.300148980074
6,Glue,1434.8297435,0.200099320049
6,Aluminum,1437.38100983,3.20158912079
6,Glue,1440.58259896,0.200099320049
6,Silicon,1440.78269828,0.300148980074
6,Glue,1441.08284726,0.100049660024
6,FR4,1441.18289692,1.66682733601
6,FR4,1447.61809105,0.900446940222
6,FR4,1478.43938932,0.900446940222
6,FR4,1483.60795475,1.66682733601
6,Glue,1485.27478209,0.100049660025
6,Silicon,1485.37483175,0.300148980074
6,Glue,1485.67498073,0.200099320049
6,Aluminum,1488.22624706,3.20158912079
6,Glue,1491.42783618,0.200099320049
6,Silicon,1491.6279355,0.300148980074
6,Glue,1491.92808448,0.100049660025
6,FR4,1492.02813414,1.66682733601
6,FR4,1497.96307997,0.900446940222
6,Scintillator,231.403865743,20.0099320049
6,Scintillator,254.787054107,2.5221418103
6,Scintillator,257.309195917,17.4877901946
6,Aluminum3003,230.903617442,0.500248300123
6,Aluminum3003,254.286805807,0.500248300123
6,Scintillator,1194.24691932,20.0099320049
6,Scintillator,1219.65953297,20.0099320049
6,Scintillator,1245.07214662,20.0099320049
6,Scintillator,1270.48476026,20.0099320049
6,Aluminum3003,1193.74667102,0.500248300123
6,Aluminum3003,1219.15928467,0.500248300123
6,Aluminum3003,1244.57189832,0.500248300123
6,Aluminum3003,1269.98451196,0.500248300123
6,Scintillator,1699.33920476,20.0099320049
6,Scintillator,1722.87530105,20.0099320049
6,Scintillator,1746.41139734,20.0099320049
6,Scintillator,1769.94749363,20.0099320049
6,Aluminum3003,1698.83895646,0.500248300123
6,Aluminum3003,1722.37505275,0.500248300123
6,Aluminum3003,1745.91114904,0.500248300123
6,Aluminum3003,1769.44724533,0.500248300123
7,Polyvinyltoluene,858.201158674,0.238483705879
7,Polyvinyltoluene,860.444377711,2.00473533068
7,LYSO,935.120768779,0.601420599204
7,LYSO,935.922662911,0.601420599204
7,Polyvinyltoluene,627.624782836,0.67124358237
7,Polyvinyltoluene,630.300761749,2.00473533068
7,Polyvinyltoluene,550.913242654,2.00473533068
7,Polyvinyltoluene,554.922713315,0.17079355515
7,Silicon,691.585520808,0.320757652909
7,Silicon,697.5997268,0.320757652909
7,Silicon,791.822287342,0.320757652909
7,Silicon,797.836493334,0.320757652909
7,Aluminum,1352.57744669,0.801894132272
7,Aluminum,1582.52058912,0.801894132272
7,FR4,1430.26394786,0.902130898806
7,FR4,1435.44217921,1.66994453046
7,Glue,1437.11212374,0.100236766534
7,Silicon,1437.21236051,0.300710299602
7,Glue,1437.51307081,0.200473533068
7,Aluminum,1440.06910836,3.20757652909
7,Glue,1443.27668489,0.200473533068
7,Silicon,1443.47715842,0.300710299602
7,Glue,1443.77786872,0.100236766534
7,FR4,1443.87810549,1.66994453046
7,FR4,1450.32533431,0.902130898806
7,FR4,1481.20427261,0.902130898806
7,FR4,1486.38250397,1.66994453046
7,Glue,1488.0524485,0.100236766534
7,Silicon,1488.15268526,0.300710299602
7,Glue,1488.45339556,0.200473533068
7,Aluminum,1491.00943311,3.20757652909
7,Glue,1494.21700964,0.200473533068
7,Silicon,1494.41748317,0.300710299602
7,Glue,1494.71819347,0.100236766534
7,FR4,1494.81843024,1.66994453046
7,FR4,1500.76447523,0.902130898806
7,Scintillator,231.836622531,20.0473533068
7,Scintillator,255.263540647,20.0473533068
7,Aluminum3003,231.335438699,0.50118383267
7,Aluminum3003,254.762356814,0.50118383267
7,Scintillator,1196.48032394,20.0473533068
7,Scintillator,1221.94046264,20.0473533068
7,Scintillator,1247.40060134,20.0473533068
7,Scintillator,1272.86074004,20.0473533068
7,Aluminum3003,1195.97914011,0.50118383267
7,Aluminum3003,1221.43927881,0.50118383267
7,Aluminum3003,1246.89941751,0.50118383267
7,Aluminum3003,1272.35955621,0.50118383267
7,Scintillator,1702.51720083,20.0473533068
7,Scintillator,1726.09731283,20.0473533068
7,Scintillator,1749.67742483,20.0473533068
7,Scintillator,1773.25753684,20.0473533068
7,Aluminum3003,1702.016017,0.50118383267
7,Aluminum3003,1725.596129,0.50118383267
7,Aluminum3003,1749.176241,0.50118383267
7,Aluminum3003,1772.756353,0.50118383267
8,Polyvinyltoluene,855.541614599,2.00264431954
8,Polyvinyltoluene,859.546903238,2.00264431954
8,LYSO,934.145404141,0.600793295861
8,LYSO,934.946461869,0.600793295861
8,Polyvinyltoluene,625.638046717,2.00264431954
8,Polyvinyltoluene,629.643335356,2.00264431954
8,Polyvinyltoluene,554.343908941,2.00264431954
8,Polyvinyltoluene,550.338620302,2.00264431954
8,Silicon,690.864172204,0.320423091126
8,Silicon,696.872105163,0.320423091126
8,Silicon,790.996388181,0.320423091126
8,Silicon,797.004321139,0.320423091126
8,Aluminum,1351.1666597,0.801057727814
8,Aluminum,1580.86996315,0.801057727814
8,FR4,1428.77213105,0.901189943791
8,FR4,1433.94496133,1.66820271817
8,Glue,1435.61316405,0.100132215977
8,Silicon,1435.71329626,0.30039664793
8,Glue,1436.01369291,0.200264431954
8,Aluminum,1438.56706442,3.20423091126
8,Glue,1441.77129533,0.200264431954
8,Silicon,1441.97155976,0.30039664793
8,Glue,1442.27195641,0.100132215977
8,FR4,1442.37208863,1.66820271817
8,FR4,1448.81259276,0.901189943791
8,FR4,1479.65932321,0.901189943791
8,FR4,1484.83215349,1.66820271817
8,Glue,1486.50035621,0.100132215977
8,Silicon,1486.60048842,0.30039664793
8,Glue,1486.90088507,0.200264431954
8,Aluminum,1489.45425658,3.20423091126
8,Glue,1492.65848749,0.200264431954
8,Silicon,1492.85875192,0.30039664793
8,Glue,1493.15914857,0.100132215977
8,FR4,1493.25928078,1.66820271817
8,FR4,1499.19912384,0.901189943791
8,Scintillator,231.594808585,18.5770723154
8,Scintillator,250.1718809,1.44937087991
8,Scintillator,254.997291581,20.0264431954
8,Aluminum3003,231.094147505,0.500661079884
8,Aluminum3003,254.496630502,0.500661079884
8,Scintillator,1195.23235187,20.0264431954
8,Scintillator,1220.66593473,20.0264431954
8,Scintillator,1246.09951759,20.0264431954
8,Scintillator,1271.53310045,20.0264431954
8,Aluminum3003,1194.73169079,0.500661079884
8,Aluminum3003,1220.16527365,0.500661079884
8,Aluminum3003,1245.59885651,0.500661079884
8,Aluminum3003,1271.03243937,0.500661079884
8,Scintillator,1700.74141408,20.0264431954
8,Scintillator,1724.29693117,20.0264431954
8,Scintillator,1747.85244827,20.0264431954
8,Scintillator,1771.40796537,20.0264431954
8,Aluminum3003,1700.240753,0.500661079884
8,Aluminum3003,1723.79627009,0.500661079884
8,Aluminum3003,1747.35178719,0.500661079884
8,Aluminum3003,1770.90730429,0.500661079884
9,Polyvinyltoluene,854.88407806,2.00110516376
9,Polyvinyltoluene,858.886288387,2.00110516376
9,LYSO,933.427455737,0.600331549128
9,LYSO,934.227897803,0.600331549128
9,Polyvinyltoluene,629.159415587,2.00110516376
9,Polyvinyltoluene,625.15720526,2.00110516376
9,Polyvinyltoluene,549.915651102,2.00110516376
9,Polyvinyltoluene,553.91786143,2.00110516376
9,Silicon,690.333200443,0.320176826202
9,Silicon,696.336515935,0.320176826202
9,Silicon,790.388458631,0.320176826202
9,Silicon,796.391774123,0.320176826202
9,Aluminum,1350.12820472,0.800442065504
9,Aluminum,1579.65496701,0.800442065504
9,FR4,1427.67403148,0.900497323692
9,FR4,1432.84288611,1.66692060141
9,Glue,1434.50980672,0.100055258188
9,Silicon,1434.60986197,0.300165774564
9,Glue,1434.91002775,0.200110516376
9,Aluminum,1437.46143683,3.20176826202
9,Glue,1440.66320509,0.200110516376
9,Silicon,1440.86331561,0.300165774564
9,Glue,1441.16348139,0.100055258188
9,FR4,1441.26353664,1.66692060141
9,FR4,1447.69909085,0.900497323692
9,FR4,1478.52211369,0.900497323692
9,FR4,1483.69096833,1.66692060141
9,Glue,1485.35788893,0.100055258188
9,Silicon,1485.45794418,0.300165774564
9,Glue,1485.75810996,0.200110516376
9,Aluminum,1488.30951904,3.20176826202
9,Glue,1491.51128731,0.200110516376
9,Silicon,1491.71139782,0.300165774564
9,Glue,1492.0115636,0.100055258188
9,FR4,1492.11161885,1.66692060141
9,FR4,1498.04689677,0.900497323692
9,Scintillator,231.416813679,20.0110516376
9,Scintillator,254.801310423,20.0110516376
9,Aluminum3003,230.916537388,0.50027629094
9,Aluminum3003,254.301034132,0.50027629094
9,Scintillator,1194.31374203,20.0110516376
9,Scintillator,1219.72777761,20.0110516376
9,Scintillator,1245.1418132,20.0110516376
9,Scintillator,1270.55584877,20.0110516376
9,Aluminum3003,1193.81346574,0.50027629094
9,Aluminum3003,1219.22750132,0.50027629094
9,Aluminum3003,1244.6415369,0.50027629094
9,Aluminum3003,1270.05557248,0.50027629094
9,Scintillator,1699.43428932,20.0110516376
9,Scintillator,1722.97170255,20.0110516376
9,Scintillator,1746.50911578,20.0110516376
9,Scintillator,1770.046529,20.0110516376
9,Aluminum3003,1698.93401303,0.50027629094
9,Aluminum3003,1722.47142626,0.50027629094
9,Aluminum3003,1746.00883949,0.50027629094
9,Aluminum3003,1769.54625271,0.50027629094
10,Polyvinyltoluene,859.479082443,2.00248630497
10,Polyvinyltoluene,855.474109833,2.00248630497
10,LYSO,934.071697303,0.600745891491
10,LYSO,934.872691825,0.600745891491
10,Polyvinyltoluene,625.588682022,2.00248630497
10,Polyvinyltoluene,629.593654632,2.00248630497
10,Polyvinyltoluene,554.300169565,2.00248630497
10,Polyvinyltoluene,550.295196956,1.97079482204
10,Silicon,690.809660975,0.320397808795
10,Silicon,696.81711989,0.320397808795
10,Silicon,790.933976224,0.320397808795
10,Silicon,796.941435139,0.320397808795
10,Aluminum,1351.06004865,0.800994521987
10,Aluminum,1580.74522783,0.800994521987
10,FR4,1428.6593967,0.901118837236
10,FR4,1433.83181883,1.66807109204
10,Glue,1435.49988992,0.100124315248
10,Silicon,1435.60001423,0.300372945745
10,Glue,1435.90038718,0.200248630497
10,Aluminum,1438.45355722,3.20397808795
10,Glue,1441.6575353,0.200248630497
10,Silicon,1441.85778394,0.300372945745
10,Glue,1442.15815688,0.100124315248
10,FR4,1442.2582812,1.66807109204
10,FR4,1448.69827715,0.901118837236
10,FR4,1479.54257371,0.901118837236
10,FR4,1484.71499583,1.66807109204
10,Glue,1486.38306693,0.100124315248
10,Silicon,1486.48319124,0.300372945745
10,Glue,1486.78356419,0.200248630497
10,Aluminum,1489.33673423,3.20397808795
10,Glue,1492.54071231,0.200248630497
10,Silicon,1492.74096094,0.300372945745
10,Glue,1493.04133389,0.100124315248
10,FR4,1493.14145821,1.66807109204
10,FR4,1499.08083259,0.901118837236
10,Scintillator,231.576535069,20.0248630497
10,Scintillator,254.97717154,20.0248630497
10,Aluminum3003,231.075913493,0.500621576242
10,Aluminum3003,254.476549964,0.500621576242
10,Scintillator,1195.1380445,20.0248630497
10,Scintillator,1220.56962058,20.0248630497
10,Scintillator,1246.00119665,20.0248630497
10,Scintillator,1271.43277272,20.0248630497
10,Aluminum3003,1194.63742293,0.500621576242
10,Aluminum3003,1220.068999,0.500621576242
10,Aluminum3003,1245.50057507,0.500621576242
10,Aluminum3003,1270.93215115,0.500621576242
10,Scintillator,1700.60722055,20.0248630497
10,Scintillator,1724.16087904,20.0248630497
10,Scintillator,1747.71453754,20.0248630497
10,Scintillator,1771.26819603,20.0248630497
10,Aluminum3003,1700.10659897,0.500621576242
10,Aluminum3003,1723.66025746,0.500621576242
10,Aluminum3003,1747.21391596,0.500621576242
10,Aluminum3003,1770.76757446,0.500621576242
11,Polyvinyltoluene,862.452527938,2.00941408716
11,Polyvinyltoluene,858.433699764,2.00941408716
11,LYSO,937.303202685,0.602824226149
11,LYSO,938.10696832,0.602824226149
11,Polyvinyltoluene,633.356199941,0.425004878215
11,Polyvinyltoluene,627.752962558,2.00941408716
11,Polyvinyltoluene,552.19899288,2.00941408716
11,Polyvinyltoluene,556.217821055,1.23913735081
11,Silicon,693.199579377,0.321506253946
11,Silicon,699.227821638,0.321506253946
11,Silicon,793.670283735,0.321506253946
11,Silicon,799.698525996,0.321506253946
11,Aluminum,1355.73416289,0.803765634865
11,Aluminum,1586.21395869,0.803765634865
11,FR4,1433.60197289,0.904236339223
11,FR4,1438.79228948,1.67384193461
11,Glue,1440.46613141,0.100470704358
11,Silicon,1440.56660211,0.301412113074
11,Glue,1440.86801423,0.200941408716
11,Aluminum,1443.43001719,3.21506253946
11,Glue,1446.64507973,0.200941408716
11,Silicon,1446.84602114,0.301412113074
11,Glue,1447.14743325,0.100470704358
11,FR4,1447.24790395,1.67384193461
11,FR4,1453.71017966,0.904236339223
11,FR4,1484.66118484,0.904236339223
11,FR4,1489.85150143,1.67384193461
11,Glue,1491.52534336,0.100470704358
11,Silicon,1491.62581407,0.301412113074
11,Glue,1491.92722618,0.200941408716
11,Aluminum,1494.48922914,3.21506253946
11,Glue,1497.70429168,0.200941408716
11,Silicon,1497.90523309,0.301412113074
11,Glue,1498.2066452,0.100470704358
11,FR4,1498.30711591,1.67384193461
11,FR4,1504.26703809,0.904236339223
11,Scintillator,232.377695003,20.0941408716
11,Scintillator,255.859288089,20.0941408716
11,Aluminum3003,231.875341481,0.502353521791
11,Aluminum3003,255.356934567,0.502353521791
11,Scintillator,1199.27273249,20.0941408716
11,Scintillator,1224.79229139,20.0941408716
11,Scintillator,1250.3118503,20.0941408716
11,Scintillator,1275.83140921,20.0941408716
11,Aluminum3003,1198.77037896,0.502353521791
11,Aluminum3003,1224.28993787,0.502353521791
11,Aluminum3003,1249.80949678,0.502353521791
11,Aluminum3003,1275.32905569,0.502353521791
11,Scintillator,1706.49062479,20.0941408716
11,Scintillator,1730.12576929,20.0941408716
11,Scintillator,1753.7609138,20.0941408716
11,Scintillator,1777.3960583,20.0941408716
11,Aluminum3003,1705.98827127,0.502353521791
11,Aluminum3003,1729.62341577,0.502353521791
11,Aluminum3003,1753.25856027,0.502353521791
11,Aluminum3003,1776.89370478,0.502353521791
12,Polyvinyltoluene,859.08833134,2.00157590034
12,Polyvinyltoluene,855.085179539,2.00157590034
12,LYSO,933.647033628,0.600472770103
12,LYSO,934.447663988,0.600472770103
12,Polyvinyltoluene,550.045012327,2.00157590034
12,Polyvinyltoluene,554.048164127,2.00157590034
12,Polyvinyltoluene,625.30426618,2.00157590034
12,Polyvinyltoluene,629.30741798,2.00157590034
12,Silicon,690.495593254,0.320252144055
12,Silicon,696.500320955,0.320252144055
12,Silicon,790.574388271,0.320252144055
12,Silicon,796.579115972,0.320252144055
12,Aluminum,1350.44580659,0.800630360137
12,Aluminum,1580.02656236,0.800630360137
12,FR4,1428.00987509,0.900709155154
12,FR4,1433.17994564,1.66731272499
12,Glue,1434.84725837,0.100078795017
12,Silicon,1434.94733716,0.300236385051
12,Glue,1435.24757355,0.200157590034
12,Aluminum,1437.79958282,3.20252144055
12,Glue,1441.00210426,0.200157590034
12,Silicon,1441.20226185,0.300236385051
12,Glue,1441.50249824,0.100078795017
12,FR4,1441.60257703,1.66731272499
12,FR4,1448.03964513,0.900709155154
12,FR4,1478.86991872,0.900709155154
12,FR4,1484.03998927,1.66731272499
12,Glue,1485.707302,0.100078795017
12,Silicon,1485.80738079,0.300236385051
12,Glue,1486.10761718,0.200157590034
12,Aluminum,1488.65962645,3.20252144055
12,Glue,1491.86214789,0.200157590034
12,Silicon,1492.06230548,0.300236385052
12,Glue,1492.36254186,0.100078795017
12,FR4,1492.46262066,1.66731272499
12,FR4,1498.39929478,0.900709155154
12,Scintillator,231.471251778,20.0157590034
12,Scintillator,254.861249451,20.0157590034
12,Aluminum3003,230.970857803,0.500393975086
12,Aluminum3003,254.360855476,0.500393975086
12,Scintillator,1194.59469037,20.0157590034
12,Scintillator,1220.01470431,20.0157590034
12,Scintillator,1255.7040812,9.74639604564
12,Scintillator,1245.43471824,10.269362949
12,Scintillator,1270.85473218,20.0157590034
12,Aluminum3003,1194.0942964,0.500393975086
12,Aluminum3003,1219.51431033,0.500393975086
12,Aluminum3003,1244.93432427,0.500393975086
12,Aluminum3003,1270.3543382,0.500393975086
12,Scintillator,1699.83406136,20.0157590034
12,Scintillator,1723.37701149,20.0157590034
12,Scintillator,1746.91996162,20.0157590034
12,Scintillator,1770.46291174,20.0157590034
12,Aluminum3003,1699.33366738,0.500393975086
12,Aluminum3003,1722.87661751,0.500393975086
12,Aluminum3003,1746.41956764,0.500393975086
12,Aluminum3003,1769.96251777,0.500393975086
13,Polyvinyltoluene,859.093674274,2.00158834876
13,Polyvinyltoluene,855.090497576,2.00158834876
13,LYSO,933.652840265,0.600476504627
13,LYSO,934.453475604,0.600476504627
13,Polyvinyltoluene,625.308155139,2.00158834876
13,Polyvinyltoluene,629.311331836,2.00158834876
13,Polyvinyltoluene,554.051609923,2.00158834876
13,Polyvinyltoluene,550.048433225,2.00158834876
13,Silicon,690.499887658,0.320254135801
13,Silicon,696.504652704,0.320254135801
13,Silicon,790.579305096,0.320254135801
13,Silicon,796.584070142,0.320254135801
13,Aluminum,1350.45420543,0.800635339503
13,Aluminum,1580.03638903,0.800635339503
13,FR4,1428.01875632,0.900714756941
13,FR4,1433.18885903,1.66732309452
13,Glue,1434.85618212,0.100079417438
13,Silicon,1434.95626154,0.300238252314
13,Glue,1435.25649979,0.200158834876
13,Aluminum,1437.80852494,3.20254135801
13,Glue,1441.0110663,0.200158834876
13,Silicon,1441.21122513,0.300238252314
13,Glue,1441.51146338,0.100079417438
13,FR4,1441.6115428,1.66732309452
13,FR4,1448.04865093,0.900714756941
13,FR4,1478.87911627,0.900714756941
13,FR4,1484.04921897,1.66732309452
13,Glue,1485.71654206,0.100079417438
13,Silicon,1485.81662148,0.300238252314
13,Glue,1486.11685973,0.200158834876
13,Aluminum,1488.66888488,3.20254135801
13,Glue,1491.87142624,0.200158834876
13,Silicon,1492.07158507,0.300238252314
13,Glue,1492.37182332,0.100079417438
13,FR4,1492.47190274,1.66732309452
13,FR4,1498.40861378,0.900714756941
13,Scintillator,231.472691368,20.0158834876
13,Scintillator,254.862834511,20.0158834876
13,Aluminum3003,230.972294281,0.500397087189
13,Aluminum3003,254.362437424,0.500397087189
13,Scintillator,1194.60211992,20.0158834876
13,Scintillator,1220.02229195,20.0158834876
13,Scintillator,1245.44246398,20.0158834876
13,Scintillator,1270.86263601,20.0158834876
13,Aluminum3003,1194.10172284,0.500397087189
13,Aluminum3003,1219.52189486,0.500397087189
13,Aluminum3003,1244.9420669,0.500397087189
13,Aluminum3003,1270.36223892,0.500397087189
13,Scintillator,1699.84463315,20.0158834876
13,Scintillator,1723.3877297,20.0158834876
13,Scintillator,1746.93082625,20.0158834876
13,Scintillator,1770.4739228,20.0158834876
13,Aluminum3003,1699.34423606,0.500397087189
13,Aluminum3003,1722.88733261,0.500397087189
13,Aluminum3003,1746.43042916,0.500397087189
13,Aluminum3003,1769.97352571,0.500397087189
14,Polyvinyltoluene,859.410400584,2.00232628423
14,Polyvinyltoluene,855.405748015,2.00232628423
14,LYSO,933.997054671,0.600697885268
14,LYSO,934.797985185,0.600697885268
14,Polyvinyltoluene,625.538690586,2.00232628423
14,Polyvinyltoluene,629.543343155,2.00232628423
14,Polyvinyltoluene,554.255874868,2.00232628423
14,Polyvinyltoluene,550.251222299,2.00232628423
14,Silicon,690.754457663,0.320372205476
14,Silicon,696.761436516,0.320372205476
14,Silicon,790.870771875,0.320372205476
14,Silicon,796.877750727,0.320372205476
14,Aluminum,1350.95208405,0.80093051369
14,Aluminum,1580.61890885,0.80093051369
14,FR4,1428.54523106,0.901046827901
14,FR4,1433.71723985,1.66793779476
14,Glue,1435.38517764,0.100116314211
14,Silicon,1435.48529396,0.300348942634
14,Glue,1435.7856429,0.200232628422
14,Aluminum,1438.33860891,3.20372205476
14,Glue,1441.54233097,0.200232628423
14,Silicon,1441.74256359,0.300348942634
14,Glue,1442.04291254,0.100116314211
14,FR4,1442.14302885,1.66793779476
14,FR4,1448.58251018,0.901046827901
14,FR4,1479.42434194,0.901046827901
14,FR4,1484.59635073,1.66793779476
14,Glue,1486.26428852,0.100116314211
14,Silicon,1486.36440484,0.300348942634
14,Glue,1486.66475378,0.200232628422
14,Aluminum,1489.21771979,3.20372205476
14,Glue,1492.42144185,0.200232628422
14,Silicon,1492.62167448,0.300348942634
14,Glue,1492.92202342,0.100116314211
14,FR4,1493.02213973,1.66793779476
14,FR4,1498.96103949,0.901046827901
14,Scintillator,231.558029549,20.0232628423
14,Scintillator,254.956796052,20.0232628423
14,Aluminum3003,231.057447978,0.500581571056
14,Aluminum3003,254.456214481,0.500581571056
14,Scintillator,1195.04253979,20.0232628423
14,Scintillator,1220.4720836,20.0232628423
14,Scintillator,1245.90162741,20.0232628423
14,Scintillator,1271.33117122,20.0232628423
14,Aluminum3003,1194.54195822,0.500581571056
14,Aluminum3003,1219.97150203,0.500581571056
14,Aluminum3003,1245.40104584,0.500581571056
14,Aluminum3003,1270.83058965,0.500581571056
14,Scintillator,1700.47132327,20.0232628423
14,Scintillator,1724.02309957,20.0232628423
14,Scintillator,1747.57487587,20.0232628423
14,Scintillator,1771.12665217,20.0232628423
14,Aluminum3003,1699.9707417,0.500581571056
14,Aluminum3003,1723.522518,0.500581571056
14,Aluminum3003,1747.0742943,0.500581571056
14,Aluminum3003,1770.6260706,0.500581571056
15,Polyvinyltoluene,861.665422718,2.00758022354
15,Polyvinyltoluene,857.650262271,2.00758022354
15,LYSO,936.447786045,0.602274067062
15,LYSO,937.250818134,0.602274067062
15,Polyvinyltoluene,627.180052609,2.00758022354
15,Polyvinyltoluene,631.195213056,2.00758022354
15,Polyvinyltoluene,551.695036204,2.00758022354
15,Polyvinyltoluene,555.710196651,2.00758022354
15,Silicon,692.566940489,0.321212835766
15,Silicon,698.58968116,0.321212835766
15,Silicon,792.945951666,0.321212835766
15,Silicon,798.968692337,0.321212835766
15,Aluminum,1354.49687109,0.803032089416
15,Aluminum,1584.76632273,0.803032089416
15,FR4,1432.29361613,0.903411100593
15,FR4,1437.47919584,1.67231432621
15,Glue,1439.15151017,0.100379011177
15,Silicon,1439.25188918,0.301137033531
15,Glue,1439.55302622,0.200758022354
15,Aluminum,1442.112691,3.21212835766
15,Glue,1445.32481936,0.200758022354
15,Silicon,1445.52557738,0.301137033531
15,Glue,1445.82671441,0.100379011177
15,FR4,1445.92709342,1.67231432621
15,FR4,1452.38347142,0.903411100593
15,FR4,1483.30622961,0.903411100593
15,FR4,1488.49180932,1.67231432621
15,Glue,1490.16412365,0.100379011177
15,Silicon,1490.26450266,0.301137033531
15,Glue,1490.5656397,0.200758022354
15,Aluminum,1493.12530448,3.21212835766
15,Glue,1496.33743284,0.200758022354
15,Silicon,1496.53819086,0.301137033531
15,Glue,1496.83932789,0.100379011177
15,FR4,1496.93970691,1.67231432621
15,FR4,1502.89418985,0.903411100593
15,Scintillator,232.165618754,20.0758022354
15,Scintillator,255.625781693,20.0758022354
15,Aluminum3003,231.663723698,0.501895055885
15,Aluminum3003,255.123886638,0.501895055885
15,Scintillator,1198.17823302,20.0758022354
15,Scintillator,1223.67450186,20.0758022354
15,Scintillator,1249.1707707,20.0758022354
15,Scintillator,1274.66703954,20.0758022354
15,Aluminum3003,1197.67633797,0.501895055885
15,Aluminum3003,1223.17260681,0.501895055885
15,Aluminum3003,1248.66887565,0.501895055885
15,Aluminum3003,1274.16514449,0.501895055885
15,Scintillator,1704.93322002,20.0758022354
15,Scintillator,1728.54679424,20.0758022354
15,Scintillator,1752.16036846,20.0758022354
15,Scintillator,1775.77394268,20.0758022354
15,Aluminum3003,1704.43132496,0.501895055885
15,Aluminum3003,1728.04489918,0.501895055885
15,Aluminum3003,1751.65847341,0.501895055885
15,Aluminum3003,1775.27204763,0.501895055885
16,Polyvinyltoluene,860.604602471,2.00510863574
16,Polyvinyltoluene,856.594385199,2.00510863574
16,LYSO,935.294899152,0.601532590721
16,LYSO,936.096942606,0.601532590721
16,Polyvinyltoluene,631.559316898,0.863922825604
16,Polyvinyltoluene,626.407913817,2.00510863574
16,Polyvinyltoluene,555.026046384,2.00510863574
16,Polyvinyltoluene,551.015829113,2.00510863574
16,Silicon,691.714302082,0.320817381718
16,Silicon,697.72962799,0.320817381718
16,Silicon,791.969733869,0.320817381718
16,Silicon,797.985059777,0.320817381718
16,Aluminum,1352.82931235,0.802043454295
16,Aluminum,1582.81527287,0.802043454295
16,FR4,1430.53027965,0.902298886081
16,FR4,1435.70947526,1.67025549357
16,Glue,1437.37973075,0.100255431787
16,Silicon,1437.47998618,0.30076629536
16,Glue,1437.78075248,0.200510863573
16,Aluminum,1440.33726599,3.20817381718
16,Glue,1443.54543981,0.200510863574
16,Silicon,1443.74595067,0.30076629536
16,Glue,1444.04671697,0.100255431787
16,FR4,1444.1469724,1.67025549357
16,FR4,1450.59540177,0.902298886081
16,FR4,1481.48009009,0.902298886081
16,FR4,1486.65928569,1.67025549357
16,Glue,1488.32954119,0.100255431787
16,Silicon,1488.42979662,0.30076629536
16,Glue,1488.73056291,0.200510863574
16,Aluminum,1491.28707642,3.20817381718
16,Glue,1494.49525024,0.200510863573
16,Silicon,1494.6957611,0.30076629536
16,Glue,1494.9965274,0.100255431787
16,FR4,1495.09678283,1.67025549357
16,FR4,1501.04393505,0.902298886081
16,Scintillator,231.879793209,20.0510863574
16,Scintillator,255.31107369,20.0510863574
16,Aluminum3003,231.37851605,0.501277158934
16,Aluminum3003,254.809796531,0.501277158934
16,Scintillator,1196.7031225,20.0510863574
16,Scintillator,1222.16800218,20.0510863574
16,Scintillator,1247.63288185,20.0510863574
16,Scintillator,1273.09776153,20.0510863574
16,Aluminum3003,1196.20184535,0.501277158934
16,Aluminum3003,1221.66672502,0.501277158934
16,Aluminum3003,1247.13160469,0.501277158934
16,Aluminum3003,1272.59648437,0.501277158934
16,Scintillator,1702.83422935,20.0510863574
16,Scintillator,1726.41873225,20.0510863574
16,Scintillator,1750.00323514,20.0510863574
16,Scintillator,1773.58773803,20.0510863574
16,Aluminum3003,1702.33295219,0.501277158934
16,Aluminum3003,1725.91745509,0.501277158934
16,Aluminum3003,1749.50195798,0.501277158934
16,Aluminum3003,1773.08646087,0.501277158934
17,Polyvinyltoluene,859.156213983,2.00173405901
17,Polyvinyltoluene,855.152745865,2.00173405901
17,LYSO,933.720807681,0.600520217702
17,LYSO,934.521501305,0.600520217702
17,Polyvinyltoluene,625.353675891,2.00173405901
17,Polyvinyltoluene,629.357144009,2.00173405901
17,Polyvinyltoluene,550.088475272,2.00173405901
17,Polyvinyltoluene,554.09194339,2.00173405901
17,Silicon,690.550154193,0.320277449441
17,Silicon,696.55535637,0.320277449441
17,Silicon,790.636857143,0.320277449441
17,Silicon,796.64205932,0.320277449441
17,Aluminum,1350.55251486,0.800693623603
17,Aluminum,1580.15141143,0.800693623603
17,FR4,1428.12271225,0.900780326553
17,FR4,1433.29319132,1.66744447115
17,Glue,1434.96063579,0.10008670295
17,Silicon,1435.0607225,0.300260108851
17,Glue,1435.36098261,0.200173405901
17,Aluminum,1437.91319353,3.20277449441
17,Glue,1441.11596803,0.200173405901
17,Silicon,1441.31614143,0.300260108851
17,Glue,1441.61640154,0.10008670295
17,FR4,1441.71648824,1.66744447115
17,FR4,1448.15406498,0.900780326553
17,FR4,1478.98677469,0.900780326553
17,FR4,1484.15725376,1.66744447115
17,Glue,1485.82469823,0.10008670295
17,Silicon,1485.92478494,0.300260108851
17,Glue,1486.22504505,0.200173405901
17,Aluminum,1488.77725597,3.20277449441
17,Glue,1491.98003047,0.200173405901
17,Silicon,1492.18020387,0.300260108851
17,Glue,1492.48046398,0.10008670295
17,FR4,1492.58055068,1.66744447115
17,FR4,1498.5176939,0.900780326553
17,Scintillator,231.489541958,20.0173405901
17,Scintillator,254.88138784,20.0173405901
17,Aluminum3003,230.989108443,0.500433514752
17,Aluminum3003,254.380954325,0.500433514752
17,Scintillator,1194.68908375,20.0173405901
17,Scintillator,1220.11110629,20.0173405901
17,Scintillator,1245.53312884,20.0173405901
17,Scintillator,1270.95515139,20.0173405901
17,Aluminum3003,1194.18865023,0.500433514752
17,Aluminum3003,1219.61067278,0.500433514752
17,Aluminum3003,1245.03269533,0.500433514752
17,Aluminum3003,1270.45471788,0.500433514752
17,Scintillator,1699.96837727,20.0173405901
17,Scintillator,1723.51318769,20.0173405901
17,Scintillator,1747.05799811,20.0173405901
17,Scintillator,1770.60280854,20.0173405901
17,Aluminum3003,1699.46794375,0.500433514752
17,Aluminum3003,1723.01275418,0.500433514752
17,Aluminum3003,1746.5575646,0.500433514752
17,Aluminum3003,1770.10237502,0.500433514752
18,Polyvinyltoluene,860.074051739,2.00387251423
18,Polyvinyltoluene,856.06630671,2.00387251423
18,LYSO,934.718302894,0.60116175427
18,LYSO,935.5198519,0.60116175427
18,Polyvinyltoluene,626.021742076,2.00387251423
18,Polyvinyltoluene,630.029487105,2.00387251423
18,Polyvinyltoluene,554.68388057,2.00387251423
18,Polyvinyltoluene,550.676135541,2.00387251423
18,Silicon,691.287869865,0.320619602278
18,Silicon,697.299487408,0.320619602277
18,Silicon,791.481495577,0.320619602277
18,Silicon,797.493113119,0.320619602278
18,Aluminum,1351.99531196,0.801549005694
18,Aluminum,1581.83948934,0.801549005694
18,FR4,1429.64837769,0.901742631405
18,FR4,1434.8243804,1.66922580436
18,Glue,1436.4936062,0.100193625712
18,Silicon,1436.59379983,0.300580877135
18,Glue,1436.8943807,0.200387251423
18,Aluminum,1439.44931816,3.20619602277
18,Glue,1442.65551418,0.200387251423
18,Silicon,1442.85590143,0.300580877135
18,Glue,1443.15648231,0.100193625712
18,FR4,1443.25667594,1.66922580436
18,FR4,1449.70112994,0.901742631405
18,FR4,1480.56677828,0.901742631405
18,FR4,1485.74278098,1.66922580436
18,Glue,1487.41200679,0.100193625712
18,Silicon,1487.51220041,0.300580877135
18,Glue,1487.81278129,0.200387251423
18,Aluminum,1490.36771875,3.20619602277
18,Glue,1493.57391477,0.200387251423
18,Silicon,1493.77430202,0.300580877135
18,Glue,1494.0748829,0.100193625712
18,FR4,1494.17507652,1.66922580436
18,FR4,1500.1185624,0.901742631405
18,Scintillator,231.736842552,20.0387251423
18,Scintillator,255.153677975,20.0387251423
18,Aluminum3003,231.235874423,0.500968128559
18,Aluminum3003,254.652709846,0.500968128559
18,Scintillator,1195.96537172,20.0387251423
18,Scintillator,1221.41455265,20.0387251423
18,Scintillator,1246.86373359,20.0387251423
18,Scintillator,1272.31291452,20.0387251423
18,Aluminum3003,1195.46440359,0.500968128558
18,Aluminum3003,1220.91358453,0.500968128558
18,Aluminum3003,1246.36276546,0.500968128559
18,Aluminum3003,1271.81194639,0.500968128559
18,Scintillator,1701.78445581,20.0387251423
18,Scintillator,1725.35441918,20.0387251423
18,Scintillator,1748.92438256,20.0387251423
18,Scintillator,1772.49434593,20.0387251423
18,Aluminum3003,1701.28348768,0.500968128558
18,Aluminum3003,1724.85345105,0.500968128559
18,Aluminum3003,1748.42341443,0.500968128558
18,Aluminum3003,1771.99337781,0.500968128559
19,Polyvinyltoluene,854.95180605,2.00126370085
19,Polyvinyltoluene,858.954333452,2.00126370085
19,LYSO,933.501406309,0.600379110255
19,LYSO,934.301911789,0.600379110255
19,Polyvinyltoluene,553.961745443,2.00126370085
19,Polyvinyltoluene,625.206733193,2.00126370085
19,Polyvinyltoluene,629.209260595,2.00126370085
19,Polyvinyltoluene,549.959218041,2.00126370085
19,Silicon,690.387891929,0.320202192136
19,Silicon,696.391683032,0.320202192136
19,Silicon,790.451076972,0.320202192136
19,Silicon,796.454868074,0.320202192136
19,Aluminum,1350.23516831,0.800505480339
19,Aluminum,1579.7801148,0.80050548034
19,FR4,1427.78713862,0.900568665382
19,FR4,1432.95640276,1.66705266281
19,Glue,1434.62345542,0.100063185042
19,Silicon,1434.7235186,0.300189555127
19,Glue,1435.02370816,0.200126370085
19,Aluminum,1437.57531938,3.20202192136
19,Glue,1440.7773413,0.200126370085
19,Silicon,1440.97746767,0.300189555127
19,Glue,1441.27765722,0.100063185042
19,FR4,1441.37772041,1.66705266281
19,FR4,1447.81378447,0.900568665382
19,FR4,1478.63924926,0.900568665382
19,FR4,1483.80851339,1.66705266281
19,Glue,1485.47556606,0.100063185042
19,Silicon,1485.57562924,0.300189555127
19,Glue,1485.8758188,0.200126370085
19,Aluminum,1488.42743002,3.20202192136
19,Glue,1491.62945194,0.200126370085
19,Silicon,1491.82957831,0.300189555127
19,Glue,1492.12976786,0.100063185042
19,FR4,1492.22983105,1.66705266281
19,FR4,1498.16557918,0.900568665382
19,Scintillator,231.435147622,20.0126370085
19,Scintillator,254.821496997,20.0126370085
19,Aluminum3003,230.934831697,0.500315925212
19,Aluminum3003,254.321181072,0.500315925212
19,Scintillator,1194.40836126,20.0126370085
19,Scintillator,1219.82441026,20.0126370085
19,Scintillator,1245.24045926,20.0126370085
19,Scintillator,1270.65650826,20.0126370085
19,Aluminum3003,1193.90804534,0.500315925212
19,Aluminum3003,1219.32409434,0.500315925212
19,Aluminum3003,1244.74014334,0.500315925212
19,Aluminum3003,1270.15619234,0.500315925212
19,Scintillator,1699.56892661,20.0126370085
19,Scintillator,1723.10820458,20.0126370085
19,Scintillator,1746.64748255,20.0126370085
19,Scintillator,1770.18676052,20.0126370085
19,Aluminum3003,1699.06861068,0.500315925212
19,Aluminum3003,1722.60788865,0.500315925212
19,Aluminum3003,1746.14716663,0.500315925212
19,Aluminum3003,1769.6864446,0.500315925212
20,Polyvinyltoluene,854.905852986,2.00115613432
20,Polyvinyltoluene,858.908165254,2.00115613432
20,LYSO,933.451231258,0.600346840295
20,LYSO,934.251693711,0.600346840295
20,Polyvinyltoluene,625.173128766,2.00115613432
20,Polyvinyltoluene,629.175441035,2.00115613432
20,Polyvinyltoluene,549.929658116,2.00115613432
20,Polyvinyltoluene,553.931970384,2.00115613432
20,Silicon,690.350784061,0.320184981491
20,Silicon,696.354252464,0.320184981491
20,Silicon,790.408590777,0.320184981491
20,Silicon,796.412059179,0.320184981491
20,Aluminum,1350.16259411,0.800462453727
20,Aluminum,1579.69520272,0.800462453727
20,FR4,1427.71039605,0.900520260443
20,FR4,1432.87938235,1.66696305989
20,Glue,1434.54634541,0.100057806716
20,Silicon,1434.64640321,0.300173420147
20,Glue,1434.94657663,0.200115613432
20,Aluminum,1437.4980507,3.20184981491
20,Glue,1440.69990052,0.200115613432
20,Silicon,1440.90001613,0.300173420147
20,Glue,1441.20018955,0.100057806716
20,FR4,1441.30024736,1.66696305989
20,FR4,1447.73596549,0.900520260443
20,FR4,1478.55977342,0.900520260443
20,FR4,1483.72875972,1.66696305989
20,Glue,1485.39572278,0.100057806716
20,Silicon,1485.49578059,0.300173420148
20,Glue,1485.79595401,0.200115613432
20,Aluminum,1488.34742808,3.20184981491
20,Glue,1491.54927789,0.200115613432
20,Silicon,1491.74939351,0.300173420148
20,Glue,1492.04956693,0.100057806716
20,FR4,1492.14962473,1.66696305989
20,FR4,1498.08505383,0.900520260443
20,Scintillator,231.422708144,20.0115613432
20,Scintillator,254.807800519,20.0115613432
20,Aluminum3003,230.92241911,0.500289033579
20,Aluminum3003,254.307511485,0.500289033579
20,Scintillator,1194.34416264,20.0115613432
20,Scintillator,1219.75884555,20.0115613432
20,Scintillator,1245.17352846,20.0115613432
20,Scintillator,1270.58821136,20.0115613432
20,Aluminum3003,1193.84387361,0.500289033579
20,Aluminum3003,1219.25855651,0.500289033579
20,Aluminum3003,1244.67323942,0.500289033579
20,Aluminum3003,1270.08792233,0.500289033579
20,Scintillator,1699.47757596,20.0115613432
20,Scintillator,1723.01558871,20.0115613432
20,Scintillator,1746.55360146,20.0115613432
20,Scintillator,1770.09161422,20.0115613432
20,Aluminum3003,1698.97728692,0.500289033579
20,Aluminum3003,1722.51529968,0.500289033579
20,Aluminum3003,1746.05331243,0.500289033579
20,Aluminum3003,1769.59132518,0.500289033579
21,Polyvinyltoluene,860.548689462,2.00497836493
21,Polyvinyltoluene,856.538732732,2.00497836493
21,LYSO,935.234133556,0.601493509479
21,LYSO,936.036124902,0.601493509479
21,Polyvinyltoluene,630.377173168,2.00497836493
21,Polyvinyltoluene,626.367216438,2.00497836493
21,Polyvinyltoluene,554.989986647,2.00497836493
21,Polyvinyltoluene,550.980029917,2.00497836493
21,Silicon,691.669361784,0.320796538389
21,Silicon,697.684296879,0.320796538389
21,Silicon,791.918280031,0.320796538389
21,Silicon,797.933215125,0.320796538389
21,Aluminum,1352.74141978,0.801991345971
21,Aluminum,1582.71243823,0.801991345972
21,FR4,1430.43733889,0.902240264218
21,FR4,1435.616198,1.67014697799
21,Glue,1437.28634498,0.100248918246
21,Silicon,1437.3865939,0.300746754739
21,Glue,1437.68734065,0.200497836493
21,Aluminum,1440.24368807,3.20796538389
21,Glue,1443.45165345,0.200497836493
21,Silicon,1443.65215129,0.300746754739
21,Glue,1443.95289804,0.100248918246
21,FR4,1444.05314696,1.67014697799
21,FR4,1450.50115738,0.902240264218
21,FR4,1481.38383914,0.902240264218
21,FR4,1486.56269826,1.67014697799
21,Glue,1488.23284523,0.100248918246
21,Silicon,1488.33309415,0.300746754739
21,Glue,1488.63384091,0.200497836493
21,Aluminum,1491.19018832,3.20796538389
21,Glue,1494.39815371,0.200497836493
21,Silicon,1494.59865154,0.300746754739
21,Glue,1494.8993983,0.100248918246
21,FR4,1494.99964721,1.67014697799
21,FR4,1500.94641305,0.902240264218
21,Scintillator,231.864728106,20.0497836493
21,Scintillator,255.29448627,20.0497836493
21,Aluminum3003,231.363483515,0.501244591232
21,Aluminum3003,254.793241678,0.501244591232
21,Scintillator,1196.62537336,20.0497836493
21,Scintillator,1224.90974165,17.2286405915
21,Scintillator,1222.08859859,2.82114305777
21,Scintillator,1247.55182383,20.0497836493
21,Scintillator,1273.01504906,20.0497836493
21,Aluminum3003,1196.12412877,0.501244591232
21,Aluminum3003,1221.587354,0.501244591232
21,Aluminum3003,1247.05057924,0.501244591232
21,Aluminum3003,1272.51380447,0.501244591232
21,Scintillator,1702.72359715,20.0497836493
21,Scintillator,1726.30656777,20.0497836493
21,Scintillator,1749.88953839,20.0497836493
21,Scintillator,1773.47250901,20.0497836493
21,Aluminum3003,1702.22235256,0.501244591232
21,Aluminum3003,1725.80532318,0.501244591232
21,Aluminum3003,1749.3882938,0.501244591232
21,Aluminum3003,1772.97126442,0.501244591232
22,Polyvinyltoluene,856.313149146,2.00445032085
22,Polyvinyltoluene,860.322049788,1.25653429101
22,LYSO,934.987824239,0.601335096254
22,LYSO,935.789604367,0.601335096254
22,Polyvinyltoluene,630.211152954,2.00445032085
22,Polyvinyltoluene,626.202252313,2.00445032085
22,Polyvinyltoluene,550.834920249,2.00445032085
22,Polyvinyltoluene,554.843820891,2.00445032085
22,Silicon,691.487199263,0.320712051335
22,Silicon,697.500550225,0.320712051335
22,Silicon,791.709715305,0.320712051335
22,Silicon,797.723066268,0.320712051335
22,Aluminum,1352.38515304,0.801780128338
22,Aluminum,1582.29560484,0.801780128338
22,FR4,1430.06060965,0.90200264438
22,FR4,1435.23810483,1.66970711726
22,Glue,1436.90781194,0.100222516042
22,Silicon,1437.00803446,0.300667548127
22,Glue,1437.30870201,0.200445032085
22,Aluminum,1439.86437617,3.20712051335
22,Glue,1443.07149668,0.200445032084
22,Silicon,1443.27194171,0.300667548127
22,Glue,1443.57260926,0.100222516042
22,FR4,1443.67283178,1.66970711726
22,FR4,1450.11914401,0.90200264438
22,FR4,1480.9936923,0.902002644381
22,FR4,1486.17118748,1.66970711726
22,Glue,1487.8408946,0.100222516042
22,Silicon,1487.94111711,0.300667548127
22,Glue,1488.24178466,0.200445032085
22,Aluminum,1490.79745882,3.20712051335
22,Glue,1494.00457933,0.200445032084
22,Silicon,1494.20502436,0.300667548127
22,Glue,1494.50569191,0.100222516042
22,FR4,1494.60591443,1.66970711726
22,FR4,1500.55111408,0.90200264438
22,Scintillator,231.80366271,20.0445032085
22,Scintillator,255.227250261,20.0445032085
22,Aluminum3003,231.30255013,0.501112580211
22,Aluminum3003,254.72613768,0.501112580211
22,Scintillator,1196.31022235,7.81248360329
22,Scintillator,1204.12270596,12.2320196052
22,Scintillator,1221.76674143,20.0445032085
22,Scintillator,1247.2232605,20.0445032085
22,Scintillator,1272.67977958,20.0445032085
22,Aluminum3003,1195.80910977,0.501112580211
22,Aluminum3003,1221.26562885,0.501112580211
22,Aluminum3003,1246.72214792,0.501112580211
22,Aluminum3003,1272.178667,0.501112580211
22,Scintillator,1702.27515684,20.0445032085
22,Scintillator,1725.85191649,20.0445032085
22,Scintillator,1749.42867615,20.0445032085
22,Scintillator,1773.00543581,20.0445032085
22,Aluminum3003,1701.77404426,0.501112580211
22,Aluminum3003,1725.35080391,0.501112580211
22,Aluminum3003,1748.92756357,0.501112580211
22,Aluminum3003,1772.50432323,0.501112580211
23,Polyvinyltoluene,855.311391762,2.00210541593
23,Polyvinyltoluene,859.315602593,2.00210541593
23,LYSO,933.894029337,0.60063162478
23,LYSO,934.694871503,0.60063162478
23,Polyvinyltoluene,625.469690013,2.00210541593
23,Polyvinyltoluene,629.473900844,2.00210541593
23,Polyvinyltoluene,550.190526373,2.00210541593
23,Polyvinyltoluene,554.194737205,2.00210541593
23,Silicon,690.678263409,0.320336866549
23,Silicon,696.684579657,0.320336866549
23,Silicon,790.783534206,0.320336866549
23,Silicon,796.789850454,0.320336866549
23,Aluminum,1350.80306614,0.800842166373
23,Aluminum,1580.44455735,0.800842166373
23,FR4,1428.38765417,0.90094743717
23,FR4,1433.55909246,1.66775381147
23,Glue,1435.22684627,0.100105270797
23,Silicon,1435.32695154,0.30031581239
23,Glue,1435.62726735,0.200210541593
23,Aluminum,1438.17995176,3.20336866549
23,Glue,1441.38332042,0.200210541593
23,Silicon,1441.58353096,0.30031581239
23,Glue,1441.88384678,0.100105270796
23,FR4,1441.98395205,1.66775381147
23,FR4,1448.42272306,0.90094743717
23,FR4,1479.26115279,0.90094743717
23,FR4,1484.43259107,1.66775381147
23,Glue,1486.10034489,0.100105270796
23,Silicon,1486.20045016,0.30031581239
23,Glue,1486.50076597,0.200210541593
23,Aluminum,1489.05345037,3.20336866549
23,Glue,1492.25681904,0.200210541593
23,Silicon,1492.45702958,0.30031581239
23,Glue,1492.75734539,0.100105270797
23,FR4,1492.85745066,1.66775381147
23,FR4,1498.79569533,0.90094743717
23,Scintillator,231.532487345,20.0210541593
23,Scintillator,254.928672827,20.0210541593
23,Aluminum3003,231.031960991,0.500526353983
23,Aluminum3003,254.428146473,0.500526353983
23,Scintillator,1194.91071961,20.0210541593
23,Scintillator,1220.3374584,20.0210541593
23,Scintillator,1245.76419718,20.0210541593
23,Scintillator,1286.16868261,5.04330750609
23,Scintillator,1271.19093596,14.9777466532
23,Aluminum3003,1194.41019326,0.500526353983
23,Aluminum3003,1219.83693204,0.500526353983
23,Aluminum3003,1245.26367082,0.500526353983
23,Aluminum3003,1270.69040961,0.500526353983
23,Scintillator,1700.28375134,20.0210541593
23,Scintillator,1723.83292974,20.0210541593
23,Scintillator,1747.38210814,20.0210541593
23,Scintillator,1770.93128654,20.0210541593
23,Aluminum3003,1699.78322499,0.500526353983
23,Aluminum3003,1723.33240339,0.500526353983
23,Aluminum3003,1746.88158179,0.500526353983
23,Aluminum3003,1770.43076019,0.500526353983
24,Polyvinyltoluene,859.189722677,2.00181213037
24,Polyvinyltoluene,855.186098416,2.00181213037
24,LYSO,933.757224533,0.60054363911
24,LYSO,934.557949385,0.60054363911
24,Polyvinyltoluene,629.381690111,2.00181213037
24,Polyvinyltoluene,625.37806585,2.00181213037
24,Polyvinyltoluene,550.109929748,2.00181213037
24,Polyvinyltoluene,554.113554009,2.00181213037
24,Silicon,690.577086936,0.320289940859
24,Silicon,696.582523327,0.320289940859
24,Silicon,790.667693454,0.320289940859
24,Silicon,796.673129845,0.320289940859
24,Aluminum,1350.60518893,0.800724852147
24,Aluminum,1580.21304028,0.800724852147
24,FR4,1428.1784117,0.900815458665
24,FR4,1433.34909243,1.6675095046
24,Glue,1435.01660193,0.100090606518
24,Silicon,1435.11669254,0.300271819555
24,Glue,1435.41696436,0.200181213037
24,Aluminum,1437.96927483,3.20289940859
24,Glue,1441.17217423,0.200181213037
24,Silicon,1441.37235545,0.300271819555
24,Glue,1441.67262727,0.100090606518
24,FR4,1441.77271787,1.6675095046
24,FR4,1448.21054569,0.900815458665
24,FR4,1479.04445793,0.900815458665
24,FR4,1484.21513866,1.6675095046
24,Glue,1485.88264817,0.100090606518
24,Silicon,1485.98273877,0.300271819555
24,Glue,1486.28301059,0.200181213037
24,Aluminum,1488.83532106,3.20289940859
24,Glue,1492.03822047,0.200181213037
24,Silicon,1492.23840168,0.300271819555
24,Glue,1492.5386735,0.100090606518
24,FR4,1492.63876411,1.6675095046
24,FR4,1498.57613889,0.900815458665
24,Scintillator,231.498570482,20.0181213037
24,Scintillator,254.891328689,20.0181213037
24,Aluminum3003,230.998117449,0.500453032592
24,Aluminum3003,254.390875657,0.500453032592
24,Scintillator,1194.73567885,20.0181213037
24,Scintillator,1220.1586929,20.0181213037
24,Scintillator,1245.58170696,20.0181213037
24,Scintillator,1271.00472101,20.0181213037
24,Aluminum3003,1194.23522581,0.500453032592
24,Aluminum3003,1219.65823987,0.500453032592
24,Aluminum3003,1245.08125393,0.500453032592
24,Aluminum3003,1270.50426798,0.500453032592
24,Scintillator,1700.0346792,20.0181213037
24,Scintillator,1723.58040792,20.0181213037
24,Scintillator,1747.12613663,20.0181213037
24,Scintillator,1770.67186535,20.0181213037
24,Aluminum3003,1699.53422617,0.500453032592
24,Aluminum3003,1723.07995488,0.500453032592
24,Aluminum3003,1746.6256836,0.500453032592
24,Aluminum3003,1770.17141231,0.500453032591
25,Polyvinyltoluene,855.731272042,2.00308826802
25,Polyvinyltoluene,859.737448578,2.00308826802
25,LYSO,934.352486561,0.600926480405
25,LYSO,935.153721868,0.600926480405
25,Polyvinyltoluene,550.460619996,2.00308826802
25,Polyvinyltoluene,554.466796532,2.00308826802
25,Polyvinyltoluene,625.776738873,2.00308826802
25,Polyvinyltoluene,629.78291541,2.00308826802
25,Silicon,691.017323763,0.320494122883
25,Silicon,697.026588567,0.320494122882
25,Silicon,791.171737164,0.320494122882
25,Silicon,797.181001968,0.320494122883
25,Aluminum,1351.46618787,0.801235307206
25,Aluminum,1581.22041221,0.801235307206
25,FR4,1429.08886289,0.901389720607
25,FR4,1434.26283989,1.66857252726
25,Glue,1435.93141241,0.100154413401
25,Silicon,1436.03156683,0.300463240202
25,Glue,1436.33203007,0.200308826802
25,Aluminum,1438.88596761,3.20494122882
25,Glue,1442.09090884,0.200308826801
25,Silicon,1442.29121766,0.300463240202
25,Glue,1442.5916809,0.100154413401
25,FR4,1442.69183532,1.66857252726
25,FR4,1449.13376719,0.901389720607
25,FR4,1479.98733578,0.901389720607
25,FR4,1485.16131278,1.66857252726
25,Glue,1486.8298853,0.100154413401
25,Silicon,1486.93003972,0.300463240202
25,Glue,1487.23050296,0.200308826802
25,Aluminum,1489.7844405,3.20494122882
25,Glue,1492.98938173,0.200308826801
25,Silicon,1493.18969055,0.300463240202
25,Glue,1493.49015379,0.100154413401
25,FR4,1493.59030821,1.66857252726
25,FR4,1499.53146801,0.901389720607
25,Scintillator,231.646148787,20.0308826802
25,Scintillator,255.053819672,20.0308826802
25,Aluminum3003,231.14537672,0.500772067004
25,Aluminum3003,254.553047605,0.500772067004
25,Scintillator,1195.49731235,20.0308826802
25,Scintillator,1220.93653335,20.0308826802
25,Scintillator,1246.37575436,20.0308826802
25,Scintillator,1271.81497536,20.0308826802
25,Aluminum3003,1194.99654028,0.500772067004
25,Aluminum3003,1220.43576128,0.500772067004
25,Aluminum3003,1245.87498229,0.500772067004
25,Aluminum3003,1271.31420329,0.500772067004
25,Scintillator,1701.11843638,20.0308826802
25,Scintillator,1724.67917529,20.0308826802
25,Scintillator,1748.2399142,20.0308826802
25,Scintillator,1771.80065311,20.0308826802
25,Aluminum3003,1700.61766431,0.500772067004
25,Aluminum3003,1724.17840322,0.500772067004
25,Aluminum3003,1747.73914213,0.500772067004
25,Aluminum3003,1771.29988104,0.500772067004
26,Polyvinyltoluene,855.063587287,2.00152535739
26,Polyvinyltoluene,859.066638002,2.00152535739
26,LYSO,933.623457565,0.600457607217
26,LYSO,934.424067707,0.600457607217
26,Polyvinyltoluene,630.758460299,0.534592032165
26,Polyvinyltoluene,625.288476259,2.00152535739
26,Polyvinyltoluene,554.034173536,2.00152535739
26,Polyvinyltoluene,550.031122821,2.00152535739
26,Silicon,690.478157149,0.320244057182
26,Silicon,696.482733221,0.320244057182
26,Silicon,790.554425018,0.320244057182
26,Silicon,796.559001091,0.320244057182
26,Aluminum,1350.4117057,0.800610142956
26,Aluminum,1579.98666419,0.800610142956
26,FR4,1427.97381559,0.900686410825
26,FR4,1433.14375558,1.6672706227
26,Glue,1434.81102621,0.100076267869
26,Silicon,1434.91110247,0.300228803608
26,Glue,1435.21133128,0.200152535739
26,Aluminum,1437.76327611,3.20244057182
26,Glue,1440.96571668,0.200152535739
26,Silicon,1441.16586922,0.300228803608
26,Glue,1441.46609802,0.100076267869
26,FR4,1441.56617429,1.6672706227
26,FR4,1448.00307984,0.900686410825
26,FR4,1478.83257492,0.900686410825
26,FR4,1484.00251492,1.6672706227
26,Glue,1485.66978554,0.100076267869
26,Silicon,1485.76986181,0.300228803608
26,Glue,1486.07009061,0.200152535739
26,Aluminum,1488.62203544,3.20244057182
26,Glue,1491.82447601,0.200152535739
26,Silicon,1492.02462855,0.300228803608
26,Glue,1492.32485735,0.100076267869
26,FR4,1492.42493362,1.6672706227
26,FR4,1498.36145783,0.900686410825
26,Scintillator,231.465406763,20.0152535739
26,Scintillator,254.854813801,20.0152535739
26,Aluminum3003,230.965025423,0.500381339347
26,Aluminum3003,254.354432462,0.500381339347
26,Scintillator,1194.56452497,20.0152535739
26,Scintillator,1219.98389701,20.0152535739
26,Scintillator,1245.40326905,20.0152535739
26,Scintillator,1270.82264109,20.0152535739
26,Aluminum3003,1194.06414363,0.500381339347
26,Aluminum3003,1219.48351567,0.500381339347
26,Aluminum3003,1244.90288771,0.500381339347
26,Aluminum3003,1270.32225975,0.500381339347
26,Scintillator,1699.79113786,20.0152535739
26,Scintillator,1723.3334935,20.0152535739
26,Scintillator,1746.87584913,20.0152535739
26,Scintillator,1770.41820476,20.0152535739
26,Aluminum3003,1699.29075652,0.500381339347
26,Aluminum3003,1722.83311216,0.500381339347
26,Aluminum3003,1746.37546779,0.500381339347
26,Aluminum3003,1769.91782342,0.500381339347
27,Polyvinyltoluene,860.590304425,2.00507532295
27,Polyvinyltoluene,856.580153779,2.00507532295
27,LYSO,935.279360205,0.601522596886
27,LYSO,936.081390334,0.601522596886
27,Polyvinyltoluene,630.40765735,2.00507532295
27,Polyvinyltoluene,626.397506704,2.00507532295
27,Polyvinyltoluene,555.016825207,2.00507532295
27,Polyvinyltoluene,551.006674561,2.00507532295
27,Silicon,691.702809973,0.320812051672
27,Silicon,697.718035942,0.320812051673
27,Silicon,791.95657612,0.320812051673
27,Silicon,797.971802089,0.320812051672
27,Aluminum,1352.80683651,0.802030129181
27,Aluminum,1582.78897605,0.802030129181
27,FR4,1430.50651289,0.902283895329
27,FR4,1435.68562245,1.67022774402
27,Glue,1437.35585019,0.100253766147
27,Silicon,1437.45610396,0.300761298443
27,Glue,1437.75686526,0.200507532295
27,Aluminum,1440.31333629,3.20812051672
27,Glue,1443.52145681,0.200507532295
27,Silicon,1443.72196434,0.300761298443
27,Glue,1444.02272564,0.100253766148
27,FR4,1444.12297941,1.67022774402
27,FR4,1450.57130164,0.902283895329
27,FR4,1481.45547684,0.902283895329
27,FR4,1486.6345864,1.67022774402
27,Glue,1488.30481415,0.100253766148
27,Silicon,1488.40506791,0.300761298443
27,Glue,1488.70582921,0.200507532295
27,Aluminum,1491.26230025,3.20812051672
27,Glue,1494.47042077,0.200507532295
27,Silicon,1494.6709283,0.300761298443
27,Glue,1494.9716896,0.100253766148
27,FR4,1495.07194336,1.67022774402
27,FR4,1501.01899677,0.902283895329
27,Scintillator,231.875940769,20.0507532295
27,Scintillator,255.306831963,20.0507532295
27,Aluminum3003,231.374671938,0.501268830738
27,Aluminum3003,254.805563133,0.501268830738
27,Scintillator,1196.68324053,20.0507532295
27,Scintillator,1222.14769713,20.0507532295
27,Scintillator,1247.61215374,20.0507532295
27,Scintillator,1273.07661034,20.0507532295
27,Aluminum3003,1196.1819717,0.501268830738
27,Aluminum3003,1221.6464283,0.501268830738
27,Aluminum3003,1247.11088491,0.501268830738
27,Aluminum3003,1272.57534151,0.501268830738
27,Scintillator,1702.80593854,20.0507532295
27,Scintillator,1726.3900496,20.0507532295
27,Scintillator,1749.97416067,20.0507532295
27,Scintillator,1773.55827173,20.0507532295
27,Aluminum3003,1702.30466971,0.501268830738
27,Aluminum3003,1725.88878077,0.501268830738
27,Aluminum3003,1749.47289183,0.501268830738
27,Aluminum3003,1773.0570029,0.501268830738
28,Polyvinyltoluene,859.918163335,2.00350931238
28,Polyvinyltoluene,855.911144711,2.00350931238
28,LYSO,934.548885222,0.601052793715
28,LYSO,935.350288947,0.601052793715
28,Polyvinyltoluene,625.908275649,2.00350931238
28,Polyvinyltoluene,629.915294274,2.00350931238
28,Polyvinyltoluene,550.576325503,2.00350931238
28,Polyvinyltoluene,554.583344128,2.00350931238
28,Silicon,691.162573953,0.320561489981
28,Silicon,697.17310189,0.320561489981
28,Silicon,791.338039572,0.320561489981
28,Silicon,797.34856751,0.320561489981
28,Aluminum,1351.75026283,0.801403724954
28,Aluminum,1581.55278097,0.801403724953
28,FR4,1429.38925395,0.901579190573
28,FR4,1434.56431851,1.66892325722
28,Glue,1436.23324176,0.100175465619
28,Silicon,1436.33341723,0.300526396858
28,Glue,1436.63394363,0.200350931238
28,Aluminum,1439.188418,3.20561489981
28,Glue,1442.3940329,0.200350931238
28,Silicon,1442.59438383,0.300526396858
28,Glue,1442.89491023,0.100175465619
28,FR4,1442.99508569,1.66892325722
28,FR4,1449.43837164,0.901579190573
28,FR4,1480.29842558,0.901579190573
28,FR4,1485.47349014,1.66892325722
28,Glue,1487.14241339,0.100175465619
28,Silicon,1487.24258886,0.300526396858
28,Glue,1487.54311525,0.200350931238
28,Aluminum,1490.09758963,3.20561489981
28,Glue,1493.30320453,0.200350931238
28,Silicon,1493.50355546,0.300526396858
28,Glue,1493.80408186,0.100175465619
28,FR4,1493.90425732,1.66892325722
28,FR4,1499.84666594,0.901579190573
28,Scintillator,231.694840254,20.0350931238
28,Scintillator,255.107431376,20.0350931238
28,Aluminum3003,231.193962926,0.500877328096
28,Aluminum3003,254.606554048,0.500877328096
28,Scintillator,1195.74860303,20.0350931238
28,Scintillator,1221.19317129,20.0350931238
28,Scintillator,1246.63773956,20.0350931238
28,Scintillator,1272.08230783,20.0350931238
28,Aluminum3003,1195.2477257,0.500877328096
28,Aluminum3003,1220.69229396,0.500877328096
28,Aluminum3003,1246.13686223,0.500877328096
28,Aluminum3003,1271.5814305,0.500877328096
28,Scintillator,1701.47600741,20.0350931238
28,Scintillator,1725.04169873,20.0350931238
28,Scintillator,1748.60739005,20.0350931238
28,Scintillator,1772.17308137,20.0350931238
28,Aluminum3003,1700.97513008,0.500877328096
28,Aluminum3003,1724.5408214,0.500877328096
28,Aluminum3003,1748.10651272,0.500877328096
28,Aluminum3003,1771.67220404,0.500877328096
29,Polyvinyltoluene,858.584257487,2.00040146689
29,Polyvinyltoluene,854.583454553,2.00040146689
29,LYSO,933.099212129,0.600120440067
29,LYSO,933.899372715,0.600120440067
29,Polyvinyltoluene,628.938169088,2.00040146689
29,Polyvinyltoluene,553.723073933,2.00040146689
29,Polyvinyltoluene,624.937366154,2.00040146689
29,Polyvinyltoluene,549.722270999,2.00040146689
29,Silicon,690.090441931,0.320064234702
29,Silicon,696.091646332,0.320064234702
29,Silicon,790.110515275,0.320064234702
29,Silicon,796.111719676,0.320064234702
29,Aluminum,1349.65342658,0.800160586756
29,Aluminum,1579.09947483,0.800160586756
29,FR4,1427.17198402,0.9001806601
29,FR4,1432.33902101,1.66633442192
29,Glue,1434.00535544,0.100020073344
29,Silicon,1434.10537551,0.300060220033
29,Glue,1434.40543573,0.200040146689
29,Aluminum,1436.9559476,3.20064234702
29,Glue,1440.15658995,0.200040146689
29,Silicon,1440.35663009,0.300060220033
29,Glue,1440.65669031,0.100020073345
29,FR4,1440.75671039,1.66633442192
29,FR4,1447.1900015,0.9001806601
29,FR4,1478.0021853,0.900180660101
29,FR4,1483.16922229,1.66633442192
29,Glue,1484.83555671,0.100020073344
29,Silicon,1484.93557678,0.300060220033
29,Glue,1485.235637,0.200040146689
29,Aluminum,1487.78614887,3.20064234702
29,Glue,1490.98679122,0.200040146689
29,Silicon,1491.18683137,0.300060220034
29,Glue,1491.48689159,0.100020073344
29,FR4,1491.58691166,1.66633442192
29,FR4,1497.52010241,0.900180660101
29,Scintillator,231.335435004,20.0040146689
29,Scintillator,254.711708493,20.0040146689
29,Aluminum3003,230.835334637,0.500100366723
29,Aluminum3003,254.211608126,0.500100366722
29,Scintillator,1193.89375669,20.0040146689
29,Scintillator,1219.29885532,20.0040146689
29,Scintillator,1244.70395395,20.0040146689
29,Scintillator,1270.10905258,20.0040146689
29,Aluminum3003,1193.39365632,0.500100366722
29,Aluminum3003,1218.79875495,0.500100366722
29,Aluminum3003,1244.20385358,0.500100366722
29,Aluminum3003,1269.60895221,0.500100366722
29,Scintillator,1698.83667626,20.0040146689
29,Scintillator,1722.36581245,20.0040146689
29,Scintillator,1745.89494865,20.0040146689
29,Scintillator,1769.42408485,20.0040146689
29,Aluminum3003,1698.33657589,0.500100366722
29,Aluminum3003,1721.86571209,0.500100366722
29,Aluminum3003,1745.39484829,0.500100366722
29,Aluminum3003,1768.92398449,0.500100366722
30,Polyvinyltoluene,855.131517928,2.00168436884
30,Polyvinyltoluene,859.134886666,2.00168436884
30,LYSO,933.697629405,0.600505310651
30,LYSO,934.498303152,0.600505310651
30,Polyvinyltoluene,625.338152385,2.00168436884
30,Polyvinyltoluene,629.341521123,2.00168436884
30,Polyvinyltoluene,554.078188855,2.00168436884
30,Polyvinyltoluene,550.074820117,2.00168436884
30,Silicon,690.533012278,0.320269499014
30,Silicon,696.538065385,0.320269499014
30,Silicon,790.61723072,0.320269499014
30,Silicon,796.622283827,0.320269499014
30,Aluminum,1350.51898934,0.800673747535
30,Aluminum,1580.11218644,0.800673747535
30,FR4,1428.08726116,0.900757965977
30,FR4,1433.25761188,1.66740307924
30,Glue,1434.92501496,0.100084218442
30,Silicon,1435.02509918,0.300252655326
30,Glue,1435.32535183,0.200168436884
30,Aluminum,1437.8774994,3.20269499014
30,Glue,1441.08019439,0.200168436884
30,Silicon,1441.28036283,0.300252655326
30,Glue,1441.58061549,0.100084218442
30,FR4,1441.68069971,1.66740307924
30,FR4,1448.11811664,0.900757965977
30,FR4,1478.95006097,0.900757965977
30,FR4,1484.12041169,1.66740307924
30,Glue,1485.78781477,0.100084218442
30,Silicon,1485.88789899,0.300252655326
30,Glue,1486.18815165,0.200168436884
30,Aluminum,1488.74029922,3.20269499014
30,Glue,1491.94299421,0.200168436884
30,Silicon,1492.14316264,0.300252655326
30,Glue,1492.4434153,0.100084218442
30,FR4,1492.54349952,1.66740307924
30,FR4,1498.48049536,0.900757965977
30,Scintillator,231.483795563,20.0168436884
30,Scintillator,254.875060776,20.0168436884
30,Aluminum3003,230.983374471,0.500421092209
30,Aluminum3003,254.374639684,0.500421092209
30,Scintillator,1194.65942731,20.0168436884
30,Scintillator,1220.08081879,20.0168436884
30,Scintillator,1245.50221028,20.0168436884
30,Scintillator,1270.92360176,20.0168436884
30,Aluminum3003,1194.15900621,0.500421092209
30,Aluminum3003,1219.5803977,0.500421092209
30,Aluminum3003,1245.00178918,0.500421092209
30,Aluminum3003,1270.42318067,0.500421092209
30,Scintillator,1699.926178,20.0168436884
30,Scintillator,1723.47040395,20.0168436884
30,Scintillator,1747.01462991,20.0168436884
30,Scintillator,1770.55885587,20.0168436884
30,Aluminum3003,1699.42575691,0.500421092209
30,Aluminum3003,1722.96998286,0.500421092209
30,Aluminum3003,1746.51420882,0.500421092209
30,Aluminum3003,1770.05843478,0.500421092209
31,Polyvinyltoluene,857.914742713,2.00819931704
31,Polyvinyltoluene,861.931141347,2.00819931704
31,LYSO,936.736565907,0.602459795112
31,LYSO,937.539845633,0.602459795113
31,Polyvinyltoluene,631.38985975,2.00819931704
31,Polyvinyltoluene,627.373461116,2.00819931704
31,Polyvinyltoluene,555.88156543,2.00819931704
31,Polyvinyltoluene,551.865166796,2.00819931704
31,Silicon,692.780512872,0.321311890727
31,Silicon,698.805110824,0.321311890727
31,Silicon,793.190478724,0.321311890727
31,Silicon,799.215076676,0.321311890727
31,Aluminum,1354.91456808,0.803279726817
31,Aluminum,1585.25502975,0.803279726817
31,FR4,1432.73530392,0.903689692669
31,FR4,1437.92248275,1.6728300311
31,Glue,1439.59531278,0.100409965852
31,Silicon,1439.69572275,0.301229897556
31,Glue,1439.99695265,0.200819931704
31,Aluminum,1442.55740678,3.21311890727
31,Glue,1445.77052568,0.200819931704
31,Silicon,1445.97134561,0.301229897556
31,Glue,1446.27257551,0.100409965852
31,FR4,1446.37298548,1.6728300311
31,FR4,1452.83135448,0.903689692669
31,FR4,1483.76364856,0.903689692669
31,FR4,1488.9508274,1.6728300311
31,Glue,1490.62365743,0.100409965852
31,Silicon,1490.72406739,0.301229897556
31,Glue,1491.02529729,0.200819931704
31,Aluminum,1493.58575142,3.21311890727
31,Glue,1496.79887033,0.200819931704
31,Silicon,1496.99969026,0.301229897556
31,Glue,1497.30092016,0.100409965852
31,FR4,1497.40133012,1.6728300311
31,FR4,1503.3576493,0.903689692669
31,Scintillator,232.237213515,20.0819931704
31,Scintillator,255.704611052,20.0819931704
31,Aluminum3003,231.735163686,0.50204982926
31,Aluminum3003,255.202561222,0.50204982926
31,Scintillator,1198.54772479,20.0819931704
31,Scintillator,1224.05185611,20.0819931704
31,Scintillator,1249.55598744,20.0819931704
31,Scintillator,1275.06011877,20.0819931704
31,Aluminum3003,1198.04567496,0.50204982926
31,Aluminum3003,1223.54980629,0.50204982926
31,Aluminum3003,1249.05393761,0.50204982926
31,Aluminum3003,1274.55806894,0.50204982926
31,Scintillator,1705.45898385,20.0819931704
31,Scintillator,1729.07983998,20.0819931704
31,Scintillator,1752.70069611,20.0819931704
31,Scintillator,1776.32155223,20.0819931704
31,Aluminum3003,1704.95693403,0.50204982926
31,Aluminum3003,1728.57779015,0.50204982926
31,Aluminum3003,1752.19864628,0.50204982926
31,Aluminum3003,1775.81950241,0.50204982926
32,Polyvinyltoluene,856.424349394,2.00471061741
32,Polyvinyltoluene,860.433770628,2.00471061741
32,LYSO,935.109241127,0.601413185223
32,LYSO,935.911125374,0.451869035187
32,Polyvinyltoluene,554.915872535,2.00471061741
32,Polyvinyltoluene,626.283570515,2.00471061741
32,Polyvinyltoluene,630.29299175,2.00471061741
32,Polyvinyltoluene,550.9064513,2.00471061741
32,Silicon,691.576995324,0.320753698786
32,Silicon,697.591127176,0.320753698786
32,Silicon,791.812526194,0.320753698786
32,Silicon,797.826658047,0.320753698786
32,Aluminum,1352.56077286,0.801884246965
32,Aluminum,1582.50108068,0.801884246965
32,FR4,1430.24631635,0.902119777835
32,FR4,1435.42448388,1.6699239443
32,Glue,1437.09440782,0.10023553087
32,Silicon,1437.19464335,0.300706592612
32,Glue,1437.49534995,0.200471061741
32,Aluminum,1440.05135598,3.20753698786
32,Glue,1443.25889297,0.200471061741
32,Silicon,1443.45936403,0.300706592612
32,Glue,1443.76007062,0.100235530871
32,FR4,1443.86030616,1.6699239443
32,FR4,1450.3074555,0.902119777835
32,FR4,1481.18601314,0.902119777835
32,FR4,1486.36418067,1.6699239443
32,Glue,1488.03410461,0.10023553087
32,Silicon,1488.13434014,0.300706592612
32,Glue,1488.43504673,0.200471061741
32,Aluminum,1490.99105277,3.20753698786
32,Glue,1494.19858976,0.200471061741
32,Silicon,1494.39906082,0.300706592612
32,Glue,1494.69976741,0.100235530871
32,FR4,1494.80000294,1.6699239443
32,FR4,1500.74597464,0.902119777835
32,Scintillator,231.833764578,20.0471061741
32,Scintillator,255.260393899,20.0471061741
32,Aluminum3003,231.332586923,0.501177654353
32,Aluminum3003,254.759216245,0.501177654353
32,Scintillator,1196.46557439,20.0471061741
32,Scintillator,1221.92539923,20.0471061741
32,Scintillator,1247.38522407,20.0471061741
32,Scintillator,1272.84504892,20.0471061741
32,Aluminum3003,1195.96439674,0.501177654353
32,Aluminum3003,1221.42422158,0.501177654353
32,Aluminum3003,1246.88404642,0.501177654353
32,Aluminum3003,1272.34387126,0.501177654353
32,Scintillator,1702.49621314,20.0471061741
32,Scintillator,1726.07603446,20.0471061741
32,Scintillator,1749.65585578,20.0471061741
32,Scintillator,1773.2356771,20.0471061741
32,Aluminum3003,1701.99503549,0.501177654353
32,Aluminum3003,1725.5748568,0.501177654353
32,Aluminum3003,1749.15467812,0.501177654353
32,Aluminum3003,1772.73449944,0.501177654353
33,Polyvinyltoluene,858.793076033,2.00088798982
33,Polyvinyltoluene,854.791300054,2.00088798982
33,LYSO,933.326153654,0.600266396945
33,LYSO,934.383272269,0.343502977505
33,Polyvinyltoluene,629.091134802,2.00088798982
33,Polyvinyltoluene,625.089358823,2.00088798982
33,Polyvinyltoluene,549.855970406,2.00088798982
33,Polyvinyltoluene,553.857746385,2.00088798982
33,Silicon,690.258280651,0.320142078371
33,Silicon,696.26094462,0.320142078371
33,Silicon,790.302680142,0.320142078371
33,Silicon,796.305344111,0.320142078371
33,Aluminum,1349.98167936,0.800355195927
33,Aluminum,1579.48353179,0.800355195927
33,FR4,1427.51909029,0.900399595418
33,FR4,1432.68738397,1.66673969552
33,Glue,1434.35412367,0.100044399491
33,Silicon,1434.45416807,0.300133198473
33,Glue,1434.75430127,0.200088798982
33,Aluminum,1437.30543345,3.20142078371
33,Glue,1440.50685424,0.200088798982
33,Silicon,1440.70694303,0.300133198473
33,Glue,1441.00707623,0.100044399491
33,FR4,1441.10712063,1.66673969552
33,FR4,1447.54197641,0.900399595418
33,FR4,1478.36165412,0.900399595418
33,FR4,1483.52994779,1.66673969552
33,Glue,1485.19668749,0.100044399491
33,Silicon,1485.29673189,0.300133198472
33,Glue,1485.59686509,0.200088798982
33,Aluminum,1488.14799727,3.20142078371
33,Glue,1491.34941806,0.200088798982
33,Silicon,1491.54950686,0.300133198472
33,Glue,1491.84964005,0.100044399491
33,FR4,1491.94968445,1.66673969552
33,FR4,1497.88431823,0.900399595418
33,Scintillator,231.391698706,20.0088798982
33,Scintillator,254.773657601,20.0088798982
33,Aluminum3003,230.891476709,0.500221997454
33,Aluminum3003,254.273435603,0.500221997454
33,Scintillator,1194.18412674,20.0088798982
33,Scintillator,1219.59540422,20.0088798982
33,Scintillator,1245.00668169,20.0088798982
33,Scintillator,1270.41795916,20.0088798982
33,Aluminum3003,1193.68390475,0.500221997454
33,Aluminum3003,1219.09518222,0.500221997454
33,Aluminum3003,1244.50645969,0.500221997454
33,Aluminum3003,1269.91773716,0.500221997454
33,Scintillator,1699.24985481,20.0088798982
33,Scintillator,1722.7847136,20.0088798982
33,Scintillator,1746.31957238,20.0088798982
33,Scintillator,1769.85443116,20.0088798982
33,Aluminum3003,1698.74963282,0.500221997454
33,Aluminum3003,1722.2844916,0.500221997454
33,Aluminum3003,1745.81935038,0.500221997454
33,Aluminum3003,1769.35420916,0.500221997454
34,Polyvinyltoluene,854.725191287,2.00073324299
34,Polyvinyltoluene,858.726657773,2.00073324299
34,LYSO,933.253971074,0.600219972898
34,LYSO,934.054264371,0.600219972898
34,Polyvinyltoluene,629.042481477,2.00073324299
34,Polyvinyltoluene,549.813445054,2.00073324299
34,Polyvinyltoluene,553.81491154,2.00073324299
34,Polyvinyltoluene,625.041014991,2.00073324299
34,Silicon,690.204896715,0.320117318879
34,Silicon,696.207096444,0.320117318879
34,Silicon,790.241558865,0.320117318879
34,Silicon,796.243758594,0.320117318879
34,Aluminum,1349.87727302,0.800293297198
34,Aluminum,1579.361376,0.800293297198
34,FR4,1427.40868729,0.900329959347
34,FR4,1432.57658126,1.66661079141
34,Glue,1434.24319205,0.10003666215
34,Silicon,1434.34322871,0.300109986449
34,Glue,1434.6433387,0.200073324299
34,Aluminum,1437.19427358,3.20117318879
34,Glue,1440.39544677,0.200073324299
34,Silicon,1440.59552009,0.300109986449
34,Glue,1440.89563008,0.10003666215
34,FR4,1440.99566674,1.66661079141
34,FR4,1447.43002485,0.900329959347
34,FR4,1478.24731899,0.900329959347
34,FR4,1483.41521296,1.66661079141
34,Glue,1485.08182375,0.10003666215
34,Silicon,1485.18186041,0.300109986449
34,Glue,1485.4819704,0.200073324299
34,Aluminum,1488.03290529,3.20117318879
34,Glue,1491.23407848,0.200073324299
34,Silicon,1491.4341518,0.300109986449
34,Glue,1491.73426179,0.10003666215
34,FR4,1491.83429845,1.66661079141
34,FR4,1497.76847325,0.900329959347
34,Scintillator,231.373803087,20.0073324299
34,Scintillator,254.753953642,20.0073324299
34,Aluminum3003,230.873619776,0.500183310749
34,Aluminum3003,254.253770331,0.500183310749
34,Scintillator,1194.09176965,20.0073324299
34,Scintillator,1219.50108184,20.0073324299
34,Scintillator,1244.91039402,20.0073324299
34,Scintillator,1270.31970621,20.0073324299
34,Aluminum3003,1193.59158634,0.500183310749
34,Aluminum3003,1219.00089853,0.500183310748
34,Aluminum3003,1244.41021071,0.500183310748
34,Aluminum3003,1269.8195229,0.500183310749
34,Scintillator,1699.1184364,20.0073324299
34,Scintillator,1722.65147502,20.0073324299
34,Scintillator,1746.18451364,20.0073324299
34,Scintillator,1769.71755226,20.0073324299
34,Aluminum3003,1698.61825309,0.500183310749
34,Aluminum3003,1722.15129171,0.500183310748
34,Aluminum3003,1745.68433033,0.500183310748
34,Aluminum3003,1769.21736895,0.500183310749
35,Polyvinyltoluene,854.526083983,2.00026717436
35,Polyvinyltoluene,858.526618331,2.00026717436
35,LYSO,933.036570576,0.600080152308
35,LYSO,933.836677446,0.600080152308
35,Polyvinyltoluene,624.895412366,2.00026717436
35,Polyvinyltoluene,628.895946715,2.00026717436
35,Polyvinyltoluene,549.68536661,2.00026717436
35,Polyvinyltoluene,553.685900959,2.00026717436
35,Silicon,690.044114235,0.320042747898
35,Silicon,696.044915758,0.320042747898
35,Silicon,790.057472953,0.320042747898
35,Silicon,796.058274476,0.320042747898
35,Aluminum,1349.56282058,0.800106869744
35,Aluminum,1578.99346548,0.800106869744
35,FR4,1427.07617399,0.900120228462
35,FR4,1432.2428641,1.66622255624
35,Glue,1433.90908666,0.100013358718
35,Silicon,1434.00910001,0.300040076154
35,Glue,1434.30914009,0.200026717436
35,Aluminum,1436.85948074,3.20042747898
35,Glue,1440.05990822,0.200026717436
35,Silicon,1440.25993493,0.300040076154
35,Glue,1440.55997501,0.100013358718
35,FR4,1440.65998837,1.66622255624
35,FR4,1447.0928476,0.900120228462
35,FR4,1477.90296289,0.900120228462
35,FR4,1483.069653,1.66622255624
35,Glue,1484.73587556,0.100013358718
35,Silicon,1484.83588892,0.300040076154
35,Glue,1485.13592899,0.200026717436
35,Aluminum,1487.68626964,3.20042747898
35,Glue,1490.88669712,0.200026717436
35,Silicon,1491.08672384,0.300040076154
35,Glue,1491.38676391,0.100013358718
35,FR4,1491.48677727,1.66622255624
35,FR4,1497.41956971,0.900120228462
35,Scintillator,231.319904811,20.0026717436
35,Scintillator,254.694608986,20.0026717436
35,Aluminum3003,230.819838017,0.50006679359
35,Aluminum3003,254.194542192,0.50006679359
35,Scintillator,1193.81360727,20.0026717436
35,Scintillator,1219.21700039,20.0026717436
35,Scintillator,1244.6203935,20.0026717436
35,Scintillator,1270.02378662,20.0026717436
35,Aluminum3003,1193.31354048,0.50006679359
35,Aluminum3003,1218.71693359,0.50006679359
35,Aluminum3003,1244.12032671,0.50006679359
35,Aluminum3003,1269.52371982,0.50006679359
35,Scintillator,1698.72262861,20.0026717436
35,Scintillator,1722.25018523,20.0026717436
35,Scintillator,1745.77774186,20.0026717436
35,Scintillator,1769.30529848,20.0026717436
35,Aluminum3003,1698.22256182,0.50006679359
35,Aluminum3003,1721.75011844,0.50006679359
35,Aluminum3003,1745.27767506,0.50006679359
35,Aluminum3003,1768.80523169,0.50006679359
36,Polyvinyltoluene,854.449445424,2.00008777949
36,Polyvinyltoluene,858.449620983,2.00008777949
36,LYSO,932.952890769,0.600026333848
36,LYSO,933.752925881,0.600026333848
36,Polyvinyltoluene,628.839543897,2.00008777949
36,Polyvinyltoluene,549.636067829,2.00008777949
36,Polyvinyltoluene,553.636243388,2.00008777949
36,Polyvinyltoluene,624.839368338,2.00008777949
36,Silicon,689.982227316,0.320014044719
36,Silicon,695.982490655,0.320014044719
36,Silicon,789.986616291,0.320014044719
36,Silicon,795.986879629,0.320014044719
36,Aluminum,1349.44178443,0.800035111798
36,Aluminum,1578.85185274,0.800035111798
36,FR4,1426.94818602,0.900039500772
36,FR4,1432.11441275,1.66607312032
36,Glue,1433.78048587,0.100004388975
36,Silicon,1433.88049026,0.300013166924
36,Glue,1434.18050343,0.200008777949
36,Aluminum,1436.73061535,3.20014044719
36,Glue,1439.93075579,0.200008777949
36,Silicon,1440.13076457,0.300013166924
36,Glue,1440.43077774,0.100004388975
36,FR4,1440.53078213,1.66607312032
36,FR4,1446.96306443,0.900039500772
36,FR4,1477.77041649,0.900039500772
36,FR4,1482.93664323,1.66607312032
36,Glue,1484.60271635,0.100004388975
36,Silicon,1484.70272074,0.300013166924
36,Glue,1485.0027339,0.200008777949
36,Aluminum,1487.55284582,3.20014044719
36,Glue,1490.75298627,0.200008777949
36,Silicon,1490.95299505,0.300013166924
36,Glue,1491.25300821,0.100004388975
36,FR4,1491.3530126,1.66607312032
36,FR4,1497.28527296,0.900039500772
36,Scintillator,231.299158781,20.0008777949
36,Scintillator,254.671766584,20.0008777949
36,Aluminum3003,230.799136836,0.500021944873
36,Aluminum3003,254.171744639,0.500021944873
36,Scintillator,1193.70653956,20.0008777949
36,Scintillator,1219.10765436,20.0008777949
36,Scintillator,1244.50876916,20.0008777949
36,Scintillator,1269.90988396,20.0008777949
36,Aluminum3003,1193.20651761,0.500021944873
36,Aluminum3003,1218.60763241,0.500021944873
36,Aluminum3003,1244.00874721,0.500021944873
36,Aluminum3003,1269.40986201,0.500021944873
36,Scintillator,1698.5702779,20.0008777949
36,Scintillator,1722.09572445,20.0008777949
36,Scintillator,1745.62117099,20.0008777949
36,Scintillator,1769.14661753,20.0008777949
36,Aluminum3003,1698.07025596,0.500021944873
36,Aluminum3003,1721.5957025,0.500021944873
36,Aluminum3003,1745.12114905,0.500021944873
36,Aluminum3003,1768.64659559,0.500021944873
37,Polyvinyltoluene,859.921027587,2.00351598576
37,Polyvinyltoluene,855.913995615,2.00351598576
37,LYSO,934.551998056,0.601054795727
37,LYSO,935.353404451,0.601054795727
37,Polyvinyltoluene,629.917392422,2.00351598576
37,Polyvinyltoluene,625.91036045,1.54386094057
37,Polyvinyltoluene,554.585191358,2.00351598576
37,Polyvinyltoluene,550.578159386,2.00351598576
37,Silicon,691.164876107,0.320562557721
37,Silicon,697.175424064,0.320562557721
37,Silicon,791.340675394,0.320562557721
37,Silicon,797.351223352,0.320562557721
37,Aluminum,1351.7547653,0.801406394303
37,Aluminum,1581.55804887,0.801406394303
37,FR4,1429.39401502,0.90158219359
37,FR4,1434.56909681,1.66892881614
37,Glue,1436.23802563,0.100175799288
37,Silicon,1436.33820143,0.300527397863
37,Glue,1436.63872883,0.200351598575
37,Aluminum,1439.19321171,3.20562557721
37,Glue,1442.39883729,0.200351598576
37,Silicon,1442.59918889,0.300527397863
37,Glue,1442.89971628,0.100175799288
37,FR4,1442.99989208,1.66892881614
37,FR4,1449.44319949,0.901582193591
37,FR4,1480.30335622,0.901582193591
37,FR4,1485.47843801,1.66892881614
37,Glue,1487.14736683,0.100175799288
37,Silicon,1487.24754263,0.300527397863
37,Glue,1487.54807003,0.200351598576
37,Aluminum,1490.10255291,3.20562557721
37,Glue,1493.30817848,0.200351598576
37,Silicon,1493.50853008,0.300527397863
37,Glue,1493.80905748,0.100175799288
37,FR4,1493.90923328,1.66892881614
37,FR4,1499.85166169,0.901582193591
37,Scintillator,231.695611993,20.0351598576
37,Scintillator,255.108281098,20.0351598576
37,Aluminum3003,231.194732996,0.500878996439
37,Aluminum3003,254.607402102,0.500878996439
37,Scintillator,1195.75258588,20.0351598576
37,Scintillator,1221.19723889,20.0351598576
37,Scintillator,1246.64189191,20.0351598576
37,Scintillator,1272.08654493,20.0351598576
37,Aluminum3003,1195.25170688,0.500878996439
37,Aluminum3003,1220.6963599,0.500878996439
37,Aluminum3003,1246.14101292,0.500878996439
37,Aluminum3003,1271.58566594,0.500878996439
37,Scintillator,1701.48167476,20.0351598576
37,Scintillator,1725.04744457,20.0351598576
37,Scintillator,1748.61321439,20.0351598576
37,Scintillator,1772.1789842,20.0351598576
37,Aluminum3003,1700.98079576,0.500878996439
37,Aluminum3003,1724.54656557,0.500878996439
37,Aluminum3003,1748.11233539,0.500878996439
37,Aluminum3003,1771.6781052,0.500878996439
38,Polyvinyltoluene,855.951605236,2.00360402203
38,Polyvinyltoluene,859.95881328,2.00360402203
38,LYSO,934.5930631,0.601081206608
38,LYSO,935.394504709,0.601081206608
38,Polyvinyltoluene,629.945071551,2.00360402203
38,Polyvinyltoluene,625.937863507,2.00360402203
38,Polyvinyltoluene,554.609560323,2.00360402203
38,Polyvinyltoluene,550.602352279,2.00360402203
38,Silicon,691.195246504,0.320576643524
38,Silicon,697.20605857,0.320576643524
38,Silicon,791.375447606,0.320576643524
38,Silicon,797.386259672,0.320576643524
38,Aluminum,1351.8141626,0.801441608811
38,Aluminum,1581.62754393,0.801441608811
38,FR4,1429.45682386,0.901621809912
38,FR4,1434.63213305,1.66900215035
38,Glue,1436.3011352,0.100180201101
38,Silicon,1436.4013154,0.300540603304
38,Glue,1436.70185601,0.200360402202
38,Aluminum,1439.25645114,3.20576643524
38,Glue,1442.46221757,0.200360402203
38,Silicon,1442.66257797,0.300540603304
38,Glue,1442.96311858,0.100180201101
38,FR4,1443.06329878,1.66900215035
38,FR4,1449.50688931,0.901621809912
38,FR4,1480.36840206,0.901621809912
38,FR4,1485.54371125,1.66900215035
38,Glue,1487.2127134,0.100180201101
38,Silicon,1487.3128936,0.300540603304
38,Glue,1487.61343421,0.200360402203
38,Aluminum,1490.16802934,3.20576643524
38,Glue,1493.37379577,0.200360402203
38,Silicon,1493.57415617,0.300540603304
38,Glue,1493.87469678,0.100180201101
38,FR4,1493.97487698,1.66900215035
38,FR4,1499.91756651,0.901621809912
38,Scintillator,231.705792903,20.0360402203
38,Scintillator,255.119490783,20.0360402203
38,Aluminum3003,231.204891898,0.500901005507
38,Aluminum3003,254.618589777,0.500901005507
38,Scintillator,1195.8051283,20.0360402203
38,Scintillator,1221.25089938,20.0360402203
38,Scintillator,1246.69667046,20.0360402203
38,Scintillator,1272.14244154,20.0360402203
38,Aluminum3003,1195.3042273,0.500901005507
38,Aluminum3003,1220.74999838,0.500901005507
38,Aluminum3003,1246.19576946,0.500901005507
38,Aluminum3003,1271.64154054,0.500901005507
38,Scintillator,1701.55643937,20.0360402203
38,Scintillator,1725.12324469,20.0360402203
38,Scintillator,1748.69005,20.0360402203
38,Scintillator,1772.25685532,20.0360402203
38,Aluminum3003,1701.05553837,0.500901005506
38,Aluminum3003,1724.62234368,0.500901005506
38,Aluminum3003,1748.189149,0.500901005507
38,Aluminum3003,1771.75595431,0.500901005507
39,Polyvinyltoluene,854.500900093,2.00020822413
39,Polyvinyltoluene,858.501316541,2.00020822413
39,LYSO,933.00907289,0.60006246724
39,LYSO,933.80915618,0.60006246724
39,Polyvinyltoluene,553.669583183,2.00020822413
39,Polyvinyltoluene,624.876995962,2.00020822413
39,Polyvinyltoluene,628.877412411,2.00020822413
39,Polyvinyltoluene,549.669166735,2.00020822413
39,Silicon,690.023777822,0.320033315861
39,Silicon,696.024402495,0.320033315861
39,Silicon,790.034189029,0.320033315861
39,Silicon,796.034813701,0.320033315861
39,Aluminum,1349.52304738,0.800083289653
39,Aluminum,1578.94693068,0.800083289653
39,FR4,1427.03411637,0.900093700859
39,FR4,1432.20065422,1.6661734507
39,Glue,1433.86682767,0.100010411207
39,Silicon,1433.96683808,0.30003123362
39,Glue,1434.26686931,0.200020822413
39,Aluminum,1436.8171348,3.20033315861
39,Glue,1440.01746796,0.200020822413
39,Silicon,1440.21748878,0.30003123362
39,Glue,1440.51752001,0.100010411206
39,FR4,1440.61753042,1.6661734507
39,FR4,1447.05020007,0.900093700859
39,FR4,1477.85940735,0.900093700859
39,FR4,1483.02594519,1.6661734507
39,Glue,1484.69211864,0.100010411206
39,Silicon,1484.79212905,0.30003123362
39,Glue,1485.09216029,0.200020822413
39,Aluminum,1487.64242577,3.20033315861
39,Glue,1490.84275893,0.200020822413
39,Silicon,1491.04277975,0.30003123362
39,Glue,1491.34281099,0.100010411207
39,FR4,1491.4428214,1.6661734507
39,FR4,1497.37543899,0.900093700859
39,Scintillator,231.313087541,20.0020822413
39,Scintillator,254.687102836,20.0020822413
39,Aluminum3003,230.813035485,0.500052056033
39,Aluminum3003,254.18705078,0.500052056033
39,Scintillator,1193.77842418,20.0020822413
39,Scintillator,1219.18106863,20.0020822413
39,Scintillator,1244.58371307,20.0020822413
39,Scintillator,1269.98635752,20.0020822413
39,Aluminum3003,1193.27837212,0.500052056033
39,Aluminum3003,1218.68101657,0.500052056033
39,Aluminum3003,1244.08366102,0.500052056033
39,Aluminum3003,1269.48630546,0.500052056033
39,Scintillator,1698.67256526,20.0020822413
39,Scintillator,1722.19942849,20.0020822413
39,Scintillator,1745.72629173,20.0020822413
39,Scintillator,1769.25315497,20.0020822413
39,Aluminum3003,1698.1725132,0.500052056033
39,Aluminum3003,1721.69937644,0.500052056033
39,Aluminum3003,1745.22623968,0.500052056033
39,Aluminum3003,1768.75310291,0.500052056033
40,Polyvinyltoluene,854.533222241,2.00028388353
40,Polyvinyltoluene,858.533790008,2.00028388353
40,LYSO,933.044364669,0.60008516506
40,LYSO,933.844478223,0.60008516506
40,Polyvinyltoluene,624.900632411,2.00028388353
40,Polyvinyltoluene,628.901200178,2.00028388353
40,Polyvinyltoluene,549.68995839,2.00028388353
40,Polyvinyltoluene,553.690526157,2.00028388353
40,Silicon,690.049878498,0.320045421365
40,Silicon,696.050730148,0.320045421365
40,Silicon,790.064072674,0.320045421365
40,Silicon,796.064924325,0.320045421365
40,Aluminum,1349.57409411,0.800113553413
40,Aluminum,1579.00665555,0.800113553413
40,FR4,1427.08809503,0.90012774759
40,FR4,1432.2548283,1.66623647498
40,Glue,1433.92106477,0.100014194177
40,Silicon,1434.02107897,0.30004258253
40,Glue,1434.32112155,0.200028388353
40,Aluminum,1436.8714835,3.20045421365
40,Glue,1440.07193771,0.200028388353
40,Silicon,1440.2719661,0.30004258253
40,Glue,1440.57200869,0.100014194177
40,FR4,1440.67202288,1.66623647498
40,FR4,1447.10493585,0.90012774759
40,FR4,1477.91530851,0.900127747589
40,FR4,1483.08204178,1.66623647498
40,Glue,1484.74827825,0.100014194176
40,Silicon,1484.84829245,0.30004258253
40,Glue,1485.14833503,0.200028388353
40,Aluminum,1487.69869698,3.20045421365
40,Glue,1490.8991512,0.200028388353
40,Silicon,1491.09917958,0.30004258253
40,Glue,1491.39922217,0.100014194177
40,FR4,1491.49923636,1.66623647498
40,FR4,1497.43207836,0.90012774759
40,Scintillator,231.321837135,20.0028388353
40,Scintillator,254.696736569,20.0028388353
40,Aluminum3003,230.821766164,0.500070970883
40,Aluminum3003,254.196665598,0.500070970883
40,Scintillator,1193.82357976,20.0028388353
40,Scintillator,1219.22718508,20.0028388353
40,Scintillator,1244.6307904,20.0028388353
40,Scintillator,1270.03439572,20.0028388353
40,Aluminum3003,1193.32350879,0.500070970883
40,Aluminum3003,1218.72711411,0.500070970883
40,Aluminum3003,1244.13071943,0.500070970883
40,Aluminum3003,1269.53432475,0.500070970883
40,Scintillator,1698.73681884,20.0028388353
40,Scintillator,1722.264572,20.0028388353
40,Scintillator,1745.79232516,20.0028388353
40,Scintillator,1769.32007832,20.0028388353
40,Aluminum3003,1698.23674787,0.500070970883
40,Aluminum3003,1721.76450103,0.500070970883
40,Aluminum3003,1745.29225419,0.500070970883
40,Aluminum3003,1768.82000735,0.500070970883
41,Polyvinyltoluene,858.574763726,2.00037934753
41,Polyvinyltoluene,854.574005031,2.00037934753
41,LYSO,933.088894421,0.600113804259
41,LYSO,933.88904616,0.600113804259
41,Polyvinyltoluene,628.931214629,2.00037934753
41,Polyvinyltoluene,624.930455934,2.00037934753
41,Polyvinyltoluene,549.716192467,2.00037934753
41,Polyvinyltoluene,553.716951162,2.00037934753
41,Silicon,690.082811283,0.320060695605
41,Silicon,696.083949326,0.320060695605
41,Silicon,790.10177866,0.320060695605
41,Silicon,796.102916703,0.320060695605
41,Aluminum,1349.63850284,0.800151739012
41,Aluminum,1579.082014,0.800151739012
41,FR4,1427.15620313,0.900170706389
41,FR4,1432.32318298,1.66631599649
41,Glue,1433.98949898,0.100018967377
41,Silicon,1434.08951795,0.300056902129
41,Glue,1434.38957485,0.200037934753
41,Aluminum,1436.94005852,3.20060695605
41,Glue,1440.14066547,0.200037934753
41,Silicon,1440.34070341,0.30005690213
41,Glue,1440.64076031,0.100018967376
41,FR4,1440.74077928,1.66631599649
41,FR4,1447.17399926,0.900170706389
41,FR4,1477.98584235,0.900170706389
41,FR4,1483.1528222,1.66631599649
41,Glue,1484.8191382,0.100018967376
41,Silicon,1484.91915717,0.30005690213
41,Glue,1485.21921407,0.200037934753
41,Aluminum,1487.76969774,3.20060695605
41,Glue,1490.97030469,0.200037934753
41,Silicon,1491.17034263,0.30005690213
41,Glue,1491.47039953,0.100018967376
41,FR4,1491.5704185,1.66631599649
41,FR4,1497.50354364,0.900170706389
41,Scintillator,231.332877021,20.0037934753
41,Scintillator,254.708892028,10.2397437322
41,Scintillator,264.948635761,9.76404974307
41,Aluminum3003,230.832782185,0.500094836883
41,Aluminum3003,254.208797192,0.500094836883
41,Scintillator,1193.88055526,20.0037934753
41,Scintillator,1219.28537297,20.0037934753
41,Scintillator,1244.69019068,20.0037934753
41,Scintillator,1270.0950084,20.0037934753
41,Aluminum3003,1193.38046042,0.500094836883
41,Aluminum3003,1218.78527813,0.500094836882
41,Aluminum3003,1244.19009585,0.500094836883
41,Aluminum3003,1269.59491356,0.500094836883
41,Scintillator,1698.81789144,20.0037934753
41,Scintillator,1722.34676746,20.0037934753
41,Scintillator,1745.87564349,20.0037934753
41,Scintillator,1769.40451952,20.0037934753
41,Aluminum3003,1698.3177966,0.500094836883
41,Aluminum3003,1721.84667263,0.500094836883
41,Aluminum3003,1745.37554865,0.500094836883
41,Aluminum3003,1768.90442468,0.500094836883
42,Polyvinyltoluene,860.470699985,2.00479665852
42,Polyvinyltoluene,856.461106668,2.00479665852
42,LYSO,935.149375515,0.601438997555
42,LYSO,935.951294178,0.601438997555
42,Polyvinyltoluene,630.320043587,2.00479665852
42,Polyvinyltoluene,554.939689227,2.00479665852
42,Polyvinyltoluene,626.31045027,2.00479665852
42,Polyvinyltoluene,550.93009591,2.00479665852
42,Silicon,691.606677438,0.320767465363
42,Silicon,697.621067414,0.320767465363
42,Silicon,791.846510364,0.320767465363
42,Silicon,797.860900339,0.320767465363
42,Aluminum,1352.61882405,0.801918663407
42,Aluminum,1582.56900078,0.801918663407
42,FR4,1430.30770176,0.902158496333
42,FR4,1435.48609153,1.66999561654
42,Glue,1437.15608714,0.100239832926
42,Silicon,1437.25632698,0.300719498777
42,Glue,1437.55704648,0.200479665852
42,Aluminum,1440.11316221,3.20767465363
42,Glue,1443.32083687,0.200479665852
42,Silicon,1443.52131653,0.300719498777
42,Glue,1443.82203603,0.100239832926
42,FR4,1443.92227587,1.66999561654
42,FR4,1450.36970192,0.902158496333
42,FR4,1481.24958485,0.902158496333
42,FR4,1486.42797462,1.66999561654
42,Glue,1488.09797024,0.100239832926
42,Silicon,1488.19821007,0.300719498778
42,Glue,1488.49892957,0.200479665852
42,Aluminum,1491.05504531,3.20767465363
42,Glue,1494.26271996,0.200479665852
42,Silicon,1494.46319963,0.300719498778
42,Glue,1494.76391913,0.100239832926
42,FR4,1494.86415896,1.66999561654
42,FR4,1500.81038585,0.902158496333
42,Scintillator,231.843714759,20.0479665852
42,Scintillator,255.271349539,20.0479665852
42,Aluminum3003,231.342515594,0.501199164629
42,Aluminum3003,254.770150374,0.501199164629
42,Scintillator,1196.51692605,20.0479665852
42,Scintillator,1221.97784362,20.0479665852
42,Scintillator,1247.43876118,20.0479665852
42,Scintillator,1272.89967874,20.0479665852
42,Aluminum3003,1196.01572689,0.501199164629
42,Aluminum3003,1221.47664445,0.501199164629
42,Aluminum3003,1246.93756202,0.501199164629
42,Aluminum3003,1272.39847958,0.501199164629
42,Scintillator,1702.56928337,20.0479665852
42,Scintillator,1726.15011672,20.0479665852
42,Scintillator,1749.73095007,20.0479665852
42,Scintillator,1773.31178342,20.0479665852
42,Aluminum3003,1702.0680842,0.501199164629
42,Aluminum3003,1725.64891755,0.501199164629
42,Aluminum3003,1749.22975091,0.501199164629
42,Aluminum3003,1772.81058426,0.501199164629
43,Polyvinyltoluene,860.989062461,2.0060043828
43,Polyvinyltoluene,856.977053696,2.0060043828
43,LYSO,935.71272572,0.60180131484
43,LYSO,936.515127474,0.601801314841
43,Polyvinyltoluene,630.699759315,2.0060043828
43,Polyvinyltoluene,626.68775055,2.0060043828
43,Polyvinyltoluene,553.082539568,0.18545057151
43,Polyvinyltoluene,555.273994522,2.0060043828
43,Silicon,692.023313298,0.320960701248
43,Silicon,698.041326446,0.320960701248
43,Silicon,792.323532438,0.320960701248
43,Silicon,798.341545586,0.320960701248
43,Aluminum,1353.43366509,0.802401753121
43,Aluminum,1583.5223678,0.802401753121
43,FR4,1431.16934393,0.902701972261
43,FR4,1436.35085325,1.67100165087
43,Glue,1438.0218549,0.10030021914
43,Silicon,1438.12215512,0.30090065742
43,Glue,1438.42305578,0.20060043828
43,Aluminum,1440.98071137,3.20960701248
43,Glue,1444.19031838,0.20060043828
43,Silicon,1444.39091882,0.30090065742
43,Glue,1444.69181947,0.10030021914
43,FR4,1444.79211969,1.67100165087
43,FR4,1451.24342979,0.902701972261
43,FR4,1482.1419153,0.902701972261
43,FR4,1487.32342462,1.67100165087
43,Glue,1488.99442627,0.10030021914
43,Silicon,1489.09472649,0.30090065742
43,Glue,1489.39562714,0.20060043828
43,Aluminum,1491.95328273,3.20960701248
43,Glue,1495.16288974,0.20060043828
43,Silicon,1495.36349018,0.30090065742
43,Glue,1495.66439084,0.10030021914
43,FR4,1495.76469106,1.67100165087
43,FR4,1501.71450006,0.902701972261
43,Scintillator,231.983381434,20.060043828
43,Scintillator,255.425129428,20.060043828
43,Aluminum3003,231.481880338,0.5015010957
43,Aluminum3003,254.923628332,0.5015010957
43,Scintillator,1197.23772861,20.060043828
43,Scintillator,1222.71398427,20.060043828
43,Scintillator,1248.19023993,20.060043828
43,Scintillator,1273.66649559,20.060043828
43,Aluminum3003,1196.73622751,0.5015010957
43,Aluminum3003,1222.21248317,0.5015010957
43,Aluminum3003,1247.68873883,0.5015010957
43,Aluminum3003,1273.1649945,0.5015010957
43,Scintillator,1703.59494064,20.060043828
43,Scintillator,1727.18997949,20.060043828
43,Scintillator,1750.78501835,20.060043828
43,Scintillator,1774.3800572,20.060043828
43,Aluminum3003,1703.09343954,0.5015010957
43,Aluminum3003,1726.6884784,0.5015010957
43,Aluminum3003,1750.28351725,0.5015010957
43,Aluminum3003,1773.87855611,0.5015010957
44,Polyvinyltoluene,855.63951909,2.00287349351
44,Polyvinyltoluene,859.645266077,2.00287349351
44,LYSO,934.25230371,0.600862048053
44,LYSO,935.053453107,0.600862048053
44,Polyvinyltoluene,554.407345666,2.00287349351
44,Polyvinyltoluene,629.715389022,2.00287349351
44,Polyvinyltoluene,550.861237611,1.54323456135
44,Polyvinyltoluene,625.709642035,2.00287349351
44,Silicon,690.943231718,0.320459758961
44,Silicon,696.951852199,0.320459758961
44,Silicon,791.086906394,0.320459758961
44,Silicon,797.095526874,0.320459758961
44,Aluminum,1351.32128138,0.801149397403
44,Aluminum,1581.05087109,0.801149397403
44,FR4,1428.93563357,0.901293072079
44,FR4,1434.1090558,1.66839362009
44,Glue,1435.77744942,0.100143674675
44,Silicon,1435.8775931,0.300431024026
44,Glue,1436.17802412,0.200287349351
44,Aluminum,1438.73168782,3.20459758961
44,Glue,1441.93628541,0.200287349351
44,Silicon,1442.13657276,0.300431024026
44,Glue,1442.43700379,0.100143674675
44,FR4,1442.53714746,1.66839362009
44,FR4,1448.97838862,0.901293072079
44,FR4,1479.82864904,0.901293072079
44,FR4,1485.00207127,1.66839362009
44,Glue,1486.67046489,0.100143674675
44,Silicon,1486.77060857,0.300431024026
44,Glue,1487.07103959,0.200287349351
44,Aluminum,1489.62470329,3.20459758961
44,Glue,1492.82930088,0.200287349351
44,Silicon,1493.02958823,0.300431024026
44,Glue,1493.33001926,0.100143674675
44,FR4,1493.43016293,1.66839362009
44,FR4,1499.37068571,0.901293072079
44,Scintillator,231.621311295,20.0287349351
44,Scintillator,255.026472371,20.0287349351
44,Aluminum3003,231.120592922,0.500718373377
44,Aluminum3003,254.525753998,0.500718373377
44,Scintillator,1195.36912911,20.0287349351
44,Scintillator,1220.80562247,20.0287349351
44,Scintillator,1246.24211584,20.0287349351
44,Scintillator,1271.67860921,20.0287349351
44,Aluminum3003,1194.86841073,0.500718373377
44,Aluminum3003,1220.3049041,0.500718373377
44,Aluminum3003,1245.74139747,0.500718373377
44,Aluminum3003,1271.17789084,0.500718373377
44,Scintillator,1700.93603959,20.0287349351
44,Scintillator,1724.49425227,20.0287349351
44,Scintillator,1748.05246496,20.0287349351
44,Scintillator,1771.61067765,20.0287349351
44,Aluminum3003,1700.43532121,0.500718373377
44,Aluminum3003,1723.9935339,0.500718373377
44,Aluminum3003,1747.55174659,0.500718373377
44,Aluminum3003,1771.10995928,0.500718373377
45,Polyvinyltoluene,861.270304145,1.8120972001
45,Polyvinyltoluene,857.063779178,2.00620738905
45,LYSO,935.807419198,0.601862216715
45,LYSO,936.609902154,0.601862216715
45,Polyvinyltoluene,630.763585693,2.00620738905
45,Polyvinyltoluene,626.751170915,2.00620738905
45,Polyvinyltoluene,551.317773087,2.00620738905
45,Polyvinyltoluene,555.330187865,1.96559484821
45,Silicon,692.093345576,0.320993182248
45,Silicon,698.111967743,0.320993182248
45,Silicon,792.403715029,0.320993182248
45,Silicon,798.422337196,0.320993182248
45,Aluminum,1353.57063164,0.802482955621
45,Aluminum,1583.68261916,0.802482955621
45,FR4,1431.31417727,0.902793325073
45,FR4,1436.49621096,1.67117075508
45,Glue,1438.16738171,0.100310369453
45,Silicon,1438.26769208,0.300931108358
45,Glue,1438.56862319,0.200620738905
45,Aluminum,1441.12653761,3.20993182248
45,Glue,1444.33646943,0.200620738905
45,Silicon,1444.53709017,0.300931108358
45,Glue,1444.83802128,0.100310369453
45,FR4,1444.93833165,1.67117075508
45,FR4,1451.39029461,0.902793325073
45,FR4,1482.29190703,0.902793325073
45,FR4,1487.47394071,1.67117075508
45,Glue,1489.14511147,0.100310369453
45,Silicon,1489.24542184,0.300931108358
45,Glue,1489.54635295,0.200620738905
45,Aluminum,1492.10426737,3.20993182248
45,Glue,1495.31419919,0.200620738905
45,Silicon,1495.51481993,0.300931108358
45,Glue,1495.81575104,0.100310369453
45,FR4,1495.91606141,1.67117075508
45,FR4,1501.86647252,0.902793325073
45,Scintillator,232.006857991,15.2634777506
45,Scintillator,247.270335742,4.7985961399
45,Scintillator,255.450978273,20.0620738905
45,Aluminum3003,231.505306144,0.501551847263
45,Aluminum3003,254.949426426,0.501551847263
45,Scintillator,1197.35888823,20.0620738905
45,Scintillator,1222.83772207,20.0620738905
45,Scintillator,1248.31655591,8.13205827755
45,Scintillator,1256.44861419,11.930015613
45,Scintillator,1273.79538976,20.0620738905
45,Aluminum3003,1196.85733638,0.501551847263
45,Aluminum3003,1222.33617023,0.501551847263
45,Aluminum3003,1247.81500407,0.501551847263
45,Aluminum3003,1273.29383791,0.501551847263
45,Scintillator,1703.76734326,20.0620738905
45,Scintillator,1727.36476992,20.0620738905
45,Scintillator,1750.96219657,20.0620738905
45,Scintillator,1774.55962323,20.0620738905
45,Aluminum3003,1703.26579141,0.501551847263
45,Aluminum3003,1726.86321807,0.501551847263
45,Aluminum3003,1750.46064473,0.501551847263
45,Aluminum3003,1774.05807138,0.501551847263
46,Polyvinyltoluene,854.573058391,2.00037713164
46,Polyvinyltoluene,858.573812654,2.00037713164
46,LYSO,933.087860808,0.600113139493
46,LYSO,933.888011661,0.600113139493
46,Polyvinyltoluene,628.930517941,2.00037713164
46,Polyvinyltoluene,624.929763678,2.00037713164
46,Polyvinyltoluene,549.715583528,2.00037713164
46,Polyvinyltoluene,553.716337792,2.00037713164
46,Silicon,690.082046856,0.320060341063
46,Silicon,696.083178251,0.320060341063
46,Silicon,790.100903438,0.320060341063
46,Silicon,796.102034833,0.320060341063
46,Aluminum,1349.6370078,0.800150852658
46,Aluminum,1579.0802648,0.800150852658
46,FR4,1427.15462222,0.90016970924
46,FR4,1432.32159635,1.66631415066
46,Glue,1433.9879105,0.100018856582
46,Silicon,1434.08792936,0.300056569747
46,Glue,1434.38798593,0.200037713164
46,Aluminum,1436.93846677,3.20060341063
46,Glue,1440.13907018,0.200037713164
46,Silicon,1440.33910789,0.300056569746
46,Glue,1440.63916446,0.100018856582
46,FR4,1440.73918332,1.66631415066
46,FR4,1447.17239618,0.90016970924
46,FR4,1477.98420513,0.90016970924
46,FR4,1483.15117926,1.66631415066
46,Glue,1484.81749342,0.100018856582
46,Silicon,1484.91751227,0.300056569747
46,Glue,1485.21756884,0.200037713164
46,Aluminum,1487.76804968,3.20060341063
46,Glue,1490.9686531,0.200037713164
46,Silicon,1491.16869081,0.300056569746
46,Glue,1491.46874738,0.100018856582
46,FR4,1491.56876623,1.66631415066
46,FR4,1497.50188481,0.90016970924
46,Scintillator,231.332620766,20.0037713164
46,Scintillator,254.708609879,20.0037713164
46,Aluminum3003,230.832526483,0.500094282911
46,Aluminum3003,254.208515596,0.500094282911
46,Scintillator,1193.87923276,20.0037713164
46,Scintillator,1219.28402233,20.0037713164
46,Scintillator,1244.6888119,20.0037713164
46,Scintillator,1270.09360147,20.0037713164
46,Aluminum3003,1193.37913847,0.500094282911
46,Aluminum3003,1218.78392804,0.500094282911
46,Aluminum3003,1244.18871762,0.500094282911
46,Aluminum3003,1269.59350719,0.500094282911
46,Scintillator,1698.8160096,20.0037713164
46,Scintillator,1722.34485956,20.0037713164
46,Scintillator,1745.87370953,20.0037713164
46,Scintillator,1769.40255949,20.0037713164
46,Aluminum3003,1698.31591532,0.500094282911
46,Aluminum3003,1721.84476528,0.500094282911
46,Aluminum3003,1745.37361524,0.500094282911
46,Aluminum3003,1768.90246521,0.500094282911
47,Polyvinyltoluene,858.461385578,2.00011518963
47,Polyvinyltoluene,854.461155199,2.00011518963
47,LYSO,932.965676392,0.60003455689
47,LYSO,933.765722468,0.60003455689
47,Polyvinyltoluene,624.847931429,2.00011518963
47,Polyvinyltoluene,628.848161808,2.00011518963
47,Polyvinyltoluene,549.643600299,2.00011518963
47,Polyvinyltoluene,553.643830678,2.00011518963
47,Silicon,689.991683156,0.320018430341
47,Silicon,695.992028724,0.320018430341
47,Silicon,789.997442637,0.320018430341
47,Silicon,795.997788206,0.320018430341
47,Aluminum,1349.46027781,0.800046075853
47,Aluminum,1578.87349006,0.800046075853
47,FR4,1426.96774158,0.900051835335
47,FR4,1432.13403912,1.66609595296
47,Glue,1433.80013507,0.100005759482
47,Silicon,1433.90014083,0.300017278445
47,Glue,1434.20015811,0.200011518963
47,Aluminum,1436.75030497,3.20018430341
47,Glue,1439.95048928,0.200011518963
47,Silicon,1440.1505008,0.300017278445
47,Glue,1440.45051807,0.100005759481
47,FR4,1440.55052383,1.66609595296
47,FR4,1446.98289428,0.900051835335
47,FR4,1477.79066855,0.900051835335
47,FR4,1482.95696609,1.66609595296
47,Glue,1484.62306204,0.100005759481
47,Silicon,1484.7230678,0.300017278445
47,Glue,1485.02308508,0.200011518963
47,Aluminum,1487.57323194,3.20018430341
47,Glue,1490.77341625,0.200011518963
47,Silicon,1490.97342777,0.300017278445
47,Glue,1491.27344504,0.100005759481
47,FR4,1491.3734508,1.66609595296
47,FR4,1497.30579246,0.900051835335
47,Scintillator,231.302328612,20.0011518963
47,Scintillator,254.675256725,20.0011518963
47,Aluminum3003,230.802299815,0.500028797408
47,Aluminum3003,254.175227928,0.500028797408
47,Scintillator,1193.72289867,20.0011518963
47,Scintillator,1219.12436158,20.0011518963
47,Scintillator,1244.52582449,20.0011518963
47,Scintillator,1269.9272874,20.0011518963
47,Aluminum3003,1193.22286987,0.500028797408
47,Aluminum3003,1218.62433278,0.500028797408
47,Aluminum3003,1244.02579569,0.500028797408
47,Aluminum3003,1269.4272586,0.500028797408
47,Scintillator,1698.59355591,20.0011518963
47,Scintillator,1722.11932485,20.0011518963
47,Scintillator,1745.6450938,20.0011518963
47,Scintillator,1769.17086275,20.0011518963
47,Aluminum3003,1698.09352711,0.500028797408
47,Aluminum3003,1721.61929606,0.500028797408
47,Aluminum3003,1745.145065,0.500028797408
47,Aluminum3003,1768.67083395,0.500028797408
48,Polyvinyltoluene,859.283296611,2.00203014675
48,Polyvinyltoluene,855.279236318,2.00203014675
48,LYSO,933.858919578,0.600609044025
48,LYSO,934.659731637,0.600609044025
48,Polyvinyltoluene,629.450235764,2.00203014675
48,Polyvinyltoluene,625.446175471,2.00203014675
48,Polyvinyltoluene,550.169841953,2.00203014675
48,Polyvinyltoluene,554.173902246,2.00203014675
48,Silicon,690.65229735,0.32032482348
48,Silicon,696.658387791,0.32032482348
48,Silicon,790.753804688,0.32032482348
48,Silicon,796.759895128,0.32032482348
48,Aluminum,1350.75228268,0.800812058701
48,Aluminum,1580.38514051,0.800812058701
48,FR4,1428.33395391,0.900913566038
48,FR4,1433.50519778,1.66769111224
48,Glue,1435.17288889,0.100101507338
48,Silicon,1435.2729904,0.300304522013
48,Glue,1435.57329492,0.200203014675
48,Aluminum,1438.12588336,3.2032482348
48,Glue,1441.3291316,0.200203014675
48,Silicon,1441.52933461,0.300304522013
48,Glue,1441.82963913,0.100101507338
48,FR4,1441.92974064,1.66769111224
48,FR4,1448.36826959,0.900913566038
48,FR4,1479.20553994,0.900913566038
48,FR4,1484.37678381,1.66769111224
48,Glue,1486.04447492,0.100101507338
48,Silicon,1486.14457643,0.300304522013
48,Glue,1486.44488095,0.200203014675
48,Aluminum,1488.99746939,3.2032482348
48,Glue,1492.20071762,0.200203014675
48,Silicon,1492.40092064,0.300304522013
48,Glue,1492.70122516,0.100101507338
48,FR4,1492.80132667,1.66769111224
48,FR4,1498.73934808,0.900913566038
48,Scintillator,231.523782878,20.0203014675
48,Scintillator,254.91908878,20.0203014675
48,Aluminum3003,231.023275342,0.500507536688
48,Aluminum3003,254.418581243,0.500507536688
48,Scintillator,1194.86579693,20.0203014675
48,Scintillator,1220.29157979,20.0203014675
48,Scintillator,1245.71736266,20.0203014675
48,Scintillator,1271.14314552,20.0203014675
48,Aluminum3003,1194.36528939,0.500507536688
48,Aluminum3003,1219.79107225,0.500507536688
48,Aluminum3003,1245.21685512,0.500507536688
48,Aluminum3003,1270.64263798,0.500507536688
48,Scintillator,1700.21982915,20.0203014675
48,Scintillator,1723.76812222,20.0203014675
48,Scintillator,1747.31641529,20.0203014675
48,Scintillator,1770.86470836,20.0203014675
48,Aluminum3003,1699.71932162,0.500507536688
48,Aluminum3003,1723.26761468,0.500507536688
48,Aluminum3003,1746.81590775,0.500507536688
48,Aluminum3003,1770.36420082,0.500507536688
49,Polyvinyltoluene,858.47641099,2.00015019709
49,Polyvinyltoluene,854.476110596,2.00015019709
49,LYSO,932.982005832,0.600045059128
49,LYSO,933.782065911,0.600045059128
49,Polyvinyltoluene,624.858867969,2.00015019709
49,Polyvinyltoluene,628.859168364,2.00015019709
49,Polyvinyltoluene,549.653220559,2.00015019709
49,Polyvinyltoluene,553.653520953,2.00015019709
49,Silicon,690.003759889,0.320024031535
49,Silicon,696.00421048,0.320024031535
49,Silicon,790.011269744,0.320024031535
49,Silicon,796.011720335,0.320024031535
49,Aluminum,1349.48389704,0.800060078838
49,Aluminum,1578.90112465,0.800060078838
49,FR4,1426.9927174,0.900067588693
49,FR4,1432.15910536,1.66612511418
49,Glue,1433.82523048,0.100007509855
49,Silicon,1433.92523799,0.300022529564
49,Glue,1434.22526052,0.200015019709
49,Aluminum,1436.77545202,3.20024031535
49,Glue,1439.97569233,0.200015019709
49,Silicon,1440.17570735,0.300022529564
49,Glue,1440.47572988,0.100007509855
49,FR4,1440.57573739,1.66612511418
49,FR4,1447.00822043,0.900067588693
49,FR4,1477.81653391,0.900067588693
49,FR4,1482.98292187,1.66612511418
49,Glue,1484.64904698,0.100007509855
49,Silicon,1484.74905449,0.300022529564
49,Glue,1485.04907702,0.200015019709
49,Aluminum,1487.59926852,3.20024031535
49,Glue,1490.79950884,0.200015019709
49,Silicon,1490.99952386,0.300022529564
49,Glue,1491.29954639,0.100007509855
49,FR4,1491.3995539,1.66612511418
49,FR4,1497.33199938,0.900067588692
49,Scintillator,231.306377033,20.0015019709
49,Scintillator,254.679714236,20.0015019709
49,Aluminum3003,230.806339484,0.500037549274
49,Aluminum3003,254.179676687,0.500037549274
49,Scintillator,1193.74379207,20.0015019709
49,Scintillator,1219.14569958,20.0015019709
49,Scintillator,1244.54760708,20.0015019709
49,Scintillator,1269.94951458,20.0015019709
49,Aluminum3003,1193.24375452,0.500037549274
49,Aluminum3003,1218.64566203,0.500037549274
49,Aluminum3003,1244.04756953,0.500037549274
49,Aluminum3003,1269.44947703,0.500037549274
49,Scintillator,1698.62328592,20.0015019709
49,Scintillator,1722.14946663,20.0015019709
49,Scintillator,1745.67564734,20.0015019709
49,Scintillator,1769.20182805,20.0015019709
49,Aluminum3003,1698.12324837,0.500037549274
49,Aluminum3003,1721.64942908,0.500037549274
49,Aluminum3003,1745.17560979,0.500037549274
49,Aluminum3003,1768.7017905,0.500037549274
50,Polyvinyltoluene,854.761455457,2.00081812985
50,Polyvinyltoluene,858.763091717,2.00081812985
50,LYSO,933.293567053,0.600245438954
50,LYSO,934.093894305,0.600245438954
50,Polyvinyltoluene,625.067534151,2.00081812985
50,Polyvinyltoluene,629.06917041,2.00081812985
50,Polyvinyltoluene,553.838408728,2.00081812985
50,Polyvinyltoluene,549.836772468,2.00081812985
50,Silicon,690.23418064,0.320130900775
50,Silicon,696.236635029,0.320130900775
50,Silicon,790.275087132,0.320130900775
50,Silicon,796.277541522,0.320130900775
50,Aluminum,1349.93454544,0.800327251939
50,Aluminum,1579.42838494,0.800327251939
50,FR4,1427.4692492,0.900368158431
50,FR4,1432.63736243,1.66668150216
50,Glue,1434.30404393,0.100040906492
50,Silicon,1434.40408484,0.300122719477
50,Glue,1434.70420756,0.200081812985
50,Aluminum,1437.25525068,3.20130900775
50,Glue,1440.45655968,0.200081812985
50,Silicon,1440.6566415,0.300122719477
50,Glue,1440.95676422,0.100040906492
50,FR4,1441.05680512,1.66668150216
50,FR4,1447.49143623,0.900368158431
50,FR4,1478.31003788,0.900368158431
50,FR4,1483.47815111,1.66668150216
50,Glue,1485.14483261,0.100040906492
50,Silicon,1485.24487352,0.300122719477
50,Glue,1485.54499624,0.200081812985
50,Aluminum,1488.09603935,3.20130900775
50,Glue,1491.29734836,0.200081812985
50,Silicon,1491.49743018,0.300122719477
50,Glue,1491.7975529,0.100040906492
50,FR4,1491.8975938,1.66668150216
50,FR4,1497.83202037,0.900368158431
50,Scintillator,231.383619785,20.0081812985
50,Scintillator,254.76476231,20.0081812985
50,Aluminum3003,230.883415252,0.500204532462
50,Aluminum3003,254.264557778,0.500204532462
50,Scintillator,1194.14243242,20.0081812985
50,Scintillator,1219.55282267,20.0081812985
50,Scintillator,1244.96321292,20.0081812985
50,Scintillator,1270.37360317,20.0081812985
50,Aluminum3003,1193.64222789,0.500204532462
50,Aluminum3003,1219.05261814,0.500204532462
50,Aluminum3003,1244.46300839,0.500204532462
50,Aluminum3003,1269.87339864,0.500204532461
50,Scintillator,1699.19052638,20.0081812985
50,Scintillator,1722.72456346,20.0081812985
50,Scintillator,1746.25860053,20.0081812985
50,Scintillator,1769.79263761,20.0081812985
50,Aluminum3003,1698.69032185,0.500204532462
50,Aluminum3003,1722.22435893,0.500204532462
50,Aluminum3003,1745.758396,0.500204532462
50,Aluminum3003,1769.29243307,0.500204532462
51,Polyvinyltoluene,861.555349228,2.00732376511
51,Polyvinyltoluene,857.540701698,2.00732376511
51,LYSO,936.328159478,0.602197129533
51,LYSO,937.131088985,0.602197129533
51,Polyvinyltoluene,631.114580994,2.00732376511
51,Polyvinyltoluene,627.099933463,2.00732376511
51,Polyvinyltoluene,555.639207425,2.00732376511
51,Polyvinyltoluene,551.624559895,2.00732376511
51,Silicon,692.478468493,0.321171802418
51,Silicon,698.500439788,0.321171802418
51,Silicon,792.844656748,0.321171802418
51,Silicon,798.866628044,0.321171802418
51,Aluminum,1354.32384083,0.802929506044
51,Aluminum,1584.56387669,0.802929506044
51,FR4,1432.11064771,0.903295694299
51,FR4,1437.295565,1.67210069634
51,Glue,1438.96766569,0.100366188255
51,Silicon,1439.06803188,0.301098564766
51,Glue,1439.36913045,0.200732376511
51,Aluminum,1441.92846825,3.21171802418
51,Glue,1445.14018627,0.200732376511
51,Silicon,1445.34091865,0.301098564766
51,Glue,1445.64201721,0.100366188255
51,FR4,1445.7423834,1.67210069634
51,FR4,1452.19793663,0.903295694299
51,FR4,1483.11674458,0.903295694299
51,FR4,1488.30166187,1.67210069634
51,Glue,1489.97376256,0.100366188255
51,Silicon,1490.07412875,0.301098564766
51,Glue,1490.37522732,0.200732376511
51,Aluminum,1492.93456512,3.21171802418
51,Glue,1496.14628314,0.200732376511
51,Silicon,1496.34701552,0.301098564766
51,Glue,1496.64811408,0.100366188255
51,FR4,1496.74848027,1.67210069634
51,FR4,1502.70220256,0.903295694299
51,Scintillator,232.135960746,20.0732376511
51,Scintillator,255.593126766,20.0732376511
51,Aluminum3003,231.634129805,0.501830941277
51,Aluminum3003,255.091295825,0.501830941277
51,Scintillator,1198.02517169,20.0732376511
51,Scintillator,1223.51818351,20.0732376511
51,Scintillator,1249.01119532,20.0732376511
51,Scintillator,1274.50420714,20.0732376511
51,Aluminum3003,1197.52334075,0.501830941277
51,Aluminum3003,1223.01635256,0.501830941277
51,Aluminum3003,1248.50936438,0.501830941277
51,Aluminum3003,1274.0023762,0.501830941277
51,Scintillator,1704.71542325,20.0732376511
51,Scintillator,1728.32598095,20.0732376511
51,Scintillator,1751.93653865,20.0732376511
51,Scintillator,1775.54709636,20.0732376511
51,Aluminum3003,1704.2135923,0.501830941277
51,Aluminum3003,1727.82415001,0.501830941277
51,Aluminum3003,1751.43470771,0.501830941277
51,Aluminum3003,1775.04526541,0.501830941277
52,Polyvinyltoluene,860.104687596,2.00394389222
52,Polyvinyltoluene,856.096799812,2.00394389222
52,LYSO,934.751597581,0.601183167665
52,LYSO,935.553175138,0.601183167665
52,Polyvinyltoluene,630.051928769,2.00394389222
52,Polyvinyltoluene,626.044040985,2.00394389222
52,Polyvinyltoluene,556.454818334,0.252763979999
52,Polyvinyltoluene,550.695750637,2.00394389222
52,Silicon,691.312493554,0.320631022755
52,Silicon,697.324325231,0.320631022755
52,Silicon,791.509688165,0.320631022755
52,Silicon,797.521519842,0.320631022755
52,Aluminum,1352.04347006,0.801577556887
52,Aluminum,1581.8958345,0.801577556887
52,FR4,1429.6993018,0.901774751498
52,FR4,1434.87548887,1.66928526222
52,Glue,1436.54477413,0.100197194611
52,Silicon,1436.64497133,0.300591583833
52,Glue,1436.94556291,0.200394389222
52,Aluminum,1439.50059138,3.20631022755
52,Glue,1442.7069016,0.200394389222
52,Silicon,1442.90729599,0.300591583833
52,Glue,1443.20788758,0.100197194611
52,FR4,1443.30808477,1.66928526222
52,FR4,1449.75276833,0.901774751498
52,FR4,1480.6195161,0.901774751498
52,FR4,1485.79570317,1.66928526222
52,Glue,1487.46498844,0.100197194611
52,Silicon,1487.56518563,0.300591583833
52,Glue,1487.86577721,0.200394389222
52,Aluminum,1490.42080568,3.20631022755
52,Glue,1493.6271159,0.200394389222
52,Silicon,1493.82751029,0.300591583833
52,Glue,1494.12810188,0.100197194611
52,FR4,1494.22829907,1.66928526222
52,FR4,1500.17199666,0.901774751498
52,Scintillator,231.745097023,20.0394389222
52,Scintillator,255.162766554,20.0394389222
52,Aluminum3003,231.24411105,0.500985973055
52,Aluminum3003,254.661780581,0.500985973055
52,Scintillator,1196.00797204,20.0394389222
52,Scintillator,1221.45805947,20.0394389222
52,Scintillator,1246.9081469,20.0394389222
52,Scintillator,1272.35823433,20.0394389222
52,Aluminum3003,1195.50698606,0.500985973055
52,Aluminum3003,1220.9570735,0.500985973055
52,Aluminum3003,1246.40716093,0.500985973055
52,Aluminum3003,1271.85724836,0.500985973054
52,Scintillator,1701.84507341,20.0394389222
52,Scintillator,1725.41587634,20.0394389222
52,Scintillator,1748.98667928,20.0394389222
52,Scintillator,1772.55748222,20.0394389222
52,Aluminum3003,1701.34408743,0.500985973054
52,Aluminum3003,1724.91489037,0.500985973054
52,Aluminum3003,1748.48569331,0.500985973055
52,Aluminum3003,1772.05649625,0.500985973054
53,Polyvinyltoluene,859.137682539,2.0016908829
53,Polyvinyltoluene,855.134300774,2.0016908829
53,LYSO,933.700667927,0.60050726487
53,LYSO,934.501344281,0.60050726487
53,Polyvinyltoluene,629.343569183,2.0016908829
53,Polyvinyltoluene,625.340187417,2.0016908829
53,Polyvinyltoluene,554.079991986,2.0016908829
53,Polyvinyltoluene,550.07661022,2.0016908829
53,Silicon,690.535259473,0.320270541264
53,Silicon,696.540332122,0.320270541264
53,Silicon,790.619803618,0.320270541264
53,Silicon,796.624876267,0.320270541264
53,Aluminum,1350.52338432,0.80067635316
53,Aluminum,1580.11732859,0.80067635316
53,FR4,1428.09190857,0.900760897304
53,FR4,1433.26227612,1.66740850545
53,Glue,1434.92968462,0.100084544145
53,Silicon,1435.02976917,0.300253632435
53,Glue,1435.3300228,0.20016908829
53,Aluminum,1437.88217867,3.20270541264
53,Glue,1441.08488409,0.20016908829
53,Silicon,1441.28505318,0.300253632435
53,Glue,1441.58530681,0.100084544145
53,FR4,1441.68539135,1.66740850545
53,FR4,1448.12282923,0.900760897304
53,FR4,1478.9548739,0.900760897305
53,FR4,1484.12524145,1.66740850545
53,Glue,1485.79264996,0.100084544145
53,Silicon,1485.8927345,0.300253632435
53,Glue,1486.19298813,0.20016908829
53,Aluminum,1488.74514401,3.20270541264
53,Glue,1491.94784942,0.20016908829
53,Silicon,1492.14801851,0.300253632435
53,Glue,1492.44827214,0.100084544145
53,FR4,1492.54835669,1.66740850545
53,FR4,1498.48537185,0.900760897304
53,Scintillator,231.484548878,20.016908829
53,Scintillator,254.875890214,20.016908829
53,Aluminum3003,230.984126158,0.500422720725
53,Aluminum3003,254.375467493,0.500422720725
53,Scintillator,1194.66331507,20.016908829
53,Scintillator,1220.08478929,20.016908829
53,Scintillator,1245.5062635,20.016908829
53,Scintillator,1270.92773771,20.016908829
53,Aluminum3003,1194.16289235,0.500422720725
53,Aluminum3003,1219.58436657,0.500422720725
53,Aluminum3003,1245.00584078,0.500422720725
53,Aluminum3003,1270.42731499,0.500422720725
53,Scintillator,1699.93171005,20.016908829
53,Scintillator,1723.47601263,20.016908829
53,Scintillator,1747.0203152,20.016908829
53,Scintillator,1770.56461778,20.016908829
53,Aluminum3003,1699.43128733,0.500422720725
53,Aluminum3003,1722.97558991,0.500422720725
53,Aluminum3003,1746.51989248,0.500422720725
53,Aluminum3003,1770.06419506,0.500422720725
54,Polyvinyltoluene,855.263103834,2.00199238397
54,Polyvinyltoluene,859.267088601,0.654956351331
54,LYSO,933.841304904,0.600597715192
54,LYSO,934.642101858,0.600597715192
54,Polyvinyltoluene,629.438362921,2.00199238397
54,Polyvinyltoluene,625.434378153,2.00199238397
54,Polyvinyltoluene,554.163449284,2.00199238397
54,Polyvinyltoluene,550.159464516,2.00199238397
54,Silicon,690.639270099,0.320318781436
54,Silicon,696.645247251,0.320318781436
54,Silicon,790.738889298,0.320318781436
54,Silicon,796.74486645,0.320318781436
54,Aluminum,1350.72680446,0.800796953589
54,Aluminum,1580.35533091,0.800796953589
54,FR4,1428.30701233,0.900896572788
54,FR4,1433.47815866,1.66765965585
54,Glue,1435.14581831,0.100099619199
54,Silicon,1435.24591793,0.300298857596
54,Glue,1435.54621679,0.200199238397
54,Aluminum,1438.09875708,3.20318781436
54,Glue,1441.3019449,0.200199238397
54,Silicon,1441.50214413,0.300298857596
54,Glue,1441.80244299,0.100099619199
54,FR4,1441.90254261,1.66765965585
54,FR4,1448.34095012,0.900896572788
54,FR4,1479.17763881,0.900896572788
54,FR4,1484.34878514,1.66765965585
54,Glue,1486.01644479,0.100099619199
54,Silicon,1486.11654441,0.300298857596
54,Glue,1486.41684327,0.200199238397
54,Aluminum,1488.96938356,3.20318781436
54,Glue,1492.17257137,0.200199238397
54,Silicon,1492.37277061,0.300298857596
54,Glue,1492.67306947,0.100099619199
54,FR4,1492.77316909,1.66765965585
54,FR4,1498.7110785,0.900896572788
54,Scintillator,231.51941582,20.0199238397
54,Scintillator,254.914280434,20.0199238397
54,Aluminum3003,231.018917724,0.500498095993
54,Aluminum3003,254.413782338,0.500498095993
54,Scintillator,1194.84325908,20.0199238397
54,Scintillator,1220.26856236,20.0199238397
54,Scintillator,1245.69386563,20.0199238397
54,Scintillator,1271.11916891,20.0199238397
54,Aluminum3003,1194.34276098,0.500498095993
54,Aluminum3003,1219.76806426,0.500498095993
54,Aluminum3003,1245.19336754,0.500498095993
54,Aluminum3003,1270.61867081,0.500498095993
54,Scintillator,1700.18775919,20.0199238397
54,Scintillator,1723.73560809,20.0199238397
54,Scintillator,1747.28345698,20.0199238397
54,Scintillator,1770.83130588,20.0199238397
54,Aluminum3003,1699.6872611,0.500498095993
54,Aluminum3003,1723.23510999,0.500498095993
54,Aluminum3003,1746.78295889,0.500498095993
54,Aluminum3003,1770.33080778,0.500498095993
55,Polyvinyltoluene,859.190021621,2.00181282687
55,Polyvinyltoluene,855.186395967,2.00181282687
55,LYSO,933.757549422,0.600543848061
55,LYSO,934.558274552,0.600543848061
55,Polyvinyltoluene,625.378283442,2.00181282687
55,Polyvinyltoluene,629.381909096,2.00181282687
55,Polyvinyltoluene,554.113746805,2.00181282687
55,Polyvinyltoluene,550.110121152,2.00181282687
55,Silicon,690.577327213,0.320290052299
55,Silicon,696.582765694,0.320290052299
55,Silicon,790.667968557,0.320290052299
55,Silicon,796.673407037,0.320290052299
55,Aluminum,1350.60565885,0.800725130748
55,Aluminum,1580.21359009,0.800725130748
55,FR4,1428.17890861,0.900815772092
55,FR4,1433.34959114,1.66751008478
55,Glue,1435.01710123,0.100090641344
55,Silicon,1435.11719187,0.300271924031
55,Glue,1435.41746379,0.200181282687
55,Aluminum,1437.96977515,3.20290052299
55,Glue,1441.17267567,0.200181282687
55,Silicon,1441.37285695,0.300271924031
55,Glue,1441.67312888,0.100090641343
55,FR4,1441.77321952,1.66751008478
55,FR4,1448.21104957,0.900815772092
55,FR4,1479.04497254,0.900815772092
55,FR4,1484.21565508,1.66751008478
55,Glue,1485.88316516,0.100090641343
55,Silicon,1485.9832558,0.300271924031
55,Glue,1486.28352773,0.200181282687
55,Aluminum,1488.83583908,3.20290052299
55,Glue,1492.0387396,0.200181282687
55,Silicon,1492.23892089,0.300271924031
55,Glue,1492.53919281,0.100090641344
55,FR4,1492.63928345,1.66751008478
55,FR4,1498.5766603,0.900815772092
55,Scintillator,231.498651028,15.9071412222
55,Scintillator,247.405792251,4.11098704649
55,Scintillator,254.891417375,20.0181282687
55,Aluminum3003,230.998197822,0.500453206718
55,Aluminum3003,254.390964169,0.500453206718
55,Scintillator,1194.73609454,20.0181282687
55,Scintillator,1220.15911744,20.0181282687
55,Scintillator,1245.58214034,20.0181282687
55,Scintillator,1271.00516324,20.0181282687
55,Aluminum3003,1194.23564133,0.500453206718
55,Aluminum3003,1219.65866423,0.500453206718
55,Aluminum3003,1245.08168714,0.500453206718
55,Aluminum3003,1270.50471004,0.500453206718
55,Scintillator,1700.03527071,20.0181282687
55,Scintillator,1723.58100761,20.0181282687
55,Scintillator,1747.12674452,20.0181282687
55,Scintillator,1770.67248143,20.0181282687
55,Aluminum3003,1699.5348175,0.500453206718
55,Aluminum3003,1723.08055441,0.500453206718
55,Aluminum3003,1746.62629132,0.500453206718
55,Aluminum3003,1770.17202822,0.500453206718
56,Polyvinyltoluene,854.417242592,2.00001239939
56,Polyvinyltoluene,858.417267391,2.00001239939
56,LYSO,932.917729268,0.600003719816
56,LYSO,933.717734228,0.600003719816
56,Polyvinyltoluene,624.815819143,2.00001239939
56,Polyvinyltoluene,628.815843941,2.00001239939
56,Polyvinyltoluene,549.615352926,2.00001239939
56,Polyvinyltoluene,553.615377724,2.00001239939
56,Silicon,689.956222991,0.320001983902
56,Silicon,695.956260189,0.320001983902
56,Silicon,789.95684296,0.320001983902
56,Silicon,795.956880158,0.320001983902
56,Aluminum,1349.39092613,0.800004959755
56,Aluminum,1578.79234834,0.800004959755
56,FR4,1426.89440662,0.900005579724
56,FR4,1432.06043865,1.66601032869
56,Glue,1433.72644898,0.100000619969
56,Silicon,1433.8264496,0.300001859908
56,Glue,1434.12645146,0.200001239939
56,Aluminum,1436.67646727,3.20001983902
56,Glue,1439.87648711,0.200001239939
56,Silicon,1440.07648835,0.300001859908
56,Glue,1440.37649021,0.100000619969
56,FR4,1440.47649083,1.66601032869
56,FR4,1446.9085307,0.900005579724
56,FR4,1477.71472169,0.900005579724
56,FR4,1482.88075372,1.66601032869
56,Glue,1484.54676405,0.100000619969
56,Silicon,1484.64676467,0.300001859908
56,Glue,1484.94676653,0.200001239939
56,Aluminum,1487.49678234,3.20001983902
56,Glue,1490.69680218,0.200001239939
56,Silicon,1490.89680342,0.300001859908
56,Glue,1491.19680528,0.100000619969
56,FR4,1491.2968059,1.66601032869
56,FR4,1497.22884267,0.900005579724
56,Scintillator,231.290441485,20.0001239939
56,Scintillator,254.662168413,20.0001239939
56,Aluminum3003,230.790438386,0.500003099847
56,Aluminum3003,254.162165313,0.500003099847
56,Scintillator,1193.66155067,20.0001239939
56,Scintillator,1219.06170814,20.0001239939
56,Scintillator,1244.46186561,20.0001239939
56,Scintillator,1269.86202309,20.0001239939
56,Aluminum3003,1193.16154757,0.500003099847
56,Aluminum3003,1218.56170504,0.500003099847
56,Aluminum3003,1243.96186252,0.500003099847
56,Aluminum3003,1269.36201999,0.500003099847
56,Scintillator,1698.50626151,20.0001239939
56,Scintillator,1722.03082142,20.0001239939
56,Scintillator,1745.55538132,20.0001239939
56,Scintillator,1769.07994123,20.0001239939
56,Aluminum3003,1698.00625841,0.500003099847
56,Aluminum3003,1721.53081832,0.500003099847
56,Aluminum3003,1745.05537822,0.500003099847
56,Aluminum3003,1768.57993813,0.500003099847
57,Polyvinyltoluene,855.177453453,2.00179189431
57,Polyvinyltoluene,859.181037242,2.00179189431
57,LYSO,933.747785305,0.600537568294
57,LYSO,934.548502063,0.600537568294
57,Polyvinyltoluene,625.371743986,2.00179189431
57,Polyvinyltoluene,629.375327775,2.00179189431
57,Polyvinyltoluene,550.10436876,2.00179189431
57,Polyvinyltoluene,554.107952549,2.00179189431
57,Silicon,690.570105984,0.32028670309
57,Silicon,696.575481667,0.32028670309
57,Silicon,790.6597007,0.32028670309
57,Silicon,796.665076383,0.32028670309
57,Aluminum,1350.59153584,0.800716757726
57,Aluminum,1580.19706612,0.800716757725
57,FR4,1428.16397443,0.900806352441
57,FR4,1433.33460289,1.66749264796
57,Glue,1435.00209554,0.100089594716
57,Silicon,1435.10218514,0.300268784147
57,Glue,1435.40245392,0.200179189431
57,Aluminum,1437.95473859,3.2028670309
57,Glue,1441.15760562,0.200179189431
57,Silicon,1441.35778481,0.300268784147
57,Glue,1441.65805359,0.100089594716
57,FR4,1441.75814319,1.66749264796
57,FR4,1448.19590592,0.900806352441
57,FR4,1479.02950647,0.900806352441
57,FR4,1484.20013493,1.66749264796
57,Glue,1485.86762758,0.100089594716
57,Silicon,1485.96771717,0.300268784147
57,Glue,1486.26798596,0.200179189431
57,Aluminum,1488.82027062,3.2028670309
57,Glue,1492.02313765,0.200179189431
57,Silicon,1492.22331684,0.300268784147
57,Glue,1492.52358562,0.100089594716
57,FR4,1492.62367522,1.66749264796
57,FR4,1498.56098998,0.900806352441
57,Scintillator,231.496230293,0.286092220416
57,Scintillator,231.782322514,19.7318267227
57,Scintillator,254.888752027,20.0179189431
57,Aluminum3003,230.99578232,0.500447973578
57,Aluminum3003,254.388304053,0.500447973578
57,Scintillator,1194.72360142,20.0179189431
57,Scintillator,1220.14635848,20.0179189431
57,Scintillator,1245.56911554,20.0179189431
57,Scintillator,1270.9918726,20.0179189431
57,Aluminum3003,1194.22315345,0.500447973578
57,Aluminum3003,1219.64591051,0.500447973578
57,Aluminum3003,1245.06866756,0.500447973578
57,Aluminum3003,1270.49142462,0.500447973578
57,Scintillator,1700.01749378,20.0179189431
57,Scintillator,1723.56298447,20.0179189431
57,Scintillator,1747.10847517,20.0179189431
57,Scintillator,1770.65396586,20.0179189431
57,Aluminum3003,1699.5170458,0.500447973578
57,Aluminum3003,1723.0625365,0.500447973578
57,Aluminum3003,1746.60802719,0.500447973578
57,Aluminum3003,1770.15351789,0.500447973578
58,Polyvinyltoluene,854.483910032,2.00016845395
58,Polyvinyltoluene,858.48424694,2.00016845395
58,LYSO,932.990521849,0.600050536184
58,LYSO,933.790589231,0.600050536184
58,Polyvinyltoluene,628.864908427,2.00016845395
58,Polyvinyltoluene,553.658574558,2.00016845395
58,Polyvinyltoluene,624.864571519,2.00016845395
58,Polyvinyltoluene,549.65823765,2.00016845395
58,Silicon,690.010058064,0.320026952631
58,Silicon,696.010563426,0.320026952631
58,Silicon,790.018480761,0.320026952631
58,Silicon,796.018986123,0.320026952631
58,Aluminum,1349.49621478,0.800067381578
58,Aluminum,1578.91553645,0.800067381578
58,FR4,1427.00574262,0.900075804275
58,FR4,1432.17217774,1.66614032214
58,Glue,1433.83831806,0.100008422697
58,Silicon,1433.93832648,0.300025268092
58,Glue,1434.23835175,0.200016845394
58,Aluminum,1436.78856653,3.20026952631
58,Glue,1439.98883606,0.200016845394
58,Silicon,1440.1888529,0.300025268092
58,Glue,1440.48887817,0.100008422697
58,FR4,1440.58888659,1.66614032214
58,FR4,1447.02142834,0.900075804275
58,FR4,1477.83002304,0.900075804275
58,FR4,1482.99645815,1.66614032214
58,Glue,1484.66259847,0.100008422697
58,Silicon,1484.7626069,0.300025268092
58,Glue,1485.06263217,0.200016845395
58,Aluminum,1487.61284694,3.20026952631
58,Glue,1490.81311647,0.200016845395
58,Silicon,1491.01313332,0.300025268092
58,Glue,1491.31315858,0.100008422697
58,FR4,1491.41316701,1.66614032214
58,FR4,1497.34566664,0.900075804275
58,Scintillator,231.308488337,20.0016845395
58,Scintillator,254.682038886,20.0016845395
58,Aluminum3003,230.808446224,0.500042113486
58,Aluminum3003,254.181996773,0.500042113486
58,Scintillator,1193.75468826,20.0016845395
58,Scintillator,1219.15682762,20.0016845395
58,Scintillator,1244.55896699,20.0016845395
58,Scintillator,1269.96110635,20.0016845395
58,Aluminum3003,1193.25464614,0.500042113486
58,Aluminum3003,1218.65678551,0.500042113486
58,Aluminum3003,1244.05892487,0.500042113486
58,Aluminum3003,1269.46106424,0.500042113486
58,Scintillator,1698.63879051,20.0016845395
58,Scintillator,1722.16518596,20.0016845395
58,Scintillator,1745.69158142,20.0016845395
58,Scintillator,1769.21797687,20.0016845395
58,Aluminum3003,1698.1387484,0.500042113486
58,Aluminum3003,1721.66514385,0.500042113486
58,Aluminum3003,1745.1915393,0.500042113486
58,Aluminum3003,1768.71793475,0.500042113486
59,Polyvinyltoluene,856.901197226,2.00582681864
59,Polyvinyltoluene,860.912850863,2.00582681864
59,LYSO,935.629899858,0.601748045593
59,LYSO,936.432230585,0.601748045593
59,Polyvinyltoluene,631.28962383,1.36013507216
59,Polyvinyltoluene,626.632278446,2.00582681864
59,Polyvinyltoluene,555.224843702,2.00582681864
59,Polyvinyltoluene,551.213190065,2.00582681864
59,Silicon,691.962057929,0.320932290983
59,Silicon,697.979538385,0.320932290983
59,Silicon,792.253398861,0.320932290983
59,Silicon,798.270879317,0.320932290983
59,Aluminum,1353.3138641,0.802330727457
59,Aluminum,1583.3822002,0.802330727457
59,FR4,1431.04266206,0.902622068389
59,FR4,1436.22371273,1.67085373993
59,Glue,1437.89456647,0.100291340932
59,Silicon,1437.99485782,0.300874022796
59,Glue,1438.29573184,0.200582681864
59,Aluminum,1440.85316103,3.20932290983
59,Glue,1444.06248394,0.200582681864
59,Silicon,1444.26306662,0.300874022796
59,Glue,1444.56394065,0.100291340932
59,FR4,1444.66423199,1.67085373993
59,FR4,1451.11497104,0.902622068389
59,FR4,1482.01072152,0.902622068389
59,FR4,1487.1917722,1.67085373993
59,Glue,1488.86262594,0.100291340932
59,Silicon,1488.96291728,0.300874022796
59,Glue,1489.2637913,0.200582681864
59,Aluminum,1491.82122049,3.20932290983
59,Glue,1495.0305434,0.200582681864
59,Silicon,1495.23112608,0.300874022796
59,Glue,1495.53200011,0.100291340932
59,FR4,1495.63229145,1.67085373993
59,FR4,1501.58157379,0.902622068389
59,Scintillator,244.980406239,7.04070906227
59,Scintillator,231.962847115,13.0175591242
59,Scintillator,255.402520131,20.0582681864
59,Aluminum3003,231.46139041,0.501456704661
59,Aluminum3003,254.901063426,0.501456704661
59,Scintillator,1197.13175351,20.0582681864
59,Scintillator,1222.6057541,20.0582681864
59,Scintillator,1248.0797547,10.5982693184
59,Scintillator,1258.67802402,9.45999886806
59,Scintillator,1273.5537553,20.0582681864
59,Aluminum3003,1196.6302968,0.50145670466
59,Aluminum3003,1222.1042974,0.50145670466
59,Aluminum3003,1247.578298,0.501456704661
59,Aluminum3003,1273.05229859,0.50145670466
59,Scintillator,1703.44414465,20.0582681864
59,Scintillator,1727.03709496,20.0582681864
59,Scintillator,1750.63004527,20.0582681864
59,Scintillator,1774.22299558,20.0582681864
59,Aluminum3003,1702.94268795,0.50145670466
59,Aluminum3003,1726.53563826,0.50145670466
59,Aluminum3003,1750.12858857,0.50145670466
59,Aluminum3003,1773.72153888,0.50145670466
60,Polyvinyltoluene,854.515362074,2.00024207661
60,Polyvinyltoluene,858.515846227,2.00024207661
60,LYSO,933.024863581,0.600072622983
60,LYSO,933.824960412,0.600072622983
60,Polyvinyltoluene,624.887571679,2.00024207661
60,Polyvinyltoluene,628.888055832,2.00024207661
60,Polyvinyltoluene,553.678953752,2.00024207661
60,Polyvinyltoluene,549.678469598,2.00024207661
60,Silicon,690.035456114,0.320038732258
60,Silicon,696.036182344,0.320038732258
60,Silicon,790.047559945,0.320038732258
60,Silicon,796.048286175,0.320038732258
60,Aluminum,1349.54588735,0.800096830644
60,Aluminum,1578.97365354,0.800096830644
60,FR4,1427.05826818,0.900108934475
60,FR4,1432.22489346,1.66620164982
60,Glue,1433.89109511,0.10001210383
60,Silicon,1433.99110722,0.300036311492
60,Glue,1434.29114353,0.200024207661
60,Aluminum,1436.84145218,3.20038732258
60,Glue,1440.0418395,0.200024207661
60,Silicon,1440.24186371,0.300036311492
60,Glue,1440.54190002,0.100012103831
60,FR4,1440.64191212,1.66620164982
60,FR4,1447.07469064,0.900108934475
60,FR4,1477.88441935,0.900108934475
60,FR4,1483.05104463,1.66620164982
60,Glue,1484.71724628,0.100012103831
60,Silicon,1484.81725838,0.300036311492
60,Glue,1485.1172947,0.200024207661
60,Aluminum,1487.66760334,3.20038732258
60,Glue,1490.86799067,0.200024207661
60,Silicon,1491.06801487,0.300036311492
60,Glue,1491.36805119,0.10001210383
60,FR4,1491.46806329,1.66620164982
60,FR4,1497.40078129,0.900108934475
60,Scintillator,231.317002394,20.0024207661
60,Scintillator,254.691413282,20.0024207661
60,Aluminum3003,230.816941875,0.500060519153
60,Aluminum3003,254.191352763,0.500060519153
60,Scintillator,1193.79862825,20.0024207661
60,Scintillator,1219.20170263,20.0024207661
60,Scintillator,1244.604777,20.0024207661
60,Scintillator,1270.00785137,20.0024207661
60,Aluminum3003,1193.29856774,0.500060519153
60,Aluminum3003,1218.70164211,0.500060519153
60,Aluminum3003,1244.10471648,0.500060519153
60,Aluminum3003,1269.50779086,0.500060519152
60,Scintillator,1698.7013144,20.0024207661
60,Scintillator,1722.22857582,20.0024207661
60,Scintillator,1745.75583724,20.0024207661
60,Scintillator,1769.28309865,20.0024207661
60,Aluminum3003,1698.20125388,0.500060519153
60,Aluminum3003,1721.7285153,0.500060519153
60,Aluminum3003,1745.25577672,0.500060519153
60,Aluminum3003,1768.78303813,0.500060519152
61,Polyvinyltoluene,855.304858935,2.00209012395
61,Polyvinyltoluene,859.309039183,2.00209012395
61,LYSO,933.8868963,0.600627037185
61,LYSO,934.68773235,0.600627037185
61,Polyvinyltoluene,629.469092954,2.00209012395
61,Polyvinyltoluene,625.464912706,2.00209012395
61,Polyvinyltoluene,550.186324045,2.00209012395
61,Polyvinyltoluene,554.190504293,2.00209012395
61,Silicon,690.672988043,0.320334419832
61,Silicon,696.679258415,0.320334419832
61,Silicon,790.77749424,0.320334419832
61,Silicon,796.783764612,0.320334419832
61,Aluminum,1350.79274877,0.80083604958
61,Aluminum,1580.43248599,0.80083604958
61,FR4,1428.37674421,0.900940555777
61,FR4,1433.548143,1.66774107325
61,Glue,1435.21588408,0.100104506197
61,Silicon,1435.31598858,0.300313518592
61,Glue,1435.6163021,0.200209012395
61,Aluminum,1438.16896701,3.20334419832
61,Glue,1441.37231121,0.200209012395
61,Silicon,1441.57252022,0.300313518592
61,Glue,1441.87283374,0.100104506197
61,FR4,1441.97293824,1.66774107325
61,FR4,1448.41166008,0.900940555777
61,FR4,1479.24985426,0.900940555777
61,FR4,1484.42125305,1.66774107325
61,Glue,1486.08899412,0.100104506197
61,Silicon,1486.18909863,0.300313518592
61,Glue,1486.48941215,0.200209012395
61,Aluminum,1489.04207706,3.20334419832
61,Glue,1492.24542126,0.200209012395
61,Silicon,1492.44563027,0.300313518592
61,Glue,1492.74594379,0.100104506197
61,FR4,1492.84604829,1.66774107325
61,FR4,1498.7842476,0.900940555777
61,Scintillator,231.530718912,20.0209012395
61,Scintillator,254.926725694,20.0209012395
61,Aluminum3003,231.030196381,0.500522530987
61,Aluminum3003,254.426203163,0.500522530987
61,Scintillator,1194.90159294,20.0209012395
61,Scintillator,1220.32813752,20.0209012395
61,Scintillator,1245.75468209,20.0209012395
61,Scintillator,1271.18122667,20.0209012395
61,Aluminum3003,1194.40107041,0.500522530987
61,Aluminum3003,1219.82761499,0.500522530987
61,Aluminum3003,1245.25415956,0.500522530987
61,Aluminum3003,1270.68070414,0.500522530987
61,Scintillator,1700.27076466,20.0209012395
61,Scintillator,1723.81976319,20.0209012395
61,Scintillator,1747.36876173,20.0209012395
61,Scintillator,1770.91776026,20.0209012395
61,Aluminum3003,1699.77024213,0.500522530987
61,Aluminum3003,1723.31924066,0.500522530987
61,Aluminum3003,1746.86823919,0.500522530987
61,Aluminum3003,1770.41723773,0.500522530987
62,Polyvinyltoluene,859.287247443,2.01141206409
62,Polyvinyltoluene,863.310071571,2.01141206409
62,LYSO,938.235170958,0.603423619228
62,LYSO,939.039735784,0.603423619228
62,Polyvinyltoluene,632.399966613,2.01141206409
62,Polyvinyltoluene,628.377142485,2.01141206409
62,Polyvinyltoluene,552.748048875,2.01141206409
62,Polyvinyltoluene,556.770873003,2.01141206409
62,Silicon,693.888833412,0.321825930255
62,Silicon,699.923069604,0.321825930255
62,Silicon,794.459436617,0.321825930255
62,Silicon,800.493672809,0.321825930255
62,Aluminum,1357.0821805,0.804564825638
62,Aluminum,1587.79114426,0.804564825638
62,FR4,1435.02741511,0.905135428842
62,FR4,1440.22289247,1.67550624939
62,Glue,1441.89839872,0.100570603205
62,Silicon,1441.99896932,0.301711809614
62,Glue,1442.30068113,0.201141206409
62,Aluminum,1444.86523151,3.21825930255
62,Glue,1448.08349081,0.201141206409
62,Silicon,1448.28463202,0.301711809614
62,Glue,1448.58634383,0.100570603205
62,FR4,1448.68691443,1.67550624939
62,FR4,1455.15561563,0.905135428842
62,FR4,1486.13739565,0.905135428842
62,FR4,1491.33287302,1.67550624939
62,Glue,1493.00837926,0.100570603205
62,Silicon,1493.10894987,0.301711809614
62,Glue,1493.41066168,0.201141206409
62,Aluminum,1495.97521206,3.21825930255
62,Glue,1499.19347136,0.201141206409
62,Silicon,1499.39461257,0.301711809614
62,Glue,1499.69632438,0.100570603205
62,FR4,1499.79689498,1.67550624939
62,FR4,1505.76274316,0.905135428843
62,Scintillator,232.608750054,20.1141206409
62,Scintillator,256.113691081,20.1141206409
62,Aluminum3003,232.105897038,0.502853016024
62,Aluminum3003,255.610838065,0.502853016024
62,Scintillator,1200.46517921,20.1141206409
62,Scintillator,1226.01011243,20.1141206409
62,Scintillator,1251.55504564,20.1141206409
62,Scintillator,1277.09997886,20.1141206409
62,Aluminum3003,1199.9623262,0.502853016024
62,Aluminum3003,1225.50725941,0.502853016024
62,Aluminum3003,1251.05219263,0.502853016024
62,Aluminum3003,1276.59712584,0.502853016023
62,Scintillator,1708.18740243,20.1141206409
62,Scintillator,1731.84604755,20.1141206409
62,Scintillator,1755.50469268,20.1141206409
62,Scintillator,1779.1633378,20.1141206409
62,Aluminum3003,1707.68454942,0.502853016024
62,Aluminum3003,1731.34319454,0.502853016023
62,Aluminum3003,1755.00183966,0.502853016024
62,Aluminum3003,1778.66048478,0.502853016024
63,Polyvinyltoluene,859.939278997,2.00355850942
63,Polyvinyltoluene,855.932161978,2.00355850942
63,LYSO,934.571833473,0.601067552826
63,LYSO,935.373256876,0.601067552826
63,Polyvinyltoluene,550.589845143,2.00355850942
63,Polyvinyltoluene,554.596962161,2.00355850942
63,Polyvinyltoluene,625.923645097,2.00355850942
63,Polyvinyltoluene,629.930762116,2.00355850942
63,Silicon,691.179545748,0.320569361507
63,Silicon,697.190221277,0.320569361507
63,Silicon,791.357471219,0.320569361507
63,Silicon,797.368146748,0.320569361507
63,Aluminum,1351.78345565,0.801423403768
63,Aluminum,1581.59161668,0.801423403768
63,FR4,1429.42435322,0.901601329239
63,FR4,1434.59954485,1.66896423835
63,Glue,1436.26850909,0.100177925471
63,Silicon,1436.36868702,0.300533776413
63,Glue,1436.66922079,0.200355850942
63,Aluminum,1439.22375789,3.20569361507
63,Glue,1442.42945151,0.200355850942
63,Silicon,1442.62980736,0.300533776413
63,Glue,1442.93034114,0.100177925471
63,FR4,1443.03051906,1.66896423835
63,FR4,1449.47396323,0.901601329239
63,FR4,1480.33477495,0.901601329239
63,FR4,1485.50996658,1.66896423835
63,Glue,1487.17893082,0.100177925471
63,Silicon,1487.27910874,0.300533776413
63,Glue,1487.57964252,0.200355850942
63,Aluminum,1490.13417962,3.20569361507
63,Glue,1493.33987323,0.200355850942
63,Silicon,1493.54022908,0.300533776413
63,Glue,1493.84076286,0.100177925471
63,FR4,1493.94094079,1.66896423835
63,FR4,1499.88349532,0.901601329239
63,Scintillator,231.700529621,20.0355850942
63,Scintillator,255.113695649,20.0355850942
63,Aluminum3003,231.199639993,0.500889627355
63,Aluminum3003,254.612806022,0.500889627355
63,Scintillator,1195.77796515,20.0355850942
63,Scintillator,1221.22315822,20.0355850942
63,Scintillator,1246.66835129,20.0355850942
63,Scintillator,1272.11354436,20.0355850942
63,Aluminum3003,1195.27707552,0.500889627355
63,Aluminum3003,1220.72226859,0.500889627355
63,Aluminum3003,1246.16746166,0.500889627355
63,Aluminum3003,1271.61265473,0.500889627355
63,Scintillator,1701.51778789,20.0355850942
63,Scintillator,1725.08405787,20.0355850942
63,Scintillator,1748.65032786,20.0355850942
63,Scintillator,1772.21659785,20.0355850942
63,Aluminum3003,1701.01689826,0.500889627355
63,Aluminum3003,1724.58316825,0.500889627355
63,Aluminum3003,1748.14943823,0.500889627355
63,Aluminum3003,1771.71570822,0.500889627355
64,Polyvinyltoluene,858.474882755,2.00014663649
64,Polyvinyltoluene,854.474589482,2.00014663649
64,LYSO,932.980344964,0.600043990945
64,LYSO,933.780403619,0.600043990945
64,Polyvinyltoluene,628.858048887,2.00014663649
64,Polyvinyltoluene,553.652535355,2.00014663648
64,Polyvinyltoluene,624.857755614,2.00014663648
64,Polyvinyltoluene,549.652242082,2.00014663648
64,Silicon,690.002531564,0.320023461838
64,Silicon,696.002971474,0.320023461838
64,Silicon,790.009863388,0.320023461838
64,Silicon,796.010303298,0.320023461838
64,Aluminum,1349.48149473,0.800058654594
64,Aluminum,1578.89831393,0.800058654594
64,FR4,1426.99017711,0.900065986418
64,FR4,1432.15655587,1.66612214819
64,Glue,1433.82267802,0.100007331824
64,Silicon,1433.92268535,0.300021995473
64,Glue,1434.22270735,0.200014663648
64,Aluminum,1436.77289431,3.20023461838
64,Glue,1439.97312893,0.200014663648
64,Silicon,1440.17314359,0.300021995473
64,Glue,1440.47316559,0.100007331824
64,FR4,1440.57317292,1.66612214819
64,FR4,1447.0056445,0.900065986418
64,FR4,1477.81390314,0.900065986418
64,FR4,1482.98028191,1.66612214819
64,Glue,1484.64640405,0.100007331824
64,Silicon,1484.74641139,0.300021995473
64,Glue,1485.04643338,0.200014663649
64,Aluminum,1487.59662034,3.20023461838
64,Glue,1490.79685496,0.200014663648
64,Silicon,1490.99686963,0.300021995473
64,Glue,1491.29689162,0.100007331824
64,FR4,1491.39689895,1.66612214819
64,FR4,1497.32933388,0.900065986418
64,Scintillator,231.305965268,20.0014663648
64,Scintillator,254.679260862,20.0014663648
64,Aluminum3003,230.805928609,0.500036659121
64,Aluminum3003,254.179224203,0.500036659121
64,Scintillator,1193.741667,20.0014663648
64,Scintillator,1219.14352929,20.0014663648
64,Scintillator,1244.54539157,20.0014663648
64,Scintillator,1269.94725386,20.0014663648
64,Aluminum3003,1193.24163034,0.500036659121
64,Aluminum3003,1218.64349263,0.500036659121
64,Aluminum3003,1244.04535491,0.500036659121
64,Aluminum3003,1269.4472172,0.500036659121
64,Scintillator,1698.62026208,20.0014663648
64,Scintillator,1722.14640091,20.0014663648
64,Scintillator,1745.67253974,20.0014663648
64,Scintillator,1769.19867857,20.0014663648
64,Aluminum3003,1698.12022542,0.500036659121
64,Aluminum3003,1721.64636425,0.500036659121
64,Aluminum3003,1745.17250308,0.500036659121
64,Aluminum3003,1768.69864191,0.500036659121
65,Polyvinyltoluene,855.601301063,2.00278403309
65,Polyvinyltoluene,859.606869129,2.00278403309
65,LYSO,934.210574361,0.600835209926
65,LYSO,935.011687975,0.600835209926
65,Polyvinyltoluene,625.681694064,2.00278403309
65,Polyvinyltoluene,629.687262131,2.00278403309
65,Polyvinyltoluene,552.051785627,0.328012826939
65,Polyvinyltoluene,554.382582487,2.00278403309
65,Silicon,690.912370022,0.320445445294
65,Silicon,696.920722121,0.320445445294
65,Silicon,791.051571676,0.320445445294
65,Silicon,797.059923776,0.320445445294
65,Aluminum,1351.26092322,0.801113613234
65,Aluminum,1580.98025181,0.801113613234
65,FR4,1428.87180868,0.901252814889
65,FR4,1434.04499983,1.66831909956
65,Glue,1435.71331893,0.100139201654
65,Silicon,1435.81345813,0.300417604963
65,Glue,1436.11387574,0.200278403309
65,Aluminum,1438.66742538,3.20445445294
65,Glue,1441.87187983,0.200278403308
65,Silicon,1442.07215824,0.300417604963
65,Glue,1442.37257584,0.100139201654
65,FR4,1442.47271504,1.66831909956
65,FR4,1448.91366849,0.901252814889
65,FR4,1479.76255096,0.901252814889
65,FR4,1484.93574211,1.66831909956
65,Glue,1486.60406121,0.100139201654
65,Silicon,1486.70420041,0.300417604963
65,Glue,1487.00461802,0.200278403308
65,Aluminum,1489.55816766,3.20445445294
65,Glue,1492.76262211,0.200278403309
65,Silicon,1492.96290052,0.300417604963
65,Glue,1493.26331812,0.100139201654
65,FR4,1493.36345732,1.66831909956
65,FR4,1499.30371477,0.901252814889
65,Scintillator,231.610965689,20.0278403309
65,Scintillator,255.015081349,20.0278403309
65,Aluminum3003,231.110269681,0.500696008272
65,Aluminum3003,254.514385341,0.500696008272
65,Scintillator,1195.3157367,20.0278403309
65,Scintillator,1220.75109392,20.0278403309
65,Scintillator,1246.18645114,20.0278403309
65,Scintillator,1271.62180837,20.0278403309
65,Aluminum3003,1194.8150407,0.500696008271
65,Aluminum3003,1220.25039792,0.500696008272
65,Aluminum3003,1245.68575514,0.500696008271
65,Aluminum3003,1271.12111236,0.500696008271
65,Scintillator,1700.86006551,20.0278403309
65,Scintillator,1724.41722595,20.0278403309
65,Scintillator,1747.97438638,20.0278403309
65,Scintillator,1771.53154682,20.0278403309
65,Aluminum3003,1700.3593695,0.500696008271
65,Aluminum3003,1723.91652994,0.500696008272
65,Aluminum3003,1747.47369038,0.500696008271
65,Aluminum3003,1771.03085081,0.500696008271
66,Polyvinyltoluene,862.962083202,2.01060129167
66,Polyvinyltoluene,858.940880619,2.01060129167
66,LYSO,937.856981317,0.6031803875
66,LYSO,938.661221833,0.6031803875
66,Polyvinyltoluene,632.145054919,2.01060129167
66,Polyvinyltoluene,628.123852335,2.01060129167
66,Polyvinyltoluene,558.389373031,0.167674613055
66,Polyvinyltoluene,552.525243769,2.01060129167
66,Silicon,693.609136405,0.321696206667
66,Silicon,699.64094028,0.321696206667
66,Silicon,794.139200988,0.321696206667
66,Silicon,800.171004863,0.321696206667
66,Aluminum,1356.53515942,0.804240516666
66,Aluminum,1587.15112757,0.804240516667
66,FR4,1434.44897537,0.90477058125
66,FR4,1439.64235851,1.67483087596
66,Glue,1441.31718938,0.100530064583
66,Silicon,1441.41771945,0.30159019375
66,Glue,1441.71930964,0.201060129167
66,Aluminum,1444.28282629,3.21696206667
66,Glue,1447.49978835,0.201060129167
66,Silicon,1447.70084848,0.30159019375
66,Glue,1448.00243868,0.100530064583
66,FR4,1448.10296874,1.67483087596
66,FR4,1454.5690625,0.90477058125
66,FR4,1485.53835419,0.90477058125
66,FR4,1490.73173733,1.67483087596
66,Glue,1492.4065682,0.100530064583
66,Silicon,1492.50709827,0.30159019375
66,Glue,1492.80868846,0.201060129167
66,Aluminum,1495.37220511,3.21696206667
66,Glue,1498.58916718,0.201060129167
66,Silicon,1498.7902273,0.30159019375
66,Glue,1499.0918175,0.100530064583
66,FR4,1499.19234756,1.67483087596
66,FR4,1505.15579099,0.90477058125
66,Scintillator,232.514988679,20.1060129167
66,Scintillator,256.010455189,20.1060129167
66,Aluminum3003,232.012338356,0.502650322917
66,Aluminum3003,255.507804866,0.502650322917
66,Scintillator,1199.98128828,20.1060129167
66,Scintillator,1225.51592468,20.1060129167
66,Scintillator,1251.05056109,20.1060129167
66,Scintillator,1276.58519749,20.1060129167
66,Aluminum3003,1199.47863795,0.502650322917
66,Aluminum3003,1225.01327436,0.502650322916
66,Aluminum3003,1250.54791076,0.502650322917
66,Aluminum3003,1276.08254717,0.502650322916
66,Scintillator,1707.49885568,10.8477777577
66,Scintillator,1718.34663344,9.25823515891
66,Scintillator,1731.14796433,20.1060129167
66,Scintillator,1754.79707298,20.1060129167
66,Scintillator,1778.44618163,20.1060129167
66,Aluminum3003,1706.99620535,0.502650322916
66,Aluminum3003,1730.645314,0.502650322917
66,Aluminum3003,1754.29442265,0.502650322916
66,Aluminum3003,1777.9435313,0.502650322916
67,Polyvinyltoluene,862.098332206,2.0085888523
67,Polyvinyltoluene,858.081154501,2.0085888523
67,LYSO,936.918266954,0.60257665569
67,LYSO,937.721702495,0.60257665569
67,Polyvinyltoluene,631.512331962,2.0085888523
67,Polyvinyltoluene,627.495154257,2.0085888523
67,Polyvinyltoluene,555.989391116,2.0085888523
67,Polyvinyltoluene,551.972213411,2.0085888523
67,Silicon,692.914893177,0.321374216368
67,Silicon,698.940659734,0.321374216368
67,Silicon,793.344335792,0.321374216368
67,Silicon,799.370102349,0.321374216368
67,Aluminum,1355.17738412,0.80343554092
67,Aluminum,1585.56252548,0.80343554092
67,FR4,1433.01321503,0.903864983535
67,FR4,1438.20140004,1.67315451397
67,Glue,1439.87455455,0.100429442615
67,Silicon,1439.974984,0.301288327845
67,Glue,1440.27627232,0.20085888523
67,Aluminum,1442.83722311,3.21374216368
67,Glue,1446.05096527,0.20085888523
67,Silicon,1446.25182416,0.301288327845
67,Glue,1446.55311249,0.100429442615
67,FR4,1446.65354193,1.67315451397
67,FR4,1453.11316368,0.903864983535
67,FR4,1484.05145777,0.903864983535
67,FR4,1489.23964278,1.67315451397
67,Glue,1490.91279729,0.100429442615
67,Silicon,1491.01322673,0.301288327845
67,Glue,1491.31451506,0.20085888523
67,Aluminum,1493.87546585,3.21374216368
67,Glue,1497.08920801,0.20085888523
67,Silicon,1497.2900669,0.301288327845
67,Glue,1497.59135522,0.100429442615
67,FR4,1497.69178467,1.67315451397
67,FR4,1503.6492592,0.903864983535
67,Scintillator,232.282261127,20.085888523
67,Scintillator,255.754210691,20.085888523
67,Aluminum3003,231.780113914,0.502147213075
67,Aluminum3003,255.252063478,0.502147213075
67,Scintillator,1198.78020998,20.085888523
67,Scintillator,1224.2892884,20.085888523
67,Scintillator,1249.79836683,20.085888523
67,Scintillator,1275.30744525,20.085888523
67,Aluminum3003,1198.27806276,0.502147213075
67,Aluminum3003,1223.78714119,0.502147213075
67,Aluminum3003,1249.29621961,0.502147213075
67,Aluminum3003,1274.80529804,0.502147213075
67,Scintillator,1705.78979584,20.085888523
67,Scintillator,1729.41523376,20.085888523
67,Scintillator,1753.04067168,20.085888523
67,Scintillator,1776.6661096,20.085888523
67,Aluminum3003,1705.28764863,0.502147213075
67,Aluminum3003,1728.91308655,0.502147213075
67,Aluminum3003,1752.53852447,0.502147213075
67,Aluminum3003,1776.16396239,0.502147213075
68,Polyvinyltoluene,859.856871953,2.00336651059
68,Polyvinyltoluene,855.850138932,2.00336651059
68,LYSO,934.482274473,0.601009953177
68,LYSO,935.283621077,0.601009953177
68,Polyvinyltoluene,550.537082718,2.00336651059
68,Polyvinyltoluene,554.543815739,2.00336651059
68,Polyvinyltoluene,625.863663516,2.00336651059
68,Polyvinyltoluene,629.870396537,2.00336651059
68,Silicon,691.113310766,0.320538641695
68,Silicon,697.123410298,0.320538641695
68,Silicon,791.281636296,0.320538641695
68,Silicon,797.291735827,0.320538641695
68,Aluminum,1351.65391571,0.801346604237
68,Aluminum,1581.44005448,0.801346604237
68,FR4,1429.28737305,0.901514929766
68,FR4,1434.46206874,1.66880430332
68,Glue,1436.13087305,0.10016832553
68,Silicon,1436.23104137,0.300504976589
68,Glue,1436.53154635,0.200336651059
68,Aluminum,1439.08583865,3.20538641695
68,Glue,1442.29122507,0.200336651059
68,Silicon,1442.49156172,0.300504976589
68,Glue,1442.79206669,0.100168325529
68,FR4,1442.89223502,1.66880430332
68,FR4,1449.33506172,0.901514929766
68,FR4,1480.19291608,0.901514929766
68,FR4,1485.36761178,1.66880430332
68,Glue,1487.03641608,0.100168325529
68,Silicon,1487.13658441,0.300504976589
68,Glue,1487.43708938,0.200336651059
68,Aluminum,1489.99138168,3.20538641695
68,Glue,1493.1967681,0.200336651059
68,Silicon,1493.39710475,0.300504976589
68,Glue,1493.69760973,0.100168325529
68,FR4,1493.79777805,1.66880430332
68,FR4,1499.73976312,0.901514929766
68,Scintillator,231.678326011,20.0336651059
68,Scintillator,255.089248382,20.0336651059
68,Aluminum3003,231.177484384,0.500841627648
68,Aluminum3003,254.588406754,0.500841627648
68,Scintillator,1195.66337505,20.0336651059
68,Scintillator,1226.12642659,15.0133682492
68,Scintillator,1221.10612973,5.0202968567
68,Scintillator,1246.54888442,20.0336651059
68,Scintillator,1271.9916391,20.0336651059
68,Aluminum3003,1195.16253342,0.500841627648
68,Aluminum3003,1220.60528811,0.500841627648
68,Aluminum3003,1246.04804279,0.500841627648
68,Aluminum3003,1271.49079748,0.500841627648
68,Scintillator,1701.35473329,20.0336651059
68,Scintillator,1724.91874495,20.0336651059
68,Scintillator,1748.4827566,20.0336651059
68,Scintillator,1772.04676826,20.0336651059
68,Aluminum3003,1700.85389166,0.500841627648
68,Aluminum3003,1724.41790332,0.500841627648
68,Aluminum3003,1747.98191498,0.500841627648
68,Aluminum3003,1771.54592663,0.500841627648
69,Polyvinyltoluene,854.502411113,2.00021176111
69,Polyvinyltoluene,858.502834635,2.00021176111
69,LYSO,933.010722736,0.600063528334
69,LYSO,933.810807441,0.600063528334
69,Polyvinyltoluene,628.878524459,2.00021176111
69,Polyvinyltoluene,553.670562241,2.00021176111
69,Polyvinyltoluene,624.878100937,2.00021176111
69,Polyvinyltoluene,549.670138719,2.00021176111
69,Silicon,690.024997996,0.320033881778
69,Silicon,696.02563328,0.320033881778
69,Silicon,790.035586052,0.320033881778
69,Silicon,796.036221335,0.320033881778
69,Aluminum,1349.52543375,0.800084704446
69,Aluminum,1578.94972275,0.800084704446
69,FR4,1427.03663981,0.900095292501
69,FR4,1432.20318679,1.66617639701
69,Glue,1433.86936318,0.100010588056
69,Silicon,1433.96937377,0.300031764167
69,Glue,1434.26940554,0.200021176111
69,Aluminum,1436.81967553,3.20033881778
69,Glue,1440.02001435,0.200021176111
69,Silicon,1440.22003553,0.300031764167
69,Glue,1440.52006729,0.100010588056
69,FR4,1440.62007788,1.66617639701
69,FR4,1447.0527589,0.900095292501
69,FR4,1477.86202066,0.900095292501
69,FR4,1483.02856764,1.66617639701
69,Glue,1484.69474403,0.100010588056
69,Silicon,1484.79475462,0.300031764167
69,Glue,1485.09478639,0.200021176111
69,Aluminum,1487.64505638,3.20033881778
69,Glue,1490.8453952,0.200021176111
69,Silicon,1491.04541638,0.300031764167
69,Glue,1491.34544814,0.100010588056
69,FR4,1491.44545873,1.66617639701
69,FR4,1497.37808681,0.900095292501
69,Scintillator,231.313496573,20.0021176111
69,Scintillator,254.687553201,20.0021176111
69,Aluminum3003,230.813443633,0.500052940278
69,Aluminum3003,254.18750026,0.500052940278
69,Scintillator,1193.78053515,20.0021176111
69,Scintillator,1219.18322451,20.0021176111
69,Scintillator,1244.58591388,20.0021176111
69,Scintillator,1269.98860325,20.0021176111
69,Aluminum3003,1193.28048221,0.500052940278
69,Aluminum3003,1218.68317157,0.500052940278
69,Aluminum3003,1244.08586094,0.500052940278
69,Aluminum3003,1269.4885503,0.500052940278
69,Scintillator,1698.67556903,20.0021176111
69,Scintillator,1722.20247387,20.0021176111
69,Scintillator,1745.72937871,20.0021176111
69,Scintillator,1769.25628355,20.0021176111
69,Aluminum3003,1698.17551609,0.500052940278
69,Aluminum3003,1721.70242093,0.500052940278
69,Aluminum3003,1745.22932577,0.500052940278
69,Aluminum3003,1768.75623061,0.500052940278
70,Polyvinyltoluene,855.237079238,2.00193146583
70,Polyvinyltoluene,859.24094217,2.00193146583
70,LYSO,933.812889272,0.600579439748
70,LYSO,934.613661858,0.600579439748
70,Polyvinyltoluene,629.419209893,2.00193146583
70,Polyvinyltoluene,625.415346961,2.00193146583
70,Polyvinyltoluene,550.142723846,2.00193146583
70,Polyvinyltoluene,554.146586777,2.00193146583
70,Silicon,690.618254803,0.320309034532
70,Silicon,696.6240492,0.320309034533
70,Silicon,790.714828094,0.320309034532
70,Silicon,796.720622492,0.320309034532
70,Aluminum,1350.68570352,0.800772586331
70,Aluminum,1580.30724265,0.800772586331
70,FR4,1428.26355072,0.900869159623
70,FR4,1433.4345397,1.66760891103
70,Glue,1435.10214861,0.100096573291
70,Silicon,1435.20224518,0.300289719874
70,Glue,1435.5025349,0.200193146583
70,Aluminum,1438.05499752,3.20309034532
70,Glue,1441.25808786,0.200193146583
70,Silicon,1441.45828101,0.300289719874
70,Glue,1441.75857073,0.100096573291
70,FR4,1441.8586673,1.66760891103
70,FR4,1448.2968789,0.900869159623
70,FR4,1479.13262927,0.900869159623
70,FR4,1484.30361824,1.66760891103
70,Glue,1485.97122715,0.100096573291
70,Silicon,1486.07132373,0.300289719874
70,Glue,1486.37161345,0.200193146583
70,Aluminum,1488.92407607,3.20309034532
70,Glue,1492.12716641,0.200193146583
70,Silicon,1492.32735956,0.300289719874
70,Glue,1492.62764928,0.100096573291
70,FR4,1492.72774585,1.66760891103
70,FR4,1498.66547458,0.900869159623
70,Scintillator,231.512370972,20.0193146583
70,Scintillator,254.906523709,20.0193146583
70,Aluminum3003,231.011888105,0.500482866457
70,Aluminum3003,254.406040842,0.500482866457
70,Scintillator,1194.80690148,20.0193146583
70,Scintillator,1220.2314311,20.0193146583
70,Scintillator,1245.65596071,20.0193146583
70,Scintillator,1271.08049033,20.0193146583
70,Aluminum3003,1194.30641861,0.500482866457
70,Aluminum3003,1219.73094823,0.500482866457
70,Aluminum3003,1245.15547785,0.500482866457
70,Aluminum3003,1270.58000746,0.500482866457
70,Scintillator,1700.13602459,14.1648520636
70,Scintillator,1714.30087665,5.85446259465
70,Scintillator,1723.68315695,20.0193146583
70,Scintillator,1747.23028932,20.0193146583
70,Scintillator,1770.77742168,20.0193146583
70,Aluminum3003,1699.63554172,0.500482866457
70,Aluminum3003,1723.18267409,0.500482866457
70,Aluminum3003,1746.72980645,0.500482866457
70,Aluminum3003,1770.27693881,0.500482866457
71,Polyvinyltoluene,856.331465836,2.00449319639
71,Polyvinyltoluene,860.340452229,1.59814086654
71,LYSO,935.007823795,0.601347958918
71,LYSO,935.809621073,0.601347958918
71,Polyvinyltoluene,630.224633283,2.00449319639
71,Polyvinyltoluene,626.21564689,2.00449319639
71,Polyvinyltoluene,554.855689099,2.00449319639
71,Polyvinyltoluene,550.846702706,2.00449319639
71,Silicon,691.501990297,0.320718911423
71,Silicon,697.515469886,0.320718911423
71,Silicon,791.726650117,0.320718911423
71,Silicon,797.740129706,0.320718911423
71,Aluminum,1352.4140808,0.801797278558
71,Aluminum,1582.32945042,0.801797278558
71,FR4,1430.0911989,0.902021938377
71,FR4,1435.26880482,1.6697428326
71,Glue,1436.93854766,0.10022465982
71,Silicon,1437.03877232,0.300673979459
71,Glue,1437.3394463,0.200449319639
71,Aluminum,1439.89517512,3.20718911423
71,Glue,1443.10236424,0.200449319639
71,Silicon,1443.30281355,0.300673979459
71,Glue,1443.60348753,0.10022465982
71,FR4,1443.70371219,1.6697428326
71,FR4,1450.15016231,0.902021938377
71,FR4,1481.02537102,0.902021938377
71,FR4,1486.20297694,1.6697428326
71,Glue,1487.87271978,0.10022465982
71,Silicon,1487.97294444,0.300673979459
71,Glue,1488.27361842,0.200449319639
71,Aluminum,1490.82934724,3.20718911423
71,Glue,1494.03653636,0.200449319639
71,Silicon,1494.23698568,0.300673979459
71,Glue,1494.53765965,0.10022465982
71,FR4,1494.63788431,1.6697428326
71,FR4,1500.58321113,0.902021938377
71,Scintillator,231.808621032,20.0449319639
71,Scintillator,255.232709617,20.0449319639
71,Aluminum3003,231.307497733,0.501123299099
71,Aluminum3003,254.731586318,0.501123299099
71,Scintillator,1196.33581164,20.0449319639
71,Scintillator,1221.79287524,20.0449319639
71,Scintillator,1247.24993883,20.0449319639
71,Scintillator,1272.70700243,20.0449319639
71,Aluminum3003,1195.83468834,0.501123299099
71,Aluminum3003,1221.29175194,0.501123299098
71,Aluminum3003,1246.74881553,0.501123299098
71,Aluminum3003,1272.20587913,0.501123299098
71,Scintillator,1702.3115688,20.0449319639
71,Scintillator,1725.88883277,20.0449319639
71,Scintillator,1749.46609674,20.0449319639
71,Scintillator,1773.04336071,20.0449319639
71,Aluminum3003,1701.81044551,0.501123299098
71,Aluminum3003,1725.38770947,0.501123299099
71,Aluminum3003,1748.96497344,0.501123299099
71,Aluminum3003,1772.54223741,0.501123299098
72,Polyvinyltoluene,858.827293507,2.00096771255
72,Polyvinyltoluene,854.825358081,2.00096771255
72,LYSO,933.363340799,0.600290313765
72,LYSO,934.163727884,0.600290313765
72,Polyvinyltoluene,625.114264681,2.00096771255
72,Polyvinyltoluene,629.116200106,2.00096771255
72,Polyvinyltoluene,553.879814114,2.00096771255
72,Polyvinyltoluene,549.877878689,2.00096771255
72,Silicon,690.285783078,0.320154834008
72,Silicon,696.288686216,0.320154834008
72,Silicon,790.334168706,0.320154834008
72,Silicon,796.337071844,0.320154834008
72,Aluminum,1350.03546759,0.80038708502
72,Aluminum,1579.54646422,0.80038708502
72,FR4,1427.5759679,0.900435470648
72,FR4,1432.7444675,1.66680610455
72,Glue,1434.41127361,0.100048385627
72,Silicon,1434.51132199,0.300145156882
72,Glue,1434.81146715,0.200096771255
72,Aluminum,1437.36270098,3.20154834008
72,Glue,1440.56424932,0.200096771255
72,Silicon,1440.7643461,0.300145156883
72,Glue,1441.06449125,0.100048385627
72,FR4,1441.16453964,1.66680610455
72,FR4,1447.5996518,0.900435470648
72,FR4,1478.42055748,0.900435470648
72,FR4,1483.58905708,1.66680610455
72,Glue,1485.25586318,0.100048385628
72,Silicon,1485.35591157,0.300145156882
72,Glue,1485.65605673,0.200096771255
72,Aluminum,1488.20729056,3.20154834008
72,Glue,1491.4088389,0.200096771255
72,Silicon,1491.60893567,0.300145156883
72,Glue,1491.90908083,0.100048385627
72,FR4,1492.00912921,1.66680610455
72,FR4,1497.94399945,0.900435470648
72,Scintillator,231.400918202,20.0096771255
72,Scintillator,254.78380872,20.0096771255
72,Aluminum3003,230.900676274,0.500241928138
72,Aluminum3003,254.283566792,0.500241928138
72,Scintillator,1194.23170743,20.0096771255
72,Scintillator,1219.64399738,20.0096771255
72,Scintillator,1245.05628733,20.0096771255
72,Scintillator,1270.46857728,20.0096771255
72,Aluminum3003,1193.7314655,0.500241928138
72,Aluminum3003,1219.14375545,0.500241928137
72,Aluminum3003,1244.5560454,0.500241928138
72,Aluminum3003,1269.96833535,0.500241928137
72,Scintillator,1699.31755917,20.0096771255
72,Scintillator,1722.85335567,20.0096771255
72,Scintillator,1746.38915217,20.0096771255
72,Scintillator,1769.92494867,20.0096771255
72,Aluminum3003,1698.81731725,0.500241928138
72,Aluminum3003,1722.35311374,0.500241928138
72,Aluminum3003,1745.88891024,0.500241928138
72,Aluminum3003,1769.42470674,0.500241928138
73,Polyvinyltoluene,855.183715479,2.00180655241
73,Polyvinyltoluene,859.187328584,2.00180655241
73,LYSO,933.754622661,0.600541965723
73,LYSO,934.555345282,0.600541965723
73,Polyvinyltoluene,625.376323263,2.00180655241
73,Polyvinyltoluene,629.379936368,2.00180655241
73,Polyvinyltoluene,550.108396892,2.00180655241
73,Polyvinyltoluene,554.112009997,2.00180655241
73,Silicon,690.575162675,0.320289048386
73,Silicon,696.580582332,0.320289048385
73,Silicon,790.665490295,0.320289048386
73,Silicon,796.670909952,0.320289048385
73,Aluminum,1350.60142553,0.800722620964
73,Aluminum,1580.20863709,0.800722620964
73,FR4,1428.17443214,0.900812948584
73,FR4,1433.34509847,1.66750485816
73,Glue,1435.01260333,0.10009032762
73,Silicon,1435.11269365,0.300270982861
73,Glue,1435.41296464,0.200180655241
73,Aluminum,1437.96526799,3.20289048385
73,Glue,1441.16815848,0.200180655241
73,Silicon,1441.36833913,0.300270982861
73,Glue,1441.66861011,0.10009032762
73,FR4,1441.76870044,1.66750485816
73,FR4,1448.20651031,0.900812948584
73,FR4,1479.04033664,0.900812948584
73,FR4,1484.21100297,1.66750485816
73,Glue,1485.87850782,0.10009032762
73,Silicon,1485.97859815,0.300270982861
73,Glue,1486.27886913,0.200180655241
73,Aluminum,1488.83117249,3.20289048385
73,Glue,1492.03406297,0.200180655241
73,Silicon,1492.23424363,0.300270982861
73,Glue,1492.53451461,0.10009032762
73,FR4,1492.63460494,1.66750485816
73,FR4,1498.57196317,0.900812948584
73,Scintillator,231.497925421,20.0180655241
73,Scintillator,254.890618446,20.0180655241
73,Aluminum3003,230.997473783,0.500451638102
73,Aluminum3003,254.390166808,0.500451638102
73,Scintillator,1194.73234977,20.0180655241
73,Scintillator,1220.15529299,20.0180655241
73,Scintillator,1245.5782362,20.0180655241
73,Scintillator,1271.00117942,20.0180655241
73,Aluminum3003,1194.23189813,0.500451638102
73,Aluminum3003,1219.65484135,0.500451638102
73,Aluminum3003,1245.07778456,0.500451638102
73,Aluminum3003,1270.50072778,0.500451638102
73,Scintillator,1700.02994213,20.0180655241
73,Scintillator,1723.57560524,20.0180655241
73,Scintillator,1747.12126835,20.0180655241
73,Scintillator,1770.66693145,20.0180655241
73,Aluminum3003,1699.5294905,0.500451638102
73,Aluminum3003,1723.0751536,0.500451638102
73,Aluminum3003,1746.62081671,0.500451638102
73,Aluminum3003,1770.16647981,0.500451638102
74,Polyvinyltoluene,855.641183077,2.00287738855
74,Polyvinyltoluene,859.646937854,2.00287738855
74,LYSO,934.254120577,0.600863216566
74,LYSO,935.055271533,0.600863216566
74,Polyvinyltoluene,625.71085887,2.00287738855
74,Polyvinyltoluene,629.716613648,0.210543752277
74,Polyvinyltoluene,554.408423838,2.00287738855
74,Polyvinyltoluene,550.402669061,2.00287738855
74,Silicon,690.944575416,0.320460382169
74,Silicon,696.953207581,0.320460382169
74,Silicon,791.088444843,0.320460382169
74,Silicon,797.097077009,0.320460382169
74,Aluminum,1351.32390934,0.801150955422
74,Aluminum,1581.0539458,0.801150955422
74,FR4,1428.93841246,0.90129482485
74,FR4,1434.11184475,1.66839686467
74,Glue,1435.78024162,0.100143869428
74,Silicon,1435.88038549,0.300431608283
74,Glue,1436.1808171,0.200287738855
74,Aluminum,1438.73448577,3.20460382169
74,Glue,1441.93908959,0.200287738855
74,Silicon,1442.13937733,0.300431608283
74,Glue,1442.43980894,0.100143869428
74,FR4,1442.53995281,1.66839686467
74,FR4,1448.98120649,0.90129482485
74,FR4,1479.8315269,0.90129482485
74,FR4,1485.0049592,1.66839686467
74,Glue,1486.67335606,0.100143869428
74,Silicon,1486.77349993,0.300431608283
74,Glue,1487.07393154,0.200287738855
74,Aluminum,1489.62760021,3.20460382169
74,Glue,1492.83220403,0.200287738855
74,Silicon,1493.03249177,0.300431608283
74,Glue,1493.33292338,0.100143869428
74,FR4,1493.43306725,1.66839686467
74,FR4,1499.37360158,0.90129482485
74,Scintillator,231.621761736,20.0287738855
74,Scintillator,255.026968328,20.0287738855
74,Aluminum3003,231.121042389,0.500719347139
74,Aluminum3003,254.526248981,0.500719347139
74,Scintillator,1195.37145377,20.0287738855
74,Scintillator,1220.80799661,20.0287738855
74,Scintillator,1246.24453945,20.0287738855
74,Scintillator,1271.68108228,20.0287738855
74,Aluminum3003,1194.87073443,0.500719347139
74,Aluminum3003,1220.30727726,0.500719347139
74,Aluminum3003,1245.7438201,0.500719347139
74,Aluminum3003,1271.18036293,0.500719347139
74,Scintillator,1700.93934745,20.0287738855
74,Scintillator,1724.49760595,20.0287738855
74,Scintillator,1748.05586445,20.0287738855
74,Scintillator,1771.61412295,20.0287738855
74,Aluminum3003,1700.4386281,0.500719347139
74,Aluminum3003,1723.9968866,0.500719347139
74,Aluminum3003,1747.5551451,0.500719347139
74,Aluminum3003,1771.1134036,0.500719347139
75,Polyvinyltoluene,855.408083043,2.00233175004
75,Polyvinyltoluene,859.412746543,2.00233175004
75,LYSO,933.999604232,0.600699525011
75,LYSO,934.800536932,0.600699525011
75,Polyvinyltoluene,629.545061639,2.00233175004
75,Polyvinyltoluene,625.540398139,2.00233175004
75,Polyvinyltoluene,554.257387837,2.00233175004
75,Polyvinyltoluene,550.252724337,2.00233175004
75,Silicon,690.756343237,0.320373080006
75,Silicon,696.763338487,0.320373080006
75,Silicon,790.872930739,0.320373080006
75,Silicon,796.879925989,0.320373080006
75,Aluminum,1350.95577179,0.800932700015
75,Aluminum,1580.62322352,0.800932700015
75,FR4,1428.5491306,0.901049287517
75,FR4,1433.72115351,1.66794234778
75,Glue,1435.38909586,0.100116587502
75,Silicon,1435.48921244,0.300349762505
75,Glue,1435.78956221,0.200233175004
75,Aluminum,1438.34253519,3.20373080006
75,Glue,1441.54626599,0.200233175004
75,Silicon,1441.74649916,0.300349762505
75,Glue,1442.04684893,0.100116587502
75,FR4,1442.14696551,1.66794234778
75,FR4,1448.58646442,0.901049287517
75,FR4,1479.42838037,0.901049287517
75,FR4,1484.60040328,1.66794234778
75,Glue,1486.26834563,0.100116587502
75,Silicon,1486.36846221,0.300349762506
75,Glue,1486.66881198,0.200233175004
75,Aluminum,1489.22178496,3.20373080006
75,Glue,1492.42551576,0.200233175004
75,Silicon,1492.62574893,0.300349762506
75,Glue,1492.92609869,0.100116587502
75,FR4,1493.02621528,1.66794234778
75,FR4,1498.96513125,0.901049287517
75,Scintillator,231.558661641,20.0233175004
75,Scintillator,254.957492015,20.0233175004
75,Aluminum3003,231.058078703,0.500582937509
75,Aluminum3003,254.456909078,0.500582937509
75,Scintillator,1195.04580193,20.0233175004
75,Scintillator,1220.47541516,20.0233175004
75,Scintillator,1245.90502839,20.0233175004
75,Scintillator,1271.33464161,20.0233175004
75,Aluminum3003,1194.545219,0.500582937509
75,Aluminum3003,1219.97483222,0.500582937509
75,Aluminum3003,1245.40444545,0.500582937509
75,Aluminum3003,1270.83405867,0.500582937509
75,Scintillator,1700.4759651,20.0233175004
75,Scintillator,1724.02780569,20.0233175004
75,Scintillator,1747.57964628,20.0233175004
75,Scintillator,1771.13148687,20.0233175004
75,Aluminum3003,1699.97538216,0.500582937509
75,Aluminum3003,1723.52722275,0.500582937509
75,Aluminum3003,1747.07906334,0.500582937509
75,Aluminum3003,1770.63090393,0.500582937509
76,Polyvinyltoluene,859.849861247,2.00335017646
76,Polyvinyltoluene,855.843160894,2.00335017646
76,LYSO,934.47465532,0.601005052938
76,LYSO,935.27599539,0.601005052938
76,Polyvinyltoluene,629.865260989,2.00335017646
76,Polyvinyltoluene,625.858560636,2.00335017646
76,Polyvinyltoluene,550.532594001,2.00335017646
76,Polyvinyltoluene,554.539294354,2.00335017646
76,Silicon,691.107675883,0.320536028234
76,Silicon,697.117726413,0.320536028234
76,Silicon,791.275184706,0.320536028234
76,Silicon,797.285235236,0.320536028234
76,Aluminum,1351.64289521,0.801340070584
76,Aluminum,1581.42716045,0.801340070584
76,FR4,1429.27571958,0.901507579407
76,FR4,1434.45037308,1.66879069699
76,Glue,1436.11916378,0.100167508823
76,Silicon,1436.21933129,0.300502526469
76,Glue,1436.51983382,0.200335017646
76,Aluminum,1439.07410529,3.20536028234
76,Glue,1442.27946557,0.200335017646
76,Silicon,1442.47980059,0.300502526469
76,Glue,1442.78030312,0.100167508823
76,FR4,1442.88047063,1.66879069699
76,FR4,1449.32324479,0.901507579407
76,FR4,1480.18084756,0.901507579407
76,FR4,1485.35550107,1.66879069699
76,Glue,1487.02429176,0.100167508823
76,Silicon,1487.12445927,0.300502526469
76,Glue,1487.4249618,0.200335017646
76,Aluminum,1489.97923327,3.20536028234
76,Glue,1493.18459356,0.200335017646
76,Silicon,1493.38492857,0.300502526469
76,Glue,1493.6854311,0.100167508823
76,FR4,1493.78559861,1.66879069699
76,FR4,1499.72753523,0.901507579407
76,Scintillator,231.676437059,20.0335017646
76,Scintillator,255.087168552,20.0335017646
76,Aluminum3003,231.175599515,0.500837544115
76,Aluminum3003,254.586331008,0.500837544115
76,Scintillator,1195.6536264,20.0335017646
76,Scintillator,1221.09617364,20.0335017646
76,Scintillator,1246.53872088,20.0335017646
76,Scintillator,1271.98126812,20.0335017646
76,Aluminum3003,1195.15278885,0.500837544115
76,Aluminum3003,1220.59533609,0.500837544115
76,Aluminum3003,1246.03788334,0.500837544115
76,Aluminum3003,1271.48043058,0.500837544115
76,Scintillator,1701.34086157,20.0335017646
76,Scintillator,1724.9046811,20.0335017646
76,Scintillator,1748.46850063,20.0335017646
76,Scintillator,1772.03232016,20.0335017646
76,Aluminum3003,1700.84002402,0.500837544115
76,Aluminum3003,1724.40384355,0.500837544115
76,Aluminum3003,1747.96766308,0.500837544115
76,Aluminum3003,1771.53148261,0.500837544115
77,Polyvinyltoluene,856.39898677,2.0046512488
77,Polyvinyltoluene,860.408289267,2.0046512488
77,LYSO,935.081548285,0.601395374641
77,LYSO,935.883408785,0.601395374641
77,Polyvinyltoluene,550.890136452,2.0046512488
77,Polyvinyltoluene,554.89943895,2.0046512488
77,Polyvinyltoluene,626.265023407,2.0046512488
77,Polyvinyltoluene,630.274325905,2.0046512488
77,Silicon,691.556514581,0.320744199809
77,Silicon,697.570468327,0.320744199809
77,Silicon,791.789077021,0.320744199809
77,Silicon,797.803030767,0.320744199809
77,Aluminum,1352.52071738,0.801860499522
77,Aluminum,1582.45421562,0.801860499522
77,FR4,1430.20396025,0.902093061962
77,FR4,1435.38197442,1.66987449025
77,Glue,1437.05184891,0.10023256244
77,Silicon,1437.15208148,0.300697687321
77,Glue,1437.45277916,0.20046512488
77,Aluminum,1440.00870951,3.20744199809
77,Glue,1443.2161515,0.20046512488
77,Silicon,1443.41661663,0.300697687321
77,Glue,1443.71731432,0.10023256244
77,FR4,1443.81754688,1.66987449025
77,FR4,1450.26450529,0.902093061962
77,FR4,1481.14214848,0.902093061962
77,FR4,1486.32016266,1.66987449025
77,Glue,1487.99003715,0.10023256244
77,Silicon,1488.09026971,0.30069768732
77,Glue,1488.3909674,0.20046512488
77,Aluminum,1490.94689774,3.20744199809
77,Glue,1494.15433974,0.20046512488
77,Silicon,1494.35480486,0.30069768732
77,Glue,1494.65550255,0.10023256244
77,FR4,1494.75573511,1.66987449025
77,FR4,1500.70153071,0.902093061962
77,Scintillator,231.826898924,20.046512488
77,Scintillator,255.252834477,20.046512488
77,Aluminum3003,231.325736112,0.501162812201
77,Aluminum3003,254.751671665,0.501162812201
77,Scintillator,1196.4301416,20.046512488
77,Scintillator,1221.88921246,20.046512488
77,Scintillator,1247.34828332,20.046512488
77,Scintillator,1272.80735418,20.046512488
77,Aluminum3003,1195.92897879,0.501162812201
77,Aluminum3003,1221.38804965,0.501162812201
77,Aluminum3003,1246.84712051,0.501162812201
77,Aluminum3003,1272.30619137,0.501162812201
77,Scintillator,1702.44579448,20.046512488
77,Scintillator,1726.02491749,20.046512488
77,Scintillator,1749.6040405,20.046512488
77,Scintillator,1773.18316352,20.046512488
77,Aluminum3003,1701.94463166,0.501162812201
77,Aluminum3003,1725.52375468,0.501162812201
77,Aluminum3003,1749.10287769,0.501162812201
77,Aluminum3003,1772.6820007,0.501162812201
78,Polyvinyltoluene,858.569450847,2.00036696914
78,Polyvinyltoluene,854.568716909,2.00036696914
78,LYSO,933.083120448,0.600110090742
78,LYSO,933.883267235,0.600110090742
78,Polyvinyltoluene,624.926588852,2.00036696914
78,Polyvinyltoluene,628.92732279,2.00036696914
78,Polyvinyltoluene,553.71352475,2.00036696914
78,Polyvinyltoluene,549.712790812,2.00036696914
78,Silicon,690.078541036,0.320058715063
78,Silicon,696.079641944,0.320058715063
78,Silicon,790.096889493,0.320058715063
78,Silicon,796.097990401,0.320058715063
78,Aluminum,1349.63015125,0.800146787657
78,Aluminum,1579.07224261,0.800146787656
78,FR4,1427.14737185,0.900165136114
78,FR4,1432.31431974,1.66630568529
78,Glue,1433.98062542,0.100018348457
78,Silicon,1434.08064377,0.300055045371
78,Glue,1434.38069881,0.200036696914
78,Aluminum,1436.9311667,3.20058715063
78,Glue,1440.13175385,0.200036696914
78,Silicon,1440.33179055,0.300055045371
78,Glue,1440.63184559,0.100018348457
78,FR4,1440.73186394,1.66630568529
78,FR4,1447.16504411,0.900165136113
78,FR4,1477.97669654,0.900165136113
78,FR4,1483.14364442,1.66630568529
78,Glue,1484.80995011,0.100018348457
78,Silicon,1484.90996846,0.300055045371
78,Glue,1485.2100235,0.200036696914
78,Aluminum,1487.76049139,3.20058715063
78,Glue,1490.96107854,0.200036696914
78,Silicon,1491.16111523,0.300055045371
78,Glue,1491.46117028,0.100018348457
78,FR4,1491.56118863,1.66630568529
78,FR4,1497.49427706,0.900165136113
78,Scintillator,231.331445529,20.0036696914
78,Scintillator,254.707315884,20.0036696914
78,Aluminum3003,230.831353786,0.500091742285
78,Aluminum3003,254.207224142,0.500091742285
78,Scintillator,1193.8731675,20.0036696914
78,Scintillator,1219.27782801,20.0036696914
78,Scintillator,1244.68248852,20.0036696914
78,Scintillator,1270.08714902,20.0036696914
78,Aluminum3003,1193.37307576,0.500091742285
78,Aluminum3003,1218.77773626,0.500091742285
78,Aluminum3003,1244.18239677,0.500091742285
78,Aluminum3003,1269.58705728,0.500091742285
78,Scintillator,1698.80737912,20.0036696914
78,Scintillator,1722.33610955,20.0036696914
78,Scintillator,1745.86483997,20.0036696914
78,Scintillator,1769.3935704,20.0036696914
78,Aluminum3003,1698.30728737,0.500091742285
78,Aluminum3003,1721.8360178,0.500091742285
78,Aluminum3003,1745.36474823,0.500091742285
78,Aluminum3003,1768.89347866,0.500091742285
79,Polyvinyltoluene,854.518275051,2.00024889528
79,Polyvinyltoluene,858.518772841,2.00024889528
79,LYSO,933.02804419,0.600074668584
79,LYSO,933.828143749,0.600074668584
79,Polyvinyltoluene,628.890199663,2.00024889528
79,Polyvinyltoluene,553.6808412,2.00024889528
79,Polyvinyltoluene,624.889701872,2.00024889528
79,Polyvinyltoluene,549.68034341,2.00024889528
79,Silicon,690.037808392,0.320039823245
79,Silicon,696.038555078,0.320039823245
79,Silicon,790.050253156,0.320039823245
79,Silicon,796.050999842,0.320039823245
79,Aluminum,1349.55048785,0.800099558113
79,Aluminum,1578.97903613,0.800099558112
79,FR4,1427.06313291,0.900112002876
79,FR4,1432.22977581,1.66620732977
79,Glue,1433.89598314,0.100012444764
79,Silicon,1433.99599558,0.300037334292
79,Glue,1434.29603292,0.200024889528
79,Aluminum,1436.84635026,3.20039823245
79,Glue,1440.04674849,0.200024889528
79,Silicon,1440.24677338,0.300037334292
79,Glue,1440.54681071,0.100012444764
79,FR4,1440.64682316,1.66620732977
79,FR4,1447.07962361,0.900112002876
79,FR4,1477.88945734,0.900112002876
79,FR4,1483.05610024,1.66620732977
79,Glue,1484.72230757,0.100012444764
79,Silicon,1484.82232001,0.300037334292
79,Glue,1485.12235735,0.200024889528
79,Aluminum,1487.67267469,3.20039823245
79,Glue,1490.87307292,0.200024889528
79,Silicon,1491.07309781,0.300037334292
79,Glue,1491.37313514,0.100012444764
79,FR4,1491.47314759,1.66620732977
79,FR4,1497.40588581,0.900112002876
79,Scintillator,231.317790936,20.0024889528
79,Scintillator,254.692281505,20.0024889528
79,Aluminum3003,230.817728712,0.50006222382
79,Aluminum3003,254.192219281,0.50006222382
79,Scintillator,1193.80269782,20.0024889528
79,Scintillator,1219.20585879,20.0024889528
79,Scintillator,1244.60901976,20.0024889528
79,Scintillator,1270.01218073,20.0024889528
79,Aluminum3003,1193.3026356,0.50006222382
79,Aluminum3003,1218.70579657,0.50006222382
79,Aluminum3003,1244.10895754,0.50006222382
79,Aluminum3003,1269.51211851,0.50006222382
79,Scintillator,1698.70710514,20.0024889528
79,Scintillator,1722.23444676,20.0024889528
79,Scintillator,1745.76178838,20.0024889528
79,Scintillator,1769.28913,20.0024889528
79,Aluminum3003,1698.20704292,0.50006222382
79,Aluminum3003,1721.73438454,0.50006222382
79,Aluminum3003,1745.26172616,0.50006222382
79,Aluminum3003,1768.78906778,0.50006222382
80,Polyvinyltoluene,857.931458502,2.00823844521
80,Polyvinyltoluene,861.947935392,2.00823844521
80,LYSO,936.754817476,0.602471533564
80,LYSO,937.558112854,0.602471533564
80,Polyvinyltoluene,627.385684991,2.00823844521
80,Polyvinyltoluene,631.402161882,2.00823844521
80,Polyvinyltoluene,551.875919451,2.00823844521
80,Polyvinyltoluene,555.892396341,2.00823844521
80,Silicon,692.794011152,0.321318151234
80,Silicon,698.818726487,0.321318151234
80,Silicon,793.205933412,0.321318151234
80,Silicon,799.230648748,0.321318151234
80,Aluminum,1354.94096752,0.803295378086
80,Aluminum,1585.28591718,0.803295378086
80,FR4,1432.76321963,0.903707300346
80,FR4,1437.95049953,1.67286262486
80,Glue,1439.62336216,0.100411922261
80,Silicon,1439.72377408,0.301235766782
80,Glue,1440.02500985,0.200823844521
80,Aluminum,1442.58551386,3.21318151234
80,Glue,1445.79869538,0.200823844521
80,Silicon,1445.99951922,0.301235766782
80,Glue,1446.30075499,0.100411922261
80,FR4,1446.40116691,1.67286262486
80,FR4,1452.85966175,0.903707300346
80,FR4,1483.79255852,0.903707300346
80,FR4,1488.97983842,1.67286262486
80,Glue,1490.65270105,0.100411922261
80,Silicon,1490.75311297,0.301235766782
80,Glue,1491.05434874,0.200823844521
80,Aluminum,1493.61485276,3.21318151234
80,Glue,1496.82803427,0.200823844521
80,Silicon,1497.02885811,0.301235766782
80,Glue,1497.33009388,0.100411922261
80,FR4,1497.4305058,1.67286262486
80,FR4,1503.38694103,0.903707300346
80,Scintillator,232.241738473,20.0823844521
80,Scintillator,255.709593253,20.0823844521
80,Aluminum3003,231.739678862,0.502059611304
80,Aluminum3003,255.207533642,0.502059611304
80,Scintillator,1198.57107754,20.0823844521
80,Scintillator,1224.0757058,20.0823844521
80,Scintillator,1249.58033405,20.0823844521
80,Scintillator,1275.0849623,6.4511477117
80,Scintillator,1281.53611002,13.6312367404
80,Aluminum3003,1198.06901793,0.502059611304
80,Aluminum3003,1223.57364618,0.502059611304
80,Aluminum3003,1249.07827444,0.502059611304
80,Aluminum3003,1274.58290269,0.502059611304
80,Scintillator,1705.49221337,20.0823844521
80,Scintillator,1729.11352973,20.0823844521
80,Scintillator,1752.73484609,20.0823844521
80,Scintillator,1776.35616245,20.0823844521
80,Aluminum3003,1704.99015376,0.502059611304
80,Aluminum3003,1728.61147012,0.502059611303
80,Aluminum3003,1752.23278648,0.502059611304
80,Aluminum3003,1775.85410284,0.502059611304
81,Polyvinyltoluene,860.981282023,2.00598625529
81,Polyvinyltoluene,856.969309512,0.760508703626
81,LYSO,935.704270032,0.601795876585
81,LYSO,936.506664534,0.601795876586
81,Polyvinyltoluene,626.900594947,1.78747871367
81,Polyvinyltoluene,630.694059916,2.00598625529
81,Polyvinyltoluene,556.887342839,0.387620133412
81,Polyvinyltoluene,551.257004207,2.00598625529
81,Silicon,692.01705974,0.320957800846
81,Silicon,698.035018506,0.320957800846
81,Silicon,792.316372504,0.320957800846
81,Silicon,798.33433127,0.320957800846
81,Aluminum,1353.42143461,0.802394502114
81,Aluminum,1583.50805809,0.802394502114
81,FR4,1431.15641098,0.902693814878
81,FR4,1436.33787348,1.67098655065
81,Glue,1438.00886003,0.100299312764
81,Silicon,1438.10915934,0.300897938293
81,Glue,1438.41005728,0.200598625528
81,Aluminum,1440.96768976,3.20957800846
81,Glue,1444.17726777,0.200598625528
81,Silicon,1444.37786639,0.300897938293
81,Glue,1444.67876433,0.100299312764
81,FR4,1444.77906364,1.67098655065
81,FR4,1451.23031544,0.902693814878
81,FR4,1482.12852173,0.902693814878
81,FR4,1487.30998423,1.67098655065
81,Glue,1488.98097078,0.100299312764
81,Silicon,1489.08127009,0.300897938293
81,Glue,1489.38216803,0.200598625528
81,Aluminum,1491.9398005,3.20957800846
81,Glue,1495.14937851,0.200598625528
81,Silicon,1495.34997714,0.300897938293
81,Glue,1495.65087508,0.100299312764
81,FR4,1495.75117439,1.67098655065
81,FR4,1501.70092962,0.902693814878
81,Scintillator,231.981285086,20.0598625529
81,Scintillator,255.422821246,20.0598625529
81,Aluminum3003,231.479788523,0.501496563821
81,Aluminum3003,254.921324682,0.501496563821
81,Scintillator,1197.22690961,20.0598625529
81,Scintillator,1222.70293505,20.0598625529
81,Scintillator,1248.1789605,8.11753809336
81,Scintillator,1256.29649859,11.9423244595
81,Scintillator,1273.65498594,20.0598625529
81,Aluminum3003,1196.72541305,0.501496563821
81,Aluminum3003,1222.20143849,0.501496563821
81,Aluminum3003,1247.67746393,0.501496563821
81,Aluminum3003,1273.15348938,0.501496563821
81,Scintillator,1703.57954588,20.0598625529
81,Scintillator,1727.17437152,20.0598625529
81,Scintillator,1750.76919715,20.0598625529
81,Scintillator,1774.36402279,20.0598625529
81,Aluminum3003,1703.07804932,0.501496563821
81,Aluminum3003,1726.67287495,0.501496563821
81,Aluminum3003,1750.26770059,0.501496563821
81,Aluminum3003,1773.86252623,0.501496563821
82,Polyvinyltoluene,858.644920482,2.00054280461
82,Polyvinyltoluene,854.643834873,2.00054280461
82,LYSO,933.165139954,0.600162841384
82,LYSO,933.965357075,0.600162841384
82,Polyvinyltoluene,628.982606512,2.00054280461
82,Polyvinyltoluene,553.762197059,2.00054280461
82,Polyvinyltoluene,624.981520903,2.00054280461
82,Polyvinyltoluene,549.76111145,2.00054280461
82,Silicon,690.139200049,0.320086848738
82,Silicon,696.140828463,0.320086848738
82,Silicon,790.16634028,0.320086848738
82,Silicon,796.167968694,0.320086848738
82,Aluminum,1349.74878591,0.800217121845
82,Aluminum,1579.2110456,0.800217121845
82,FR4,1427.2728204,0.900244262076
82,FR4,1432.44022247,1.66645215624
82,Glue,1434.10667462,0.100027140231
82,Silicon,1434.20670176,0.300081420692
82,Glue,1434.50678318,0.200054280461
82,Aluminum,1437.05747526,3.20086848738
82,Glue,1440.25834375,0.200054280461
82,Silicon,1440.45839803,0.300081420692
82,Glue,1440.75847945,0.100027140231
82,FR4,1440.85850659,1.66645215624
82,FR4,1447.29225225,0.900244262076
82,FR4,1478.10661307,0.900244262076
82,FR4,1483.27401513,1.66645215624
82,Glue,1484.94046729,0.100027140231
82,Silicon,1485.04049443,0.300081420692
82,Glue,1485.34057585,0.200054280461
82,Aluminum,1487.89126792,3.20086848738
82,Glue,1491.09213641,0.200054280461
82,Silicon,1491.29219069,0.300081420692
82,Glue,1491.59227211,0.10002714023
82,FR4,1491.69229925,1.66645215624
82,FR4,1497.62590921,0.900244262076
82,Scintillator,231.351779935,20.0054280461
82,Scintillator,254.729705067,20.0054280461
82,Aluminum3003,230.851644233,0.500135701153
82,Aluminum3003,254.229569366,0.500135701153
82,Scintillator,1193.97811087,20.0054280461
82,Scintillator,1219.38500449,20.0054280461
82,Scintillator,1244.79189811,20.0054280461
82,Scintillator,1270.19879173,20.0054280461
82,Aluminum3003,1193.47797517,0.500135701153
82,Aluminum3003,1218.88486879,0.500135701153
82,Aluminum3003,1244.29176241,0.500135701153
82,Aluminum3003,1269.69865602,0.500135701153
82,Scintillator,1698.95670702,20.0054280461
82,Scintillator,1722.48750566,20.0054280461
82,Scintillator,1746.0183043,20.0054280461
82,Scintillator,1769.54910294,20.0054280461
82,Aluminum3003,1698.45657131,0.500135701153
82,Aluminum3003,1721.98736996,0.500135701153
82,Aluminum3003,1745.5181686,0.500135701153
82,Aluminum3003,1769.04896724,0.500135701153
83,Polyvinyltoluene,854.637845121,2.00052878385
83,Polyvinyltoluene,858.638902688,2.00052878385
83,LYSO,933.158599887,0.600158635156
83,LYSO,933.958811401,0.600158635156
83,Polyvinyltoluene,624.977140734,2.00052878385
83,Polyvinyltoluene,628.978198302,2.00052878385
83,Polyvinyltoluene,553.758316029,2.00052878385
83,Polyvinyltoluene,549.757258461,2.00052878385
83,Silicon,690.134363224,0.320084605417
83,Silicon,696.135949576,0.320084605417
83,Silicon,790.160802417,0.320084605417
83,Silicon,796.162388769,0.320084605417
83,Aluminum,1349.73932623,0.800211513542
83,Aluminum,1579.19997773,0.800211513542
83,FR4,1427.26281739,0.900237952734
83,FR4,1432.43018324,1.66644047695
83,Glue,1434.09662372,0.100026439193
83,Silicon,1434.19665016,0.300079317578
83,Glue,1434.49672948,0.200052878385
83,Aluminum,1437.04740367,3.20084605417
83,Glue,1440.24824973,0.200052878385
83,Silicon,1440.44830261,0.300079317578
83,Glue,1440.74838192,0.100026439193
83,FR4,1440.84840836,1.66644047695
83,FR4,1447.28210893,0.900237952734
83,FR4,1478.09625379,0.900237952734
83,FR4,1483.26361964,1.66644047695
83,Glue,1484.93006012,0.100026439193
83,Silicon,1485.03008656,0.300079317578
83,Glue,1485.33016587,0.200052878385
83,Aluminum,1487.88084007,3.20084605417
83,Glue,1491.08168613,0.200052878385
83,Silicon,1491.28173901,0.300079317578
83,Glue,1491.58181832,0.100026439193
83,FR4,1491.68184476,1.66644047695
83,FR4,1497.61541313,0.900237952734
83,Scintillator,231.350158511,20.0052878385
83,Scintillator,254.7279198,20.0052878385
83,Aluminum3003,230.850026315,0.500132195964
83,Aluminum3003,254.227787604,0.500132195964
83,Scintillator,1193.9697429,20.0052878385
83,Scintillator,1219.37645846,20.0052878385
83,Scintillator,1244.78317401,20.0052878385
83,Scintillator,1270.18988957,20.0052878385
83,Aluminum3003,1193.4696107,0.500132195963
83,Aluminum3003,1218.87632626,0.500132195963
83,Aluminum3003,1244.28304182,0.500132195964
83,Aluminum3003,1269.68975737,0.500132195963
83,Scintillator,1698.94479992,20.0052878385
83,Scintillator,1722.47543364,20.0052878385
83,Scintillator,1746.00606737,20.0052878385
83,Scintillator,1769.5367011,20.0052878385
83,Aluminum3003,1698.44466772,0.500132195964
83,Aluminum3003,1721.97530145,0.500132195963
83,Aluminum3003,1745.50593517,0.500132195963
83,Aluminum3003,1769.0365689,0.500132195963
84,Polyvinyltoluene,859.79146602,0.701897003933
84,Polyvinyltoluene,854.492795266,2.00018925243
84,LYSO,933.000223424,0.600056775728
84,LYSO,933.800299125,0.600056775728
84,Polyvinyltoluene,624.871069088,2.00018925243
84,Polyvinyltoluene,628.871447593,2.00018925243
84,Polyvinyltoluene,549.663953197,2.00018925243
84,Polyvinyltoluene,553.664331702,2.00018925243
84,Silicon,690.017233039,0.320030280388
84,Silicon,696.017800797,0.320030280388
84,Silicon,790.026695661,0.320030280388
84,Silicon,796.027263418,0.320030280388
84,Aluminum,1349.51024733,0.80007570097
84,Aluminum,1578.93195458,0.80007570097
84,FR4,1427.02058115,0.900085163591
84,FR4,1432.18706999,1.66615764727
84,Glue,1433.85322763,0.100009462621
84,Silicon,1433.9532371,0.300028387864
84,Glue,1434.25326548,0.200018925242
84,Aluminum,1436.80350678,3.20030280388
84,Glue,1440.00380958,0.200018925242
84,Silicon,1440.20382851,0.300028387864
84,Glue,1440.5038569,0.100009462621
84,FR4,1440.60386636,1.66615764727
84,FR4,1447.036475,0.900085163591
84,FR4,1477.84539005,0.900085163591
84,FR4,1483.01187889,1.66615764727
84,Glue,1484.67803654,0.100009462621
84,Silicon,1484.778046,0.300028387864
84,Glue,1485.07807439,0.200018925242
84,Aluminum,1487.62831568,3.20030280388
84,Glue,1490.82861849,0.200018925242
84,Silicon,1491.02863741,0.300028387864
84,Glue,1491.3286658,0.100009462621
84,FR4,1491.42867526,1.66615764727
84,FR4,1497.36123659,0.900085163591
84,Scintillator,231.310893567,20.0018925243
84,Scintillator,254.684687163,20.0018925243
84,Aluminum3003,230.810846254,0.500047313106
84,Aluminum3003,254.184639849,0.500047313106
84,Scintillator,1193.76710135,20.0018925243
84,Scintillator,1219.16950486,20.0018925243
84,Scintillator,1244.57190836,20.0018925243
84,Scintillator,1269.97431187,20.0018925243
84,Aluminum3003,1193.26705404,0.500047313106
84,Aluminum3003,1218.66945754,0.500047313106
84,Aluminum3003,1244.07186105,0.500047313106
84,Aluminum3003,1269.47426456,0.500047313106
84,Scintillator,1698.65645358,20.0018925243
84,Scintillator,1722.18309366,20.0018925243
84,Scintillator,1745.70973375,20.0018925243
84,Scintillator,1769.23637384,20.0018925243
84,Aluminum3003,1698.15640626,0.500047313106
84,Aluminum3003,1721.68304635,0.500047313106
84,Aluminum3003,1745.20968644,0.500047313106
84,Aluminum3003,1768.73632653,0.500047313106
85,Polyvinyltoluene,863.19653014,2.01114752577
85,Polyvinyltoluene,859.174235089,2.01114752577
85,LYSO,938.42630012,0.288819612987
85,LYSO,938.916234485,0.60334425773
85,Polyvinyltoluene,628.294499131,2.01114752577
85,Polyvinyltoluene,632.316794182,2.01114752577
85,Polyvinyltoluene,556.697647213,2.01114752577
85,Polyvinyltoluene,552.675352162,2.01114752577
85,Silicon,693.797574045,0.321783604123
85,Silicon,699.831016622,0.321783604122
85,Silicon,794.354950333,0.321783604123
85,Silicon,800.38839291,0.321783604123
85,Aluminum,1356.9036988,0.804459010306
85,Aluminum,1587.58232001,0.804459010306
85,FR4,1434.83868214,0.905016386595
85,FR4,1440.0334762,1.67528588896
85,Glue,1441.70876209,0.100557376288
85,Silicon,1441.80931947,0.301672128865
85,Glue,1442.1109916,0.201114752577
85,Aluminum,1444.67520469,3.21783604123
85,Glue,1447.89304073,0.201114752576
85,Silicon,1448.09415549,0.301672128865
85,Glue,1448.39582762,0.100557376288
85,FR4,1448.49638499,1.67528588896
85,FR4,1454.96423543,0.905016386595
85,FR4,1485.94194077,0.905016386595
85,FR4,1491.13673483,1.67528588896
85,Glue,1492.81202072,0.100557376288
85,Silicon,1492.9125781,0.301672128865
85,Glue,1493.21425023,0.201114752576
85,Aluminum,1495.77846332,3.21783604123
85,Glue,1498.99629936,0.201114752577
85,Silicon,1499.19741412,0.301672128865
85,Glue,1499.49908625,0.100557376288
85,FR4,1499.59964362,1.67528588896
85,FR4,1505.56470718,0.905016386595
85,Scintillator,232.57815765,20.1114752577
85,Scintillator,256.080007338,20.1114752577
85,Aluminum3003,232.075370769,0.502786881441
85,Aluminum3003,255.577220456,0.502786881441
85,Scintillator,1200.30729558,20.1114752577
85,Scintillator,1225.84886916,20.1114752577
85,Scintillator,1251.39044273,20.1114752577
85,Scintillator,1276.93201631,20.1114752577
85,Aluminum3003,1199.8045087,0.502786881441
85,Aluminum3003,1225.34608227,0.502786881441
85,Aluminum3003,1250.88765585,0.502786881441
85,Aluminum3003,1276.42922943,0.502786881441
85,Scintillator,1707.96274382,20.1114752577
85,Scintillator,1731.61827739,20.1114752577
85,Scintillator,1755.27381096,14.2611797965
85,Scintillator,1769.53499075,5.85029546118
85,Scintillator,1778.92934453,20.1114752577
85,Aluminum3003,1707.45995694,0.502786881441
85,Aluminum3003,1731.11549051,0.502786881441
85,Aluminum3003,1754.77102408,0.502786881441
85,Aluminum3003,1778.42655764,0.502786881441
86,Polyvinyltoluene,859.656785684,2.00290033286
86,Polyvinyltoluene,855.650985019,2.00290033286
86,LYSO,934.264823083,0.600870099857
86,LYSO,935.065983216,0.600870099857
86,Polyvinyltoluene,625.718026807,2.00290033286
86,Polyvinyltoluene,629.723827473,2.00290033286
86,Polyvinyltoluene,550.408974292,2.00290033286
86,Polyvinyltoluene,554.414774957,2.00290033286
86,Silicon,690.952490648,0.320464053257
86,Silicon,696.961191647,0.320464053257
86,Silicon,791.097507291,0.320464053257
86,Silicon,797.106208289,0.320464053257
86,Aluminum,1351.33938966,0.801160133142
86,Aluminum,1581.07205784,0.801160133142
86,FR4,1428.95478191,0.901305149785
86,FR4,1434.12827347,1.66841597727
86,Glue,1435.79668944,0.100145016643
86,Silicon,1435.89683446,0.300435049928
86,Glue,1436.19726951,0.200290033286
86,Aluminum,1438.75096743,3.20464053257
86,Glue,1441.95560797,0.200290033285
86,Silicon,1442.155898,0.300435049928
86,Glue,1442.45633305,0.100145016643
86,FR4,1442.55647807,1.66841597727
86,FR4,1448.99780554,0.901305149785
86,FR4,1479.84847936,0.901305149785
86,FR4,1485.02197092,1.66841597727
86,Glue,1486.6903869,0.100145016643
86,Silicon,1486.79053192,0.300435049928
86,Glue,1487.09096697,0.200290033285
86,Aluminum,1489.64466489,3.20464053257
86,Glue,1492.84930542,0.200290033285
86,Silicon,1493.04959546,0.300435049928
86,Glue,1493.35003051,0.100145016643
86,FR4,1493.45017552,1.66841597727
86,FR4,1499.39077791,0.901305149785
86,Scintillator,231.624415118,20.0290033286
86,Scintillator,255.029889833,20.0290033286
86,Aluminum3003,231.123690035,0.500725083214
86,Aluminum3003,254.52916475,0.500725083214
86,Scintillator,1195.38514755,20.0290033286
86,Scintillator,1220.82198178,20.0290033286
86,Scintillator,1246.25881601,20.0290033286
86,Scintillator,1271.69565024,20.0290033286
86,Aluminum3003,1194.88442247,0.500725083214
86,Aluminum3003,1220.3212567,0.500725083214
86,Aluminum3003,1245.75809093,0.500725083214
86,Aluminum3003,1271.19492515,0.500725083214
86,Scintillator,1700.95883284,20.0290033286
86,Scintillator,1724.51736122,20.0290033286
86,Scintillator,1748.0758896,20.0290033286
86,Scintillator,1771.63441798,20.0290033286
86,Aluminum3003,1700.45810776,0.500725083214
86,Aluminum3003,1724.01663614,0.500725083214
86,Aluminum3003,1747.57516452,0.500725083214
86,Aluminum3003,1771.13369289,0.500725083214
87,Polyvinyltoluene,858.472303083,2.00014062615
87,Polyvinyltoluene,854.472021831,2.00014062615
87,LYSO,932.977541407,0.600042187845
87,LYSO,933.777597658,0.600042187845
87,Polyvinyltoluene,628.856159201,2.00014062615
87,Polyvinyltoluene,553.650871658,2.00014062615
87,Polyvinyltoluene,624.855877949,2.00014062615
87,Polyvinyltoluene,550.003225424,1.64750560791
87,Silicon,690.000458143,0.320022500184
87,Silicon,696.000880021,0.320022500184
87,Silicon,790.00748945,0.320022500184
87,Silicon,796.007911329,0.320022500184
87,Aluminum,1349.47743961,0.80005625046
87,Aluminum,1578.89356943,0.80005625046
87,FR4,1426.98588908,0.900063281767
87,FR4,1432.15225232,1.66611714158
87,Glue,1433.81836946,0.100007031307
87,Silicon,1433.91837649,0.300021093922
87,Glue,1434.21839759,0.200014062615
87,Aluminum,1436.76857688,3.20022500184
87,Glue,1439.96880189,0.200014062615
87,Silicon,1440.16881595,0.300021093922
87,Glue,1440.46883704,0.100007031307
87,FR4,1440.56884407,1.66611714158
87,FR4,1447.00129633,0.900063281767
87,FR4,1477.80946239,0.900063281767
87,FR4,1482.97582563,1.66611714158
87,Glue,1484.64194277,0.100007031307
87,Silicon,1484.7419498,0.300021093922
87,Glue,1485.0419709,0.200014062615
87,Aluminum,1487.59215019,3.20022500184
87,Glue,1490.7923752,0.200014062615
87,Silicon,1490.99238926,0.300021093922
87,Glue,1491.29241035,0.100007031307
87,FR4,1491.39241738,1.66611714158
87,FR4,1497.32483448,0.900063281767
87,Scintillator,231.305270206,20.0014062615
87,Scintillator,254.678495565,20.0014062615
87,Aluminum3003,230.805235049,0.500035156537
87,Aluminum3003,254.178460408,0.500035156537
87,Scintillator,1193.73807987,20.0014062615
87,Scintillator,1219.13986583,20.0014062615
87,Scintillator,1244.54165178,20.0014062615
87,Scintillator,1269.94343773,20.0014062615
87,Aluminum3003,1193.23804472,0.500035156537
87,Aluminum3003,1218.63983067,0.500035156537
87,Aluminum3003,1244.04161662,0.500035156537
87,Aluminum3003,1269.44340257,0.500035156537
87,Scintillator,1698.61515781,20.0014062615
87,Scintillator,1722.14122595,20.0014062615
87,Scintillator,1745.66729409,20.0014062615
87,Scintillator,1769.19336222,20.0014062615
87,Aluminum3003,1698.11512266,0.500035156537
87,Aluminum3003,1721.64119079,0.500035156537
87,Aluminum3003,1745.16725893,0.500035156537
87,Aluminum3003,1768.69332707,0.500035156537
88,Polyvinyltoluene,859.05429386,2.00149659697
88,Polyvinyltoluene,855.051300666,2.00149659697
88,LYSO,933.610042098,0.600448979092
88,LYSO,934.410640737,0.600448979092
88,Polyvinyltoluene,625.279491334,2.00149659697
88,Polyvinyltoluene,629.282484528,2.00149659697
88,Polyvinyltoluene,550.023219287,2.00149659697
88,Polyvinyltoluene,554.026212481,2.00149659697
88,Silicon,690.468235497,0.320239455516
88,Silicon,696.472725288,0.320239455516
88,Silicon,790.543065346,0.320239455516
88,Silicon,796.547555137,0.320239455516
88,Aluminum,1350.3923013,0.80059863879
88,Aluminum,1579.96396097,0.80059863879
88,FR4,1427.95329668,0.900673468639
88,FR4,1433.12316239,1.66724666528
88,Glue,1434.79040905,0.100074829849
88,Silicon,1434.89048388,0.300224489546
88,Glue,1435.19070837,0.200149659697
88,Aluminum,1437.74261653,3.20239455516
88,Glue,1440.94501109,0.200149659697
88,Silicon,1441.14516075,0.300224489546
88,Glue,1441.44538524,0.100074829849
88,FR4,1441.54546007,1.66724666528
88,FR4,1447.98227312,0.900673468639
88,FR4,1478.81132521,0.900673468639
88,FR4,1483.98119092,1.66724666528
88,Glue,1485.64843758,0.100074829849
88,Silicon,1485.74851241,0.300224489546
88,Glue,1486.0487369,0.200149659698
88,Aluminum,1488.60064506,3.20239455516
88,Glue,1491.80303962,0.200149659697
88,Silicon,1492.00318928,0.300224489546
88,Glue,1492.30341377,0.100074829849
88,FR4,1492.4034886,1.66724666528
88,FR4,1498.3399275,0.900673468639
88,Scintillator,231.462080779,20.0149659697
88,Scintillator,254.85115173,20.0149659697
88,Aluminum3003,230.96170663,0.500374149244
88,Aluminum3003,254.35077758,0.500374149244
88,Scintillator,1194.54735997,20.0149659697
88,Scintillator,1219.96636676,20.0149659697
88,Scintillator,1245.38537354,20.0149659697
88,Scintillator,1270.80438032,20.0149659697
88,Aluminum3003,1194.04698583,0.500374149244
88,Aluminum3003,1219.46599261,0.500374149244
88,Aluminum3003,1244.88499939,0.500374149244
88,Aluminum3003,1270.30400617,0.500374149244
88,Scintillator,1699.76671314,20.0149659697
88,Scintillator,1723.30873049,20.0149659697
88,Scintillator,1746.85074783,20.0149659697
88,Scintillator,1770.39276518,20.0149659697
88,Aluminum3003,1699.26633899,0.500374149244
88,Aluminum3003,1722.80835634,0.500374149244
88,Aluminum3003,1746.35037369,0.500374149244
88,Aluminum3003,1769.89239103,0.500374149244
89,Polyvinyltoluene,859.25117566,2.00195530867
89,Polyvinyltoluene,855.247265042,2.00195530867
89,LYSO,933.824010908,0.600586592601
89,LYSO,934.624793031,0.600586592601
89,Polyvinyltoluene,550.149276001,2.00195530867
89,Polyvinyltoluene,554.153186618,2.00195530867
89,Polyvinyltoluene,625.422795607,2.00195530867
89,Polyvinyltoluene,629.426706224,2.00195530867
89,Silicon,690.62648001,0.320312849387
89,Silicon,696.632345936,0.320312849387
89,Silicon,790.724245444,0.320312849387
89,Silicon,796.73011137,0.320312849387
89,Aluminum,1350.70179008,0.800782123468
89,Aluminum,1580.32606398,0.800782123468
89,FR4,1428.28056122,0.900879888901
89,FR4,1433.45161179,1.66762877212
89,Glue,1435.11924056,0.100097765433
89,Silicon,1435.21933832,0.3002932963
89,Glue,1435.51963162,0.200195530867
89,Aluminum,1438.07212464,3.20312849387
89,Glue,1441.27525313,0.200195530867
89,Silicon,1441.47544866,0.3002932963
89,Glue,1441.77574196,0.100097765433
89,FR4,1441.87583972,1.66762877212
89,FR4,1448.314128,0.900879888901
89,FR4,1479.15024562,0.900879888901
89,FR4,1484.32129618,1.66762877212
89,Glue,1485.98892495,0.100097765433
89,Silicon,1486.08902272,0.3002932963
89,Glue,1486.38931601,0.200195530867
89,Aluminum,1488.94180903,3.20312849387
89,Glue,1492.14493753,0.200195530867
89,Silicon,1492.34513306,0.3002932963
89,Glue,1492.64542635,0.100097765433
89,FR4,1492.74552412,1.66762877212
89,FR4,1498.68332356,0.900879888901
89,Scintillator,231.515128265,20.0195530867
89,Scintillator,254.909559625,20.0195530867
89,Aluminum3003,231.014639438,0.500488827167
89,Aluminum3003,254.409070798,0.500488827167
89,Scintillator,1194.82113153,20.0195530867
89,Scintillator,1220.24596395,20.0195530867
89,Scintillator,1245.67079638,20.0195530867
89,Scintillator,1271.0956288,20.0195530867
89,Aluminum3003,1194.32064271,0.500488827167
89,Aluminum3003,1219.74547513,0.500488827167
89,Aluminum3003,1245.17030755,0.500488827167
89,Aluminum3003,1270.59513997,0.500488827167
89,Scintillator,1700.15627307,20.0195530867
89,Scintillator,1723.70368588,20.0195530867
89,Scintillator,1747.25109869,20.0195530867
89,Scintillator,1770.79851149,20.0195530867
89,Aluminum3003,1699.65578424,0.500488827167
89,Aluminum3003,1723.20319705,0.500488827167
89,Aluminum3003,1746.75060986,0.500488827167
89,Aluminum3003,1770.29802267,0.500488827167
90,Polyvinyltoluene,859.886375749,2.01281449839
90,Polyvinyltoluene,863.912004746,2.01281449839
90,LYSO,938.889344811,0.603844349517
90,LYSO,939.694470611,0.603844349517
90,Polyvinyltoluene,628.815271334,2.01281449839
90,Polyvinyltoluene,632.840900331,2.01281449839
90,Polyvinyltoluene,557.159075192,2.01281449839
90,Polyvinyltoluene,553.133446195,2.01281449839
90,Silicon,694.372639547,0.322050319742
90,Silicon,700.411083042,0.322050319742
90,Silicon,795.013364466,0.322050319742
90,Silicon,801.051807962,0.322050319742
90,Aluminum,1358.02839069,0.805125799355
90,Aluminum,1588.89821366,0.805125799355
90,FR4,1436.02797173,0.905766524275
90,FR4,1441.22707158,1.67667447716
90,Glue,1442.90374605,0.100640724919
90,Silicon,1443.00438678,0.301922174758
90,Glue,1443.30630895,0.201281449839
90,Aluminum,1445.87264744,3.22050319742
90,Glue,1449.09315064,0.201281449839
90,Silicon,1449.29443209,0.301922174758
90,Glue,1449.59635426,0.100640724919
90,FR4,1449.69699499,1.67667447716
90,FR4,1456.17020641,0.905766524275
90,FR4,1487.17358813,0.905766524275
90,FR4,1492.37268798,1.67667447716
90,Glue,1494.04936246,0.100640724919
90,Silicon,1494.15000318,0.301922174758
90,Glue,1494.45192536,0.201281449839
90,Aluminum,1497.01826384,3.22050319742
90,Glue,1500.23876704,0.201281449839
90,Silicon,1500.44004849,0.301922174758
90,Glue,1500.74197066,0.100640724919
90,FR4,1500.84261139,1.67667447716
90,FR4,1506.81261919,0.905766524275
90,Scintillator,232.770933872,20.1281449839
90,Scintillator,256.292263453,20.1281449839
90,Aluminum3003,232.267730247,0.503203624597
90,Aluminum3003,255.789059828,0.503203624597
90,Scintillator,1201.30218997,20.1281449839
90,Scintillator,1226.8649341,20.1281449839
90,Scintillator,1252.42767823,20.1281449839
90,Scintillator,1277.99042236,20.1281449839
90,Aluminum3003,1200.79898635,0.503203624597
90,Aluminum3003,1226.36173048,0.503203624597
90,Aluminum3003,1251.92447461,0.503203624597
90,Aluminum3003,1277.48721874,0.503203624597
90,Scintillator,1709.37841676,20.1281449839
90,Scintillator,1733.05355761,20.1281449839
90,Scintillator,1756.72869845,20.1281449839
90,Scintillator,1780.4038393,20.1281449839
90,Aluminum3003,1708.87521314,0.503203624597
90,Aluminum3003,1732.55035398,0.503203624597
90,Aluminum3003,1756.22549483,0.503203624597
90,Aluminum3003,1779.90063567,0.503203624597
91,Polyvinyltoluene,858.670767968,2.00060302625
91,Polyvinyltoluene,854.669561915,2.00060302625
91,LYSO,933.193230695,0.600180907875
91,LYSO,933.993471906,0.600180907874
91,Polyvinyltoluene,629.001540554,2.00060302625
91,Polyvinyltoluene,553.778866767,2.00060302625
91,Polyvinyltoluene,625.000334502,2.00060302625
91,Polyvinyltoluene,549.777660715,2.00060302625
91,Silicon,690.159975067,0.3200964842
91,Silicon,696.161784145,0.3200964842
91,Silicon,790.190126379,0.3200964842
91,Silicon,796.191935458,0.3200964842
91,Aluminum,1349.78941692,0.800241210499
91,Aluminum,1579.25858403,0.800241210499
91,FR4,1427.31578509,0.900271361812
91,FR4,1432.48334271,1.66650232086
91,Glue,1434.14984503,0.100030151312
91,Silicon,1434.24987518,0.300090453937
91,Glue,1434.54996564,0.200060302625
91,Aluminum,1437.10073449,3.200964842
91,Glue,1440.30169934,0.200060302625
91,Silicon,1440.50175964,0.300090453937
91,Glue,1440.80185009,0.100030151312
91,FR4,1440.90188024,1.66650232086
91,FR4,1447.33581958,0.900271361812
91,FR4,1478.15110799,0.900271361812
91,FR4,1483.31866561,1.66650232086
91,Glue,1484.98516793,0.100030151312
91,Silicon,1485.08519808,0.300090453937
91,Glue,1485.38528853,0.200060302625
91,Aluminum,1487.93605739,3.200964842
91,Glue,1491.13702223,0.200060302625
91,Silicon,1491.33708254,0.300090453937
91,Glue,1491.63717299,0.100030151312
91,FR4,1491.73720314,1.66650232086
91,FR4,1497.67099172,0.900271361812
91,Scintillator,231.358744236,20.0060302625
91,Scintillator,254.737373105,20.0060302625
91,Aluminum3003,230.858593479,0.500150756562
91,Aluminum3003,254.237222349,0.500150756562
91,Scintillator,1194.01405277,20.0060302625
91,Scintillator,1219.4217112,20.0060302625
91,Scintillator,1244.82936964,20.0060302625
91,Scintillator,1270.23702807,20.0060302625
91,Aluminum3003,1193.51390201,0.500150756562
91,Aluminum3003,1218.92156045,0.500150756562
91,Aluminum3003,1244.32921888,0.500150756562
91,Aluminum3003,1269.73687732,0.500150756562
91,Scintillator,1699.00785011,20.0060302625
91,Scintillator,1722.53935709,20.0060302625
91,Scintillator,1746.07086407,20.0060302625
91,Scintillator,1769.60237106,20.0060302625
91,Aluminum3003,1698.50769935,0.500150756562
91,Aluminum3003,1722.03920634,0.500150756562
91,Aluminum3003,1745.57071332,0.500150756562
91,Aluminum3003,1769.1022203,0.500150756562
92,Polyvinyltoluene,854.866409164,2.00106380456
92,Polyvinyltoluene,858.868536773,2.00106380456
92,LYSO,933.408163493,0.600319141369
92,LYSO,934.208589015,0.600319141369
92,Polyvinyltoluene,625.1442844,2.00106380456
92,Polyvinyltoluene,629.146412009,2.00106380456
92,Polyvinyltoluene,553.906412957,2.00106380456
92,Polyvinyltoluene,549.904285348,2.00106380456
92,Silicon,690.318932514,0.32017020873
92,Silicon,696.322123928,0.32017020873
92,Silicon,790.372122743,0.32017020873
92,Silicon,796.375314156,0.32017020873
92,Aluminum,1350.10030003,0.800425521826
92,Aluminum,1579.62231842,0.800425521826
92,FR4,1427.64452406,0.900478712054
92,FR4,1432.81327186,1.6668861492
92,Glue,1434.48015801,0.100053190228
92,Silicon,1434.5802112,0.300159570685
92,Glue,1434.88037077,0.200106380456
92,Aluminum,1437.43172712,3.2017020873
92,Glue,1440.63342921,0.200106380456
92,Silicon,1440.83353559,0.300159570685
92,Glue,1441.13369516,0.100053190228
92,FR4,1441.23374835,1.6668861492
92,FR4,1447.66916955,0.900478712054
92,FR4,1478.49155533,0.900478712054
92,FR4,1483.66030314,1.6668861492
92,Glue,1485.32718929,0.100053190228
92,Silicon,1485.42724248,0.300159570685
92,Glue,1485.72740205,0.200106380456
92,Aluminum,1488.2787584,3.2017020873
92,Glue,1491.48046049,0.200106380456
92,Silicon,1491.68056687,0.300159570685
92,Glue,1491.98072644,0.100053190228
92,FR4,1492.08077963,1.6668861492
92,FR4,1498.01593487,0.900478712054
92,Scintillator,231.412030715,20.0106380456
92,Scintillator,254.796044144,20.0106380456
92,Aluminum3003,230.911764764,0.500265951141
92,Aluminum3003,254.295778193,0.500265951141
92,Scintillator,1194.28905775,20.0106380456
92,Scintillator,1219.70256806,20.0106380456
92,Scintillator,1245.11607838,20.0106380456
92,Scintillator,1270.5295887,20.0106380456
92,Aluminum3003,1193.7887918,0.500265951141
92,Aluminum3003,1219.20230211,0.500265951141
92,Aluminum3003,1244.61581243,0.500265951141
92,Aluminum3003,1270.02932275,0.500265951141
92,Scintillator,1699.39916511,20.0106380456
92,Scintillator,1722.93609186,20.0106380456
92,Scintillator,1746.47301862,20.0106380456
92,Scintillator,1770.00994537,20.0106380456
92,Aluminum3003,1698.89889916,0.500265951141
92,Aluminum3003,1722.43582591,0.500265951141
92,Aluminum3003,1745.97275266,0.500265951141
92,Aluminum3003,1769.50967942,0.500265951141
93,Polyvinyltoluene,856.162024549,2.00409656971
93,Polyvinyltoluene,860.170217688,2.00409656971
93,LYSO,934.82281491,0.601228970913
93,LYSO,935.624453538,0.601228970914
93,Polyvinyltoluene,630.099931485,2.00409656971
93,Polyvinyltoluene,626.091738346,1.16883260694
93,Polyvinyltoluene,550.737707325,2.00409656971
93,Polyvinyltoluene,554.745900464,2.00409656971
93,Silicon,691.365163621,0.320655451154
93,Silicon,697.37745333,0.320655451154
93,Silicon,791.569992107,0.320655451154
93,Silicon,797.582281816,0.320655451154
93,Aluminum,1352.14648023,0.801638627885
93,Aluminum,1582.01635678,0.801638627885
93,FR4,1429.80822845,0.90184345637
93,FR4,1434.98480989,1.66941244257
93,Glue,1436.65422234,0.100204828485
93,Silicon,1436.75442716,0.300614485457
93,Glue,1437.05504165,0.200409656971
93,Aluminum,1439.61026478,3.20655451154
93,Glue,1442.81681929,0.200409656971
93,Silicon,1443.01722895,0.300614485457
93,Glue,1443.31784343,0.100204828486
93,FR4,1443.41804826,1.66941244257
93,FR4,1449.86322283,0.90184345637
93,FR4,1480.73232229,0.90184345637
93,FR4,1485.90890373,1.66941244257
93,Glue,1487.57831617,0.100204828486
93,Silicon,1487.678521,0.300614485457
93,Glue,1487.97913549,0.200409656971
93,Aluminum,1490.53435861,3.20655451154
93,Glue,1493.74091312,0.200409656971
93,Silicon,1493.94132278,0.300614485457
93,Glue,1494.24193727,0.100204828486
93,FR4,1494.3421421,1.66941244257
93,FR4,1500.28629252,0.90184345637
93,Scintillator,231.762753336,20.0409656971
93,Scintillator,255.182207025,20.0409656971
93,Aluminum3003,231.261729194,0.501024142428
93,Aluminum3003,254.681182882,0.501024142428
93,Scintillator,1196.0990941,20.0409656971
93,Scintillator,1221.55112053,20.0409656971
93,Scintillator,1247.00314697,20.0409656971
93,Scintillator,1272.45517341,20.0409656971
93,Aluminum3003,1195.59806996,0.501024142428
93,Aluminum3003,1221.05009639,0.501024142428
93,Aluminum3003,1246.50212283,0.501024142428
93,Aluminum3003,1271.95414926,0.501024142428
93,Scintillator,1701.97473444,20.0409656971
93,Scintillator,1725.5473332,20.0409656971
93,Scintillator,1749.11993197,20.0409656971
93,Scintillator,1772.69253073,20.0409656971
93,Aluminum3003,1701.4737103,0.501024142428
93,Aluminum3003,1725.04630906,0.501024142428
93,Aluminum3003,1748.61890783,0.501024142428
93,Aluminum3003,1772.19150659,0.501024142428
94,Polyvinyltoluene,855.387154353,2.00228276034
94,Polyvinyltoluene,859.391719874,2.00228276034
94,LYSO,933.976752697,0.600684828103
94,LYSO,934.777665801,0.600684828103
94,Polyvinyltoluene,629.529658987,2.00228276034
94,Polyvinyltoluene,625.525093466,2.00228276034
94,Polyvinyltoluene,554.243827198,2.00228276034
94,Polyvinyltoluene,550.239261677,2.00228276034
94,Silicon,690.73944297,0.320365241655
94,Silicon,696.746291251,0.320365241655
94,Silicon,790.853580987,0.320365241655
94,Silicon,796.860429269,0.320365241655
94,Aluminum,1350.92271887,0.800913104138
94,Aluminum,1580.58455148,0.800913104138
94,FR4,1428.51417926,0.901027242155
94,FR4,1433.68607563,1.66790153937
94,Glue,1435.35397717,0.100114138017
94,Silicon,1435.4540913,0.300342414051
94,Glue,1435.75443372,0.200228276034
94,Aluminum,1438.30734424,3.20365241655
94,Glue,1441.51099665,0.200228276034
94,Silicon,1441.71122493,0.300342414052
94,Glue,1442.01156734,0.100114138017
94,FR4,1442.11168148,1.66790153937
94,FR4,1448.55102284,0.901027242155
94,FR4,1479.3921842,0.901027242155
94,FR4,1484.56408057,1.66790153937
94,Glue,1486.23198211,0.100114138017
94,Silicon,1486.33209624,0.300342414052
94,Glue,1486.63243866,0.200228276034
94,Aluminum,1489.18534918,3.20365241655
94,Glue,1492.38900159,0.200228276034
94,Silicon,1492.58922987,0.300342414052
94,Glue,1492.88957228,0.100114138017
94,FR4,1492.98968642,1.66790153937
94,FR4,1498.92845709,0.901027242155
94,Scintillator,231.552996252,20.0228276034
94,Scintillator,254.951254143,20.0228276034
94,Aluminum3003,231.052425562,0.500570690086
94,Aluminum3003,254.450683453,0.500570690086
94,Scintillator,1195.01656356,20.0228276034
94,Scintillator,1220.44555462,20.0228276034
94,Scintillator,1245.87454567,20.0228276034
94,Scintillator,1271.30353673,20.0228276034
94,Aluminum3003,1194.51599287,0.500570690086
94,Aluminum3003,1219.94498393,0.500570690086
94,Aluminum3003,1245.37397498,0.500570690086
94,Aluminum3003,1270.80296604,0.500570690086
94,Scintillator,1700.43436071,20.0228276034
94,Scintillator,1723.98562507,20.0228276034
94,Scintillator,1747.53688943,20.0228276034
94,Scintillator,1771.08815379,20.0228276034
94,Aluminum3003,1699.93379002,0.500570690086
94,Aluminum3003,1723.48505438,0.500570690086
94,Aluminum3003,1747.03631874,0.500570690086
94,Aluminum3003,1770.5875831,0.500570690086
95,Polyvinyltoluene,860.622406673,2.00515011746
95,Polyvinyltoluene,856.612106438,2.00515011746
95,LYSO,935.314248549,0.601545035237
95,LYSO,936.116308596,0.601545035237
95,Polyvinyltoluene,626.420872954,2.00515011746
95,Polyvinyltoluene,630.431173189,2.00515011746
95,Polyvinyltoluene,555.037528773,2.00515011746
95,Polyvinyltoluene,552.633606495,0.398772160358
95,AcrylicPMMA,551.027228538,1.6063779571
95,Silicon,691.72861228,0.320824018793
95,Silicon,697.744062632,0.320824018793
95,Silicon,791.986118153,0.320824018793
95,Silicon,798.001568505,0.320824018793
95,Aluminum,1352.85729971,0.802060046983
95,Aluminum,1582.84801818,0.802060046983
95,FR4,1430.55987449,0.902317552856
95,FR4,1435.73917724,1.67029004784
95,Glue,1437.40946729,0.100257505873
95,Silicon,1437.50972479,0.300772517619
95,Glue,1437.81049731,0.200515011746
95,Aluminum,1440.36706371,3.20824018793
95,Glue,1443.5753039,0.200515011746
95,Silicon,1443.77581891,0.300772517619
95,Glue,1444.07659143,0.100257505873
95,FR4,1444.17684894,1.67029004784
95,FR4,1450.62541171,0.902317552856
95,FR4,1481.51073897,0.902317552856
95,FR4,1486.69004173,1.67029004784
95,Glue,1488.36033177,0.100257505873
95,Silicon,1488.46058928,0.300772517619
95,Glue,1488.7613618,0.200515011746
95,Aluminum,1491.3179282,3.20824018793
95,Glue,1494.52616838,0.200515011746
95,Silicon,1494.7266834,0.300772517619
95,Glue,1495.02745591,0.100257505873
95,FR4,1495.12771342,1.67029004784
95,FR4,1501.07498867,0.902317552856
95,Scintillator,231.884590342,20.0515011746
95,Scintillator,255.31635557,20.0515011746
95,Aluminum3003,231.383302813,0.501287529364
95,Aluminum3003,254.81506804,0.501287529364
95,Scintillator,1196.72787992,20.0515011746
95,Scintillator,1222.19328641,20.0515011746
95,Scintillator,1247.6586929,20.0515011746
95,Scintillator,1273.12409939,20.0515011746
95,Aluminum3003,1196.22659239,0.501287529364
95,Aluminum3003,1221.69199888,0.501287529364
95,Aluminum3003,1247.15740537,0.501287529364
95,Aluminum3003,1272.62281187,0.501287529364
95,Scintillator,1702.86945762,20.0515011746
95,Scintillator,1726.45444843,20.0515011746
95,Scintillator,1750.03943924,20.0515011746
95,Scintillator,1773.62443005,20.0515011746
95,Aluminum3003,1702.36817009,0.501287529364
95,Aluminum3003,1725.9531609,0.501287529365
95,Aluminum3003,1749.53815171,0.501287529364
95,Aluminum3003,1773.12314252,0.501287529365
