id,hcal_mask,S,Y,E,tracker_mask,requirements,geometric_per_hour,no_roof_per_hour,concrete_per_hour,half_column_concrete_per_hour,double_column_concrete_per_hour,geometric_se_per_hour,no_roof_se_per_hour,concrete_se_per_hour,half_column_concrete_se_per_hour,double_column_concrete_se_per_hour,mean_column_g_cm2,mean_zenith_deg
1,1,0,0,0,0,H_T,147303.28100385255,205826.74534003282,175444.9189797072,175756.4738955105,174826.11091170282,0.2726504781872604,20.38788134251878,10.190551568539032,10.229599653990684,10.113689097791816,5.77353117610763,33.67885308333472
9,1,1,0,0,0,H_T+S,2.2203209349658426,3.1965452069871745,2.6991429108167373,2.7059291902577085,2.685671182587259,0.0003455009080878303,0.0004975861205861801,0.0004201022945012052,0.00042115677520317954,0.000418008334433307,5.898945172369457,3.3741716213706945
17,1,0,1,0,0,H_T+Y,205.74524242836884,294.35522223367497,249.1013395460717,249.66968954789866,247.97421463520845,0.03406214836302565,0.049003628654024696,0.04138813384828723,0.04148666668940021,0.041192604181183666,5.692177129544703,17.548195651733128
25,1,1,1,0,0,H_T+S+Y,1.5731995236238026,2.262085710769596,1.9111383948634593,1.9166314101702397,1.9002480446865682,0.0004721608942220928,0.0006789890111502854,0.0005736230845250007,0.0005752618368275028,0.000570374375368629,6.743565381174701,3.1020032497120646
33,1,0,0,1,0,H_T+E,1234.2133349766996,1741.7037833650854,1480.5180654243625,1493.0100686722608,1456.103878666021,0.11394373128478327,0.1609981657802317,0.13679567943807458,0.13795316224407114,0.1345333734490828,20.308696055692977,10.624954489007484
41,1,1,0,1,0,H_T+S+E,2.140963025208904,3.020891808290589,2.5673297296658335,2.5913886197565694,2.5204220549887175,0.00045539032371073206,0.0006427163683447525,0.0005461814897955337,0.0005512635036890488,0.000536276353167063,22.078566744577095,3.253029092230521
49,1,0,1,1,0,H_T+Y+E,26.26856532198946,37.07405177872432,31.50796493896043,31.793160917998193,30.951567175581683,0.0022435477529312866,0.003165225847610075,0.0026903534901368863,0.0027147568393236865,0.0026427170502562576,21.437310525804087,6.157043713875842
57,1,1,1,1,0,H_T+S+Y+E,1.5502073697818837,2.18695993699186,1.8586738511267125,1.8762333658337083,1.8244417663477144,0.000451611676261209,0.0006371839846415802,0.0005415152464170366,0.0005466307167675263,0.0005315444017107998,22.254963345968076,3.051429073669059
65,1,0,0,0,1,H_T+T1,899.9954415727424,1281.0506897827286,1085.8180001500407,1087.897177501684,1081.6925381142426,0.024578280856847157,0.03516714978367054,0.029756411493484472,0.029809256587050074,0.029651656792635376,5.052685817153056,23.384569477710617
73,1,1,0,0,1,H_T+S+T1,2.2203209349658426,3.1965452069871745,2.6991429108167373,2.7059291902577085,2.685671182587259,0.0003455009080878303,0.0004975861205861801,0.0004201022945012052,0.00042115677520317954,0.000418008334433307,5.898945172369457,3.3741716213706945
81,1,0,1,0,1,H_T+Y+T1,21.206884351599836,30.500845322331827,25.76461725371899,25.830887933187523,25.633123981059406,0.0014324894430542776,0.002061614908680638,0.001740929293013987,0.0017448795142880338,0.0017330943932871682,6.075687797228936,6.5571813661419265
89,1,1,1,0,1,H_T+S+Y+T1,1.5731995236238026,2.262085710769596,1.9111383948634593,1.9166314101702397,1.9002480446865682,0.0004721608942220928,0.0006789890111502854,0.0005736230845250007,0.0005752618368275028,0.000570374375368629,6.743565381174701,3.1020032497120646
97,1,0,0,1,1,H_T+E+T1,34.990605337843334,49.4195629889636,41.99105787851272,42.36577305015827,41.25987353385693,0.0017072770453386474,0.0024064839367189035,0.002045856519707756,0.002065156103791088,0.002008242845688065,21.054466108276575,4.448144480120792
105,1,1,0,1,1,H_T+S+E+T1,2.140963025208904,3.020891808290589,2.5673297296658335,2.5913886197565694,2.5204220549887175,0.00045539032371073206,0.0006427163683447525,0.0005461814897955337,0.0005512635036890488,0.000536276353167063,22.078566744577095,3.253029092230521
113,1,0,1,1,1,H_T+Y+E+T1,14.25411509657897,20.117831808875508,17.096787180703483,17.253506747815486,16.791127501119938,0.002731048635109015,0.0038507293074312985,0.003273439651635194,0.0033039251223874835,0.0032139904653626563,21.646740268035995,4.801806932655984
121,1,1,1,1,1,H_T+S+Y+E+T1,1.5502073697818837,2.18695993699186,1.8586738511267125,1.8762333658337083,1.8244417663477144,0.000451611676261209,0.0006371839846415802,0.0005415152464170366,0.0005466307167675263,0.0005315444017107998,22.254963345968076,3.051429073669059
129,1,0,0,0,2,H_T+T2,888.2016010965926,1264.4423733451047,1071.70538830437,1073.7860633000391,1067.5774614724914,0.11787101435388564,0.16826080536563098,0.14250377619777294,0.14282572574045693,0.14186631631474056,5.112388371297526,23.19876809431114
137,1,1,0,0,2,H_T+S+T2,2.2203209349658426,3.1965452069871745,2.6991429108167373,2.7059291902577085,2.685671182587259,0.0003455009080878303,0.0004975861205861801,0.0004201022945012052,0.00042115677520317954,0.000418008334433307,5.898945172369457,3.3741716213706945
145,1,0,1,0,2,H_T+Y+T2,22.256024408912015,32.00854768044644,27.038560686834863,27.108004720364335,26.900771183972058,0.0008880426874490749,0.0012807228745173678,0.0010806366148798736,0.001083036799387253,0.0010758781566939989,6.069379740071068,6.716250755907989
153,1,1,1,0,2,H_T+S+Y+T2,1.5731995236238026,2.262085710769596,1.9111383948634593,1.9166314101702397,1.9002480446865682,0.0004721608942220928,0.0006789890111502854,0.0005736230845250007,0.0005752618368275028,0.000570374375368629,6.743565381174701,3.1020032497120646
161,1,0,0,1,2,H_T+E+T2,35.51110964848899,50.15434987780233,42.615497185926756,42.99579297487751,41.87342311539302,0.0030720606960998177,0.004337265604598849,0.003685758144932876,0.00371869927886876,0.0036214003689852363,21.05627352789949,4.481215661669661
169,1,1,0,1,2,H_T+S+E+T2,2.140963025208904,3.020891808290589,2.5673297296658335,2.5913886197565694,2.5204220549887175,0.00045539032371073206,0.0006427163683447525,0.0005461814897955337,0.0005512635036890488,0.000536276353167063,22.078566744577095,3.253029092230521
177,1,0,1,1,2,H_T+Y+E+T2,14.607248749489093,20.616180613174958,17.520328713086226,17.680886634988553,17.207180717746805,0.0021282002133012324,0.0030039506258558537,0.0025528693526858243,0.0025759346225140306,0.002507874881597256,21.642652530671878,4.8473657766710305
185,1,1,1,1,2,H_T+S+Y+E+T2,1.5502073697818837,2.18695993699186,1.8586738511267125,1.8762333658337083,1.8244417663477144,0.000451611676261209,0.0006371839846415802,0.0005415152464170366,0.0005466307167675263,0.0005315444017107998,22.254963345968076,3.051429073669059
193,1,0,0,0,3,H_T+T1+T2,828.7861023070557,1179.911880246272,1000.0459914353866,1001.9923951294633,996.1845147459786,0.1518851467978319,0.21672881648570966,0.18354250988065823,0.1839086204959267,0.18281656399752055,5.122373085201267,23.129410325992843
201,1,1,0,0,3,H_T+S+T1+T2,2.2203209349658426,3.1965452069871745,2.6991429108167373,2.7059291902577085,2.685671182587259,0.0003455009080878303,0.0004975861205861801,0.0004201022945012052,0.00042115677520317954,0.000418008334433307,5.898945172369457,3.3741716213706945
209,1,0,1,0,3,H_T+Y+T1+T2,20.552842937951713,29.56038874644856,24.97015041275926,25.0344679418298,24.84253227148914,0.0021622489773274133,0.003110555253163845,0.0026272173574254268,0.0026335818229184437,0.0026145952171047963,6.083169169979758,6.488941309732301
217,1,1,1,0,3,H_T+S+Y+T1+T2,1.5731995236238026,2.262085710769596,1.9111383948634593,1.9166314101702397,1.9002480446865682,0.0004721608942220928,0.0006789890111502854,0.0005736230845250007,0.0005752618368275028,0.000570374375368629,6.743565381174701,3.1020032497120646
225,1,0,0,1,3,H_T+E+T1+T2,33.41388461502489,47.19133379069558,40.09802737567543,40.45629071218675,39.398962306015655,0.002253766332976379,0.0031825324898810915,0.0027044568857509414,0.0027281181038792536,0.0026582389491114876,21.080420207308638,4.447898991937983
233,1,1,0,1,3,H_T+S+E+T1+T2,2.140963025208904,3.020891808290589,2.5673297296658335,2.5913886197565694,2.5204220549887175,0.00045539032371073206,0.0006427163683447525,0.0005461814897955337,0.0005512635036890488,0.000536276353167063,22.078566744577095,3.253029092230521
241,1,0,1,1,3,H_T+Y+E+T1+T2,13.926453674875038,19.655320964465222,16.703729596200763,16.856908101253836,16.404978578675895,0.0033631072603145192,0.004742732843461388,0.004031532756306414,0.004068898028355511,0.0039586584656363805,21.654207115963015,4.768144506100492
249,1,1,1,1,3,H_T+S+Y+E+T1+T2,1.5502073697818837,2.18695993699186,1.8586738511267125,1.8762333658337083,1.8244417663477144,0.000451611676261209,0.0006371839846415802,0.0005415152464170366,0.0005466307167675263,0.0005315444017107998,22.254963345968076,3.051429073669059
257,1,0,0,0,4,H_T+T3,721.5444102726275,1030.557663330648,872.4905645999193,874.1574787681213,869.1832537618197,0.023146622738018638,0.033076405032897424,0.027984876245177117,0.02802216285426627,0.027910492553132972,4.893968410460562,20.581092125664096
265,1,1,0,0,4,H_T+S+T3,2.2203209349658426,3.1965452069871745,2.6991429108167373,2.7059291902577085,2.685671182587259,0.0003455009080878303,0.0004975861205861801,0.0004201022945012052,0.00042115677520317954,0.000418008334433307,5.898945172369457,3.3741716213706945
273,1,0,1,0,4,H_T+Y+T3,57.39330047653737,82.4310862225739,69.6648643883112,69.83688946318706,69.32360169942706,0.006881863871488294,0.00990422349503432,0.008363722635915906,0.008383293897237654,0.00832491436613675,5.923354910151635,10.64880643370773
281,1,1,1,0,4,H_T+S+Y+T3,1.5731995236238026,2.262085710769596,1.9111383948634593,1.9166314101702397,1.9002480446865682,0.0004721608942220928,0.0006789890111502854,0.0005736230845250007,0.0005752618368275028,0.000570374375368629,6.743565381174701,3.1020032497120646
289,1,0,0,1,4,H_T+E+T3,45.45224563936402,64.19007171540801,54.54316325425857,55.028802577717464,53.59547068767648,0.002609647004270556,0.003684627236147159,0.0031312879290173227,0.003158542042551907,0.0030780466347706693,21.033816212968368,5.071875976809056
297,1,1,0,1,4,H_T+S+E+T3,2.140963025208904,3.020891808290589,2.5673297296658335,2.5913886197565694,2.5204220549887175,0.00045539032371073206,0.0006427163683447525,0.0005461814897955337,0.0005512635036890488,0.000536276353167063,22.078566744577095,3.253029092230521
305,1,0,1,1,4,H_T+Y+E+T3,21.243417957287924,29.98237657826957,25.480472736878486,25.712360552801712,25.02813497717708,0.0029434304468057256,0.004154336009985469,0.003530766507499584,0.0035621318505830455,0.003469520915827731,21.52449112788546,5.584253508800536
313,1,1,1,1,4,H_T+S+Y+E+T3,1.5502073697818837,2.18695993699186,1.8586738511267125,1.8762333658337083,1.8244417663477144,0.000451611676261209,0.0006371839846415802,0.0005415152464170366,0.0005466307167675263,0.0005315444017107998,22.254963345968076,3.051429073669059
321,1,0,0,0,5,H_T+T1+T3,249.36695718868947,357.61001921108186,302.33943149625674,302.94832811362744,301.13157640498446,0.004415741930264946,0.0063545990661378,0.005363506289164792,0.005368935099484476,0.0053527886831388075,4.965491496430201,15.299850864177477
329,1,1,0,0,5,H_T+S+T1+T3,2.2203209349658426,3.1965452069871745,2.6991429108167373,2.7059291902577085,2.685671182587259,0.0003455009080878303,0.0004975861205861801,0.0004201022945012052,0.00042115677520317954,0.000418008334433307,5.898945172369457,3.3741716213706945
337,1,0,1,0,5,H_T+Y+T1+T3,21.206884351599836,30.500845322331827,25.76461725371899,25.830887933187523,25.633123981059406,0.0014324894430542776,0.002061614908680638,0.001740929293013987,0.0017448795142880338,0.0017330943932871682,6.075687797228936,6.5571813661419265
345,1,1,1,0,5,H_T+S+Y+T1+T3,1.5731995236238026,2.262085710769596,1.9111383948634593,1.9166314101702397,1.9002480446865682,0.0004721608942220928,0.0006789890111502854,0.0005736230845250007,0.0005752618368275028,0.000570374375368629,6.743565381174701,3.1020032497120646
353,1,0,0,1,5,H_T+E+T1+T3,32.60571043632905,46.04838233764074,39.127223466944116,39.47717374688958,38.44439046665953,0.0019247389756370176,0.00272056965621519,0.002311159031212335,0.0023312160955653617,0.002271982754972425,21.1042488034636,4.489184556358517
361,1,1,0,1,5,H_T+S+E+T1+T3,2.140963025208904,3.020891808290589,2.5673297296658335,2.5913886197565694,2.5204220549887175,0.00045539032371073206,0.0006427163683447525,0.0005461814897955337,0.0005512635036890488,0.000536276353167063,22.078566744577095,3.253029092230521
369,1,0,1,1,5,H_T+Y+E+T1+T3,14.25411509657897,20.117831808875508,17.096787180703483,17.253506747815486,16.791127501119938,0.002731048635109015,0.0038507293074312985,0.003273439651635194,0.0033039251223874835,0.0032139904653626563,21.646740268035995,4.801806932655984
377,1,1,1,1,5,H_T+S+Y+E+T1+T3,1.5502073697818837,2.18695993699186,1.8586738511267125,1.8762333658337083,1.8244417663477144,0.000451611676261209,0.0006371839846415802,0.0005415152464170366,0.0005466307167675263,0.0005315444017107998,22.254963345968076,3.051429073669059
385,1,0,0,0,6,H_T+T2+T3,270.3395051332176,387.5339746750477,327.68324524388913,328.34082260555664,326.37882798227696,0.00888769329576936,0.012671699643387843,0.010734613751557685,0.010754904523341052,0.01069446010685366,4.9657550484713475,15.829347247363808
393,1,1,0,0,6,H_T+S+T2+T3,2.2203209349658426,3.1965452069871745,2.6991429108167373,2.7059291902577085,2.685671182587259,0.0003455009080878303,0.0004975861205861801,0.0004201022945012052,0.00042115677520317954,0.000418008334433307,5.898945172369457,3.3741716213706945
401,1,0,1,0,6,H_T+Y+T2+T3,22.256024408912015,32.00854768044644,27.038560686834863,27.108004720364335,26.900771183972058,0.0008880426874490749,0.0012807228745173678,0.0010806366148798736,0.001083036799387253,0.0010758781566939989,6.069379740071068,6.716250755907989
409,1,1,1,0,6,H_T+S+Y+T2+T3,1.5731995236238026,2.262085710769596,1.9111383948634593,1.9166314101702397,1.9002480446865682,0.0004721608942220928,0.0006789890111502854,0.0005736230845250007,0.0005752618368275028,0.000570374375368629,6.743565381174701,3.1020032497120646
417,1,0,0,1,6,H_T+E+T2+T3,33.0753029381475,46.71116138888633,39.690501223351475,40.04551278163429,38.9977926048568,0.003394301962952119,0.004791556024478183,0.004071965378436292,0.004108517301266624,0.004000616722320749,21.107148131962337,4.529017771690673
425,1,1,0,1,6,H_T+S+E+T2+T3,2.140963025208904,3.020891808290589,2.5673297296658335,2.5913886197565694,2.5204220549887175,0.00045539032371073206,0.0006427163683447525,0.0005461814897955337,0.0005512635036890488,0.000536276353167063,22.078566744577095,3.253029092230521
433,1,0,1,1,6,H_T+Y+E+T2+T3,14.607248749489093,20.616180613174958,17.520328713086226,17.680886634988553,17.207180717746805,0.0021282002133012324,0.0030039506258558537,0.0025528693526858243,0.0025759346225140306,0.002507874881597256,21.642652530671878,4.8473657766710305
441,1,1,1,1,6,H_T+S+Y+E+T2+T3,1.5502073697818837,2.18695993699186,1.8586738511267125,1.8762333658337083,1.8244417663477144,0.000451611676261209,0.0006371839846415802,0.0005415152464170366,0.0005466307167675263,0.0005315444017107998,22.254963345968076,3.051429073669059
449,1,0,0,0,7,H_T+T1+T2+T3,245.11992830288207,351.51607710092475,297.18855110463153,297.78736638889364,296.0007049677457,0.012990007029494823,0.018625070763636013,0.015745872598953332,0.015774075268322384,0.015689860625647926,4.968122133580938,15.315604974512956
457,1,1,0,0,7,H_T+S+T1+T2+T3,2.2203209349658426,3.1965452069871745,2.6991429108167373,2.7059291902577085,2.685671182587259,0.0003455009080878303,0.0004975861205861801,0.0004201022945012052,0.00042115677520317954,0.000418008334433307,5.898945172369457,3.3741716213706945
465,1,0,1,0,7,H_T+Y+T1+T2+T3,20.552842937951713,29.56038874644856,24.97015041275926,25.0344679418298,24.84253227148914,0.0021622489773274133,0.003110555253163845,0.0026272173574254268,0.0026335818229184437,0.0026145952171047963,6.083169169979758,6.488941309732301
473,1,1,1,0,7,H_T+S+Y+T1+T2+T3,1.5731995236238026,2.262085710769596,1.9111383948634593,1.9166314101702397,1.9002480446865682,0.0004721608942220928,0.0006789890111502854,0.0005736230845250007,0.0005752618368275028,0.000570374375368629,6.743565381174701,3.1020032497120646
481,1,0,0,1,7,H_T+E+T1+T2+T3,31.603401912036414,44.63226005931633,37.924052154714246,38.26347101428311,37.261777427787884,0.0032669532919676254,0.00461704416502934,0.003922475466242616,0.003956448708100491,0.0038561291158725813,21.11806223407826,4.478066374276526
489,1,1,0,1,7,H_T+S+E+T1+T2+T3,2.140963025208904,3.020891808290589,2.5673297296658335,2.5913886197565694,2.5204220549887175,0.00045539032371073206,0.0006427163683447525,0.0005461814897955337,0.0005512635036890488,0.000536276353167063,22.078566744577095,3.253029092230521
497,1,0,1,1,7,H_T+Y+E+T1+T2+T3,13.926453674875038,19.655320964465222,16.703729596200763,16.856908101253836,16.404978578675895,0.0033631072603145192,0.004742732843461388,0.004031532756306414,0.004068898028355511,0.0039586584656363805,21.654207115963015,4.768144506100492
505,1,1,1,1,7,H_T+S+Y+E+T1+T2+T3,1.5502073697818837,2.18695993699186,1.8586738511267125,1.8762333658337083,1.8244417663477144,0.000451611676261209,0.0006371839846415802,0.0005415152464170366,0.0005466307167675263,0.0005315444017107998,22.254963345968076,3.051429073669059
513,1,0,0,0,8,H_T+T4,712.0600371289493,1017.0724366473046,861.0681978216564,862.7375313679046,857.7567656047177,0.11172512728915071,0.16001005176739014,0.13533166791309814,0.13558071293454751,0.13483688971441643,4.959401073037618,20.429192361886333
521,1,1,0,0,8,H_T+S+T4,2.2203209349658426,3.1965452069871745,2.6991429108167373,2.7059291902577085,2.685671182587259,0.0003455009080878303,0.0004975861205861801,0.0004201022945012052,0.00042115677520317954,0.000418008334433307,5.898945172369457,3.3741716213706945
529,1,0,1,0,8,H_T+Y+T4,61.7636126755496,88.69352480166843,74.96167688374274,75.14609432743761,74.59583935246307,0.008133099255509414,0.011695049955861235,0.009878783182905337,0.009900779658407207,0.00983518490183783,5.91143606427072,11.01611741191647
537,1,1,1,0,8,H_T+S+Y+T4,1.5731995236238026,2.262085710769596,1.9111383948634593,1.9166314101702397,1.9002480446865682,0.0004721608942220928,0.0006789890111502854,0.0005736230845250007,0.0005752618368275028,0.000570374375368629,6.743565381174701,3.1020032497120646
545,1,0,0,1,8,H_T+E+T4,46.22161470919954,65.27655073332193,55.46643010032698,55.96010529073575,54.50304789214866,0.0036257369352570784,0.005125380921186844,0.004354027812156683,0.004391447356448033,0.004281006183817542,21.027850256384102,5.114556763010303
553,1,1,0,1,8,H_T+S+E+T4,2.140963025208904,3.020891808290589,2.5673297296658335,2.5913886197565694,2.5204220549887175,0.00045539032371073206,0.0006427163683447525,0.0005461814897955337,0.0005512635036890488,0.000536276353167063,22.078566744577095,3.253029092230521
561,1,0,1,1,8,H_T+Y+E+T4,21.678823716567464,30.59686475558398,26.00273589924443,26.239265585179428,25.541338189375985,0.004346272364422791,0.006133518676678982,0.005212965025824975,0.005259726094860669,0.005121674357084671,21.51679747184017,5.635109634271582
569,1,1,1,1,8,H_T+S+Y+E+T4,1.5502073697818837,2.18695993699186,1.8586738511267125,1.8762333658337083,1.8244417663477144,0.000451611676261209,0.0006371839846415802,0.0005415152464170366,0.0005466307167675263,0.0005315444017107998,22.254963345968076,3.051429073669059
577,1,0,0,0,9,H_T+T1+T4,229.8352598921463,329.6942443893471,278.7141564474981,279.2849764136212,277.5820851454298,0.004650014812408478,0.006704603376451914,0.005657250753866816,0.00566898421196269,0.005633938911871424,5.031467970171756,14.776291830252367
585,1,1,0,0,9,H_T+S+T1+T4,2.2203209349658426,3.1965452069871745,2.6991429108167373,2.7059291902577085,2.685671182587259,0.0003455009080878303,0.0004975861205861801,0.0004201022945012052,0.00042115677520317954,0.000418008334433307,5.898945172369457,3.3741716213706945
593,1,0,1,0,9,H_T+Y+T1+T4,21.206884351599836,30.500845322331827,25.76461725371899,25.830887933187523,25.633123981059406,0.0014324894430542776,0.002061614908680638,0.001740929293013987,0.0017448795142880338,0.0017330943932871682,6.075687797228936,6.5571813661419265
601,1,1,1,0,9,H_T+S+Y+T1+T4,1.5731995236238026,2.262085710769596,1.9111383948634593,1.9166314101702397,1.9002480446865682,0.0004721608942220928,0.0006789890111502854,0.0005736230845250007,0.0005752618368275028,0.000570374375368629,6.743565381174701,3.1020032497120646
609,1,0,0,1,9,H_T+E+T1+T4,32.314527359402085,45.63677534279514,38.777563587794155,39.124485434277126,38.10064346854647,0.002179810974458168,0.0030805707820370128,0.0026172262051897426,0.002639607260225649,0.002573506185485108,21.11061545708056,4.499156494297338
617,1,1,0,1,9,H_T+S+E+T1+T4,2.140963025208904,3.020891808290589,2.5673297296658335,2.5913886197565694,2.5204220549887175,0.00045539032371073206,0.0006427163683447525,0.0005461814897955337,0.0005512635036890488,0.000536276353167063,22.078566744577095,3.253029092230521
625,1,0,1,1,9,H_T+Y+E+T1+T4,14.25411509657897,20.117831808875508,17.096787180703483,17.253506747815486,16.791127501119938,0.002731048635109015,0.0038507293074312985,0.003273439651635194,0.0033039251223874835,0.0032139904653626563,21.646740268035995,4.801806932655984
633,1,1,1,1,9,H_T+S+Y+E+T1+T4,1.5502073697818837,2.18695993699186,1.8586738511267125,1.8762333658337083,1.8244417663477144,0.000451611676261209,0.0006371839846415802,0.0005415152464170366,0.0005466307167675263,0.0005315444017107998,22.254963345968076,3.051429073669059
641,1,0,0,0,10,H_T+T2+T4,248.87358326630115,356.8677460435726,301.7261744272098,302.34197146421616,300.50490838944467,0.018598400699136035,0.0267400407474631,0.022588674544038737,0.022641230666435756,0.022484333553037042,5.031774479734215,15.31299781945704
649,1,1,0,0,10,H_T+S+T2+T4,2.2203209349658426,3.1965452069871745,2.6991429108167373,2.7059291902577085,2.685671182587259,0.0003455009080878303,0.0004975861205861801,0.0004201022945012052,0.00042115677520317954,0.000418008334433307,5.898945172369457,3.3741716213706945
657,1,0,1,0,10,H_T+Y+T2+T4,22.254752862735913,32.00671620309776,27.03701455288594,27.10645497600153,26.899232210187243,0.0008628512150538919,0.001244293883683989,0.001049943998731147,0.0010523402397320718,0.0010451943384429876,6.069413107609679,6.716363518686461
665,1,1,1,0,10,H_T+S+Y+T2+T4,1.5731995236238026,2.262085710769596,1.9111383948634593,1.9166314101702397,1.9002480446865682,0.0004721608942220928,0.0006789890111502854,0.0005736230845250007,0.0005752618368275028,0.000570374375368629,6.743565381174701,3.1020032497120646
673,1,0,0,1,10,H_T+E+T2+T4,32.5158361140832,45.9202740752973,39.0186518013253,39.36785820629552,38.3372778371577,0.004565065297881991,0.00645103022873063,0.0054807542957218975,0.005528119568721195,0.005388244977973708,21.120197142907706,4.548794338145888
681,1,1,0,1,10,H_T+S+E+T2+T4,2.140963025208904,3.020891808290589,2.5673297296658335,2.5913886197565694,2.5204220549887175,0.00045539032371073206,0.0006427163683447525,0.0005461814897955337,0.0005512635036890488,0.000536276353167063,22.078566744577095,3.253029092230521
689,1,0,1,1,10,H_T+Y+E+T2+T4,14.60597720331299,20.614384675324526,17.518802737649235,17.67934706087924,17.20568127973662,0.0021698624316784,0.0030627605831577915,0.002602842743540908,0.002626374810782848,0.002556937954597536,21.642706288195132,4.847374639290777
697,1,1,1,1,10,H_T+S+Y+E+T2+T4,1.5502073697818837,2.18695993699186,1.8586738511267125,1.8762333658337083,1.8244417663477144,0.000451611676261209,0.0006371839846415802,0.0005415152464170366,0.0005466307167675263,0.0005315444017107998,22.254963345968076,3.051429073669059
705,1,0,0,0,11,H_T+T1+T2+T4,225.62872048798167,323.6562430296646,273.6111352229231,274.1717984365362,272.4992179646512,0.01158845621270331,0.016607388537171513,0.014043944246821444,0.014072085363269569,0.013988145296334091,5.034388828229495,14.796937625250294
713,1,1,0,0,11,H_T+S+T1+T2+T4,2.2203209349658426,3.1965452069871745,2.6991429108167373,2.7059291902577085,2.685671182587259,0.0003455009080878303,0.0004975861205861801,0.0004201022945012052,0.00042115677520317954,0.000418008334433307,5.898945172369457,3.3741716213706945
721,1,0,1,0,11,H_T+Y+T1+T2+T4,20.552842937951713,29.56038874644856,24.97015041275926,25.0344679418298,24.84253227148914,0.0021622489773274133,0.003110555253163845,0.0026272173574254268,0.0026335818229184437,0.0026145952171047963,6.083169169979758,6.488941309732301
729,1,1,1,0,11,H_T+S+Y+T1+T2+T4,1.5731995236238026,2.262085710769596,1.9111383948634593,1.9166314101702397,1.9002480446865682,0.0004721608942220928,0.0006789890111502854,0.0005736230845250007,0.0005752618368275028,0.000570374375368629,6.743565381174701,3.1020032497120646
737,1,0,0,1,11,H_T+E+T1+T2+T4,31.209227979723195,44.07504694851045,37.450704746057006,37.786029552119366,36.79642362285735,0.0030644294734921197,0.004331035443047029,0.003679508166535513,0.003711070892589993,0.0036178421152996618,21.127537728651134,4.492387862140041
745,1,1,0,1,11,H_T+S+E+T1+T2+T4,2.140963025208904,3.020891808290589,2.5673297296658335,2.5913886197565694,2.5204220549887175,0.00045539032371073206,0.0006427163683447525,0.0005461814897955337,0.0005512635036890488,0.000536276353167063,22.078566744577095,3.253029092230521
753,1,0,1,1,11,H_T+Y+E+T1+T2+T4,13.926453674875038,19.655320964465222,16.703729596200763,16.856908101253836,16.404978578675895,0.0033631072603145192,0.004742732843461388,0.004031532756306414,0.004068898028355511,0.0039586584656363805,21.654207115963015,4.768144506100492
761,1,1,1,1,11,H_T+S+Y+E+T1+T2+T4,1.5502073697818837,2.18695993699186,1.8586738511267125,1.8762333658337083,1.8244417663477144,0.000451611676261209,0.0006371839846415802,0.0005415152464170366,0.0005466307167675263,0.0005315444017107998,22.254963345968076,3.051429073669059
769,1,0,0,0,12,H_T+T3+T4,668.2969180652791,954.5699597252824,808.1517803795498,809.7212779440799,805.038453682847,0.08342183797834908,0.11908901334400633,0.10082388980970029,0.10099726305430022,0.10047997883414586,4.967150652709371,20.397450672771463
777,1,1,0,0,12,H_T+S+T3+T4,2.2203209349658426,3.1965452069871745,2.6991429108167373,2.7059291902577085,2.685671182587259,0.0003455009080878303,0.0004975861205861801,0.0004201022945012052,0.00042115677520317954,0.000418008334433307,5.898945172369457,3.3741716213706945
785,1,0,1,0,12,H_T+Y+T3+T4,56.20478515630323,80.72593868184758,68.22327931551419,68.39193996965878,67.88868801088077,0.007317915223793047,0.010527950697335187,0.008891624301428607,0.008912354910756117,0.008850514557987748,5.928491618028755,10.581406885969427
793,1,1,1,0,12,H_T+S+Y+T3+T4,1.5731995236238026,2.262085710769596,1.9111383948634593,1.9166314101702397,1.9002480446865682,0.0004721608942220928,0.0006789890111502854,0.0005736230845250007,0.0005752618368275028,0.000570374375368629,6.743565381174701,3.1020032497120646
801,1,0,0,1,12,H_T+E+T3+T4,43.43878915374995,61.344595237672934,52.1257169198578,52.590479730838936,51.21878819637442,0.002795846683065244,0.003938522963834542,0.003348542127888248,0.003381657396338838,0.0032840465287288898,21.063271856137344,5.074028662573978
809,1,1,0,1,12,H_T+S+E+T3+T4,2.140963025208904,3.020891808290589,2.5673297296658335,2.5913886197565694,2.5204220549887175,0.00045539032371073206,0.0006427163683447525,0.0005461814897955337,0.0005512635036890488,0.000536276353167063,22.078566744577095,3.253029092230521
817,1,0,1,1,12,H_T+Y+E+T3+T4,20.9633099174927,29.586998431858493,25.144452732563657,25.373353673677787,24.69794446003519,0.003199590813166936,0.00451586182296045,0.0038380386300928882,0.0038720958950271803,0.0037715361755863742,21.530012148701616,5.55859880429952
825,1,1,1,1,12,H_T+S+Y+E+T3+T4,1.5502073697818837,2.18695993699186,1.8586738511267125,1.8762333658337083,1.8244417663477144,0.000451611676261209,0.0006371839846415802,0.0005415152464170366,0.0005466307167675263,0.0005315444017107998,22.254963345968076,3.051429073669059
833,1,0,0,0,13,H_T+T1+T3+T4,225.76423824758183,323.8560046499603,273.7782381892337,274.3389624214193,272.6661908945109,0.010328036645745145,0.014704580881586654,0.012463399953100916,0.012485489797005998,0.012419692661387424,5.031354804290954,14.774625386127076
841,1,1,0,0,13,H_T+S+T1+T3+T4,2.2203209349658426,3.1965452069871745,2.6991429108167373,2.7059291902577085,2.685671182587259,0.0003455009080878303,0.0004975861205861801,0.0004201022945012052,0.00042115677520317954,0.000418008334433307,5.898945172369457,3.3741716213706945
849,1,0,1,0,13,H_T+Y+T1+T3+T4,21.206884351599836,30.500845322331827,25.76461725371899,25.830887933187523,25.633123981059406,0.0014324894430542776,0.002061614908680638,0.001740929293013987,0.0017448795142880338,0.0017330943932871682,6.075687797228936,6.5571813661419265
857,1,1,1,0,13,H_T+S+Y+T1+T3+T4,1.5731995236238026,2.262085710769596,1.9111383948634593,1.9166314101702397,1.9002480446865682,0.0004721608942220928,0.0006789890111502854,0.0005736230845250007,0.0005752618368275028,0.000570374375368629,6.743565381174701,3.1020032497120646
865,1,0,0,1,13,H_T+E+T1+T3+T4,31.903001501675874,45.05504060524008,38.28338176710282,38.62603420646577,37.614797835258166,0.0018956362089896073,0.0026780505590695775,0.002275449849517365,0.002295138312545346,0.0022369801408671833,21.12040066290605,4.509141155261541
873,1,1,0,1,13,H_T+S+E+T1+T3+T4,2.140963025208904,3.020891808290589,2.5673297296658335,2.5913886197565694,2.5204220549887175,0.00045539032371073206,0.0006427163683447525,0.0005461814897955337,0.0005512635036890488,0.000536276353167063,22.078566744577095,3.253029092230521
881,1,0,1,1,13,H_T+Y+E+T1+T3+T4,14.25411509657897,20.117831808875508,17.096787180703483,17.253506747815486,16.791127501119938,0.002731048635109015,0.0038507293074312985,0.003273439651635194,0.0033039251223874835,0.0032139904653626563,21.646740268035995,4.801806932655984
889,1,1,1,1,13,H_T+S+Y+E+T1+T3+T4,1.5502073697818837,2.18695993699186,1.8586738511267125,1.8762333658337083,1.8244417663477144,0.000451611676261209,0.0006371839846415802,0.0005415152464170366,0.0005466307167675263,0.0005315444017107998,22.254963345968076,3.051429073669059
897,1,0,0,0,14,H_T+T2+T3+T4,244.7586274519391,350.96983908952956,296.7388027916149,297.34440759289873,295.53775173879455,0.014612216400688771,0.02084590861045436,0.017655547948033434,0.017691749824412344,0.017583734228536357,5.031328772832187,15.305950861553518
905,1,1,0,0,14,H_T+S+T2+T3+T4,2.2203209349658426,3.1965452069871745,2.6991429108167373,2.7059291902577085,2.685671182587259,0.0003455009080878303,0.0004975861205861801,0.0004201022945012052,0.00042115677520317954,0.000418008334433307,5.898945172369457,3.3741716213706945
913,1,0,1,0,14,H_T+Y+T2+T3+T4,22.254752862735913,32.00671620309776,27.03701455288594,27.10645497600153,26.899232210187243,0.0008628512150538919,0.001244293883683989,0.001049943998731147,0.0010523402397320718,0.0010451943384429876,6.069413107609679,6.716363518686461
921,1,1,1,0,14,H_T+S+Y+T2+T3+T4,1.5731995236238026,2.262085710769596,1.9111383948634593,1.9166314101702397,1.9002480446865682,0.0004721608942220928,0.0006789890111502854,0.0005736230845250007,0.0005752618368275028,0.000570374375368629,6.743565381174701,3.1020032497120646
929,1,0,0,1,14,H_T+E+T2+T3+T4,32.25207032585534,45.547448873979825,38.7019297125045,39.04839231835575,38.025912893707414,0.004086484139351581,0.005771674484957168,0.0049042580582592905,0.0049474021154616524,0.0048199956637462365,21.12596660965146,4.553243202251714
937,1,1,0,1,14,H_T+S+E+T2+T3+T4,2.140963025208904,3.020891808290589,2.5673297296658335,2.5913886197565694,2.5204220549887175,0.00045539032371073206,0.0006427163683447525,0.0005461814897955337,0.0005512635036890488,0.000536276353167063,22.078566744577095,3.253029092230521
945,1,0,1,1,14,H_T+Y+E+T2+T3+T4,14.60597720331299,20.614384675324526,17.518802737649235,17.67934706087924,17.20568127973662,0.0021698624316784,0.0030627605831577915,0.002602842743540908,0.002626374810782848,0.002556937954597536,21.642706288195132,4.847374639290777
953,1,1,1,1,14,H_T+S+Y+E+T2+T3+T4,1.5502073697818837,2.18695993699186,1.8586738511267125,1.8762333658337083,1.8244417663477144,0.000451611676261209,0.0006371839846415802,0.0005415152464170366,0.0005466307167675263,0.0005315444017107998,22.254963345968076,3.051429073669059
961,1,0,0,0,15,H_T+T1+T2+T3+T4,221.8280444774344,318.2077199217424,269.0040727460628,269.55529842021275,267.9108723845213,0.01739141317021215,0.02483415083643217,0.02102632567992986,0.02106394787302704,0.02095183347978033,5.033937708467009,14.784416397308044
969,1,1,0,0,15,H_T+S+T1+T2+T3+T4,2.2203209349658426,3.1965452069871745,2.6991429108167373,2.7059291902577085,2.685671182587259,0.0003455009080878303,0.0004975861205861801,0.0004201022945012052,0.00042115677520317954,0.000418008334433307,5.898945172369457,3.3741716213706945
977,1,0,1,0,15,H_T+Y+T1+T2+T3+T4,20.552842937951713,29.56038874644856,24.97015041275926,25.0344679418298,24.84253227148914,0.0021622489773274133,0.003110555253163845,0.0026272173574254268,0.0026335818229184437,0.0026145952171047963,6.083169169979758,6.488941309732301
985,1,1,1,0,15,H_T+S+Y+T1+T2+T3+T4,1.5731995236238026,2.262085710769596,1.9111383948634593,1.9166314101702397,1.9002480446865682,0.0004721608942220928,0.0006789890111502854,0.0005736230845250007,0.0005752618368275028,0.000570374375368629,6.743565381174701,3.1020032497120646
993,1,0,0,1,15,H_T+E+T1+T2+T3+T4,30.95803724747608,43.71999601801335,37.14908255819131,37.48179343342629,36.499904945914395,0.0025592501999660983,0.003617694536829884,0.0030733522490051183,0.0030995014116965707,0.0030222566594091454,21.133275374914177,4.496693067969619
1001,1,1,0,1,15,H_T+S+E+T1+T2+T3+T4,2.140963025208904,3.020891808290589,2.5673297296658335,2.5913886197565694,2.5204220549887175,0.00045539032371073206,0.0006427163683447525,0.0005461814897955337,0.0005512635036890488,0.000536276353167063,22.078566744577095,3.253029092230521
1009,1,0,1,1,15,H_T+Y+E+T1+T2+T3+T4,13.926453674875038,19.655320964465222,16.703729596200763,16.856908101253836,16.404978578675895,0.0033631072603145192,0.004742732843461388,0.004031532756306414,0.004068898028355511,0.0039586584656363805,21.654207115963015,4.768144506100492
1017,1,1,1,1,15,H_T+S+Y+E+T1+T2+T3+T4,1.5502073697818837,2.18695993699186,1.8586738511267125,1.8762333658337083,1.8244417663477144,0.000451611676261209,0.0006371839846415802,0.0005415152464170366,0.0005466307167675263,0.0005315444017107998,22.254963345968076,3.051429073669059
2,2,0,0,0,0,H_M,58577.42098752757,81345.5194417834,69507.59507177222,69806.220957721,68916.8009333033,0.008660047232466082,0.03344911010074186,0.02511907471609159,0.022104019364423275,0.03191650740458181,13.163420919986674,32.47090846712189
10,2,1,0,0,0,H_M+S,2.2203209349658426,3.1567430565729873,2.6775919283840324,2.6950529894849384,2.643229733236779,0.0003455009080878303,0.0004913365523089945,0.00041671967956830687,0.00041944964339196515,0.00041134605195689407,15.365086165763147,3.374375496936576
18,2,0,1,0,0,H_M+Y,306.5304462135466,432.05741764966655,367.5895320785268,369.62609695278576,363.56921899961407,0.08959059033049924,0.12731937720223396,0.10801915349823694,0.10868235688377091,0.1067137051522979,14.406219855061178,21.957398685888784
26,2,1,1,0,0,H_M+S+Y,1.5731995236238026,2.2362642089740348,1.8969306373863355,1.9094586429070224,1.87228426151045,0.0004721608942220928,0.0006712274987479737,0.0005693576837713277,0.0005731083050598985,0.000561978692751261,15.555264308434294,3.1020045598204633
34,2,0,0,1,0,H_M+E,5237.813097552384,7322.925540379694,6244.54618528454,6290.142543192046,6155.064583605045,2.1510570134326596,3.02748750217782,2.575750100428547,2.596406817177246,2.5353750529560655,19.566263532358665,24.233566209030652
42,2,1,0,1,0,H_M+S+E,2.140963025208904,3.020891808290589,2.5673297296658335,2.5913886197565694,2.5204220549887175,0.00045539032371073206,0.0006427163683447525,0.0005461814897955337,0.0005512635036890488,0.000536276353167063,22.078566744577095,3.253029092230521
50,2,0,1,1,0,H_M+Y+E,26.26856532198946,37.07405177872432,31.50796493896043,31.793160917998193,30.951567175581683,0.0022435477529312866,0.003165225847610075,0.0026903534901368863,0.0027147568393236865,0.0026427170502562576,21.437310525804087,6.157043713875842
58,2,1,1,1,0,H_M+S+Y+E,1.5502073697818837,2.18695993699186,1.8586738511267125,1.8762333658337083,1.8244417663477144,0.000451611676261209,0.0006371839846415802,0.0005415152464170366,0.0005466307167675263,0.0005315444017107998,22.254963345968076,3.051429073669059
66,2,0,0,0,1,H_M+T1,368.7526870839615,522.942647899282,444.00936558868915,446.5771011156264,438.9466863757628,0.025587806978142367,0.036251400866254314,0.030790938355095172,0.03096353880533946,0.030452221699808924,14.218254778267967,14.521116751244243
74,2,1,0,0,1,H_M+S+T1,2.2203209349658426,3.1567430565729873,2.6775919283840324,2.6950529894849384,2.643229733236779,0.0003455009080878303,0.0004913365523089945,0.00041671967956830687,0.00041944964339196515,0.00041134605195689407,15.365086165763147,3.374375496936576
82,2,0,1,0,1,H_M+Y+T1,21.206884351599836,30.14691572871629,25.573237656888896,25.73428582698928,25.256106365577207,0.0014324894430542776,0.0020372296997750064,0.0017279930512842274,0.0017383541479447592,0.0017075905412639119,14.94348511636462,6.557194323136258
90,2,1,1,0,1,H_M+S+Y+T1,1.5731995236238026,2.2362642089740348,1.8969306373863355,1.9094586429070224,1.87228426151045,0.0004721608942220928,0.0006712274987479737,0.0005693576837713277,0.0005731083050598985,0.000561978692751261,15.555264308434294,3.1020045598204633
98,2,0,0,1,1,H_M+E+T1,34.990605337843334,49.4195629889636,41.99105787851272,42.36577305015827,41.25987353385693,0.0017072770453386474,0.0024064839367189035,0.002045856519707756,0.002065156103791088,0.002008242845688065,21.054466108276575,4.448144480120792
106,2,1,0,1,1,H_M+S+E+T1,2.140963025208904,3.020891808290589,2.5673297296658335,2.5913886197565694,2.5204220549887175,0.00045539032371073206,0.0006427163683447525,0.0005461814897955337,0.0005512635036890488,0.000536276353167063,22.078566744577095,3.253029092230521
114,2,0,1,1,1,H_M+Y+E+T1,14.25411509657897,20.117831808875508,17.096787180703483,17.253506747815486,16.791127501119938,0.002731048635109015,0.0038507293074312985,0.003273439651635194,0.0033039251223874835,0.0032139904653626563,21.646740268035995,4.801806932655984
122,2,1,1,1,1,H_M+S+Y+E+T1,1.5502073697818837,2.18695993699186,1.8586738511267125,1.8762333658337083,1.8244417663477144,0.000451611676261209,0.0006371839846415802,0.0005415152464170366,0.0005466307167675263,0.0005315444017107998,22.254963345968076,3.051429073669059
130,2,0,0,0,2,H_M+T2,374.9082483502293,531.6265421737147,451.39576498181805,454.00553088612185,446.25010208005483,0.05261226425751249,0.07502101171209156,0.0635836167092054,0.06390448569661185,0.0629498963344015,14.226107714893619,14.647555308416198
138,2,1,0,0,2,H_M+S+T2,2.2203209349658426,3.1567430565729873,2.6775919283840324,2.6950529894849384,2.643229733236779,0.0003455009080878303,0.0004913365523089945,0.00041671967956830687,0.00041944964339196515,0.00041134605195689407,15.365086165763147,3.374375496936576
146,2,0,1,0,2,H_M+Y+T2,22.256024408912015,31.63710511606562,26.83773196104329,27.00663266240353,26.50513562885865,0.0008880426874490749,0.001265425681622184,0.0010726017353459572,0.0010789875972397453,0.0010600305075085664,14.94071897458979,6.716268462305028
154,2,1,1,0,2,H_M+S+Y+T2,1.5731995236238026,2.2362642089740348,1.8969306373863355,1.9094586429070224,1.87228426151045,0.0004721608942220928,0.0006712274987479737,0.0005693576837713277,0.0005731083050598985,0.000561978692751261,15.555264308434294,3.1020045598204633
162,2,0,0,1,2,H_M+E+T2,35.51110964848899,50.15434987780233,42.615497185926756,42.99579297487751,41.87342311539302,0.0030720606960998177,0.004337265604598849,0.003685758144932876,0.00371869927886876,0.0036214003689852363,21.05627352789949,4.481215661669661
170,2,1,0,1,2,H_M+S+E+T2,2.140963025208904,3.020891808290589,2.5673297296658335,2.5913886197565694,2.5204220549887175,0.00045539032371073206,0.0006427163683447525,0.0005461814897955337,0.0005512635036890488,0.000536276353167063,22.078566744577095,3.253029092230521
178,2,0,1,1,2,H_M+Y+E+T2,14.607248749489093,20.616180613174958,17.520328713086226,17.680886634988553,17.207180717746805,0.0021282002133012324,0.0030039506258558537,0.0025528693526858243,0.0025759346225140306,0.002507874881597256,21.642652530671878,4.8473657766710305
186,2,1,1,1,2,H_M+S+Y+E+T2,1.5502073697818837,2.18695993699186,1.8586738511267125,1.8762333658337083,1.8244417663477144,0.000451611676261209,0.0006371839846415802,0.0005415152464170366,0.0005466307167675263,0.0005315444017107998,22.254963345968076,3.051429073669059
194,2,0,0,0,3,H_M+T1+T2,349.873963981487,496.1577227291451,421.2707383366722,423.7086932631772,416.46392992168956,0.05164907192520028,0.07330370928651314,0.06222262536013819,0.06257583632478783,0.0615277533931055,14.229870435857617,14.538106508751726
202,2,1,0,0,3,H_M+S+T1+T2,2.2203209349658426,3.1567430565729873,2.6775919283840324,2.6950529894849384,2.643229733236779,0.0003455009080878303,0.0004913365523089945,0.00041671967956830687,0.00041944964339196515,0.00041134605195689407,15.365086165763147,3.374375496936576
210,2,0,1,0,3,H_M+Y+T1+T2,20.552842937951713,29.217427889981966,24.78466773483903,24.940842156155796,24.477135596184898,0.0021622489773274133,0.003074121608671454,0.0026077020090185363,0.0026237346757821568,0.002576127917557322,14.949573234101722,6.488952099178494
218,2,1,1,0,3,H_M+S+Y+T1+T2,1.5731995236238026,2.2362642089740348,1.8969306373863355,1.9094586429070224,1.87228426151045,0.0004721608942220928,0.0006712274987479737,0.0005693576837713277,0.0005731083050598985,0.000561978692751261,15.555264308434294,3.1020045598204633
226,2,0,0,1,3,H_M+E+T1+T2,33.41388461502489,47.19133379069558,40.09802737567543,40.45629071218675,39.398962306015655,0.002253766332976379,0.0031825324898810915,0.0027044568857509414,0.0027281181038792536,0.0026582389491114876,21.080420207308638,4.447898991937983
234,2,1,0,1,3,H_M+S+E+T1+T2,2.140963025208904,3.020891808290589,2.5673297296658335,2.5913886197565694,2.5204220549887175,0.00045539032371073206,0.0006427163683447525,0.0005461814897955337,0.0005512635036890488,0.000536276353167063,22.078566744577095,3.253029092230521
242,2,0,1,1,3,H_M+Y+E+T1+T2,13.926453674875038,19.655320964465222,16.703729596200763,16.856908101253836,16.404978578675895,0.0033631072603145192,0.004742732843461388,0.004031532756306414,0.004068898028355511,0.0039586584656363805,21.654207115963015,4.768144506100492
250,2,1,1,1,3,H_M+S+Y+E+T1+T2,1.5502073697818837,2.18695993699186,1.8586738511267125,1.8762333658337083,1.8244417663477144,0.000451611676261209,0.0006371839846415802,0.0005415152464170366,0.0005466307167675263,0.0005315444017107998,22.254963345968076,3.051429073669059
258,2,0,0,0,4,H_M+T3,492.9942482190593,697.9943655070674,592.9700085397321,596.3548946316495,586.2932222565086,0.015370534853010081,0.02182562644097031,0.01852547087398021,0.0186416308339227,0.018295679468419316,14.261323432707401,16.91625083686915
266,2,1,0,0,4,H_M+S+T3,2.2203209349658426,3.1567430565729873,2.6775919283840324,2.6950529894849384,2.643229733236779,0.0003455009080878303,0.0004913365523089945,0.00041671967956830687,0.00041944964339196515,0.00041134605195689407,15.365086165763147,3.374375496936576
274,2,0,1,0,4,H_M+Y+T3,57.47260957476985,81.58677690916753,69.24402157745206,69.67206044020463,68.40082922923214,0.006970936870707422,0.009913323714306253,0.008408552809732203,0.00845963595187129,0.008307996021904645,14.906801953563056,10.667260771889616
282,2,1,1,0,4,H_M+S+Y+T3,1.5731995236238026,2.2362642089740348,1.8969306373863355,1.9094586429070224,1.87228426151045,0.0004721608942220928,0.0006712274987479737,0.0005693576837713277,0.0005731083050598985,0.000561978692751261,15.555264308434294,3.1020045598204633
290,2,0,0,1,4,H_M+E+T3,45.45224563936402,64.19007171540801,54.54316325425857,55.028802577717464,53.59547068767648,0.002609647004270556,0.003684627236147159,0.0031312879290173227,0.003158542042551907,0.0030780466347706693,21.033816212968368,5.071875976809056
298,2,1,0,1,4,H_M+S+E+T3,2.140963025208904,3.020891808290589,2.5673297296658335,2.5913886197565694,2.5204220549887175,0.00045539032371073206,0.0006427163683447525,0.0005461814897955337,0.0005512635036890488,0.000536276353167063,22.078566744577095,3.253029092230521
306,2,0,1,1,4,H_M+Y+E+T3,21.243417957287924,29.98237657826957,25.480472736878486,25.712360552801712,25.02813497717708,0.0029434304468057256,0.004154336009985469,0.003530766507499584,0.0035621318505830455,0.003469520915827731,21.52449112788546,5.584253508800536
314,2,1,1,1,4,H_M+S+Y+E+T3,1.5502073697818837,2.18695993699186,1.8586738511267125,1.8762333658337083,1.8244417663477144,0.000451611676261209,0.0006371839846415802,0.0005415152464170366,0.0005466307167675263,0.0005315444017107998,22.254963345968076,3.051429073669059
322,2,0,0,0,5,H_M+T1+T3,203.32041101660386,288.51275443268156,244.9106462876296,246.34271217498554,242.08766901431787,0.006826591123062162,0.009691107117606887,0.00822619299314655,0.008267544710938457,0.008144815896382674,14.270475388761781,13.057270112349203
330,2,1,0,0,5,H_M+S+T1+T3,2.2203209349658426,3.1567430565729873,2.6775919283840324,2.6950529894849384,2.643229733236779,0.0003455009080878303,0.0004913365523089945,0.00041671967956830687,0.00041944964339196515,0.00041134605195689407,15.365086165763147,3.374375496936576
338,2,0,1,0,5,H_M+Y+T1+T3,21.206884351599836,30.14691572871629,25.573237656888896,25.73428582698928,25.256106365577207,0.0014324894430542776,0.0020372296997750064,0.0017279930512842274,0.0017383541479447592,0.0017075905412639119,14.94348511636462,6.557194323136258
346,2,1,1,0,5,H_M+S+Y+T1+T3,1.5731995236238026,2.2362642089740348,1.8969306373863355,1.9094586429070224,1.87228426151045,0.0004721608942220928,0.0006712274987479737,0.0005693576837713277,0.0005731083050598985,0.000561978692751261,15.555264308434294,3.1020045598204633
354,2,0,0,1,5,H_M+E+T1+T3,32.60571043632905,46.04838233764074,39.127223466944116,39.47717374688958,38.44439046665953,0.0019247389756370176,0.00272056965621519,0.002311159031212335,0.0023312160955653617,0.002271982754972425,21.1042488034636,4.489184556358517
362,2,1,0,1,5,H_M+S+E+T1+T3,2.140963025208904,3.020891808290589,2.5673297296658335,2.5913886197565694,2.5204220549887175,0.00045539032371073206,0.0006427163683447525,0.0005461814897955337,0.0005512635036890488,0.000536276353167063,22.078566744577095,3.253029092230521
370,2,0,1,1,5,H_M+Y+E+T1+T3,14.25411509657897,20.117831808875508,17.096787180703483,17.253506747815486,16.791127501119938,0.002731048635109015,0.0038507293074312985,0.003273439651635194,0.0033039251223874835,0.0032139904653626563,21.646740268035995,4.801806932655984
378,2,1,1,1,5,H_M+S+Y+E+T1+T3,1.5502073697818837,2.18695993699186,1.8586738511267125,1.8762333658337083,1.8244417663477144,0.000451611676261209,0.0006371839846415802,0.0005415152464170366,0.0005466307167675263,0.0005315444017107998,22.254963345968076,3.051429073669059
386,2,0,0,0,6,H_M+T2+T3,215.4040162289644,305.6133900916862,259.4405547675665,260.95579677810827,256.4534928727146,0.012385763503071072,0.01756895439644173,0.01491784013199189,0.014985697069677626,0.014784127552092852,14.27593608706349,13.336815446122074
394,2,1,0,0,6,H_M+S+T2+T3,2.2203209349658426,3.1567430565729873,2.6775919283840324,2.6950529894849384,2.643229733236779,0.0003455009080878303,0.0004913365523089945,0.00041671967956830687,0.00041944964339196515,0.00041134605195689407,15.365086165763147,3.374375496936576
402,2,0,1,0,6,H_M+Y+T2+T3,22.256024408912015,31.63710511606562,26.83773196104329,27.00663266240353,26.50513562885865,0.0008880426874490749,0.001265425681622184,0.0010726017353459572,0.0010789875972397453,0.0010600305075085664,14.94071897458979,6.716268462305028
410,2,1,1,0,6,H_M+S+Y+T2+T3,1.5731995236238026,2.2362642089740348,1.8969306373863355,1.9094586429070224,1.87228426151045,0.0004721608942220928,0.0006712274987479737,0.0005693576837713277,0.0005731083050598985,0.000561978692751261,15.555264308434294,3.1020045598204633
418,2,0,0,1,6,H_M+E+T2+T3,33.0753029381475,46.71116138888633,39.690501223351475,40.04551278163429,38.9977926048568,0.003394301962952119,0.004791556024478183,0.004071965378436292,0.004108517301266624,0.004000616722320749,21.107148131962337,4.529017771690673
426,2,1,0,1,6,H_M+S+E+T2+T3,2.140963025208904,3.020891808290589,2.5673297296658335,2.5913886197565694,2.5204220549887175,0.00045539032371073206,0.0006427163683447525,0.0005461814897955337,0.0005512635036890488,0.000536276353167063,22.078566744577095,3.253029092230521
434,2,0,1,1,6,H_M+Y+E+T2+T3,14.607248749489093,20.616180613174958,17.520328713086226,17.680886634988553,17.207180717746805,0.0021282002133012324,0.0030039506258558537,0.0025528693526858243,0.0025759346225140306,0.002507874881597256,21.642652530671878,4.8473657766710305
442,2,1,1,1,6,H_M+S+Y+E+T2+T3,1.5502073697818837,2.18695993699186,1.8586738511267125,1.8762333658337083,1.8244417663477144,0.000451611676261209,0.0006371839846415802,0.0005415152464170366,0.0005466307167675263,0.0005315444017107998,22.254963345968076,3.051429073669059
450,2,0,0,0,7,H_M+T1+T2+T3,199.77851779592018,283.4841442288829,240.64276818253435,242.04997770600482,237.8687856112692,0.012691321299767607,0.018017738406722696,0.015292893012788779,0.015374871358187499,0.015131162605201216,14.272524099666388,13.075935833210547
458,2,1,0,0,7,H_M+S+T1+T2+T3,2.2203209349658426,3.1567430565729873,2.6775919283840324,2.6950529894849384,2.643229733236779,0.0003455009080878303,0.0004913365523089945,0.00041671967956830687,0.00041944964339196515,0.00041134605195689407,15.365086165763147,3.374375496936576
466,2,0,1,0,7,H_M+Y+T1+T2+T3,20.552842937951713,29.217427889981966,24.78466773483903,24.940842156155796,24.477135596184898,0.0021622489773274133,0.003074121608671454,0.0026077020090185363,0.0026237346757821568,0.002576127917557322,14.949573234101722,6.488952099178494
474,2,1,1,0,7,H_M+S+Y+T1+T2+T3,1.5731995236238026,2.2362642089740348,1.8969306373863355,1.9094586429070224,1.87228426151045,0.0004721608942220928,0.0006712274987479737,0.0005693576837713277,0.0005731083050598985,0.000561978692751261,15.555264308434294,3.1020045598204633
482,2,0,0,1,7,H_M+E+T1+T2+T3,31.603401912036414,44.63226005931633,37.924052154714246,38.26347101428311,37.261777427787884,0.0032669532919676254,0.00461704416502934,0.003922475466242616,0.003956448708100491,0.0038561291158725813,21.11806223407826,4.478066374276526
490,2,1,0,1,7,H_M+S+E+T1+T2+T3,2.140963025208904,3.020891808290589,2.5673297296658335,2.5913886197565694,2.5204220549887175,0.00045539032371073206,0.0006427163683447525,0.0005461814897955337,0.0005512635036890488,0.000536276353167063,22.078566744577095,3.253029092230521
498,2,0,1,1,7,H_M+Y+E+T1+T2+T3,13.926453674875038,19.655320964465222,16.703729596200763,16.856908101253836,16.404978578675895,0.0033631072603145192,0.004742732843461388,0.004031532756306414,0.004068898028355511,0.0039586584656363805,21.654207115963015,4.768144506100492
506,2,1,1,1,7,H_M+S+Y+E+T1+T2+T3,1.5502073697818837,2.18695993699186,1.8586738511267125,1.8762333658337083,1.8244417663477144,0.000451611676261209,0.0006371839846415802,0.0005415152464170366,0.0005466307167675263,0.0005315444017107998,22.254963345968076,3.051429073669059
514,2,0,0,0,8,H_M+T4,502.07093820166494,710.7622839061688,603.8408944914302,607.2824830395059,597.052045305031,0.08005496395101298,0.11331589486921537,0.09627228464544908,0.09683225787621806,0.09516686548188356,14.255950499392439,17.08464544155655
522,2,1,0,0,8,H_M+S+T4,2.2203209349658426,3.1567430565729873,2.6775919283840324,2.6950529894849384,2.643229733236779,0.0003455009080878303,0.0004913365523089945,0.00041671967956830687,0.00041944964339196515,0.00041134605195689407,15.365086165763147,3.374375496936576
530,2,0,1,0,8,H_M+Y+T4,61.95424218489176,87.93420641361926,74.63561401392411,75.09596209663677,73.728730160519,0.007785719049328192,0.011066353242480316,0.0093884237972799,0.009444546661060253,0.009277810088473467,14.901617848481445,11.05587029812961
538,2,1,1,0,8,H_M+S+Y+T4,1.5731995236238026,2.2362642089740348,1.8969306373863355,1.9094586429070224,1.87228426151045,0.0004721608942220928,0.0006712274987479737,0.0005693576837713277,0.0005731083050598985,0.000561978692751261,15.555264308434294,3.1020045598204633
546,2,0,0,1,8,H_M+E+T4,46.22161470919954,65.27655073332193,55.46643010032698,55.96010529073575,54.50304789214866,0.0036257369352570784,0.005125380921186844,0.004354027812156683,0.004391447356448033,0.004281006183817542,21.027850256384102,5.114556763010303
554,2,1,0,1,8,H_M+S+E+T4,2.140963025208904,3.020891808290589,2.5673297296658335,2.5913886197565694,2.5204220549887175,0.00045539032371073206,0.0006427163683447525,0.0005461814897955337,0.0005512635036890488,0.000536276353167063,22.078566744577095,3.253029092230521
562,2,0,1,1,8,H_M+Y+E+T4,21.678823716567464,30.59686475558398,26.00273589924443,26.239265585179428,25.541338189375985,0.004346272364422791,0.006133518676678982,0.005212965025824975,0.005259726094860669,0.005121674357084671,21.51679747184017,5.635109634271582
570,2,1,1,1,8,H_M+S+Y+E+T4,1.5502073697818837,2.18695993699186,1.8586738511267125,1.8762333658337083,1.8244417663477144,0.000451611676261209,0.0006371839846415802,0.0005415152464170366,0.0005466307167675263,0.0005315444017107998,22.254963345968076,3.051429073669059
578,2,0,0,0,9,H_M+T1+T4,192.95185343853564,273.8282096151463,232.43681857069433,233.7975183619894,229.75460361803823,0.012594547461098357,0.017849657169402608,0.015158581745965627,0.015242573102992285,0.014992577579170515,14.270764573358033,12.851165240224546
586,2,1,0,0,9,H_M+S+T1+T4,2.2203209349658426,3.1567430565729873,2.6775919283840324,2.6950529894849384,2.643229733236779,0.0003455009080878303,0.0004913365523089945,0.00041671967956830687,0.00041944964339196515,0.00041134605195689407,15.365086165763147,3.374375496936576
594,2,0,1,0,9,H_M+Y+T1+T4,21.206884351599836,30.14691572871629,25.573237656888896,25.73428582698928,25.256106365577207,0.0014324894430542776,0.0020372296997750064,0.0017279930512842274,0.0017383541479447592,0.0017075905412639119,14.94348511636462,6.557194323136258
602,2,1,1,0,9,H_M+S+Y+T1+T4,1.5731995236238026,2.2362642089740348,1.8969306373863355,1.9094586429070224,1.87228426151045,0.0004721608942220928,0.0006712274987479737,0.0005693576837713277,0.0005731083050598985,0.000561978692751261,15.555264308434294,3.1020045598204633
610,2,0,0,1,9,H_M+E+T1+T4,32.314527359402085,45.63677534279514,38.777563587794155,39.124485434277126,38.10064346854647,0.002179810974458168,0.0030805707820370128,0.0026172262051897426,0.002639607260225649,0.002573506185485108,21.11061545708056,4.499156494297338
618,2,1,0,1,9,H_M+S+E+T1+T4,2.140963025208904,3.020891808290589,2.5673297296658335,2.5913886197565694,2.5204220549887175,0.00045539032371073206,0.0006427163683447525,0.0005461814897955337,0.0005512635036890488,0.000536276353167063,22.078566744577095,3.253029092230521
626,2,0,1,1,9,H_M+Y+E+T1+T4,14.25411509657897,20.117831808875508,17.096787180703483,17.253506747815486,16.791127501119938,0.002731048635109015,0.0038507293074312985,0.003273439651635194,0.0033039251223874835,0.0032139904653626563,21.646740268035995,4.801806932655984
634,2,1,1,1,9,H_M+S+Y+E+T1+T4,1.5502073697818837,2.18695993699186,1.8586738511267125,1.8762333658337083,1.8244417663477144,0.000451611676261209,0.0006371839846415802,0.0005415152464170366,0.0005466307167675263,0.0005315444017107998,22.254963345968076,3.051429073669059
642,2,0,0,0,10,H_M+T2+T4,204.5546660755033,290.2470834277742,246.38785638087458,247.82846324490131,243.54800633307988,0.03043334623152196,0.04315633440385829,0.03664219744714059,0.03685515190408893,0.0362224086151838,14.277281805412452,13.15849509891552
650,2,1,0,0,10,H_M+S+T2+T4,2.2203209349658426,3.1567430565729873,2.6775919283840324,2.6950529894849384,2.643229733236779,0.0003455009080878303,0.0004913365523089945,0.00041671967956830687,0.00041944964339196515,0.00041134605195689407,15.365086165763147,3.374375496936576
658,2,0,1,0,10,H_M+Y+T2+T4,22.254752862735913,31.635295295607918,26.836197326158196,27.005088719045204,26.503619335378964,0.0008628512150538919,0.001229480758167859,0.0010421362176701381,0.0010484059591289172,0.0010298015516256734,14.940754860837979,6.7163812002622105
666,2,1,1,0,10,H_M+S+Y+T2+T4,1.5731995236238026,2.2362642089740348,1.8969306373863355,1.9094586429070224,1.87228426151045,0.0004721608942220928,0.0006712274987479737,0.0005693576837713277,0.0005731083050598985,0.000561978692751261,15.555264308434294,3.1020045598204633
674,2,0,0,1,10,H_M+E+T2+T4,32.5158361140832,45.9202740752973,39.0186518013253,39.36785820629552,38.3372778371577,0.004565065297881991,0.00645103022873063,0.0054807542957218975,0.005528119568721195,0.005388244977973708,21.120197142907706,4.548794338145888
682,2,1,0,1,10,H_M+S+E+T2+T4,2.140963025208904,3.020891808290589,2.5673297296658335,2.5913886197565694,2.5204220549887175,0.00045539032371073206,0.0006427163683447525,0.0005461814897955337,0.0005512635036890488,0.000536276353167063,22.078566744577095,3.253029092230521
690,2,0,1,1,10,H_M+Y+E+T2+T4,14.60597720331299,20.614384675324526,17.518802737649235,17.67934706087924,17.20568127973662,0.0021698624316784,0.0030627605831577915,0.002602842743540908,0.002626374810782848,0.002556937954597536,21.642706288195132,4.847374639290777
698,2,1,1,1,10,H_M+S+Y+E+T2+T4,1.5502073697818837,2.18695993699186,1.8586738511267125,1.8762333658337083,1.8244417663477144,0.000451611676261209,0.0006371839846415802,0.0005415152464170366,0.0005466307167675263,0.0005315444017107998,22.254963345968076,3.051429073669059
706,2,0,0,0,11,H_M+T1+T2+T4,189.34392551389746,268.7050129717914,228.0889128067921,229.42426567303957,225.4566580203932,0.01539810200425134,0.021777228476281614,0.018507485862478527,0.01860786726654403,0.018309118700585162,14.273150407110778,12.874910446811333
714,2,1,0,0,11,H_M+S+T1+T2+T4,2.2203209349658426,3.1567430565729873,2.6775919283840324,2.6950529894849384,2.643229733236779,0.0003455009080878303,0.0004913365523089945,0.00041671967956830687,0.00041944964339196515,0.00041134605195689407,15.365086165763147,3.374375496936576
722,2,0,1,0,11,H_M+Y+T1+T2+T4,20.552842937951713,29.217427889981966,24.78466773483903,24.940842156155796,24.477135596184898,0.0021622489773274133,0.003074121608671454,0.0026077020090185363,0.0026237346757821568,0.002576127917557322,14.949573234101722,6.488952099178494
730,2,1,1,0,11,H_M+S+Y+T1+T2+T4,1.5731995236238026,2.2362642089740348,1.8969306373863355,1.9094586429070224,1.87228426151045,0.0004721608942220928,0.0006712274987479737,0.0005693576837713277,0.0005731083050598985,0.000561978692751261,15.555264308434294,3.1020045598204633
738,2,0,0,1,11,H_M+E+T1+T2+T4,31.209227979723195,44.07504694851045,37.450704746057006,37.786029552119366,36.79642362285735,0.0030644294734921197,0.004331035443047029,0.003679508166535513,0.003711070892589993,0.0036178421152996618,21.127537728651134,4.492387862140041
746,2,1,0,1,11,H_M+S+E+T1+T2+T4,2.140963025208904,3.020891808290589,2.5673297296658335,2.5913886197565694,2.5204220549887175,0.00045539032371073206,0.0006427163683447525,0.0005461814897955337,0.0005512635036890488,0.000536276353167063,22.078566744577095,3.253029092230521
754,2,0,1,1,11,H_M+Y+E+T1+T2+T4,13.926453674875038,19.655320964465222,16.703729596200763,16.856908101253836,16.404978578675895,0.0033631072603145192,0.004742732843461388,0.004031532756306414,0.004068898028355511,0.0039586584656363805,21.654207115963015,4.768144506100492
762,2,1,1,1,11,H_M+S+Y+E+T1+T2+T4,1.5502073697818837,2.18695993699186,1.8586738511267125,1.8762333658337083,1.8244417663477144,0.000451611676261209,0.0006371839846415802,0.0005415152464170366,0.0005466307167675263,0.0005315444017107998,22.254963345968076,3.051429073669059
770,2,0,0,0,12,H_M+T3+T4,466.56197948480667,660.5562174229655,561.1689995086577,564.3738394214165,554.8473537034745,0.05169575840610217,0.07372339441976337,0.062480236068409585,0.06283425632979871,0.06177958329184214,14.269413696888094,16.92981111311317
778,2,1,0,0,12,H_M+S+T3+T4,2.2203209349658426,3.1567430565729873,2.6775919283840324,2.6950529894849384,2.643229733236779,0.0003455009080878303,0.0004913365523089945,0.00041671967956830687,0.00041944964339196515,0.00041134605195689407,15.365086165763147,3.374375496936576
786,2,0,1,0,12,H_M+Y+T3+T4,56.28011621057482,79.89585569195026,67.80831433933031,68.22769048733605,66.98219512011096,0.007424559478970777,0.010554641720520057,0.008953671416331323,0.009007898571970452,0.008846905791190861,14.909790168938896,10.59935303202383
794,2,1,1,0,12,H_M+S+Y+T3+T4,1.5731995236238026,2.2362642089740348,1.8969306373863355,1.9094586429070224,1.87228426151045,0.0004721608942220928,0.0006712274987479737,0.0005693576837713277,0.0005731083050598985,0.000561978692751261,15.555264308434294,3.1020045598204633
802,2,0,0,1,12,H_M+E+T3+T4,43.43878915374995,61.344595237672934,52.1257169198578,52.590479730838936,51.21878819637442,0.002795846683065244,0.003938522963834542,0.003348542127888248,0.003381657396338838,0.0032840465287288898,21.063271856137344,5.074028662573978
810,2,1,0,1,12,H_M+S+E+T3+T4,2.140963025208904,3.020891808290589,2.5673297296658335,2.5913886197565694,2.5204220549887175,0.00045539032371073206,0.0006427163683447525,0.0005461814897955337,0.0005512635036890488,0.000536276353167063,22.078566744577095,3.253029092230521
818,2,0,1,1,12,H_M+Y+E+T3+T4,20.9633099174927,29.586998431858493,25.144452732563657,25.373353673677787,24.69794446003519,0.003199590813166936,0.00451586182296045,0.0038380386300928882,0.0038720958950271803,0.0037715361755863742,21.530012148701616,5.55859880429952
826,2,1,1,1,12,H_M+S+Y+E+T3+T4,1.5502073697818837,2.18695993699186,1.8586738511267125,1.8762333658337083,1.8244417663477144,0.000451611676261209,0.0006371839846415802,0.0005415152464170366,0.0005466307167675263,0.0005315444017107998,22.254963345968076,3.051429073669059
834,2,0,0,0,13,H_M+T1+T3+T4,189.72876072709454,269.25170350146857,228.5527759826431,229.8910132640206,225.91484175718497,0.011405653412832959,0.016109221153314784,0.01369688385956622,0.01377515621579196,0.013542805690287018,14.274400840491213,12.863016887530748
842,2,1,0,0,13,H_M+S+T1+T3+T4,2.2203209349658426,3.1567430565729873,2.6775919283840324,2.6950529894849384,2.643229733236779,0.0003455009080878303,0.0004913365523089945,0.00041671967956830687,0.00041944964339196515,0.00041134605195689407,15.365086165763147,3.374375496936576
850,2,0,1,0,13,H_M+Y+T1+T3+T4,21.206884351599836,30.14691572871629,25.573237656888896,25.73428582698928,25.256106365577207,0.0014324894430542776,0.0020372296997750064,0.0017279930512842274,0.0017383541479447592,0.0017075905412639119,14.94348511636462,6.557194323136258
858,2,1,1,0,13,H_M+S+Y+T1+T3+T4,1.5731995236238026,2.2362642089740348,1.8969306373863355,1.9094586429070224,1.87228426151045,0.0004721608942220928,0.0006712274987479737,0.0005693576837713277,0.0005731083050598985,0.000561978692751261,15.555264308434294,3.1020045598204633
866,2,0,0,1,13,H_M+E+T1+T3+T4,31.903001501675874,45.05504060524008,38.28338176710282,38.62603420646577,37.614797835258166,0.0018956362089896073,0.0026780505590695775,0.002275449849517365,0.002295138312545346,0.0022369801408671833,21.12040066290605,4.509141155261541
874,2,1,0,1,13,H_M+S+E+T1+T3+T4,2.140963025208904,3.020891808290589,2.5673297296658335,2.5913886197565694,2.5204220549887175,0.00045539032371073206,0.0006427163683447525,0.0005461814897955337,0.0005512635036890488,0.000536276353167063,22.078566744577095,3.253029092230521
882,2,0,1,1,13,H_M+Y+E+T1+T3+T4,14.25411509657897,20.117831808875508,17.096787180703483,17.253506747815486,16.791127501119938,0.002731048635109015,0.0038507293074312985,0.003273439651635194,0.0033039251223874835,0.0032139904653626563,21.646740268035995,4.801806932655984
890,2,1,1,1,13,H_M+S+Y+E+T1+T3+T4,1.5502073697818837,2.18695993699186,1.8586738511267125,1.8762333658337083,1.8244417663477144,0.000451611676261209,0.0006371839846415802,0.0005415152464170366,0.0005466307167675263,0.0005315444017107998,22.254963345968076,3.051429073669059
898,2,0,0,0,14,H_M+T2+T3+T4,201.41348700340032,285.7875932380066,242.6029117567003,244.02162125422169,239.80622737543135,0.011162890033331643,0.015774171954021542,0.013408393128292919,0.013493135192712823,0.013241685261399096,14.280312276519707,13.166863713582714
906,2,1,0,0,14,H_M+S+T2+T3+T4,2.2203209349658426,3.1567430565729873,2.6775919283840324,2.6950529894849384,2.643229733236779,0.0003455009080878303,0.0004913365523089945,0.00041671967956830687,0.00041944964339196515,0.00041134605195689407,15.365086165763147,3.374375496936576
914,2,0,1,0,14,H_M+Y+T2+T3+T4,22.254752862735913,31.635295295607918,26.836197326158196,27.005088719045204,26.503619335378964,0.0008628512150538919,0.001229480758167859,0.0010421362176701381,0.0010484059591289172,0.0010298015516256734,14.940754860837979,6.7163812002622105
922,2,1,1,0,14,H_M+S+Y+T2+T3+T4,1.5731995236238026,2.2362642089740348,1.8969306373863355,1.9094586429070224,1.87228426151045,0.0004721608942220928,0.0006712274987479737,0.0005693576837713277,0.0005731083050598985,0.000561978692751261,15.555264308434294,3.1020045598204633
930,2,0,0,1,14,H_M+E+T2+T3+T4,32.25207032585534,45.547448873979825,38.7019297125045,39.04839231835575,38.025912893707414,0.004086484139351581,0.005771674484957168,0.0049042580582592905,0.0049474021154616524,0.0048199956637462365,21.12596660965146,4.553243202251714
938,2,1,0,1,14,H_M+S+E+T2+T3+T4,2.140963025208904,3.020891808290589,2.5673297296658335,2.5913886197565694,2.5204220549887175,0.00045539032371073206,0.0006427163683447525,0.0005461814897955337,0.0005512635036890488,0.000536276353167063,22.078566744577095,3.253029092230521
946,2,0,1,1,14,H_M+Y+E+T2+T3+T4,14.60597720331299,20.614384675324526,17.518802737649235,17.67934706087924,17.20568127973662,0.0021698624316784,0.0030627605831577915,0.002602842743540908,0.002626374810782848,0.002556937954597536,21.642706288195132,4.847374639290777
954,2,1,1,1,14,H_M+S+Y+E+T2+T3+T4,1.5502073697818837,2.18695993699186,1.8586738511267125,1.8762333658337083,1.8244417663477144,0.000451611676261209,0.0006371839846415802,0.0005415152464170366,0.0005466307167675263,0.0005315444017107998,22.254963345968076,3.051429073669059
962,2,0,0,0,15,H_M+T1+T2+T3+T4,186.38266285782996,264.50137661219577,224.5209961155147,225.8357261526455,221.92939746771017,0.018659356004764635,0.026418962710638292,0.02244372279145067,0.022570537529515874,0.022193653375406706,14.27615932952231,12.876518123467326
970,2,1,0,0,15,H_M+S+T1+T2+T3+T4,2.2203209349658426,3.1567430565729873,2.6775919283840324,2.6950529894849384,2.643229733236779,0.0003455009080878303,0.0004913365523089945,0.00041671967956830687,0.00041944964339196515,0.00041134605195689407,15.365086165763147,3.374375496936576
978,2,0,1,0,15,H_M+Y+T1+T2+T3+T4,20.552842937951713,29.217427889981966,24.78466773483903,24.940842156155796,24.477135596184898,0.0021622489773274133,0.003074121608671454,0.0026077020090185363,0.0026237346757821568,0.002576127917557322,14.949573234101722,6.488952099178494
986,2,1,1,0,15,H_M+S+Y+T1+T2+T3+T4,1.5731995236238026,2.2362642089740348,1.8969306373863355,1.9094586429070224,1.87228426151045,0.0004721608942220928,0.0006712274987479737,0.0005693576837713277,0.0005731083050598985,0.000561978692751261,15.555264308434294,3.1020045598204633
994,2,0,0,1,15,H_M+E+T1+T2+T3+T4,30.95803724747608,43.71999601801335,37.14908255819131,37.48179343342629,36.499904945914395,0.0025592501999660983,0.003617694536829884,0.0030733522490051183,0.0030995014116965707,0.0030222566594091454,21.133275374914177,4.496693067969619
1002,2,1,0,1,15,H_M+S+E+T1+T2+T3+T4,2.140963025208904,3.020891808290589,2.5673297296658335,2.5913886197565694,2.5204220549887175,0.00045539032371073206,0.0006427163683447525,0.0005461814897955337,0.0005512635036890488,0.000536276353167063,22.078566744577095,3.253029092230521
1010,2,0,1,1,15,H_M+Y+E+T1+T2+T3+T4,13.926453674875038,19.655320964465222,16.703729596200763,16.856908101253836,16.404978578675895,0.0033631072603145192,0.004742732843461388,0.004031532756306414,0.004068898028355511,0.0039586584656363805,21.654207115963015,4.768144506100492
1018,2,1,1,1,15,H_M+S+Y+E+T1+T2+T3+T4,1.5502073697818837,2.18695993699186,1.8586738511267125,1.8762333658337083,1.8244417663477144,0.000451611676261209,0.0006371839846415802,0.0005415152464170366,0.0005466307167675263,0.0005315444017107998,22.254963345968076,3.051429073669059
3,3,0,0,0,0,H_T+H_M,11649.064606053069,16536.000897530976,14035.669916970966,14113.821365540765,13881.581779898888,3.4530646145074058,4.910572314033786,4.165505619007824,4.187415237716332,4.122284586737715,13.644980559564296,13.745829716539639
11,3,1,0,0,0,H_T+H_M+S,2.2203209349658426,3.1567430565729873,2.6775919283840324,2.6950529894849384,2.643229733236779,0.0003455009080878303,0.0004913365523089945,0.00041671967956830687,0.00041944964339196515,0.00041134605195689407,15.365086165763147,3.374375496936576
19,3,0,1,0,0,H_T+H_M+Y,200.37846397856708,283.44547940948445,240.863254539341,242.30126571189405,238.02735334032036,0.03315420089369616,0.047132068806868134,0.03998198366923625,0.040226221058603816,0.039501210612511724,14.956352435352278,17.24386658199755
27,3,1,1,0,0,H_T+H_M+S+Y,1.5731995236238026,2.2362642089740348,1.8969306373863355,1.9094586429070224,1.87228426151045,0.0004721608942220928,0.0006712274987479737,0.0005693576837713277,0.0005731083050598985,0.000561978692751261,15.555264308434294,3.1020045598204633
35,3,0,0,1,0,H_T+H_M+E,1234.2133349766996,1741.7037833650854,1480.5180654243625,1493.0100686722608,1456.103878666021,0.11394373128478327,0.1609981657802317,0.13679567943807458,0.13795316224407114,0.1345333734490828,20.308696055692977,10.624954489007484
43,3,1,0,1,0,H_T+H_M+S+E,2.140963025208904,3.020891808290589,2.5673297296658335,2.5913886197565694,2.5204220549887175,0.00045539032371073206,0.0006427163683447525,0.0005461814897955337,0.0005512635036890488,0.000536276353167063,22.078566744577095,3.253029092230521
51,3,0,1,1,0,H_T+H_M+Y+E,26.26856532198946,37.07405177872432,31.50796493896043,31.793160917998193,30.951567175581683,0.0022435477529312866,0.003165225847610075,0.0026903534901368863,0.0027147568393236865,0.0026427170502562576,21.437310525804087,6.157043713875842
59,3,1,1,1,0,H_T+H_M+S+Y+E,1.5502073697818837,2.18695993699186,1.8586738511267125,1.8762333658337083,1.8244417663477144,0.000451611676261209,0.0006371839846415802,0.0005415152464170366,0.0005466307167675263,0.0005315444017107998,22.254963345968076,3.051429073669059
67,3,0,0,0,1,H_T+H_M+T1,368.7526870839615,522.942647899282,444.00936558868915,446.5771011156264,438.9466863757628,0.025587806978142367,0.036251400866254314,0.030790938355095172,0.03096353880533946,0.030452221699808924,14.218254778267967,14.521116751244243
75,3,1,0,0,1,H_T+H_M+S+T1,2.2203209349658426,3.1567430565729873,2.6775919283840324,2.6950529894849384,2.643229733236779,0.0003455009080878303,0.0004913365523089945,0.00041671967956830687,0.00041944964339196515,0.00041134605195689407,15.365086165763147,3.374375496936576
83,3,0,1,0,1,H_T+H_M+Y+T1,21.206884351599836,30.14691572871629,25.573237656888896,25.73428582698928,25.256106365577207,0.0014324894430542776,0.0020372296997750064,0.0017279930512842274,0.0017383541479447592,0.0017075905412639119,14.94348511636462,6.557194323136258
91,3,1,1,0,1,H_T+H_M+S+Y+T1,1.5731995236238026,2.2362642089740348,1.8969306373863355,1.9094586429070224,1.87228426151045,0.0004721608942220928,0.0006712274987479737,0.0005693576837713277,0.0005731083050598985,0.000561978692751261,15.555264308434294,3.1020045598204633
99,3,0,0,1,1,H_T+H_M+E+T1,34.990605337843334,49.4195629889636,41.99105787851272,42.36577305015827,41.25987353385693,0.0017072770453386474,0.0024064839367189035,0.002045856519707756,0.002065156103791088,0.002008242845688065,21.054466108276575,4.448144480120792
107,3,1,0,1,1,H_T+H_M+S+E+T1,2.140963025208904,3.020891808290589,2.5673297296658335,2.5913886197565694,2.5204220549887175,0.00045539032371073206,0.0006427163683447525,0.0005461814897955337,0.0005512635036890488,0.000536276353167063,22.078566744577095,3.253029092230521
115,3,0,1,1,1,H_T+H_M+Y+E+T1,14.25411509657897,20.117831808875508,17.096787180703483,17.253506747815486,16.791127501119938,0.002731048635109015,0.0038507293074312985,0.003273439651635194,0.0033039251223874835,0.0032139904653626563,21.646740268035995,4.801806932655984
123,3,1,1,1,1,H_T+H_M+S+Y+E+T1,1.5502073697818837,2.18695993699186,1.8586738511267125,1.8762333658337083,1.8244417663477144,0.000451611676261209,0.0006371839846415802,0.0005415152464170366,0.0005466307167675263,0.0005315444017107998,22.254963345968076,3.051429073669059
131,3,0,0,0,2,H_T+H_M+T2,374.9071311037992,531.6249719209632,451.39442758709095,454.0041883060559,446.2487749826025,0.05265910797951366,0.07508579113880316,0.06363905968981978,0.06396057787011937,0.0630040394243254,14.226117651199777,14.647508711964209
139,3,1,0,0,2,H_T+H_M+S+T2,2.2203209349658426,3.1567430565729873,2.6775919283840324,2.6950529894849384,2.643229733236779,0.0003455009080878303,0.0004913365523089945,0.00041671967956830687,0.00041944964339196515,0.00041134605195689407,15.365086165763147,3.374375496936576
147,3,0,1,0,2,H_T+H_M+Y+T2,22.256024408912015,31.63710511606562,26.83773196104329,27.00663266240353,26.50513562885865,0.0008880426874490749,0.001265425681622184,0.0010726017353459572,0.0010789875972397453,0.0010600305075085664,14.94071897458979,6.716268462305028
155,3,1,1,0,2,H_T+H_M+S+Y+T2,1.5731995236238026,2.2362642089740348,1.8969306373863355,1.9094586429070224,1.87228426151045,0.0004721608942220928,0.0006712274987479737,0.0005693576837713277,0.0005731083050598985,0.000561978692751261,15.555264308434294,3.1020045598204633
163,3,0,0,1,2,H_T+H_M+E+T2,35.51110964848899,50.15434987780233,42.615497185926756,42.99579297487751,41.87342311539302,0.0030720606960998177,0.004337265604598849,0.003685758144932876,0.00371869927886876,0.0036214003689852363,21.05627352789949,4.481215661669661
171,3,1,0,1,2,H_T+H_M+S+E+T2,2.140963025208904,3.020891808290589,2.5673297296658335,2.5913886197565694,2.5204220549887175,0.00045539032371073206,0.0006427163683447525,0.0005461814897955337,0.0005512635036890488,0.000536276353167063,22.078566744577095,3.253029092230521
179,3,0,1,1,2,H_T+H_M+Y+E+T2,14.607248749489093,20.616180613174958,17.520328713086226,17.680886634988553,17.207180717746805,0.0021282002133012324,0.0030039506258558537,0.0025528693526858243,0.0025759346225140306,0.002507874881597256,21.642652530671878,4.8473657766710305
187,3,1,1,1,2,H_T+H_M+S+Y+E+T2,1.5502073697818837,2.18695993699186,1.8586738511267125,1.8762333658337083,1.8244417663477144,0.000451611676261209,0.0006371839846415802,0.0005415152464170366,0.0005466307167675263,0.0005315444017107998,22.254963345968076,3.051429073669059
195,3,0,0,0,3,H_T+H_M+T1+T2,349.873963981487,496.1577227291451,421.2707383366722,423.7086932631772,416.46392992168956,0.05164907192520028,0.07330370928651314,0.06222262536013819,0.06257583632478783,0.0615277533931055,14.229870435857617,14.538106508751726
203,3,1,0,0,3,H_T+H_M+S+T1+T2,2.2203209349658426,3.1567430565729873,2.6775919283840324,2.6950529894849384,2.643229733236779,0.0003455009080878303,0.0004913365523089945,0.00041671967956830687,0.00041944964339196515,0.00041134605195689407,15.365086165763147,3.374375496936576
211,3,0,1,0,3,H_T+H_M+Y+T1+T2,20.552842937951713,29.217427889981966,24.78466773483903,24.940842156155796,24.477135596184898,0.0021622489773274133,0.003074121608671454,0.0026077020090185363,0.0026237346757821568,0.002576127917557322,14.949573234101722,6.488952099178494
219,3,1,1,0,3,H_T+H_M+S+Y+T1+T2,1.5731995236238026,2.2362642089740348,1.8969306373863355,1.9094586429070224,1.87228426151045,0.0004721608942220928,0.0006712274987479737,0.0005693576837713277,0.0005731083050598985,0.000561978692751261,15.555264308434294,3.1020045598204633
227,3,0,0,1,3,H_T+H_M+E+T1+T2,33.41388461502489,47.19133379069558,40.09802737567543,40.45629071218675,39.398962306015655,0.002253766332976379,0.0031825324898810915,0.0027044568857509414,0.0027281181038792536,0.0026582389491114876,21.080420207308638,4.447898991937983
235,3,1,0,1,3,H_T+H_M+S+E+T1+T2,2.140963025208904,3.020891808290589,2.5673297296658335,2.5913886197565694,2.5204220549887175,0.00045539032371073206,0.0006427163683447525,0.0005461814897955337,0.0005512635036890488,0.000536276353167063,22.078566744577095,3.253029092230521
243,3,0,1,1,3,H_T+H_M+Y+E+T1+T2,13.926453674875038,19.655320964465222,16.703729596200763,16.856908101253836,16.404978578675895,0.0033631072603145192,0.004742732843461388,0.004031532756306414,0.004068898028355511,0.0039586584656363805,21.654207115963015,4.768144506100492
251,3,1,1,1,3,H_T+H_M+S+Y+E+T1+T2,1.5502073697818837,2.18695993699186,1.8586738511267125,1.8762333658337083,1.8244417663477144,0.000451611676261209,0.0006371839846415802,0.0005415152464170366,0.0005466307167675263,0.0005315444017107998,22.254963345968076,3.051429073669059
259,3,0,0,0,4,H_T+H_M+T3,470.37282863396524,666.2115101984992,565.8975109989009,569.1586169141815,559.4656207253245,0.02752967129355366,0.03880614560065291,0.03301865242306585,0.03318006809628795,0.032699745142084145,14.34049020570605,16.339615612984403
267,3,1,0,0,4,H_T+H_M+S+T3,2.2203209349658426,3.1567430565729873,2.6775919283840324,2.6950529894849384,2.643229733236779,0.0003455009080878303,0.0004913365523089945,0.00041671967956830687,0.00041944964339196515,0.00041134605195689407,15.365086165763147,3.374375496936576
275,3,0,1,0,4,H_T+H_M+Y+T3,57.3709890652744,81.44337853867067,69.12205171463489,69.54946362676091,68.28009776530274,0.006849831800824087,0.0097420766373161,0.008263009493126264,0.008313217480163752,0.008164170118481326,14.909363033454673,10.64381710369589
283,3,1,1,0,4,H_T+H_M+S+Y+T3,1.5731995236238026,2.2362642089740348,1.8969306373863355,1.9094586429070224,1.87228426151045,0.0004721608942220928,0.0006712274987479737,0.0005693576837713277,0.0005731083050598985,0.000561978692751261,15.555264308434294,3.1020045598204633
291,3,0,0,1,4,H_T+H_M+E+T3,45.45224563936402,64.19007171540801,54.54316325425857,55.028802577717464,53.59547068767648,0.002609647004270556,0.003684627236147159,0.0031312879290173227,0.003158542042551907,0.0030780466347706693,21.033816212968368,5.071875976809056
299,3,1,0,1,4,H_T+H_M+S+E+T3,2.140963025208904,3.020891808290589,2.5673297296658335,2.5913886197565694,2.5204220549887175,0.00045539032371073206,0.0006427163683447525,0.0005461814897955337,0.0005512635036890488,0.000536276353167063,22.078566744577095,3.253029092230521
307,3,0,1,1,4,H_T+H_M+Y+E+T3,21.243417957287924,29.98237657826957,25.480472736878486,25.712360552801712,25.02813497717708,0.0029434304468057256,0.004154336009985469,0.003530766507499584,0.0035621318505830455,0.003469520915827731,21.52449112788546,5.584253508800536
315,3,1,1,1,4,H_T+H_M+S+Y+E+T3,1.5502073697818837,2.18695993699186,1.8586738511267125,1.8762333658337083,1.8244417663477144,0.000451611676261209,0.0006371839846415802,0.0005415152464170366,0.0005466307167675263,0.0005315444017107998,22.254963345968076,3.051429073669059
323,3,0,0,0,5,H_T+H_M+T1+T3,203.32041101660386,288.51275443268156,244.9106462876296,246.34271217498554,242.08766901431787,0.006826591123062162,0.009691107117606887,0.00822619299314655,0.008267544710938457,0.008144815896382674,14.270475388761781,13.057270112349203
331,3,1,0,0,5,H_T+H_M+S+T1+T3,2.2203209349658426,3.1567430565729873,2.6775919283840324,2.6950529894849384,2.643229733236779,0.0003455009080878303,0.0004913365523089945,0.00041671967956830687,0.00041944964339196515,0.00041134605195689407,15.365086165763147,3.374375496936576
339,3,0,1,0,5,H_T+H_M+Y+T1+T3,21.206884351599836,30.14691572871629,25.573237656888896,25.73428582698928,25.256106365577207,0.0014324894430542776,0.0020372296997750064,0.0017279930512842274,0.0017383541479447592,0.0017075905412639119,14.94348511636462,6.557194323136258
347,3,1,1,0,5,H_T+H_M+S+Y+T1+T3,1.5731995236238026,2.2362642089740348,1.8969306373863355,1.9094586429070224,1.87228426151045,0.0004721608942220928,0.0006712274987479737,0.0005693576837713277,0.0005731083050598985,0.000561978692751261,15.555264308434294,3.1020045598204633
355,3,0,0,1,5,H_T+H_M+E+T1+T3,32.60571043632905,46.04838233764074,39.127223466944116,39.47717374688958,38.44439046665953,0.0019247389756370176,0.00272056965621519,0.002311159031212335,0.0023312160955653617,0.002271982754972425,21.1042488034636,4.489184556358517
363,3,1,0,1,5,H_T+H_M+S+E+T1+T3,2.140963025208904,3.020891808290589,2.5673297296658335,2.5913886197565694,2.5204220549887175,0.00045539032371073206,0.0006427163683447525,0.0005461814897955337,0.0005512635036890488,0.000536276353167063,22.078566744577095,3.253029092230521
371,3,0,1,1,5,H_T+H_M+Y+E+T1+T3,14.25411509657897,20.117831808875508,17.096787180703483,17.253506747815486,16.791127501119938,0.002731048635109015,0.0038507293074312985,0.003273439651635194,0.0033039251223874835,0.0032139904653626563,21.646740268035995,4.801806932655984
379,3,1,1,1,5,H_T+H_M+S+Y+E+T1+T3,1.5502073697818837,2.18695993699186,1.8586738511267125,1.8762333658337083,1.8244417663477144,0.000451611676261209,0.0006371839846415802,0.0005415152464170366,0.0005466307167675263,0.0005315444017107998,22.254963345968076,3.051429073669059
387,3,0,0,0,6,H_T+H_M+T2+T3,215.40274078856856,305.6115936929772,259.4390258270044,260.95426193369866,256.4519756573262,0.01219739745385251,0.01730569062670777,0.014693179979400036,0.014760317303463864,0.014560893662229846,14.275957538621624,13.336724216722393
395,3,1,0,0,6,H_T+H_M+S+T2+T3,2.2203209349658426,3.1567430565729873,2.6775919283840324,2.6950529894849384,2.643229733236779,0.0003455009080878303,0.0004913365523089945,0.00041671967956830687,0.00041944964339196515,0.00041134605195689407,15.365086165763147,3.374375496936576
403,3,0,1,0,6,H_T+H_M+Y+T2+T3,22.256024408912015,31.63710511606562,26.83773196104329,27.00663266240353,26.50513562885865,0.0008880426874490749,0.001265425681622184,0.0010726017353459572,0.0010789875972397453,0.0010600305075085664,14.94071897458979,6.716268462305028
411,3,1,1,0,6,H_T+H_M+S+Y+T2+T3,1.5731995236238026,2.2362642089740348,1.8969306373863355,1.9094586429070224,1.87228426151045,0.0004721608942220928,0.0006712274987479737,0.0005693576837713277,0.0005731083050598985,0.000561978692751261,15.555264308434294,3.1020045598204633
419,3,0,0,1,6,H_T+H_M+E+T2+T3,33.0753029381475,46.71116138888633,39.690501223351475,40.04551278163429,38.9977926048568,0.003394301962952119,0.004791556024478183,0.004071965378436292,0.004108517301266624,0.004000616722320749,21.107148131962337,4.529017771690673
427,3,1,0,1,6,H_T+H_M+S+E+T2+T3,2.140963025208904,3.020891808290589,2.5673297296658335,2.5913886197565694,2.5204220549887175,0.00045539032371073206,0.0006427163683447525,0.0005461814897955337,0.0005512635036890488,0.000536276353167063,22.078566744577095,3.253029092230521
435,3,0,1,1,6,H_T+H_M+Y+E+T2+T3,14.607248749489093,20.616180613174958,17.520328713086226,17.680886634988553,17.207180717746805,0.0021282002133012324,0.0030039506258558537,0.0025528693526858243,0.0025759346225140306,0.002507874881597256,21.642652530671878,4.8473657766710305
443,3,1,1,1,6,H_T+H_M+S+Y+E+T2+T3,1.5502073697818837,2.18695993699186,1.8586738511267125,1.8762333658337083,1.8244417663477144,0.000451611676261209,0.0006371839846415802,0.0005415152464170366,0.0005466307167675263,0.0005315444017107998,22.254963345968076,3.051429073669059
451,3,0,0,0,7,H_T+H_M+T1+T2+T3,199.77851779592018,283.4841442288829,240.64276818253435,242.04997770600482,237.8687856112692,0.012691321299767607,0.018017738406722696,0.015292893012788779,0.015374871358187499,0.015131162605201216,14.272524099666388,13.075935833210547
459,3,1,0,0,7,H_T+H_M+S+T1+T2+T3,2.2203209349658426,3.1567430565729873,2.6775919283840324,2.6950529894849384,2.643229733236779,0.0003455009080878303,0.0004913365523089945,0.00041671967956830687,0.00041944964339196515,0.00041134605195689407,15.365086165763147,3.374375496936576
467,3,0,1,0,7,H_T+H_M+Y+T1+T2+T3,20.552842937951713,29.217427889981966,24.78466773483903,24.940842156155796,24.477135596184898,0.0021622489773274133,0.003074121608671454,0.0026077020090185363,0.0026237346757821568,0.002576127917557322,14.949573234101722,6.488952099178494
475,3,1,1,0,7,H_T+H_M+S+Y+T1+T2+T3,1.5731995236238026,2.2362642089740348,1.8969306373863355,1.9094586429070224,1.87228426151045,0.0004721608942220928,0.0006712274987479737,0.0005693576837713277,0.0005731083050598985,0.000561978692751261,15.555264308434294,3.1020045598204633
483,3,0,0,1,7,H_T+H_M+E+T1+T2+T3,31.603401912036414,44.63226005931633,37.924052154714246,38.26347101428311,37.261777427787884,0.0032669532919676254,0.00461704416502934,0.003922475466242616,0.003956448708100491,0.0038561291158725813,21.11806223407826,4.478066374276526
491,3,1,0,1,7,H_T+H_M+S+E+T1+T2+T3,2.140963025208904,3.020891808290589,2.5673297296658335,2.5913886197565694,2.5204220549887175,0.00045539032371073206,0.0006427163683447525,0.0005461814897955337,0.0005512635036890488,0.000536276353167063,22.078566744577095,3.253029092230521
499,3,0,1,1,7,H_T+H_M+Y+E+T1+T2+T3,13.926453674875038,19.655320964465222,16.703729596200763,16.856908101253836,16.404978578675895,0.0033631072603145192,0.004742732843461388,0.004031532756306414,0.004068898028355511,0.0039586584656363805,21.654207115963015,4.768144506100492
507,3,1,1,1,7,H_T+H_M+S+Y+E+T1+T2+T3,1.5502073697818837,2.18695993699186,1.8586738511267125,1.8762333658337083,1.8244417663477144,0.000451611676261209,0.0006371839846415802,0.0005415152464170366,0.0005466307167675263,0.0005315444017107998,22.254963345968076,3.051429073669059
515,3,0,0,0,8,H_T+H_M+T4,475.2672716841831,673.1063800079198,571.7649620494133,575.0598073579422,565.2664413243299,0.09609903603706065,0.13617898843046577,0.11565424125642855,0.11632746849463448,0.11432614240123025,14.34765419323411,16.415227725463442
523,3,1,0,0,8,H_T+H_M+S+T4,2.2203209349658426,3.1567430565729873,2.6775919283840324,2.6950529894849384,2.643229733236779,0.0003455009080878303,0.0004913365523089945,0.00041671967956830687,0.00041944964339196515,0.00041134605195689407,15.365086165763147,3.374375496936576
531,3,0,1,0,8,H_T+H_M+Y+T4,61.66386418950858,87.52454490901451,74.28714228378001,74.74570318070916,73.38378893468828,0.008119033317388896,0.011537660830605258,0.009789028345294718,0.009847092313203602,0.009674575267777806,14.90839275221643,10.994193861747501
539,3,1,1,0,8,H_T+H_M+S+Y+T4,1.5731995236238026,2.2362642089740348,1.8969306373863355,1.9094586429070224,1.87228426151045,0.0004721608942220928,0.0006712274987479737,0.0005693576837713277,0.0005731083050598985,0.000561978692751261,15.555264308434294,3.1020045598204633
547,3,0,0,1,8,H_T+H_M+E+T4,46.22161470919954,65.27655073332193,55.46643010032698,55.96010529073575,54.50304789214866,0.0036257369352570784,0.005125380921186844,0.004354027812156683,0.004391447356448033,0.004281006183817542,21.027850256384102,5.114556763010303
555,3,1,0,1,8,H_T+H_M+S+E+T4,2.140963025208904,3.020891808290589,2.5673297296658335,2.5913886197565694,2.5204220549887175,0.00045539032371073206,0.0006427163683447525,0.0005461814897955337,0.0005512635036890488,0.000536276353167063,22.078566744577095,3.253029092230521
563,3,0,1,1,8,H_T+H_M+Y+E+T4,21.678823716567464,30.59686475558398,26.00273589924443,26.239265585179428,25.541338189375985,0.004346272364422791,0.006133518676678982,0.005212965025824975,0.005259726094860669,0.005121674357084671,21.51679747184017,5.635109634271582
571,3,1,1,1,8,H_T+H_M+S+Y+E+T4,1.5502073697818837,2.18695993699186,1.8586738511267125,1.8762333658337083,1.8244417663477144,0.000451611676261209,0.0006371839846415802,0.0005415152464170366,0.0005466307167675263,0.0005315444017107998,22.254963345968076,3.051429073669059
579,3,0,0,0,9,H_T+H_M+T1+T4,192.95185343853564,273.8282096151463,232.43681857069433,233.7975183619894,229.75460361803823,0.012594547461098357,0.017849657169402608,0.015158581745965627,0.015242573102992285,0.014992577579170515,14.270764573358033,12.851165240224546
587,3,1,0,0,9,H_T+H_M+S+T1+T4,2.2203209349658426,3.1567430565729873,2.6775919283840324,2.6950529894849384,2.643229733236779,0.0003455009080878303,0.0004913365523089945,0.00041671967956830687,0.00041944964339196515,0.00041134605195689407,15.365086165763147,3.374375496936576
595,3,0,1,0,9,H_T+H_M+Y+T1+T4,21.206884351599836,30.14691572871629,25.573237656888896,25.73428582698928,25.256106365577207,0.0014324894430542776,0.0020372296997750064,0.0017279930512842274,0.0017383541479447592,0.0017075905412639119,14.94348511636462,6.557194323136258
603,3,1,1,0,9,H_T+H_M+S+Y+T1+T4,1.5731995236238026,2.2362642089740348,1.8969306373863355,1.9094586429070224,1.87228426151045,0.0004721608942220928,0.0006712274987479737,0.0005693576837713277,0.0005731083050598985,0.000561978692751261,15.555264308434294,3.1020045598204633
611,3,0,0,1,9,H_T+H_M+E+T1+T4,32.314527359402085,45.63677534279514,38.777563587794155,39.124485434277126,38.10064346854647,0.002179810974458168,0.0030805707820370128,0.0026172262051897426,0.002639607260225649,0.002573506185485108,21.11061545708056,4.499156494297338
619,3,1,0,1,9,H_T+H_M+S+E+T1+T4,2.140963025208904,3.020891808290589,2.5673297296658335,2.5913886197565694,2.5204220549887175,0.00045539032371073206,0.0006427163683447525,0.0005461814897955337,0.0005512635036890488,0.000536276353167063,22.078566744577095,3.253029092230521
627,3,0,1,1,9,H_T+H_M+Y+E+T1+T4,14.25411509657897,20.117831808875508,17.096787180703483,17.253506747815486,16.791127501119938,0.002731048635109015,0.0038507293074312985,0.003273439651635194,0.0033039251223874835,0.0032139904653626563,21.646740268035995,4.801806932655984
635,3,1,1,1,9,H_T+H_M+S+Y+E+T1+T4,1.5502073697818837,2.18695993699186,1.8586738511267125,1.8762333658337083,1.8244417663477144,0.000451611676261209,0.0006371839846415802,0.0005415152464170366,0.0005466307167675263,0.0005315444017107998,22.254963345968076,3.051429073669059
643,3,0,0,0,10,H_T+H_M+T2+T4,204.5532771784257,290.2451264751657,246.38619101338682,247.826791502617,243.54635362467266,0.03032421217032263,0.04300299212916062,0.03651156362415054,0.036724019162581514,0.036092766269228735,14.277307267210777,13.158391039070526
651,3,1,0,0,10,H_T+H_M+S+T2+T4,2.2203209349658426,3.1567430565729873,2.6775919283840324,2.6950529894849384,2.643229733236779,0.0003455009080878303,0.0004913365523089945,0.00041671967956830687,0.00041944964339196515,0.00041134605195689407,15.365086165763147,3.374375496936576
659,3,0,1,0,10,H_T+H_M+Y+T2+T4,22.254752862735913,31.635295295607918,26.836197326158196,27.005088719045204,26.503619335378964,0.0008628512150538919,0.001229480758167859,0.0010421362176701381,0.0010484059591289172,0.0010298015516256734,14.940754860837979,6.7163812002622105
667,3,1,1,0,10,H_T+H_M+S+Y+T2+T4,1.5731995236238026,2.2362642089740348,1.8969306373863355,1.9094586429070224,1.87228426151045,0.0004721608942220928,0.0006712274987479737,0.0005693576837713277,0.0005731083050598985,0.000561978692751261,15.555264308434294,3.1020045598204633
675,3,0,0,1,10,H_T+H_M+E+T2+T4,32.5158361140832,45.9202740752973,39.0186518013253,39.36785820629552,38.3372778371577,0.004565065297881991,0.00645103022873063,0.0054807542957218975,0.005528119568721195,0.005388244977973708,21.120197142907706,4.548794338145888
683,3,1,0,1,10,H_T+H_M+S+E+T2+T4,2.140963025208904,3.020891808290589,2.5673297296658335,2.5913886197565694,2.5204220549887175,0.00045539032371073206,0.0006427163683447525,0.0005461814897955337,0.0005512635036890488,0.000536276353167063,22.078566744577095,3.253029092230521
691,3,0,1,1,10,H_T+H_M+Y+E+T2+T4,14.60597720331299,20.614384675324526,17.518802737649235,17.67934706087924,17.20568127973662,0.0021698624316784,0.0030627605831577915,0.002602842743540908,0.002626374810782848,0.002556937954597536,21.642706288195132,4.847374639290777
699,3,1,1,1,10,H_T+H_M+S+Y+E+T2+T4,1.5502073697818837,2.18695993699186,1.8586738511267125,1.8762333658337083,1.8244417663477144,0.000451611676261209,0.0006371839846415802,0.0005415152464170366,0.0005466307167675263,0.0005315444017107998,22.254963345968076,3.051429073669059
707,3,0,0,0,11,H_T+H_M+T1+T2+T4,189.34392551389746,268.7050129717914,228.0889128067921,229.42426567303957,225.4566580203932,0.01539810200425134,0.021777228476281614,0.018507485862478527,0.01860786726654403,0.018309118700585162,14.273150407110778,12.874910446811333
715,3,1,0,0,11,H_T+H_M+S+T1+T2+T4,2.2203209349658426,3.1567430565729873,2.6775919283840324,2.6950529894849384,2.643229733236779,0.0003455009080878303,0.0004913365523089945,0.00041671967956830687,0.00041944964339196515,0.00041134605195689407,15.365086165763147,3.374375496936576
723,3,0,1,0,11,H_T+H_M+Y+T1+T2+T4,20.552842937951713,29.217427889981966,24.78466773483903,24.940842156155796,24.477135596184898,0.0021622489773274133,0.003074121608671454,0.0026077020090185363,0.0026237346757821568,0.002576127917557322,14.949573234101722,6.488952099178494
731,3,1,1,0,11,H_T+H_M+S+Y+T1+T2+T4,1.5731995236238026,2.2362642089740348,1.8969306373863355,1.9094586429070224,1.87228426151045,0.0004721608942220928,0.0006712274987479737,0.0005693576837713277,0.0005731083050598985,0.000561978692751261,15.555264308434294,3.1020045598204633
739,3,0,0,1,11,H_T+H_M+E+T1+T2+T4,31.209227979723195,44.07504694851045,37.450704746057006,37.786029552119366,36.79642362285735,0.0030644294734921197,0.004331035443047029,0.003679508166535513,0.003711070892589993,0.0036178421152996618,21.127537728651134,4.492387862140041
747,3,1,0,1,11,H_T+H_M+S+E+T1+T2+T4,2.140963025208904,3.020891808290589,2.5673297296658335,2.5913886197565694,2.5204220549887175,0.00045539032371073206,0.0006427163683447525,0.0005461814897955337,0.0005512635036890488,0.000536276353167063,22.078566744577095,3.253029092230521
755,3,0,1,1,11,H_T+H_M+Y+E+T1+T2+T4,13.926453674875038,19.655320964465222,16.703729596200763,16.856908101253836,16.404978578675895,0.0033631072603145192,0.004742732843461388,0.004031532756306414,0.004068898028355511,0.0039586584656363805,21.654207115963015,4.768144506100492
763,3,1,1,1,11,H_T+H_M+S+Y+E+T1+T2+T4,1.5502073697818837,2.18695993699186,1.8586738511267125,1.8762333658337083,1.8244417663477144,0.000451611676261209,0.0006371839846415802,0.0005415152464170366,0.0005466307167675263,0.0005315444017107998,22.254963345968076,3.051429073669059
771,3,0,0,0,12,H_T+H_M+T3+T4,444.78863818792445,629.9655835801318,535.1118455443798,538.1975924591711,529.025824810397,0.06373247902577493,0.09043660376714628,0.07677323961631954,0.07717687103832596,0.07597426831160518,14.350472246571591,16.342544181974123
779,3,1,0,0,12,H_T+H_M+S+T3+T4,2.2203209349658426,3.1567430565729873,2.6775919283840324,2.6950529894849384,2.643229733236779,0.0003455009080878303,0.0004913365523089945,0.00041671967956830687,0.00041944964339196515,0.00041134605195689407,15.365086165763147,3.374375496936576
787,3,0,1,0,12,H_T+H_M+Y+T3+T4,56.18352312364202,79.75954738292322,67.69237625597724,68.11115624342926,66.86743460127354,0.007293125427006158,0.010368867490827145,0.008795759657399593,0.008849047782565074,0.008690836486276426,14.912280338792094,10.576540919564172
795,3,1,1,0,12,H_T+H_M+S+Y+T3+T4,1.5731995236238026,2.2362642089740348,1.8969306373863355,1.9094586429070224,1.87228426151045,0.0004721608942220928,0.0006712274987479737,0.0005693576837713277,0.0005731083050598985,0.000561978692751261,15.555264308434294,3.1020045598204633
803,3,0,0,1,12,H_T+H_M+E+T3+T4,43.43878915374995,61.344595237672934,52.1257169198578,52.590479730838936,51.21878819637442,0.002795846683065244,0.003938522963834542,0.003348542127888248,0.003381657396338838,0.0032840465287288898,21.063271856137344,5.074028662573978
811,3,1,0,1,12,H_T+H_M+S+E+T3+T4,2.140963025208904,3.020891808290589,2.5673297296658335,2.5913886197565694,2.5204220549887175,0.00045539032371073206,0.0006427163683447525,0.0005461814897955337,0.0005512635036890488,0.000536276353167063,22.078566744577095,3.253029092230521
819,3,0,1,1,12,H_T+H_M+Y+E+T3+T4,20.9633099174927,29.586998431858493,25.144452732563657,25.373353673677787,24.69794446003519,0.003199590813166936,0.00451586182296045,0.0038380386300928882,0.0038720958950271803,0.0037715361755863742,21.530012148701616,5.55859880429952
827,3,1,1,1,12,H_T+H_M+S+Y+E+T3+T4,1.5502073697818837,2.18695993699186,1.8586738511267125,1.8762333658337083,1.8244417663477144,0.000451611676261209,0.0006371839846415802,0.0005415152464170366,0.0005466307167675263,0.0005315444017107998,22.254963345968076,3.051429073669059
835,3,0,0,0,13,H_T+H_M+T1+T3+T4,189.72876072709454,269.25170350146857,228.5527759826431,229.8910132640206,225.91484175718497,0.011405653412832959,0.016109221153314784,0.01369688385956622,0.01377515621579196,0.013542805690287018,14.274400840491213,12.863016887530748
843,3,1,0,0,13,H_T+H_M+S+T1+T3+T4,2.2203209349658426,3.1567430565729873,2.6775919283840324,2.6950529894849384,2.643229733236779,0.0003455009080878303,0.0004913365523089945,0.00041671967956830687,0.00041944964339196515,0.00041134605195689407,15.365086165763147,3.374375496936576
851,3,0,1,0,13,H_T+H_M+Y+T1+T3+T4,21.206884351599836,30.14691572871629,25.573237656888896,25.73428582698928,25.256106365577207,0.0014324894430542776,0.0020372296997750064,0.0017279930512842274,0.0017383541479447592,0.0017075905412639119,14.94348511636462,6.557194323136258
859,3,1,1,0,13,H_T+H_M+S+Y+T1+T3+T4,1.5731995236238026,2.2362642089740348,1.8969306373863355,1.9094586429070224,1.87228426151045,0.0004721608942220928,0.0006712274987479737,0.0005693576837713277,0.0005731083050598985,0.000561978692751261,15.555264308434294,3.1020045598204633
867,3,0,0,1,13,H_T+H_M+E+T1+T3+T4,31.903001501675874,45.05504060524008,38.28338176710282,38.62603420646577,37.614797835258166,0.0018956362089896073,0.0026780505590695775,0.002275449849517365,0.002295138312545346,0.0022369801408671833,21.12040066290605,4.509141155261541
875,3,1,0,1,13,H_T+H_M+S+E+T1+T3+T4,2.140963025208904,3.020891808290589,2.5673297296658335,2.5913886197565694,2.5204220549887175,0.00045539032371073206,0.0006427163683447525,0.0005461814897955337,0.0005512635036890488,0.000536276353167063,22.078566744577095,3.253029092230521
883,3,0,1,1,13,H_T+H_M+Y+E+T1+T3+T4,14.25411509657897,20.117831808875508,17.096787180703483,17.253506747815486,16.791127501119938,0.002731048635109015,0.0038507293074312985,0.003273439651635194,0.0033039251223874835,0.0032139904653626563,21.646740268035995,4.801806932655984
891,3,1,1,1,13,H_T+H_M+S+Y+E+T1+T3+T4,1.5502073697818837,2.18695993699186,1.8586738511267125,1.8762333658337083,1.8244417663477144,0.000451611676261209,0.0006371839846415802,0.0005415152464170366,0.0005466307167675263,0.0005315444017107998,22.254963345968076,3.051429073669059
899,3,0,0,0,14,H_T+H_M+T2+T3+T4,201.41221156300443,285.7857968392976,242.60138281613823,244.02008640981202,239.804710160043,0.01100834616098916,0.015555888780030872,0.013222763515634632,0.013307110779930959,0.013056830649773407,14.280335243743139,13.166765087046294
907,3,1,0,0,14,H_T+H_M+S+T2+T3+T4,2.2203209349658426,3.1567430565729873,2.6775919283840324,2.6950529894849384,2.643229733236779,0.0003455009080878303,0.0004913365523089945,0.00041671967956830687,0.00041944964339196515,0.00041134605195689407,15.365086165763147,3.374375496936576
915,3,0,1,0,14,H_T+H_M+Y+T2+T3+T4,22.254752862735913,31.635295295607918,26.836197326158196,27.005088719045204,26.503619335378964,0.0008628512150538919,0.001229480758167859,0.0010421362176701381,0.0010484059591289172,0.0010298015516256734,14.940754860837979,6.7163812002622105
923,3,1,1,0,14,H_T+H_M+S+Y+T2+T3+T4,1.5731995236238026,2.2362642089740348,1.8969306373863355,1.9094586429070224,1.87228426151045,0.0004721608942220928,0.0006712274987479737,0.0005693576837713277,0.0005731083050598985,0.000561978692751261,15.555264308434294,3.1020045598204633
931,3,0,0,1,14,H_T+H_M+E+T2+T3+T4,32.25207032585534,45.547448873979825,38.7019297125045,39.04839231835575,38.025912893707414,0.004086484139351581,0.005771674484957168,0.0049042580582592905,0.0049474021154616524,0.0048199956637462365,21.12596660965146,4.553243202251714
939,3,1,0,1,14,H_T+H_M+S+E+T2+T3+T4,2.140963025208904,3.020891808290589,2.5673297296658335,2.5913886197565694,2.5204220549887175,0.00045539032371073206,0.0006427163683447525,0.0005461814897955337,0.0005512635036890488,0.000536276353167063,22.078566744577095,3.253029092230521
947,3,0,1,1,14,H_T+H_M+Y+E+T2+T3+T4,14.60597720331299,20.614384675324526,17.518802737649235,17.67934706087924,17.20568127973662,0.0021698624316784,0.0030627605831577915,0.002602842743540908,0.002626374810782848,0.002556937954597536,21.642706288195132,4.847374639290777
955,3,1,1,1,14,H_T+H_M+S+Y+E+T2+T3+T4,1.5502073697818837,2.18695993699186,1.8586738511267125,1.8762333658337083,1.8244417663477144,0.000451611676261209,0.0006371839846415802,0.0005415152464170366,0.0005466307167675263,0.0005315444017107998,22.254963345968076,3.051429073669059
963,3,0,0,0,15,H_T+H_M+T1+T2+T3+T4,186.38266285782996,264.50137661219577,224.5209961155147,225.8357261526455,221.92939746771017,0.018659356004764635,0.026418962710638292,0.02244372279145067,0.022570537529515874,0.022193653375406706,14.27615932952231,12.876518123467326
971,3,1,0,0,15,H_T+H_M+S+T1+T2+T3+T4,2.2203209349658426,3.1567430565729873,2.6775919283840324,2.6950529894849384,2.643229733236779,0.0003455009080878303,0.0004913365523089945,0.00041671967956830687,0.00041944964339196515,0.00041134605195689407,15.365086165763147,3.374375496936576
979,3,0,1,0,15,H_T+H_M+Y+T1+T2+T3+T4,20.552842937951713,29.217427889981966,24.78466773483903,24.940842156155796,24.477135596184898,0.0021622489773274133,0.003074121608671454,0.0026077020090185363,0.0026237346757821568,0.002576127917557322,14.949573234101722,6.488952099178494
987,3,1,1,0,15,H_T+H_M+S+Y+T1+T2+T3+T4,1.5731995236238026,2.2362642089740348,1.8969306373863355,1.9094586429070224,1.87228426151045,0.0004721608942220928,0.0006712274987479737,0.0005693576837713277,0.0005731083050598985,0.000561978692751261,15.555264308434294,3.1020045598204633
995,3,0,0,1,15,H_T+H_M+E+T1+T2+T3+T4,30.95803724747608,43.71999601801335,37.14908255819131,37.48179343342629,36.499904945914395,0.0025592501999660983,0.003617694536829884,0.0030733522490051183,0.0030995014116965707,0.0030222566594091454,21.133275374914177,4.496693067969619
1003,3,1,0,1,15,H_T+H_M+S+E+T1+T2+T3+T4,2.140963025208904,3.020891808290589,2.5673297296658335,2.5913886197565694,2.5204220549887175,0.00045539032371073206,0.0006427163683447525,0.0005461814897955337,0.0005512635036890488,0.000536276353167063,22.078566744577095,3.253029092230521
1011,3,0,1,1,15,H_T+H_M+Y+E+T1+T2+T3+T4,13.926453674875038,19.655320964465222,16.703729596200763,16.856908101253836,16.404978578675895,0.0033631072603145192,0.004742732843461388,0.004031532756306414,0.004068898028355511,0.0039586584656363805,21.654207115963015,4.768144506100492
1019,3,1,1,1,15,H_T+H_M+S+Y+E+T1+T2+T3+T4,1.5502073697818837,2.18695993699186,1.8586738511267125,1.8762333658337083,1.8244417663477144,0.000451611676261209,0.0006371839846415802,0.0005415152464170366,0.0005466307167675263,0.0005315444017107998,22.254963345968076,3.051429073669059
4,4,0,0,0,0,H_B,136170.65429985692,187785.37928341905,160746.64141019384,161817.05630659155,158645.43930460617,0.015401266449861175,0.29768579888643926,0.206010351995542,0.11421635246658957,0.392369689488604,20.040591410392917,32.87712468369947
12,4,1,0,0,0,H_B+S,2.2203209349658426,3.099058978192001,2.639385638470692,2.6756229815913946,2.5691961320093686,0.0003455009080878303,0.0004820170035293328,0.000410535241940078,0.0004163051816768653,0.0003993685150999952,32.46906896712807,3.3747015551834103
20,4,0,1,0,0,H_B+Y,150.37464785002956,210.04083525020582,178.98019286501338,181.04188394810092,174.96683929778882,0.024085338389109538,0.03378760928407385,0.028758213059312195,0.029069703685632834,0.028151884852255428,28.418310516241682,14.912460937684028
28,4,1,1,0,0,H_B+S+Y,1.5731995236238026,2.195327508117533,1.8697635723194785,1.8956409761583504,1.8196513660653746,0.0004721608942220928,0.000659152524525482,0.0005613561721051886,0.0005690392357439232,0.0005464748839130278,32.71934238642679,3.1021327343865908
36,4,0,0,1,0,H_B+E,5910.684541157269,8160.146294690452,6977.890444321584,7056.81777543974,6824.198063908011,2.5319270162728547,3.5037909786107964,2.9939167356488086,3.028631514591506,2.9263004897055835,31.044264861880222,26.061640720525375
44,4,1,0,1,0,H_B+S+E,2.140963025208904,2.9880124612717665,2.5448444147494125,2.5799049012573514,2.4769397441550414,0.00045539032371073206,0.0006357072369770454,0.0005413945413269997,0.0005488189530196916,0.0005270154790531632,32.57635743244459,3.25302712317086
52,4,0,1,1,0,H_B+Y+E,26.26856532198946,36.669075561459536,31.232175203324637,31.652345261733135,30.417812074165298,0.0022435477529312866,0.0031316302950976757,0.002667469824680229,0.0027030689971468467,0.0025984321752232525,31.98278922750016,6.157040867496993
60,4,1,1,1,0,H_B+S+Y+E,1.5502073697818837,2.1631872397267613,1.8423955253482642,1.8679203095059058,1.7929673465863871,0.000451611676261209,0.000630247932766985,0.0005367669984467608,0.000544205698154597,0.0005223629131004308,32.75063949595277,3.0514358838723883
68,4,0,0,0,1,H_B+T1,255.80529168609536,358.06517992823666,304.9127142900601,308.39327062044265,298.14040540704985,0.010163103308105732,0.014154096739425599,0.012067033764192258,0.012216868572960561,0.011778286084927602,27.70253257108314,11.83680691821861
76,4,1,0,0,1,H_B+S+T1,2.2203209349658426,3.099058978192001,2.639385638470692,2.6756229815913946,2.5691961320093686,0.0003455009080878303,0.0004820170035293328,0.000410535241940078,0.0004163051816768653,0.0003993685150999952,32.46906896712807,3.3747015551834103
84,4,0,1,0,1,H_B+Y+T1,21.206884351599836,29.632295689803062,25.234936272528465,25.56235356910076,24.599829940405762,0.0014324894430542776,0.0020005897560997745,0.001703985837430444,0.0017261525313327438,0.001661003202505666,30.880373161319053,6.56301851759775
92,4,1,1,0,1,H_B+S+Y+T1,1.5731995236238026,2.195327508117533,1.8697635723194785,1.8956409761583504,1.8196513660653746,0.0004721608942220928,0.000659152524525482,0.0005613561721051886,0.0005690392357439232,0.0005464748839130278,32.71934238642679,3.1021327343865908
100,4,0,0,1,1,H_B+E+T1,34.990605337843334,48.877609248666786,41.62320780240997,42.178007797300126,40.54788175406346,0.0017072770453386474,0.0023810727954267454,0.002028437220591243,0.002056238106254498,0.0019745267273566986,31.567765567522656,4.448177914800257
108,4,1,0,1,1,H_B+S+E+T1,2.140963025208904,2.9880124612717665,2.5448444147494125,2.5799049012573514,2.4769397441550414,0.00045539032371073206,0.0006357072369770454,0.0005413945413269997,0.0005488189530196916,0.0005270154790531632,32.57635743244459,3.25302712317086
116,4,0,1,1,1,H_B+Y+E+T1,14.25411509657897,19.898282677112388,16.947084933968483,17.177050941090695,16.50148548661225,0.002731048635109015,0.0038095519987578303,0.0032452602643726174,0.003289537843424535,0.00315946286817408,32.16647743627674,4.801816731935724
124,4,1,1,1,1,H_B+S+Y+E+T1,1.5502073697818837,2.1631872397267613,1.8423955253482642,1.8679203095059058,1.7929673465863871,0.000451611676261209,0.000630247932766985,0.0005367669984467608,0.000544205698154597,0.0005223629131004308,32.75063949595277,3.0514358838723883
132,4,0,0,0,2,H_B+T2,258.3036063759267,361.5521444866512,307.8851195857318,311.39909216652256,301.0476728401309,0.039962314107081794,0.05555840200153145,0.04737946841848931,0.04801302019646195,0.0461527451969865,27.70627604241896,11.895966890296057
140,4,1,0,0,2,H_B+S+T2,2.2203209349658426,3.099058978192001,2.639385638470692,2.6756229815913946,2.5691961320093686,0.0003455009080878303,0.0004820170035293328,0.000410535241940078,0.0004163051816768653,0.0003993685150999952,32.46906896712807,3.3747015551834103
148,4,0,1,0,2,H_B+Y+T2,22.256024408912015,31.09974413361064,26.484576996734383,26.82715618450407,25.82000821868139,0.0008880426874490749,0.0012395451631377822,0.0010555902795689348,0.0010703279931556548,0.0010270912934329983,30.798621817213675,6.722456246822711
156,4,1,1,0,2,H_B+S+Y+T2,1.5731995236238026,2.195327508117533,1.8697635723194785,1.8956409761583504,1.8196513660653746,0.0004721608942220928,0.000659152524525482,0.0005613561721051886,0.0005690392357439232,0.0005464748839130278,32.71934238642679,3.1021327343865908
164,4,0,0,1,2,H_B+E+T2,35.51110964848899,49.604351453109814,42.24217933743546,42.805236505451745,41.15084625942197,0.0030720606960998177,0.004291907587580551,0.0036549850596501823,0.0037030153321461804,0.003561899365795185,31.570175382840024,4.481249510585497
172,4,1,0,1,2,H_B+S+E+T2,2.140963025208904,2.9880124612717665,2.5448444147494125,2.5799049012573514,2.4769397441550414,0.00045539032371073206,0.0006357072369770454,0.0005413945413269997,0.0005488189530196916,0.0005270154790531632,32.57635743244459,3.25302712317086
180,4,0,1,1,2,H_B+Y+E+T2,14.607248749489093,20.391191184909744,17.366920316077298,17.602538386717,16.91036586846136,0.0021282002133012324,0.0029714566915049197,0.0025307611529479784,0.002564654875732987,0.0024650739705775492,32.163096459720634,4.847375594170898
188,4,1,1,1,2,H_B+S+Y+E+T2,1.5502073697818837,2.1631872397267613,1.8423955253482642,1.8679203095059058,1.7929673465863871,0.000451611676261209,0.000630247932766985,0.0005367669984467608,0.000544205698154597,0.0005223629131004308,32.75063949595277,3.0514358838723883
196,4,0,0,0,3,H_B+T1+T2,242.54812710735249,339.5024419281354,289.10676104043563,292.40826867873295,282.6828473212011,0.032715669059541236,0.04574737949585196,0.03896006491672093,0.039428293054369644,0.038051812884458726,27.71514989997024,11.845815648478622
204,4,1,0,0,3,H_B+S+T1+T2,2.2203209349658426,3.099058978192001,2.639385638470692,2.6756229815913946,2.5691961320093686,0.0003455009080878303,0.0004820170035293328,0.000410535241940078,0.0004163051816768653,0.0003993685150999952,32.46906896712807,3.3747015551834103
212,4,0,1,0,3,H_B+Y+T1+T2,20.552842937951713,28.717945425223625,24.45627378167157,24.77394290204392,23.840094583329083,0.0021622489773274133,0.0030195479700557267,0.002571839675928551,0.002605501981265584,0.0025065485106564728,30.90968186601928,6.494687494087284
220,4,1,1,0,3,H_B+S+Y+T1+T2,1.5731995236238026,2.195327508117533,1.8697635723194785,1.8956409761583504,1.8196513660653746,0.0004721608942220928,0.000659152524525482,0.0005613561721051886,0.0005690392357439232,0.0005464748839130278,32.71934238642679,3.1021327343865908
228,4,0,0,1,3,H_B+E+T1+T2,33.41388461502489,46.673923962187104,39.746766537787494,40.276987855684695,38.719093858775004,0.002253766332976379,0.0031482243138743838,0.0026812286338341058,0.002716256705740743,0.0026132471760353174,31.59364659390191,4.447930709493323
236,4,1,0,1,3,H_B+S+E+T1+T2,2.140963025208904,2.9880124612717665,2.5448444147494125,2.5799049012573514,2.4769397441550414,0.00045539032371073206,0.0006357072369770454,0.0005413945413269997,0.0005488189530196916,0.0005270154790531632,32.57635743244459,3.25302712317086
244,4,0,1,1,3,H_B+Y+E+T1+T2,13.926453674875038,19.44082879010196,16.557468310365632,16.78220922089453,16.121996628291036,0.0033631072603145192,0.004691774116978417,0.003996688350077965,0.004051106970675835,0.0038912367680005687,32.17339251939139,4.768154478435678
252,4,1,1,1,3,H_B+S+Y+E+T1+T2,1.5502073697818837,2.1631872397267613,1.8423955253482642,1.8679203095059058,1.7929673465863871,0.000451611676261209,0.000630247932766985,0.0005367669984467608,0.000544205698154597,0.0005223629131004308,32.75063949595277,3.0514358838723883
260,4,0,0,0,4,H_B+T3,301.9624527482191,422.4559081746646,359.81139439795083,363.90588443867864,351.8419688817029,0.00919428488905768,0.012745781516578271,0.010877406400999169,0.01101961738788263,0.01060346657464412,27.76327846535002,12.900855995242555
268,4,1,0,0,4,H_B+S+T3,2.2203209349658426,3.099058978192001,2.639385638470692,2.6756229815913946,2.5691961320093686,0.0003455009080878303,0.0004820170035293328,0.000410535241940078,0.0004163051816768653,0.0003993685150999952,32.46906896712807,3.3747015551834103
276,4,0,1,0,4,H_B+Y+T3,54.11285883806133,75.65109520453315,64.43093929445402,65.21768398845602,62.90223757746838,0.007725024886345445,0.010813148709348769,0.009207196004801632,0.009315077534905604,0.008997489021579203,29.40911580401772,10.094212336389287
284,4,1,1,0,4,H_B+S+Y+T3,1.5731995236238026,2.195327508117533,1.8697635723194785,1.8956409761583504,1.8196513660653746,0.0004721608942220928,0.000659152524525482,0.0005613561721051886,0.0005690392357439232,0.0005464748839130278,32.71934238642679,3.1021327343865908
292,4,0,0,1,4,H_B+E+T3,45.45224563936402,63.48622832688341,54.06544469579543,54.784964318438995,52.670742808226485,0.002609647004270556,0.0036444834003325557,0.0031040999587848427,0.0031446666808601764,0.003025427684130476,31.55807861799901,5.0719106796857245
300,4,1,0,1,4,H_B+S+E+T3,2.140963025208904,2.9880124612717665,2.5448444147494125,2.5799049012573514,2.4769397441550414,0.00045539032371073206,0.0006357072369770454,0.0005413945413269997,0.0005488189530196916,0.0005270154790531632,32.57635743244459,3.25302712317086
308,4,0,1,1,4,H_B+Y+E+T3,21.243417957287924,29.6549828538412,25.257402505501783,25.598449246244833,24.596468043066906,0.0029434304468057256,0.00410948735185829,0.0035002997788688606,0.003546574391075397,0.0034105460554761653,32.05812199736236,5.584256452242651
316,4,1,1,1,4,H_B+S+Y+E+T3,1.5502073697818837,2.1631872397267613,1.8423955253482642,1.8679203095059058,1.7929673465863871,0.000451611676261209,0.000630247932766985,0.0005367669984467608,0.000544205698154597,0.0005223629131004308,32.75063949595277,3.0514358838723883
324,4,0,0,0,5,H_B+T1+T3,159.68597615153942,223.52703959395018,190.33758700791006,192.5341634668883,186.06460787434534,0.017405081819678873,0.024417323406423167,0.020793364202418143,0.020996444244247264,0.020395660978794677,27.90477899739788,11.003979725399086
332,4,1,0,0,5,H_B+S+T1+T3,2.2203209349658426,3.099058978192001,2.639385638470692,2.6756229815913946,2.5691961320093686,0.0003455009080878303,0.0004820170035293328,0.000410535241940078,0.0004163051816768653,0.0003993685150999952,32.46906896712807,3.3747015551834103
340,4,0,1,0,5,H_B+Y+T1+T3,21.206884351599836,29.632295689803062,25.234936272528465,25.56235356910076,24.599829940405762,0.0014324894430542776,0.0020005897560997745,0.001703985837430444,0.0017261525313327438,0.001661003202505666,30.880373161319053,6.56301851759775
348,4,1,1,0,5,H_B+S+Y+T1+T3,1.5731995236238026,2.195327508117533,1.8697635723194785,1.8956409761583504,1.8196513660653746,0.0004721608942220928,0.000659152524525482,0.0005613561721051886,0.0005690392357439232,0.0005464748839130278,32.71934238642679,3.1021327343865908
356,4,0,0,1,5,H_B+E+T1+T3,32.60571043632905,45.54360736281032,38.784474112542426,39.30221073838935,37.781006148573084,0.0019247389756370176,0.0026907633130392726,0.0022910359134927566,0.002320946472167873,0.0022330083127528907,31.618347914364765,4.489216344446165
364,4,1,0,1,5,H_B+S+E+T1+T3,2.140963025208904,2.9880124612717665,2.5448444147494125,2.5799049012573514,2.4769397441550414,0.00045539032371073206,0.0006357072369770454,0.0005413945413269997,0.0005488189530196916,0.0005270154790531632,32.57635743244459,3.25302712317086
372,4,0,1,1,5,H_B+Y+E+T1+T3,14.25411509657897,19.898282677112388,16.947084933968483,17.177050941090695,16.50148548661225,0.002731048635109015,0.0038095519987578303,0.0032452602643726174,0.003289537843424535,0.00315946286817408,32.16647743627674,4.801816731935724
380,4,1,1,1,5,H_B+S+Y+E+T1+T3,1.5502073697818837,2.1631872397267613,1.8423955253482642,1.8679203095059058,1.7929673465863871,0.000451611676261209,0.000630247932766985,0.0005367669984467608,0.000544205698154597,0.0005223629131004308,32.75063949595277,3.0514358838723883
388,4,0,0,0,6,H_B+T2+T3,166.40712944792355,232.9284814164899,198.34595074387897,200.63199652174873,193.8987190475693,0.014664739457161145,0.020861254690593283,0.017728789222934634,0.01779009342707101,0.01760866749623559,27.886346607749157,11.147802129831938
396,4,1,0,0,6,H_B+S+T2+T3,2.2203209349658426,3.099058978192001,2.639385638470692,2.6756229815913946,2.5691961320093686,0.0003455009080878303,0.0004820170035293328,0.000410535241940078,0.0004163051816768653,0.0003993685150999952,32.46906896712807,3.3747015551834103
404,4,0,1,0,6,H_B+Y+T2+T3,22.256024408912015,31.09974413361064,26.484576996734383,26.82715618450407,25.82000821868139,0.0008880426874490749,0.0012395451631377822,0.0010555902795689348,0.0010703279931556548,0.0010270912934329983,30.798621817213675,6.722456246822711
412,4,1,1,0,6,H_B+S+Y+T2+T3,1.5731995236238026,2.195327508117533,1.8697635723194785,1.8956409761583504,1.8196513660653746,0.0004721608942220928,0.000659152524525482,0.0005613561721051886,0.0005690392357439232,0.0005464748839130278,32.71934238642679,3.1021327343865908
420,4,0,0,1,6,H_B+E+T2+T3,33.0753029381475,46.199139548955294,39.34282094368811,39.868032161810476,38.32486327190252,0.003394301962952119,0.004740639286264348,0.004037372387849653,0.0040908749629726005,0.003933683394348228,31.621901316882735,4.52904930835414
428,4,1,0,1,6,H_B+S+E+T2+T3,2.140963025208904,2.9880124612717665,2.5448444147494125,2.5799049012573514,2.4769397441550414,0.00045539032371073206,0.0006357072369770454,0.0005413945413269997,0.0005488189530196916,0.0005270154790531632,32.57635743244459,3.25302712317086
436,4,0,1,1,6,H_B+Y+E+T2+T3,14.607248749489093,20.391191184909744,17.366920316077298,17.602538386717,16.91036586846136,0.0021282002133012324,0.0029714566915049197,0.0025307611529479784,0.002564654875732987,0.0024650739705775492,32.163096459720634,4.847375594170898
444,4,1,1,1,6,H_B+S+Y+E+T2+T3,1.5502073697818837,2.1631872397267613,1.8423955253482642,1.8679203095059058,1.7929673465863871,0.000451611676261209,0.000630247932766985,0.0005367669984467608,0.000544205698154597,0.0005223629131004308,32.75063949595277,3.0514358838723883
452,4,0,0,0,7,H_B+T1+T2+T3,156.7905921093925,219.47515938844606,186.88731505296468,189.04321160507655,182.69342878958895,0.010828654354104171,0.015312689894840255,0.013022897042110829,0.013106192325918168,0.012856949461929418,27.89555357293211,11.021750022355581
460,4,1,0,0,7,H_B+S+T1+T2+T3,2.2203209349658426,3.099058978192001,2.639385638470692,2.6756229815913946,2.5691961320093686,0.0003455009080878303,0.0004820170035293328,0.000410535241940078,0.0004163051816768653,0.0003993685150999952,32.46906896712807,3.3747015551834103
468,4,0,1,0,7,H_B+Y+T1+T2+T3,20.552842937951713,28.717945425223625,24.45627378167157,24.77394290204392,23.840094583329083,0.0021622489773274133,0.0030195479700557267,0.002571839675928551,0.002605501981265584,0.0025065485106564728,30.90968186601928,6.494687494087284
476,4,1,1,0,7,H_B+S+Y+T1+T2+T3,1.5731995236238026,2.195327508117533,1.8697635723194785,1.8956409761583504,1.8196513660653746,0.0004721608942220928,0.000659152524525482,0.0005613561721051886,0.0005690392357439232,0.0005464748839130278,32.71934238642679,3.1021327343865908
484,4,0,0,1,7,H_B+E+T1+T2+T3,31.603401912036414,44.14306050645166,37.591844499238185,38.09388675341411,36.6188039677471,0.0032669532919676254,0.004566379335861993,0.0038882506608983627,0.0039389942775755185,0.003789841782706281,31.63191694840189,4.478096984223596
492,4,1,0,1,7,H_B+S+E+T1+T2+T3,2.140963025208904,2.9880124612717665,2.5448444147494125,2.5799049012573514,2.4769397441550414,0.00045539032371073206,0.0006357072369770454,0.0005413945413269997,0.0005488189530196916,0.0005270154790531632,32.57635743244459,3.25302712317086
500,4,0,1,1,7,H_B+Y+E+T1+T2+T3,13.926453674875038,19.44082879010196,16.557468310365632,16.78220922089453,16.121996628291036,0.0033631072603145192,0.004691774116978417,0.003996688350077965,0.004051106970675835,0.0038912367680005687,32.17339251939139,4.768154478435678
508,4,1,1,1,7,H_B+S+Y+E+T1+T2+T3,1.5502073697818837,2.1631872397267613,1.8423955253482642,1.8679203095059058,1.7929673465863871,0.000451611676261209,0.000630247932766985,0.0005367669984467608,0.000544205698154597,0.0005223629131004308,32.75063949595277,3.0514358838723883
516,4,0,0,0,8,H_B+T4,305.0808067853832,426.8036751977754,363.51902447403575,367.65465893101486,355.469338790066,0.027199505756341263,0.03767941770034644,0.032141729954292236,0.03263286893873815,0.031201558722620683,27.766509334808173,12.972033615757459
524,4,1,0,0,8,H_B+S+T4,2.2203209349658426,3.099058978192001,2.639385638470692,2.6756229815913946,2.5691961320093686,0.0003455009080878303,0.0004820170035293328,0.000410535241940078,0.0004163051816768653,0.0003993685150999952,32.46906896712807,3.3747015551834103
532,4,0,1,0,8,H_B+Y+T4,57.7488652152032,80.73333216623439,68.76079219119526,69.59712576637138,67.13553731370938,0.007765997224636074,0.010863051334743044,0.009251137384554565,0.00936196346785255,0.009035752311235426,29.32912823957692,10.37934185550991
540,4,1,1,0,8,H_B+S+Y+T4,1.5731995236238026,2.195327508117533,1.8697635723194785,1.8956409761583504,1.8196513660653746,0.0004721608942220928,0.000659152524525482,0.0005613561721051886,0.0005690392357439232,0.0005464748839130278,32.71934238642679,3.1021327343865908
548,4,0,0,1,8,H_B+E+T4,46.22161470919954,64.56077094439523,54.98062783877702,55.71214326493352,53.56266269440827,0.0036257369352570784,0.005069741332230617,0.004316525019728758,0.004372300022530781,0.004208326031642581,31.552974955697177,5.11459133329451
556,4,1,0,1,8,H_B+S+E+T4,2.140963025208904,2.9880124612717665,2.5448444147494125,2.5799049012573514,2.4769397441550414,0.00045539032371073206,0.0006357072369770454,0.0005413945413269997,0.0005488189530196916,0.0005270154790531632,32.57635743244459,3.25302712317086
564,4,0,1,1,8,H_B+Y+E+T4,21.678823716567464,30.262749882078882,25.775096622482543,26.123022254416888,25.100824732612708,0.004346272364422791,0.00606678038158263,0.005167554435687822,0.00523655029400396,0.005033789847320729,32.0514152778331,5.6351118896123715
572,4,1,1,1,8,H_B+S+Y+E+T4,1.5502073697818837,2.1631872397267613,1.8423955253482642,1.8679203095059058,1.7929673465863871,0.000451611676261209,0.000630247932766985,0.0005367669984467608,0.000544205698154597,0.0005223629131004308,32.75063949595277,3.0514358838723883
580,4,0,0,0,9,H_B+T1+T4,153.96348122135979,215.51855340890108,183.51710507818126,185.6370096601749,179.39337596308516,0.009525004747421103,0.013287375708553456,0.011317958493350912,0.011469921297442967,0.011027276626531968,27.921296528847353,10.921782722677472
588,4,1,0,0,9,H_B+S+T1+T4,2.2203209349658426,3.099058978192001,2.639385638470692,2.6756229815913946,2.5691961320093686,0.0003455009080878303,0.0004820170035293328,0.000410535241940078,0.0004163051816768653,0.0003993685150999952,32.46906896712807,3.3747015551834103
596,4,0,1,0,9,H_B+Y+T1+T4,21.206884351599836,29.632295689803062,25.234936272528465,25.56235356910076,24.599829940405762,0.0014324894430542776,0.0020005897560997745,0.001703985837430444,0.0017261525313327438,0.001661003202505666,30.880373161319053,6.56301851759775
604,4,1,1,0,9,H_B+S+Y+T1+T4,1.5731995236238026,2.195327508117533,1.8697635723194785,1.8956409761583504,1.8196513660653746,0.0004721608942220928,0.000659152524525482,0.0005613561721051886,0.0005690392357439232,0.0005464748839130278,32.71934238642679,3.1021327343865908
612,4,0,0,1,9,H_B+E+T1+T4,32.314527359402085,45.13653972644871,38.437879438619674,38.95108590645899,37.44319429026462,0.002179810974458168,0.0030470914973335372,0.0025946626502013027,0.002628074554080156,0.002529781809164756,31.624845507465256,4.499187614220633
620,4,1,0,1,9,H_B+S+E+T1+T4,2.140963025208904,2.9880124612717665,2.5448444147494125,2.5799049012573514,2.4769397441550414,0.00045539032371073206,0.0006357072369770454,0.0005413945413269997,0.0005488189530196916,0.0005270154790531632,32.57635743244459,3.25302712317086
628,4,0,1,1,9,H_B+Y+E+T1+T4,14.25411509657897,19.898282677112388,16.947084933968483,17.177050941090695,16.50148548661225,0.002731048635109015,0.0038095519987578303,0.0032452602643726174,0.003289537843424535,0.00315946286817408,32.16647743627674,4.801816731935724
636,4,1,1,1,9,H_B+S+Y+E+T1+T4,1.5502073697818837,2.1631872397267613,1.8423955253482642,1.8679203095059058,1.7929673465863871,0.000451611676261209,0.000630247932766985,0.0005367669984467608,0.000544205698154597,0.0005223629131004308,32.75063949595277,3.0514358838723883
644,4,0,0,0,10,H_B+T2+T4,160.35824618223808,224.4623003144828,191.135855452073,193.34090874100488,186.84629649261933,0.043530091374930274,0.060757836542164115,0.05178068665820372,0.05239058169395095,0.0505944677205461,27.904450737320143,11.08299726820709
652,4,1,0,0,10,H_B+S+T2+T4,2.2203209349658426,3.099058978192001,2.639385638470692,2.6756229815913946,2.5691961320093686,0.0003455009080878303,0.0004820170035293328,0.000410535241940078,0.0004163051816768653,0.0003993685150999952,32.46906896712807,3.3747015551834103
660,4,0,1,0,10,H_B+Y+T2+T4,22.254752862735913,31.09796789874188,26.483064393741266,26.825623435133043,25.818534660188874,0.0008628512150538919,0.0012032135872529545,0.001024805914087771,0.0010395806720821376,0.0009962537731566634,30.79857943463524,6.722569157140629
668,4,1,1,0,10,H_B+S+Y+T2+T4,1.5731995236238026,2.195327508117533,1.8697635723194785,1.8956409761583504,1.8196513660653746,0.0004721608942220928,0.000659152524525482,0.0005613561721051886,0.0005690392357439232,0.0005464748839130278,32.71934238642679,3.1021327343865908
676,4,0,0,1,10,H_B+E+T2+T4,32.5158361140832,45.41697808024654,38.67686138468437,39.193381627265865,37.675753648363006,0.004565065297881991,0.006381358370230702,0.005433720616686213,0.005504148473213301,0.005297184462121856,31.63520736181822,4.548824440528322
684,4,1,0,1,10,H_B+S+E+T2+T4,2.140963025208904,2.9880124612717665,2.5448444147494125,2.5799049012573514,2.4769397441550414,0.00045539032371073206,0.0006357072369770454,0.0005413945413269997,0.0005488189530196916,0.0005270154790531632,32.57635743244459,3.25302712317086
692,4,0,1,1,10,H_B+Y+E+T2+T4,14.60597720331299,20.389414950040994,17.365407713084196,17.601005637345967,16.908892309968838,0.0021698624316784,0.003029602788097258,0.0025802806484134825,0.00261486324964936,0.0025132594561455062,32.16315068468866,4.8473844565048845
700,4,1,1,1,10,H_B+S+Y+E+T2+T4,1.5502073697818837,2.1631872397267613,1.8423955253482642,1.8679203095059058,1.7929673465863871,0.000451611676261209,0.000630247932766985,0.0005367669984467608,0.000544205698154597,0.0005223629131004308,32.75063949595277,3.0514358838723883
708,4,0,0,0,11,H_B+T1+T2+T4,150.9601778927415,211.31578034526572,179.93837069360683,182.01589257185495,175.89703438227363,0.008061209019526451,0.011075108969092697,0.009456867722284925,0.009639622349383,0.009111512987210097,27.909700118448352,10.945081602343228
716,4,1,0,0,11,H_B+S+T1+T2+T4,2.2203209349658426,3.099058978192001,2.639385638470692,2.6756229815913946,2.5691961320093686,0.0003455009080878303,0.0004820170035293328,0.000410535241940078,0.0004163051816768653,0.0003993685150999952,32.46906896712807,3.3747015551834103
724,4,0,1,0,11,H_B+Y+T1+T2+T4,20.552842937951713,28.717945425223625,24.45627378167157,24.77394290204392,23.840094583329083,0.0021622489773274133,0.0030195479700557267,0.002571839675928551,0.002605501981265584,0.0025065485106564728,30.90968186601928,6.494687494087284
732,4,1,1,0,11,H_B+S+Y+T1+T2+T4,1.5731995236238026,2.195327508117533,1.8697635723194785,1.8956409761583504,1.8196513660653746,0.0004721608942220928,0.000659152524525482,0.0005613561721051886,0.0005690392357439232,0.0005464748839130278,32.71934238642679,3.1021327343865908
740,4,0,0,1,11,H_B+E+T1+T2+T4,31.209227979723195,43.59199423696221,37.12264675027267,37.61856183026381,36.16148535231399,0.0030644294734921197,0.004283570356694513,0.003647490359977744,0.0036947287225010585,0.0035558198592487568,31.64157795624929,4.492417460307983
748,4,1,0,1,11,H_B+S+E+T1+T2+T4,2.140963025208904,2.9880124612717665,2.5448444147494125,2.5799049012573514,2.4769397441550414,0.00045539032371073206,0.0006357072369770454,0.0005413945413269997,0.0005488189530196916,0.0005270154790531632,32.57635743244459,3.25302712317086
756,4,0,1,1,11,H_B+Y+E+T1+T2+T4,13.926453674875038,19.44082879010196,16.557468310365632,16.78220922089453,16.121996628291036,0.0033631072603145192,0.004691774116978417,0.003996688350077965,0.004051106970675835,0.0038912367680005687,32.17339251939139,4.768154478435678
764,4,1,1,1,11,H_B+S+Y+E+T1+T2+T4,1.5502073697818837,2.1631872397267613,1.8423955253482642,1.8679203095059058,1.7929673465863871,0.000451611676261209,0.000630247932766985,0.0005367669984467608,0.000544205698154597,0.0005223629131004308,32.75063949595277,3.0514358838723883
772,4,0,0,0,12,H_B+T3+T4,286.13927347043324,400.3115923956159,340.9523070788366,344.83374273260836,333.3975915005038,0.022761405273094795,0.03206846299634713,0.027280340425346255,0.02751983059501431,0.026810412129364084,27.7754271649834,12.910027854029565
780,4,1,0,0,12,H_B+S+T3+T4,2.2203209349658426,3.099058978192001,2.639385638470692,2.6756229815913946,2.5691961320093686,0.0003455009080878303,0.0004820170035293328,0.000410535241940078,0.0004163051816768653,0.0003993685150999952,32.46906896712807,3.3747015551834103
788,4,0,1,0,12,H_B+Y+T3+T4,53.047678195270905,74.16217378454331,63.16258447865552,63.93441731454725,61.66289355429756,0.007708140984469753,0.010795300046256926,0.00919103132482496,0.009296914216046014,0.00898512399038737,29.4242363932411,10.035703568490579
796,4,1,1,0,12,H_B+S+Y+T3+T4,1.5731995236238026,2.195327508117533,1.8697635723194785,1.8956409761583504,1.8196513660653746,0.0004721608942220928,0.000659152524525482,0.0005613561721051886,0.0005690392357439232,0.0005464748839130278,32.71934238642679,3.1021327343865908
804,4,0,0,1,12,H_B+E+T3+T4,43.43878915374995,60.672112111937906,51.669179985713306,52.357444924519136,50.33508244749149,0.002795846683065244,0.00389550482493108,0.0033188239829131548,0.0033665050996407554,0.0032266199550029465,31.58750114628735,5.074062044421392
812,4,1,0,1,12,H_B+S+E+T3+T4,2.140963025208904,2.9880124612717665,2.5448444147494125,2.5799049012573514,2.4769397441550414,0.00045539032371073206,0.0006357072369770454,0.0005413945413269997,0.0005488189530196916,0.0005270154790531632,32.57635743244459,3.25302712317086
820,4,0,1,1,12,H_B+Y+E+T3+T4,20.9633099174927,29.26393226559896,24.924323295696095,25.260943333581306,24.27197108617289,0.003199590813166936,0.004467058671694964,0.0038048878042110067,0.0038551782071473326,0.0037073645583875687,32.063145987244745,5.558602091282035
828,4,1,1,1,12,H_B+S+Y+E+T3+T4,1.5502073697818837,2.1631872397267613,1.8423955253482642,1.8679203095059058,1.7929673465863871,0.000451611676261209,0.000630247932766985,0.0005367669984467608,0.000544205698154597,0.0005223629131004308,32.75063949595277,3.0514358838723883
836,4,0,0,0,13,H_B+T1+T3+T4,151.3794176542756,211.89831690569991,180.43505097502225,182.5199715266182,176.37939695248207,0.020328029437942506,0.028569312547812545,0.024318519579091317,0.024541134380573534,0.02388199838608461,27.931020081384794,10.935450793621987
844,4,1,0,0,13,H_B+S+T1+T3+T4,2.2203209349658426,3.099058978192001,2.639385638470692,2.6756229815913946,2.5691961320093686,0.0003455009080878303,0.0004820170035293328,0.000410535241940078,0.0004163051816768653,0.0003993685150999952,32.46906896712807,3.3747015551834103
852,4,0,1,0,13,H_B+Y+T1+T3+T4,21.206884351599836,29.632295689803062,25.234936272528465,25.56235356910076,24.599829940405762,0.0014324894430542776,0.0020005897560997745,0.001703985837430444,0.0017261525313327438,0.001661003202505666,30.880373161319053,6.56301851759775
860,4,1,1,0,13,H_B+S+Y+T1+T3+T4,1.5731995236238026,2.195327508117533,1.8697635723194785,1.8956409761583504,1.8196513660653746,0.0004721608942220928,0.000659152524525482,0.0005613561721051886,0.0005690392357439232,0.0005464748839130278,32.71934238642679,3.1021327343865908
868,4,0,0,1,13,H_B+E+T1+T3+T4,31.903001501675874,44.56122216305133,37.948029379356896,38.45484410708005,36.965736807358546,0.0018956362089896073,0.0026489392424221847,0.0022557900713729533,0.002285085469054626,0.002198888489925474,31.634793696137674,4.50917168608968
876,4,1,0,1,13,H_B+S+E+T1+T3+T4,2.140963025208904,2.9880124612717665,2.5448444147494125,2.5799049012573514,2.4769397441550414,0.00045539032371073206,0.0006357072369770454,0.0005413945413269997,0.0005488189530196916,0.0005270154790531632,32.57635743244459,3.25302712317086
884,4,0,1,1,13,H_B+Y+E+T1+T3+T4,14.25411509657897,19.898282677112388,16.947084933968483,17.177050941090695,16.50148548661225,0.002731048635109015,0.0038095519987578303,0.0032452602643726174,0.003289537843424535,0.00315946286817408,32.16647743627674,4.801816731935724
892,4,1,1,1,13,H_B+S+Y+E+T1+T3+T4,1.5502073697818837,2.1631872397267613,1.8423955253482642,1.8679203095059058,1.7929673465863871,0.000451611676261209,0.000630247932766985,0.0005367669984467608,0.000544205698154597,0.0005223629131004308,32.75063949595277,3.0514358838723883
900,4,0,0,0,14,H_B+T2+T3+T4,157.91126103178087,221.03533718958508,188.2181770602299,190.3897447847147,183.99374767658688,0.02475751278833344,0.03483637733350989,0.029649104762470204,0.02989397241155998,0.029172685283242118,27.907715286610745,11.092362309163544
908,4,1,0,0,14,H_B+S+T2+T3+T4,2.2203209349658426,3.099058978192001,2.639385638470692,2.6756229815913946,2.5691961320093686,0.0003455009080878303,0.0004820170035293328,0.000410535241940078,0.0004163051816768653,0.0003993685150999952,32.46906896712807,3.3747015551834103
916,4,0,1,0,14,H_B+Y+T2+T3+T4,22.254752862735913,31.09796789874188,26.483064393741266,26.825623435133043,25.818534660188874,0.0008628512150538919,0.0012032135872529545,0.001024805914087771,0.0010395806720821376,0.0009962537731566634,30.79857943463524,6.722569157140629
924,4,1,1,0,14,H_B+S+Y+T2+T3+T4,1.5731995236238026,2.195327508117533,1.8697635723194785,1.8956409761583504,1.8196513660653746,0.0004721608942220928,0.000659152524525482,0.0005613561721051886,0.0005690392357439232,0.0005464748839130278,32.71934238642679,3.1021327343865908
932,4,0,0,1,14,H_B+E+T2+T3+T4,32.25207032585534,45.048263275390354,38.36291537176798,38.875331844126514,37.369764151428164,0.004086484139351581,0.00571004255832125,0.004862530681807886,0.004926127148347867,0.004739247183517289,31.64106246511133,4.553273162748178
940,4,1,0,1,14,H_B+S+E+T2+T3+T4,2.140963025208904,2.9880124612717665,2.5448444147494125,2.5799049012573514,2.4769397441550414,0.00045539032371073206,0.0006357072369770454,0.0005413945413269997,0.0005488189530196916,0.0005270154790531632,32.57635743244459,3.25302712317086
948,4,0,1,1,14,H_B+Y+E+T2+T3+T4,14.60597720331299,20.389414950040994,17.365407713084196,17.601005637345967,16.908892309968838,0.0021698624316784,0.003029602788097258,0.0025802806484134825,0.00261486324964936,0.0025132594561455062,32.16315068468866,4.8473844565048845
956,4,1,1,1,14,H_B+S+Y+E+T2+T3+T4,1.5502073697818837,2.1631872397267613,1.8423955253482642,1.8679203095059058,1.7929673465863871,0.000451611676261209,0.000630247932766985,0.0005367669984467608,0.000544205698154597,0.0005223629131004308,32.75063949595277,3.0514358838723883
964,4,0,0,0,15,H_B+T1+T2+T3+T4,148.6422936348905,208.06816252853392,177.17352251130126,179.21996332305366,173.19268372660065,0.014131694208652127,0.019964968285256613,0.01697741455952154,0.017098041781970278,0.016739050064472814,27.921730885942665,10.949630153169412
972,4,1,0,0,15,H_B+S+T1+T2+T3+T4,2.2203209349658426,3.099058978192001,2.639385638470692,2.6756229815913946,2.5691961320093686,0.0003455009080878303,0.0004820170035293328,0.000410535241940078,0.0004163051816768653,0.0003993685150999952,32.46906896712807,3.3747015551834103
980,4,0,1,0,15,H_B+Y+T1+T2+T3+T4,20.552842937951713,28.717945425223625,24.45627378167157,24.77394290204392,23.840094583329083,0.0021622489773274133,0.0030195479700557267,0.002571839675928551,0.002605501981265584,0.0025065485106564728,30.90968186601928,6.494687494087284
988,4,1,1,0,15,H_B+S+Y+T1+T2+T3+T4,1.5731995236238026,2.195327508117533,1.8697635723194785,1.8956409761583504,1.8196513660653746,0.0004721608942220928,0.000659152524525482,0.0005613561721051886,0.0005690392357439232,0.0005464748839130278,32.71934238642679,3.1021327343865908
996,4,0,0,1,15,H_B+E+T1+T2+T3+T4,30.95803724747608,43.24085729523266,36.8236680781888,37.31567421679482,35.8700854143231,0.0025592501999660983,0.0035780309535767833,0.0030466307411325297,0.003085866875629217,0.0029704807181569997,31.64740589910293,4.496722508836214
1004,4,1,0,1,15,H_B+S+E+T1+T2+T3+T4,2.140963025208904,2.9880124612717665,2.5448444147494125,2.5799049012573514,2.4769397441550414,0.00045539032371073206,0.0006357072369770454,0.0005413945413269997,0.0005488189530196916,0.0005270154790531632,32.57635743244459,3.25302712317086
1012,4,0,1,1,15,H_B+Y+E+T1+T2+T3+T4,13.926453674875038,19.44082879010196,16.557468310365632,16.78220922089453,16.121996628291036,0.0033631072603145192,0.004691774116978417,0.003996688350077965,0.004051106970675835,0.0038912367680005687,32.17339251939139,4.768154478435678
1020,4,1,1,1,15,H_B+S+Y+E+T1+T2+T3+T4,1.5502073697818837,2.1631872397267613,1.8423955253482642,1.8679203095059058,1.7929673465863871,0.000451611676261209,0.000630247932766985,0.0005367669984467608,0.000544205698154597,0.0005223629131004308,32.75063949595277,3.0514358838723883
5,5,0,0,0,0,H_T+H_B,12630.31452577368,17717.860420835856,15079.71156913933,15240.433296140765,14766.791401523335,0.8584253488079792,1.1824730845620925,1.0127875772216979,1.0269615272792285,0.9900602604265744,25.8237069506496,11.07322436741108
13,5,1,0,0,0,H_T+H_B+S,2.2203209349658426,3.099058978192001,2.639385638470692,2.6756229815913946,2.5691961320093686,0.0003455009080878303,0.0004820170035293328,0.000410535241940078,0.0004163051816768653,0.0003993685150999952,32.46906896712807,3.3747015551834103
21,5,0,1,0,0,H_T+H_B+Y,143.03276813333048,199.8049705023363,170.24776005479356,172.2253983227894,166.39877542395956,0.025517375785871713,0.03579129008514818,0.03046878964334635,0.030785815137398018,0.029851144069383294,28.580078132266966,14.443460711972385
29,5,1,1,0,0,H_T+H_B+S+Y,1.5731995236238026,2.195327508117533,1.8697635723194785,1.8956409761583504,1.8196513660653746,0.0004721608942220928,0.000659152524525482,0.0005613561721051886,0.0005690392357439232,0.0005464748839130278,32.71934238642679,3.1021327343865908
37,5,0,0,1,0,H_T+H_B+E,1234.2133349766996,1722.5707996399394,1467.5802872890763,1486.414667701316,1431.0220741931048,0.11394373128478327,0.15923384277878877,0.13560598466694737,0.13734656320609895,0.13222974500726267,31.000748868930074,10.625207960804053
45,5,1,0,1,0,H_T+H_B+S+E,2.140963025208904,2.9880124612717665,2.5448444147494125,2.5799049012573514,2.4769397441550414,0.00045539032371073206,0.0006357072369770454,0.0005413945413269997,0.0005488189530196916,0.0005270154790531632,32.57635743244459,3.25302712317086
53,5,0,1,1,0,H_T+H_B+Y+E,26.26856532198946,36.669075561459536,31.232175203324637,31.652345261733135,30.417812074165298,0.0022435477529312866,0.0031316302950976757,0.002667469824680229,0.0027030689971468467,0.0025984321752232525,31.98278922750016,6.157040867496993
61,5,1,1,1,0,H_T+H_B+S+Y+E,1.5502073697818837,2.1631872397267613,1.8423955253482642,1.8679203095059058,1.7929673465863871,0.000451611676261209,0.000630247932766985,0.0005367669984467608,0.000544205698154597,0.0005223629131004308,32.75063949595277,3.0514358838723883
69,5,0,0,0,1,H_T+H_B+T1,255.80529168609536,358.06517992823666,304.9127142900601,308.39327062044265,298.14040540704985,0.010163103308105732,0.014154096739425599,0.012067033764192258,0.012216868572960561,0.011778286084927602,27.70253257108314,11.83680691821861
77,5,1,0,0,1,H_T+H_B+S+T1,2.2203209349658426,3.099058978192001,2.639385638470692,2.6756229815913946,2.5691961320093686,0.0003455009080878303,0.0004820170035293328,0.000410535241940078,0.0004163051816768653,0.0003993685150999952,32.46906896712807,3.3747015551834103
85,5,0,1,0,1,H_T+H_B+Y+T1,21.206884351599836,29.632295689803062,25.234936272528465,25.56235356910076,24.599829940405762,0.0014324894430542776,0.0020005897560997745,0.001703985837430444,0.0017261525313327438,0.001661003202505666,30.880373161319053,6.56301851759775
93,5,1,1,0,1,H_T+H_B+S+Y+T1,1.5731995236238026,2.195327508117533,1.8697635723194785,1.8956409761583504,1.8196513660653746,0.0004721608942220928,0.000659152524525482,0.0005613561721051886,0.0005690392357439232,0.0005464748839130278,32.71934238642679,3.1021327343865908
101,5,0,0,1,1,H_T+H_B+E+T1,34.990605337843334,48.877609248666786,41.62320780240997,42.178007797300126,40.54788175406346,0.0017072770453386474,0.0023810727954267454,0.002028437220591243,0.002056238106254498,0.0019745267273566986,31.567765567522656,4.448177914800257
109,5,1,0,1,1,H_T+H_B+S+E+T1,2.140963025208904,2.9880124612717665,2.5448444147494125,2.5799049012573514,2.4769397441550414,0.00045539032371073206,0.0006357072369770454,0.0005413945413269997,0.0005488189530196916,0.0005270154790531632,32.57635743244459,3.25302712317086
117,5,0,1,1,1,H_T+H_B+Y+E+T1,14.25411509657897,19.898282677112388,16.947084933968483,17.177050941090695,16.50148548661225,0.002731048635109015,0.0038095519987578303,0.0032452602643726174,0.003289537843424535,0.00315946286817408,32.16647743627674,4.801816731935724
125,5,1,1,1,1,H_T+H_B+S+Y+E+T1,1.5502073697818837,2.1631872397267613,1.8423955253482642,1.8679203095059058,1.7929673465863871,0.000451611676261209,0.000630247932766985,0.0005367669984467608,0.000544205698154597,0.0005223629131004308,32.75063949595277,3.0514358838723883
133,5,0,0,0,2,H_T+H_B+T2,258.3036063759267,361.5521444866512,307.8851195857318,311.39909216652256,301.0476728401309,0.039962314107081794,0.05555840200153145,0.04737946841848931,0.04801302019646195,0.0461527451969865,27.70627604241896,11.895966890296057
141,5,1,0,0,2,H_T+H_B+S+T2,2.2203209349658426,3.099058978192001,2.639385638470692,2.6756229815913946,2.5691961320093686,0.0003455009080878303,0.0004820170035293328,0.000410535241940078,0.0004163051816768653,0.0003993685150999952,32.46906896712807,3.3747015551834103
149,5,0,1,0,2,H_T+H_B+Y+T2,22.256024408912015,31.09974413361064,26.484576996734383,26.82715618450407,25.82000821868139,0.0008880426874490749,0.0012395451631377822,0.0010555902795689348,0.0010703279931556548,0.0010270912934329983,30.798621817213675,6.722456246822711
157,5,1,1,0,2,H_T+H_B+S+Y+T2,1.5731995236238026,2.195327508117533,1.8697635723194785,1.8956409761583504,1.8196513660653746,0.0004721608942220928,0.000659152524525482,0.0005613561721051886,0.0005690392357439232,0.0005464748839130278,32.71934238642679,3.1021327343865908
165,5,0,0,1,2,H_T+H_B+E+T2,35.51110964848899,49.604351453109814,42.24217933743546,42.805236505451745,41.15084625942197,0.0030720606960998177,0.004291907587580551,0.0036549850596501823,0.0037030153321461804,0.003561899365795185,31.570175382840024,4.481249510585497
173,5,1,0,1,2,H_T+H_B+S+E+T2,2.140963025208904,2.9880124612717665,2.5448444147494125,2.5799049012573514,2.4769397441550414,0.00045539032371073206,0.0006357072369770454,0.0005413945413269997,0.0005488189530196916,0.0005270154790531632,32.57635743244459,3.25302712317086
181,5,0,1,1,2,H_T+H_B+Y+E+T2,14.607248749489093,20.391191184909744,17.366920316077298,17.602538386717,16.91036586846136,0.0021282002133012324,0.0029714566915049197,0.0025307611529479784,0.002564654875732987,0.0024650739705775492,32.163096459720634,4.847375594170898
189,5,1,1,1,2,H_T+H_B+S+Y+E+T2,1.5502073697818837,2.1631872397267613,1.8423955253482642,1.8679203095059058,1.7929673465863871,0.000451611676261209,0.000630247932766985,0.0005367669984467608,0.000544205698154597,0.0005223629131004308,32.75063949595277,3.0514358838723883
197,5,0,0,0,3,H_T+H_B+T1+T2,242.54812710735249,339.5024419281354,289.10676104043563,292.40826867873295,282.6828473212011,0.032715669059541236,0.04574737949585196,0.03896006491672093,0.039428293054369644,0.038051812884458726,27.71514989997024,11.845815648478622
205,5,1,0,0,3,H_T+H_B+S+T1+T2,2.2203209349658426,3.099058978192001,2.639385638470692,2.6756229815913946,2.5691961320093686,0.0003455009080878303,0.0004820170035293328,0.000410535241940078,0.0004163051816768653,0.0003993685150999952,32.46906896712807,3.3747015551834103
213,5,0,1,0,3,H_T+H_B+Y+T1+T2,20.552842937951713,28.717945425223625,24.45627378167157,24.77394290204392,23.840094583329083,0.0021622489773274133,0.0030195479700557267,0.002571839675928551,0.002605501981265584,0.0025065485106564728,30.90968186601928,6.494687494087284
221,5,1,1,0,3,H_T+H_B+S+Y+T1+T2,1.5731995236238026,2.195327508117533,1.8697635723194785,1.8956409761583504,1.8196513660653746,0.0004721608942220928,0.000659152524525482,0.0005613561721051886,0.0005690392357439232,0.0005464748839130278,32.71934238642679,3.1021327343865908
229,5,0,0,1,3,H_T+H_B+E+T1+T2,33.41388461502489,46.673923962187104,39.746766537787494,40.276987855684695,38.719093858775004,0.002253766332976379,0.0031482243138743838,0.0026812286338341058,0.002716256705740743,0.0026132471760353174,31.59364659390191,4.447930709493323
237,5,1,0,1,3,H_T+H_B+S+E+T1+T2,2.140963025208904,2.9880124612717665,2.5448444147494125,2.5799049012573514,2.4769397441550414,0.00045539032371073206,0.0006357072369770454,0.0005413945413269997,0.0005488189530196916,0.0005270154790531632,32.57635743244459,3.25302712317086
245,5,0,1,1,3,H_T+H_B+Y+E+T1+T2,13.926453674875038,19.44082879010196,16.557468310365632,16.78220922089453,16.121996628291036,0.0033631072603145192,0.004691774116978417,0.003996688350077965,0.004051106970675835,0.0038912367680005687,32.17339251939139,4.768154478435678
253,5,1,1,1,3,H_T+H_B+S+Y+E+T1+T2,1.5502073697818837,2.1631872397267613,1.8423955253482642,1.8679203095059058,1.7929673465863871,0.000451611676261209,0.000630247932766985,0.0005367669984467608,0.000544205698154597,0.0005223629131004308,32.75063949595277,3.0514358838723883
261,5,0,0,0,4,H_T+H_B+T3,301.9624527482191,422.4559081746646,359.81139439795083,363.90588443867864,351.8419688817029,0.00919428488905768,0.012745781516578271,0.010877406400999169,0.01101961738788263,0.01060346657464412,27.76327846535002,12.900855995242555
269,5,1,0,0,4,H_T+H_B+S+T3,2.2203209349658426,3.099058978192001,2.639385638470692,2.6756229815913946,2.5691961320093686,0.0003455009080878303,0.0004820170035293328,0.000410535241940078,0.0004163051816768653,0.0003993685150999952,32.46906896712807,3.3747015551834103
277,5,0,1,0,4,H_T+H_B+Y+T3,54.11285883806133,75.65109520453315,64.43093929445402,65.21768398845602,62.90223757746838,0.007725024886345445,0.010813148709348769,0.009207196004801632,0.009315077534905604,0.008997489021579203,29.40911580401772,10.094212336389287
285,5,1,1,0,4,H_T+H_B+S+Y+T3,1.5731995236238026,2.195327508117533,1.8697635723194785,1.8956409761583504,1.8196513660653746,0.0004721608942220928,0.000659152524525482,0.0005613561721051886,0.0005690392357439232,0.0005464748839130278,32.71934238642679,3.1021327343865908
293,5,0,0,1,4,H_T+H_B+E+T3,45.45224563936402,63.48622832688341,54.06544469579543,54.784964318438995,52.670742808226485,0.002609647004270556,0.0036444834003325557,0.0031040999587848427,0.0031446666808601764,0.003025427684130476,31.55807861799901,5.0719106796857245
301,5,1,0,1,4,H_T+H_B+S+E+T3,2.140963025208904,2.9880124612717665,2.5448444147494125,2.5799049012573514,2.4769397441550414,0.00045539032371073206,0.0006357072369770454,0.0005413945413269997,0.0005488189530196916,0.0005270154790531632,32.57635743244459,3.25302712317086
309,5,0,1,1,4,H_T+H_B+Y+E+T3,21.243417957287924,29.6549828538412,25.257402505501783,25.598449246244833,24.596468043066906,0.0029434304468057256,0.00410948735185829,0.0035002997788688606,0.003546574391075397,0.0034105460554761653,32.05812199736236,5.584256452242651
317,5,1,1,1,4,H_T+H_B+S+Y+E+T3,1.5502073697818837,2.1631872397267613,1.8423955253482642,1.8679203095059058,1.7929673465863871,0.000451611676261209,0.000630247932766985,0.0005367669984467608,0.000544205698154597,0.0005223629131004308,32.75063949595277,3.0514358838723883
325,5,0,0,0,5,H_T+H_B+T1+T3,159.68597615153942,223.52703959395018,190.33758700791006,192.5341634668883,186.06460787434534,0.017405081819678873,0.024417323406423167,0.020793364202418143,0.020996444244247264,0.020395660978794677,27.90477899739788,11.003979725399086
333,5,1,0,0,5,H_T+H_B+S+T1+T3,2.2203209349658426,3.099058978192001,2.639385638470692,2.6756229815913946,2.5691961320093686,0.0003455009080878303,0.0004820170035293328,0.000410535241940078,0.0004163051816768653,0.0003993685150999952,32.46906896712807,3.3747015551834103
341,5,0,1,0,5,H_T+H_B+Y+T1+T3,21.206884351599836,29.632295689803062,25.234936272528465,25.56235356910076,24.599829940405762,0.0014324894430542776,0.0020005897560997745,0.001703985837430444,0.0017261525313327438,0.001661003202505666,30.880373161319053,6.56301851759775
349,5,1,1,0,5,H_T+H_B+S+Y+T1+T3,1.5731995236238026,2.195327508117533,1.8697635723194785,1.8956409761583504,1.8196513660653746,0.0004721608942220928,0.000659152524525482,0.0005613561721051886,0.0005690392357439232,0.0005464748839130278,32.71934238642679,3.1021327343865908
357,5,0,0,1,5,H_T+H_B+E+T1+T3,32.60571043632905,45.54360736281032,38.784474112542426,39.30221073838935,37.781006148573084,0.0019247389756370176,0.0026907633130392726,0.0022910359134927566,0.002320946472167873,0.0022330083127528907,31.618347914364765,4.489216344446165
365,5,1,0,1,5,H_T+H_B+S+E+T1+T3,2.140963025208904,2.9880124612717665,2.5448444147494125,2.5799049012573514,2.4769397441550414,0.00045539032371073206,0.0006357072369770454,0.0005413945413269997,0.0005488189530196916,0.0005270154790531632,32.57635743244459,3.25302712317086
373,5,0,1,1,5,H_T+H_B+Y+E+T1+T3,14.25411509657897,19.898282677112388,16.947084933968483,17.177050941090695,16.50148548661225,0.002731048635109015,0.0038095519987578303,0.0032452602643726174,0.003289537843424535,0.00315946286817408,32.16647743627674,4.801816731935724
381,5,1,1,1,5,H_T+H_B+S+Y+E+T1+T3,1.5502073697818837,2.1631872397267613,1.8423955253482642,1.8679203095059058,1.7929673465863871,0.000451611676261209,0.000630247932766985,0.0005367669984467608,0.000544205698154597,0.0005223629131004308,32.75063949595277,3.0514358838723883
389,5,0,0,0,6,H_T+H_B+T2+T3,166.40712944792355,232.9284814164899,198.34595074387897,200.63199652174873,193.8987190475693,0.014664739457161145,0.020861254690593283,0.017728789222934634,0.01779009342707101,0.01760866749623559,27.886346607749157,11.147802129831938
397,5,1,0,0,6,H_T+H_B+S+T2+T3,2.2203209349658426,3.099058978192001,2.639385638470692,2.6756229815913946,2.5691961320093686,0.0003455009080878303,0.0004820170035293328,0.000410535241940078,0.0004163051816768653,0.0003993685150999952,32.46906896712807,3.3747015551834103
405,5,0,1,0,6,H_T+H_B+Y+T2+T3,22.256024408912015,31.09974413361064,26.484576996734383,26.82715618450407,25.82000821868139,0.0008880426874490749,0.0012395451631377822,0.0010555902795689348,0.0010703279931556548,0.0010270912934329983,30.798621817213675,6.722456246822711
413,5,1,1,0,6,H_T+H_B+S+Y+T2+T3,1.5731995236238026,2.195327508117533,1.8697635723194785,1.8956409761583504,1.8196513660653746,0.0004721608942220928,0.000659152524525482,0.0005613561721051886,0.0005690392357439232,0.0005464748839130278,32.71934238642679,3.1021327343865908
421,5,0,0,1,6,H_T+H_B+E+T2+T3,33.0753029381475,46.199139548955294,39.34282094368811,39.868032161810476,38.32486327190252,0.003394301962952119,0.004740639286264348,0.004037372387849653,0.0040908749629726005,0.003933683394348228,31.621901316882735,4.52904930835414
429,5,1,0,1,6,H_T+H_B+S+E+T2+T3,2.140963025208904,2.9880124612717665,2.5448444147494125,2.5799049012573514,2.4769397441550414,0.00045539032371073206,0.0006357072369770454,0.0005413945413269997,0.0005488189530196916,0.0005270154790531632,32.57635743244459,3.25302712317086
437,5,0,1,1,6,H_T+H_B+Y+E+T2+T3,14.607248749489093,20.391191184909744,17.366920316077298,17.602538386717,16.91036586846136,0.0021282002133012324,0.0029714566915049197,0.0025307611529479784,0.002564654875732987,0.0024650739705775492,32.163096459720634,4.847375594170898
445,5,1,1,1,6,H_T+H_B+S+Y+E+T2+T3,1.5502073697818837,2.1631872397267613,1.8423955253482642,1.8679203095059058,1.7929673465863871,0.000451611676261209,0.000630247932766985,0.0005367669984467608,0.000544205698154597,0.0005223629131004308,32.75063949595277,3.0514358838723883
453,5,0,0,0,7,H_T+H_B+T1+T2+T3,156.7905921093925,219.47515938844606,186.88731505296468,189.04321160507655,182.69342878958895,0.010828654354104171,0.015312689894840255,0.013022897042110829,0.013106192325918168,0.012856949461929418,27.89555357293211,11.021750022355581
461,5,1,0,0,7,H_T+H_B+S+T1+T2+T3,2.2203209349658426,3.099058978192001,2.639385638470692,2.6756229815913946,2.5691961320093686,0.0003455009080878303,0.0004820170035293328,0.000410535241940078,0.0004163051816768653,0.0003993685150999952,32.46906896712807,3.3747015551834103
469,5,0,1,0,7,H_T+H_B+Y+T1+T2+T3,20.552842937951713,28.717945425223625,24.45627378167157,24.77394290204392,23.840094583329083,0.0021622489773274133,0.0030195479700557267,0.002571839675928551,0.002605501981265584,0.0025065485106564728,30.90968186601928,6.494687494087284
477,5,1,1,0,7,H_T+H_B+S+Y+T1+T2+T3,1.5731995236238026,2.195327508117533,1.8697635723194785,1.8956409761583504,1.8196513660653746,0.0004721608942220928,0.000659152524525482,0.0005613561721051886,0.0005690392357439232,0.0005464748839130278,32.71934238642679,3.1021327343865908
485,5,0,0,1,7,H_T+H_B+E+T1+T2+T3,31.603401912036414,44.14306050645166,37.591844499238185,38.09388675341411,36.6188039677471,0.0032669532919676254,0.004566379335861993,0.0038882506608983627,0.0039389942775755185,0.003789841782706281,31.63191694840189,4.478096984223596
493,5,1,0,1,7,H_T+H_B+S+E+T1+T2+T3,2.140963025208904,2.9880124612717665,2.5448444147494125,2.5799049012573514,2.4769397441550414,0.00045539032371073206,0.0006357072369770454,0.0005413945413269997,0.0005488189530196916,0.0005270154790531632,32.57635743244459,3.25302712317086
501,5,0,1,1,7,H_T+H_B+Y+E+T1+T2+T3,13.926453674875038,19.44082879010196,16.557468310365632,16.78220922089453,16.121996628291036,0.0033631072603145192,0.004691774116978417,0.003996688350077965,0.004051106970675835,0.0038912367680005687,32.17339251939139,4.768154478435678
509,5,1,1,1,7,H_T+H_B+S+Y+E+T1+T2+T3,1.5502073697818837,2.1631872397267613,1.8423955253482642,1.8679203095059058,1.7929673465863871,0.000451611676261209,0.000630247932766985,0.0005367669984467608,0.000544205698154597,0.0005223629131004308,32.75063949595277,3.0514358838723883
517,5,0,0,0,8,H_T+H_B+T4,305.0808067853832,426.8036751977754,363.51902447403575,367.65465893101486,355.469338790066,0.027199505756341263,0.03767941770034644,0.032141729954292236,0.03263286893873815,0.031201558722620683,27.766509334808173,12.972033615757459
525,5,1,0,0,8,H_T+H_B+S+T4,2.2203209349658426,3.099058978192001,2.639385638470692,2.6756229815913946,2.5691961320093686,0.0003455009080878303,0.0004820170035293328,0.000410535241940078,0.0004163051816768653,0.0003993685150999952,32.46906896712807,3.3747015551834103
533,5,0,1,0,8,H_T+H_B+Y+T4,57.7488652152032,80.73333216623439,68.76079219119526,69.59712576637138,67.13553731370938,0.007765997224636074,0.010863051334743044,0.009251137384554565,0.00936196346785255,0.009035752311235426,29.32912823957692,10.37934185550991
541,5,1,1,0,8,H_T+H_B+S+Y+T4,1.5731995236238026,2.195327508117533,1.8697635723194785,1.8956409761583504,1.8196513660653746,0.0004721608942220928,0.000659152524525482,0.0005613561721051886,0.0005690392357439232,0.0005464748839130278,32.71934238642679,3.1021327343865908
549,5,0,0,1,8,H_T+H_B+E+T4,46.22161470919954,64.56077094439523,54.98062783877702,55.71214326493352,53.56266269440827,0.0036257369352570784,0.005069741332230617,0.004316525019728758,0.004372300022530781,0.004208326031642581,31.552974955697177,5.11459133329451
557,5,1,0,1,8,H_T+H_B+S+E+T4,2.140963025208904,2.9880124612717665,2.5448444147494125,2.5799049012573514,2.4769397441550414,0.00045539032371073206,0.0006357072369770454,0.0005413945413269997,0.0005488189530196916,0.0005270154790531632,32.57635743244459,3.25302712317086
565,5,0,1,1,8,H_T+H_B+Y+E+T4,21.678823716567464,30.262749882078882,25.775096622482543,26.123022254416888,25.100824732612708,0.004346272364422791,0.00606678038158263,0.005167554435687822,0.00523655029400396,0.005033789847320729,32.0514152778331,5.6351118896123715
573,5,1,1,1,8,H_T+H_B+S+Y+E+T4,1.5502073697818837,2.1631872397267613,1.8423955253482642,1.8679203095059058,1.7929673465863871,0.000451611676261209,0.000630247932766985,0.0005367669984467608,0.000544205698154597,0.0005223629131004308,32.75063949595277,3.0514358838723883
581,5,0,0,0,9,H_T+H_B+T1+T4,153.96348122135979,215.51855340890108,183.51710507818126,185.6370096601749,179.39337596308516,0.009525004747421103,0.013287375708553456,0.011317958493350912,0.011469921297442967,0.011027276626531968,27.921296528847353,10.921782722677472
589,5,1,0,0,9,H_T+H_B+S+T1+T4,2.2203209349658426,3.099058978192001,2.639385638470692,2.6756229815913946,2.5691961320093686,0.0003455009080878303,0.0004820170035293328,0.000410535241940078,0.0004163051816768653,0.0003993685150999952,32.46906896712807,3.3747015551834103
597,5,0,1,0,9,H_T+H_B+Y+T1+T4,21.206884351599836,29.632295689803062,25.234936272528465,25.56235356910076,24.599829940405762,0.0014324894430542776,0.0020005897560997745,0.001703985837430444,0.0017261525313327438,0.001661003202505666,30.880373161319053,6.56301851759775
605,5,1,1,0,9,H_T+H_B+S+Y+T1+T4,1.5731995236238026,2.195327508117533,1.8697635723194785,1.8956409761583504,1.8196513660653746,0.0004721608942220928,0.000659152524525482,0.0005613561721051886,0.0005690392357439232,0.0005464748839130278,32.71934238642679,3.1021327343865908
613,5,0,0,1,9,H_T+H_B+E+T1+T4,32.314527359402085,45.13653972644871,38.437879438619674,38.95108590645899,37.44319429026462,0.002179810974458168,0.0030470914973335372,0.0025946626502013027,0.002628074554080156,0.002529781809164756,31.624845507465256,4.499187614220633
621,5,1,0,1,9,H_T+H_B+S+E+T1+T4,2.140963025208904,2.9880124612717665,2.5448444147494125,2.5799049012573514,2.4769397441550414,0.00045539032371073206,0.0006357072369770454,0.0005413945413269997,0.0005488189530196916,0.0005270154790531632,32.57635743244459,3.25302712317086
629,5,0,1,1,9,H_T+H_B+Y+E+T1+T4,14.25411509657897,19.898282677112388,16.947084933968483,17.177050941090695,16.50148548661225,0.002731048635109015,0.0038095519987578303,0.0032452602643726174,0.003289537843424535,0.00315946286817408,32.16647743627674,4.801816731935724
637,5,1,1,1,9,H_T+H_B+S+Y+E+T1+T4,1.5502073697818837,2.1631872397267613,1.8423955253482642,1.8679203095059058,1.7929673465863871,0.000451611676261209,0.000630247932766985,0.0005367669984467608,0.000544205698154597,0.0005223629131004308,32.75063949595277,3.0514358838723883
645,5,0,0,0,10,H_T+H_B+T2+T4,160.35824618223808,224.4623003144828,191.135855452073,193.34090874100488,186.84629649261933,0.043530091374930274,0.060757836542164115,0.05178068665820372,0.05239058169395095,0.0505944677205461,27.904450737320143,11.08299726820709
653,5,1,0,0,10,H_T+H_B+S+T2+T4,2.2203209349658426,3.099058978192001,2.639385638470692,2.6756229815913946,2.5691961320093686,0.0003455009080878303,0.0004820170035293328,0.000410535241940078,0.0004163051816768653,0.0003993685150999952,32.46906896712807,3.3747015551834103
661,5,0,1,0,10,H_T+H_B+Y+T2+T4,22.254752862735913,31.09796789874188,26.483064393741266,26.825623435133043,25.818534660188874,0.0008628512150538919,0.0012032135872529545,0.001024805914087771,0.0010395806720821376,0.0009962537731566634,30.79857943463524,6.722569157140629
669,5,1,1,0,10,H_T+H_B+S+Y+T2+T4,1.5731995236238026,2.195327508117533,1.8697635723194785,1.8956409761583504,1.8196513660653746,0.0004721608942220928,0.000659152524525482,0.0005613561721051886,0.0005690392357439232,0.0005464748839130278,32.71934238642679,3.1021327343865908
677,5,0,0,1,10,H_T+H_B+E+T2+T4,32.5158361140832,45.41697808024654,38.67686138468437,39.193381627265865,37.675753648363006,0.004565065297881991,0.006381358370230702,0.005433720616686213,0.005504148473213301,0.005297184462121856,31.63520736181822,4.548824440528322
685,5,1,0,1,10,H_T+H_B+S+E+T2+T4,2.140963025208904,2.9880124612717665,2.5448444147494125,2.5799049012573514,2.4769397441550414,0.00045539032371073206,0.0006357072369770454,0.0005413945413269997,0.0005488189530196916,0.0005270154790531632,32.57635743244459,3.25302712317086
693,5,0,1,1,10,H_T+H_B+Y+E+T2+T4,14.60597720331299,20.389414950040994,17.365407713084196,17.601005637345967,16.908892309968838,0.0021698624316784,0.003029602788097258,0.0025802806484134825,0.00261486324964936,0.0025132594561455062,32.16315068468866,4.8473844565048845
701,5,1,1,1,10,H_T+H_B+S+Y+E+T2+T4,1.5502073697818837,2.1631872397267613,1.8423955253482642,1.8679203095059058,1.7929673465863871,0.000451611676261209,0.000630247932766985,0.0005367669984467608,0.000544205698154597,0.0005223629131004308,32.75063949595277,3.0514358838723883
709,5,0,0,0,11,H_T+H_B+T1+T2+T4,150.9601778927415,211.31578034526572,179.93837069360683,182.01589257185495,175.89703438227363,0.008061209019526451,0.011075108969092697,0.009456867722284925,0.009639622349383,0.009111512987210097,27.909700118448352,10.945081602343228
717,5,1,0,0,11,H_T+H_B+S+T1+T2+T4,2.2203209349658426,3.099058978192001,2.639385638470692,2.6756229815913946,2.5691961320093686,0.0003455009080878303,0.0004820170035293328,0.000410535241940078,0.0004163051816768653,0.0003993685150999952,32.46906896712807,3.3747015551834103
725,5,0,1,0,11,H_T+H_B+Y+T1+T2+T4,20.552842937951713,28.717945425223625,24.45627378167157,24.77394290204392,23.840094583329083,0.0021622489773274133,0.0030195479700557267,0.002571839675928551,0.002605501981265584,0.0025065485106564728,30.90968186601928,6.494687494087284
733,5,1,1,0,11,H_T+H_B+S+Y+T1+T2+T4,1.5731995236238026,2.195327508117533,1.8697635723194785,1.8956409761583504,1.8196513660653746,0.0004721608942220928,0.000659152524525482,0.0005613561721051886,0.0005690392357439232,0.0005464748839130278,32.71934238642679,3.1021327343865908
741,5,0,0,1,11,H_T+H_B+E+T1+T2+T4,31.209227979723195,43.59199423696221,37.12264675027267,37.61856183026381,36.16148535231399,0.0030644294734921197,0.004283570356694513,0.003647490359977744,0.0036947287225010585,0.0035558198592487568,31.64157795624929,4.492417460307983
749,5,1,0,1,11,H_T+H_B+S+E+T1+T2+T4,2.140963025208904,2.9880124612717665,2.5448444147494125,2.5799049012573514,2.4769397441550414,0.00045539032371073206,0.0006357072369770454,0.0005413945413269997,0.0005488189530196916,0.0005270154790531632,32.57635743244459,3.25302712317086
757,5,0,1,1,11,H_T+H_B+Y+E+T1+T2+T4,13.926453674875038,19.44082879010196,16.557468310365632,16.78220922089453,16.121996628291036,0.0033631072603145192,0.004691774116978417,0.003996688350077965,0.004051106970675835,0.0038912367680005687,32.17339251939139,4.768154478435678
765,5,1,1,1,11,H_T+H_B+S+Y+E+T1+T2+T4,1.5502073697818837,2.1631872397267613,1.8423955253482642,1.8679203095059058,1.7929673465863871,0.000451611676261209,0.000630247932766985,0.0005367669984467608,0.000544205698154597,0.0005223629131004308,32.75063949595277,3.0514358838723883
773,5,0,0,0,12,H_T+H_B+T3+T4,286.13927347043324,400.3115923956159,340.9523070788366,344.83374273260836,333.3975915005038,0.022761405273094795,0.03206846299634713,0.027280340425346255,0.02751983059501431,0.026810412129364084,27.7754271649834,12.910027854029565
781,5,1,0,0,12,H_T+H_B+S+T3+T4,2.2203209349658426,3.099058978192001,2.639385638470692,2.6756229815913946,2.5691961320093686,0.0003455009080878303,0.0004820170035293328,0.000410535241940078,0.0004163051816768653,0.0003993685150999952,32.46906896712807,3.3747015551834103
789,5,0,1,0,12,H_T+H_B+Y+T3+T4,53.047678195270905,74.16217378454331,63.16258447865552,63.93441731454725,61.66289355429756,0.007708140984469753,0.010795300046256926,0.00919103132482496,0.009296914216046014,0.00898512399038737,29.4242363932411,10.035703568490579
797,5,1,1,0,12,H_T+H_B+S+Y+T3+T4,1.5731995236238026,2.195327508117533,1.8697635723194785,1.8956409761583504,1.8196513660653746,0.0004721608942220928,0.000659152524525482,0.0005613561721051886,0.0005690392357439232,0.0005464748839130278,32.71934238642679,3.1021327343865908
805,5,0,0,1,12,H_T+H_B+E+T3+T4,43.43878915374995,60.672112111937906,51.669179985713306,52.357444924519136,50.33508244749149,0.002795846683065244,0.00389550482493108,0.0033188239829131548,0.0033665050996407554,0.0032266199550029465,31.58750114628735,5.074062044421392
813,5,1,0,1,12,H_T+H_B+S+E+T3+T4,2.140963025208904,2.9880124612717665,2.5448444147494125,2.5799049012573514,2.4769397441550414,0.00045539032371073206,0.0006357072369770454,0.0005413945413269997,0.0005488189530196916,0.0005270154790531632,32.57635743244459,3.25302712317086
821,5,0,1,1,12,H_T+H_B+Y+E+T3+T4,20.9633099174927,29.26393226559896,24.924323295696095,25.260943333581306,24.27197108617289,0.003199590813166936,0.004467058671694964,0.0038048878042110067,0.0038551782071473326,0.0037073645583875687,32.063145987244745,5.558602091282035
829,5,1,1,1,12,H_T+H_B+S+Y+E+T3+T4,1.5502073697818837,2.1631872397267613,1.8423955253482642,1.8679203095059058,1.7929673465863871,0.000451611676261209,0.000630247932766985,0.0005367669984467608,0.000544205698154597,0.0005223629131004308,32.75063949595277,3.0514358838723883
837,5,0,0,0,13,H_T+H_B+T1+T3+T4,151.3794176542756,211.89831690569991,180.43505097502225,182.5199715266182,176.37939695248207,0.020328029437942506,0.028569312547812545,0.024318519579091317,0.024541134380573534,0.02388199838608461,27.931020081384794,10.935450793621987
845,5,1,0,0,13,H_T+H_B+S+T1+T3+T4,2.2203209349658426,3.099058978192001,2.639385638470692,2.6756229815913946,2.5691961320093686,0.0003455009080878303,0.0004820170035293328,0.000410535241940078,0.0004163051816768653,0.0003993685150999952,32.46906896712807,3.3747015551834103
853,5,0,1,0,13,H_T+H_B+Y+T1+T3+T4,21.206884351599836,29.632295689803062,25.234936272528465,25.56235356910076,24.599829940405762,0.0014324894430542776,0.0020005897560997745,0.001703985837430444,0.0017261525313327438,0.001661003202505666,30.880373161319053,6.56301851759775
861,5,1,1,0,13,H_T+H_B+S+Y+T1+T3+T4,1.5731995236238026,2.195327508117533,1.8697635723194785,1.8956409761583504,1.8196513660653746,0.0004721608942220928,0.000659152524525482,0.0005613561721051886,0.0005690392357439232,0.0005464748839130278,32.71934238642679,3.1021327343865908
869,5,0,0,1,13,H_T+H_B+E+T1+T3+T4,31.903001501675874,44.56122216305133,37.948029379356896,38.45484410708005,36.965736807358546,0.0018956362089896073,0.0026489392424221847,0.0022557900713729533,0.002285085469054626,0.002198888489925474,31.634793696137674,4.50917168608968
877,5,1,0,1,13,H_T+H_B+S+E+T1+T3+T4,2.140963025208904,2.9880124612717665,2.5448444147494125,2.5799049012573514,2.4769397441550414,0.00045539032371073206,0.0006357072369770454,0.0005413945413269997,0.0005488189530196916,0.0005270154790531632,32.57635743244459,3.25302712317086
885,5,0,1,1,13,H_T+H_B+Y+E+T1+T3+T4,14.25411509657897,19.898282677112388,16.947084933968483,17.177050941090695,16.50148548661225,0.002731048635109015,0.0038095519987578303,0.0032452602643726174,0.003289537843424535,0.00315946286817408,32.16647743627674,4.801816731935724
893,5,1,1,1,13,H_T+H_B+S+Y+E+T1+T3+T4,1.5502073697818837,2.1631872397267613,1.8423955253482642,1.8679203095059058,1.7929673465863871,0.000451611676261209,0.000630247932766985,0.0005367669984467608,0.000544205698154597,0.0005223629131004308,32.75063949595277,3.0514358838723883
901,5,0,0,0,14,H_T+H_B+T2+T3+T4,157.91126103178087,221.03533718958508,188.2181770602299,190.3897447847147,183.99374767658688,0.02475751278833344,0.03483637733350989,0.029649104762470204,0.02989397241155998,0.029172685283242118,27.907715286610745,11.092362309163544
909,5,1,0,0,14,H_T+H_B+S+T2+T3+T4,2.2203209349658426,3.099058978192001,2.639385638470692,2.6756229815913946,2.5691961320093686,0.0003455009080878303,0.0004820170035293328,0.000410535241940078,0.0004163051816768653,0.0003993685150999952,32.46906896712807,3.3747015551834103
917,5,0,1,0,14,H_T+H_B+Y+T2+T3+T4,22.254752862735913,31.09796789874188,26.483064393741266,26.825623435133043,25.818534660188874,0.0008628512150538919,0.0012032135872529545,0.001024805914087771,0.0010395806720821376,0.0009962537731566634,30.79857943463524,6.722569157140629
925,5,1,1,0,14,H_T+H_B+S+Y+T2+T3+T4,1.5731995236238026,2.195327508117533,1.8697635723194785,1.8956409761583504,1.8196513660653746,0.0004721608942220928,0.000659152524525482,0.0005613561721051886,0.0005690392357439232,0.0005464748839130278,32.71934238642679,3.1021327343865908
933,5,0,0,1,14,H_T+H_B+E+T2+T3+T4,32.25207032585534,45.048263275390354,38.36291537176798,38.875331844126514,37.369764151428164,0.004086484139351581,0.00571004255832125,0.004862530681807886,0.004926127148347867,0.004739247183517289,31.64106246511133,4.553273162748178
941,5,1,0,1,14,H_T+H_B+S+E+T2+T3+T4,2.140963025208904,2.9880124612717665,2.5448444147494125,2.5799049012573514,2.4769397441550414,0.00045539032371073206,0.0006357072369770454,0.0005413945413269997,0.0005488189530196916,0.0005270154790531632,32.57635743244459,3.25302712317086
949,5,0,1,1,14,H_T+H_B+Y+E+T2+T3+T4,14.60597720331299,20.389414950040994,17.365407713084196,17.601005637345967,16.908892309968838,0.0021698624316784,0.003029602788097258,0.0025802806484134825,0.00261486324964936,0.0025132594561455062,32.16315068468866,4.8473844565048845
957,5,1,1,1,14,H_T+H_B+S+Y+E+T2+T3+T4,1.5502073697818837,2.1631872397267613,1.8423955253482642,1.8679203095059058,1.7929673465863871,0.000451611676261209,0.000630247932766985,0.0005367669984467608,0.000544205698154597,0.0005223629131004308,32.75063949595277,3.0514358838723883
965,5,0,0,0,15,H_T+H_B+T1+T2+T3+T4,148.6422936348905,208.06816252853392,177.17352251130126,179.21996332305366,173.19268372660065,0.014131694208652127,0.019964968285256613,0.01697741455952154,0.017098041781970278,0.016739050064472814,27.921730885942665,10.949630153169412
973,5,1,0,0,15,H_T+H_B+S+T1+T2+T3+T4,2.2203209349658426,3.099058978192001,2.639385638470692,2.6756229815913946,2.5691961320093686,0.0003455009080878303,0.0004820170035293328,0.000410535241940078,0.0004163051816768653,0.0003993685150999952,32.46906896712807,3.3747015551834103
981,5,0,1,0,15,H_T+H_B+Y+T1+T2+T3+T4,20.552842937951713,28.717945425223625,24.45627378167157,24.77394290204392,23.840094583329083,0.0021622489773274133,0.0030195479700557267,0.002571839675928551,0.002605501981265584,0.0025065485106564728,30.90968186601928,6.494687494087284
989,5,1,1,0,15,H_T+H_B+S+Y+T1+T2+T3+T4,1.5731995236238026,2.195327508117533,1.8697635723194785,1.8956409761583504,1.8196513660653746,0.0004721608942220928,0.000659152524525482,0.0005613561721051886,0.0005690392357439232,0.0005464748839130278,32.71934238642679,3.1021327343865908
997,5,0,0,1,15,H_T+H_B+E+T1+T2+T3+T4,30.95803724747608,43.24085729523266,36.8236680781888,37.31567421679482,35.8700854143231,0.0025592501999660983,0.0035780309535767833,0.0030466307411325297,0.003085866875629217,0.0029704807181569997,31.64740589910293,4.496722508836214
1005,5,1,0,1,15,H_T+H_B+S+E+T1+T2+T3+T4,2.140963025208904,2.9880124612717665,2.5448444147494125,2.5799049012573514,2.4769397441550414,0.00045539032371073206,0.0006357072369770454,0.0005413945413269997,0.0005488189530196916,0.0005270154790531632,32.57635743244459,3.25302712317086
1013,5,0,1,1,15,H_T+H_B+Y+E+T1+T2+T3+T4,13.926453674875038,19.44082879010196,16.557468310365632,16.78220922089453,16.121996628291036,0.0033631072603145192,0.004691774116978417,0.003996688350077965,0.004051106970675835,0.0038912367680005687,32.17339251939139,4.768154478435678
1021,5,1,1,1,15,H_T+H_B+S+Y+E+T1+T2+T3+T4,1.5502073697818837,2.1631872397267613,1.8423955253482642,1.8679203095059058,1.7929673465863871,0.000451611676261209,0.000630247932766985,0.0005367669984467608,0.000544205698154597,0.0005223629131004308,32.75063949595277,3.0514358838723883
6,6,0,0,0,0,H_M+H_B,27328.965856536757,38058.11393512796,32469.87683934301,32805.59410098646,31815.082617496195,9.838156988667752,13.861293692259522,11.782420377153855,11.893978700052694,11.567805400645597,26.941108663750374,21.079600319586742
14,6,1,0,0,0,H_M+H_B+S,2.2203209349658426,3.099058978192001,2.639385638470692,2.6756229815913946,2.5691961320093686,0.0003455009080878303,0.0004820170035293328,0.000410535241940078,0.0004163051816768653,0.0003993685150999952,32.46906896712807,3.3747015551834103
22,6,0,1,0,0,H_M+H_B+Y,150.37464785002956,210.04083525020582,178.98019286501338,181.04188394810092,174.96683929778882,0.024085338389109538,0.03378760928407385,0.028758213059312195,0.029069703685632834,0.028151884852255428,28.418310516241682,14.912460937684028
30,6,1,1,0,0,H_M+H_B+S+Y,1.5731995236238026,2.195327508117533,1.8697635723194785,1.8956409761583504,1.8196513660653746,0.0004721608942220928,0.000659152524525482,0.0005613561721051886,0.0005690392357439232,0.0005464748839130278,32.71934238642679,3.1021327343865908
38,6,0,0,1,0,H_M+H_B+E,5026.613763426121,6959.611434953338,5945.900525028836,6015.373166314246,5810.710412753808,1.9685438199187564,2.748221132711488,2.341453612127261,2.3707380656362704,2.2844991465443707,31.125456489315678,23.41308961669492
46,6,1,0,1,0,H_M+H_B+S+E,2.140963025208904,2.9880124612717665,2.5448444147494125,2.5799049012573514,2.4769397441550414,0.00045539032371073206,0.0006357072369770454,0.0005413945413269997,0.0005488189530196916,0.0005270154790531632,32.57635743244459,3.25302712317086
54,6,0,1,1,0,H_M+H_B+Y+E,26.26856532198946,36.669075561459536,31.232175203324637,31.652345261733135,30.417812074165298,0.0022435477529312866,0.0031316302950976757,0.002667469824680229,0.0027030689971468467,0.0025984321752232525,31.98278922750016,6.157040867496993
62,6,1,1,1,0,H_M+H_B+S+Y+E,1.5502073697818837,2.1631872397267613,1.8423955253482642,1.8679203095059058,1.7929673465863871,0.000451611676261209,0.000630247932766985,0.0005367669984467608,0.000544205698154597,0.0005223629131004308,32.75063949595277,3.0514358838723883
70,6,0,0,0,1,H_M+H_B+T1,255.80529168609536,358.06517992823666,304.9127142900601,308.39327062044265,298.14040540704985,0.010163103308105732,0.014154096739425599,0.012067033764192258,0.012216868572960561,0.011778286084927602,27.70253257108314,11.83680691821861
78,6,1,0,0,1,H_M+H_B+S+T1,2.2203209349658426,3.099058978192001,2.639385638470692,2.6756229815913946,2.5691961320093686,0.0003455009080878303,0.0004820170035293328,0.000410535241940078,0.0004163051816768653,0.0003993685150999952,32.46906896712807,3.3747015551834103
86,6,0,1,0,1,H_M+H_B+Y+T1,21.206884351599836,29.632295689803062,25.234936272528465,25.56235356910076,24.599829940405762,0.0014324894430542776,0.0020005897560997745,0.001703985837430444,0.0017261525313327438,0.001661003202505666,30.880373161319053,6.56301851759775
94,6,1,1,0,1,H_M+H_B+S+Y+T1,1.5731995236238026,2.195327508117533,1.8697635723194785,1.8956409761583504,1.8196513660653746,0.0004721608942220928,0.000659152524525482,0.0005613561721051886,0.0005690392357439232,0.0005464748839130278,32.71934238642679,3.1021327343865908
102,6,0,0,1,1,H_M+H_B+E+T1,34.990605337843334,48.877609248666786,41.62320780240997,42.178007797300126,40.54788175406346,0.0017072770453386474,0.0023810727954267454,0.002028437220591243,0.002056238106254498,0.0019745267273566986,31.567765567522656,4.448177914800257
110,6,1,0,1,1,H_M+H_B+S+E+T1,2.140963025208904,2.9880124612717665,2.5448444147494125,2.5799049012573514,2.4769397441550414,0.00045539032371073206,0.0006357072369770454,0.0005413945413269997,0.0005488189530196916,0.0005270154790531632,32.57635743244459,3.25302712317086
118,6,0,1,1,1,H_M+H_B+Y+E+T1,14.25411509657897,19.898282677112388,16.947084933968483,17.177050941090695,16.50148548661225,0.002731048635109015,0.0038095519987578303,0.0032452602643726174,0.003289537843424535,0.00315946286817408,32.16647743627674,4.801816731935724
126,6,1,1,1,1,H_M+H_B+S+Y+E+T1,1.5502073697818837,2.1631872397267613,1.8423955253482642,1.8679203095059058,1.7929673465863871,0.000451611676261209,0.000630247932766985,0.0005367669984467608,0.000544205698154597,0.0005223629131004308,32.75063949595277,3.0514358838723883
134,6,0,0,0,2,H_M+H_B+T2,258.3036063759267,361.5521444866512,307.8851195857318,311.39909216652256,301.0476728401309,0.039962314107081794,0.05555840200153145,0.04737946841848931,0.04801302019646195,0.0461527451969865,27.70627604241896,11.895966890296057
142,6,1,0,0,2,H_M+H_B+S+T2,2.2203209349658426,3.099058978192001,2.639385638470692,2.6756229815913946,2.5691961320093686,0.0003455009080878303,0.0004820170035293328,0.000410535241940078,0.0004163051816768653,0.0003993685150999952,32.46906896712807,3.3747015551834103
150,6,0,1,0,2,H_M+H_B+Y+T2,22.256024408912015,31.09974413361064,26.484576996734383,26.82715618450407,25.82000821868139,0.0008880426874490749,0.0012395451631377822,0.0010555902795689348,0.0010703279931556548,0.0010270912934329983,30.798621817213675,6.722456246822711
158,6,1,1,0,2,H_M+H_B+S+Y+T2,1.5731995236238026,2.195327508117533,1.8697635723194785,1.8956409761583504,1.8196513660653746,0.0004721608942220928,0.000659152524525482,0.0005613561721051886,0.0005690392357439232,0.0005464748839130278,32.71934238642679,3.1021327343865908
166,6,0,0,1,2,H_M+H_B+E+T2,35.51110964848899,49.604351453109814,42.24217933743546,42.805236505451745,41.15084625942197,0.0030720606960998177,0.004291907587580551,0.0036549850596501823,0.0037030153321461804,0.003561899365795185,31.570175382840024,4.481249510585497
174,6,1,0,1,2,H_M+H_B+S+E+T2,2.140963025208904,2.9880124612717665,2.5448444147494125,2.5799049012573514,2.4769397441550414,0.00045539032371073206,0.0006357072369770454,0.0005413945413269997,0.0005488189530196916,0.0005270154790531632,32.57635743244459,3.25302712317086
182,6,0,1,1,2,H_M+H_B+Y+E+T2,14.607248749489093,20.391191184909744,17.366920316077298,17.602538386717,16.91036586846136,0.0021282002133012324,0.0029714566915049197,0.0025307611529479784,0.002564654875732987,0.0024650739705775492,32.163096459720634,4.847375594170898
190,6,1,1,1,2,H_M+H_B+S+Y+E+T2,1.5502073697818837,2.1631872397267613,1.8423955253482642,1.8679203095059058,1.7929673465863871,0.000451611676261209,0.000630247932766985,0.0005367669984467608,0.000544205698154597,0.0005223629131004308,32.75063949595277,3.0514358838723883
198,6,0,0,0,3,H_M+H_B+T1+T2,242.54812710735249,339.5024419281354,289.10676104043563,292.40826867873295,282.6828473212011,0.032715669059541236,0.04574737949585196,0.03896006491672093,0.039428293054369644,0.038051812884458726,27.71514989997024,11.845815648478622
206,6,1,0,0,3,H_M+H_B+S+T1+T2,2.2203209349658426,3.099058978192001,2.639385638470692,2.6756229815913946,2.5691961320093686,0.0003455009080878303,0.0004820170035293328,0.000410535241940078,0.0004163051816768653,0.0003993685150999952,32.46906896712807,3.3747015551834103
214,6,0,1,0,3,H_M+H_B+Y+T1+T2,20.552842937951713,28.717945425223625,24.45627378167157,24.77394290204392,23.840094583329083,0.0021622489773274133,0.0030195479700557267,0.002571839675928551,0.002605501981265584,0.0025065485106564728,30.90968186601928,6.494687494087284
222,6,1,1,0,3,H_M+H_B+S+Y+T1+T2,1.5731995236238026,2.195327508117533,1.8697635723194785,1.8956409761583504,1.8196513660653746,0.0004721608942220928,0.000659152524525482,0.0005613561721051886,0.0005690392357439232,0.0005464748839130278,32.71934238642679,3.1021327343865908
230,6,0,0,1,3,H_M+H_B+E+T1+T2,33.41388461502489,46.673923962187104,39.746766537787494,40.276987855684695,38.719093858775004,0.002253766332976379,0.0031482243138743838,0.0026812286338341058,0.002716256705740743,0.0026132471760353174,31.59364659390191,4.447930709493323
238,6,1,0,1,3,H_M+H_B+S+E+T1+T2,2.140963025208904,2.9880124612717665,2.5448444147494125,2.5799049012573514,2.4769397441550414,0.00045539032371073206,0.0006357072369770454,0.0005413945413269997,0.0005488189530196916,0.0005270154790531632,32.57635743244459,3.25302712317086
246,6,0,1,1,3,H_M+H_B+Y+E+T1+T2,13.926453674875038,19.44082879010196,16.557468310365632,16.78220922089453,16.121996628291036,0.0033631072603145192,0.004691774116978417,0.003996688350077965,0.004051106970675835,0.0038912367680005687,32.17339251939139,4.768154478435678
254,6,1,1,1,3,H_M+H_B+S+Y+E+T1+T2,1.5502073697818837,2.1631872397267613,1.8423955253482642,1.8679203095059058,1.7929673465863871,0.000451611676261209,0.000630247932766985,0.0005367669984467608,0.000544205698154597,0.0005223629131004308,32.75063949595277,3.0514358838723883
262,6,0,0,0,4,H_M+H_B+T3,301.9624527482191,422.4559081746646,359.81139439795083,363.90588443867864,351.8419688817029,0.00919428488905768,0.012745781516578271,0.010877406400999169,0.01101961738788263,0.01060346657464412,27.76327846535002,12.900855995242555
270,6,1,0,0,4,H_M+H_B+S+T3,2.2203209349658426,3.099058978192001,2.639385638470692,2.6756229815913946,2.5691961320093686,0.0003455009080878303,0.0004820170035293328,0.000410535241940078,0.0004163051816768653,0.0003993685150999952,32.46906896712807,3.3747015551834103
278,6,0,1,0,4,H_M+H_B+Y+T3,54.11285883806133,75.65109520453315,64.43093929445402,65.21768398845602,62.90223757746838,0.007725024886345445,0.010813148709348769,0.009207196004801632,0.009315077534905604,0.008997489021579203,29.40911580401772,10.094212336389287
286,6,1,1,0,4,H_M+H_B+S+Y+T3,1.5731995236238026,2.195327508117533,1.8697635723194785,1.8956409761583504,1.8196513660653746,0.0004721608942220928,0.000659152524525482,0.0005613561721051886,0.0005690392357439232,0.0005464748839130278,32.71934238642679,3.1021327343865908
294,6,0,0,1,4,H_M+H_B+E+T3,45.45224563936402,63.48622832688341,54.06544469579543,54.784964318438995,52.670742808226485,0.002609647004270556,0.0036444834003325557,0.0031040999587848427,0.0031446666808601764,0.003025427684130476,31.55807861799901,5.0719106796857245
302,6,1,0,1,4,H_M+H_B+S+E+T3,2.140963025208904,2.9880124612717665,2.5448444147494125,2.5799049012573514,2.4769397441550414,0.00045539032371073206,0.0006357072369770454,0.0005413945413269997,0.0005488189530196916,0.0005270154790531632,32.57635743244459,3.25302712317086
310,6,0,1,1,4,H_M+H_B+Y+E+T3,21.243417957287924,29.6549828538412,25.257402505501783,25.598449246244833,24.596468043066906,0.0029434304468057256,0.00410948735185829,0.0035002997788688606,0.003546574391075397,0.0034105460554761653,32.05812199736236,5.584256452242651
318,6,1,1,1,4,H_M+H_B+S+Y+E+T3,1.5502073697818837,2.1631872397267613,1.8423955253482642,1.8679203095059058,1.7929673465863871,0.000451611676261209,0.000630247932766985,0.0005367669984467608,0.000544205698154597,0.0005223629131004308,32.75063949595277,3.0514358838723883
326,6,0,0,0,5,H_M+H_B+T1+T3,159.68597615153942,223.52703959395018,190.33758700791006,192.5341634668883,186.06460787434534,0.017405081819678873,0.024417323406423167,0.020793364202418143,0.020996444244247264,0.020395660978794677,27.90477899739788,11.003979725399086
334,6,1,0,0,5,H_M+H_B+S+T1+T3,2.2203209349658426,3.099058978192001,2.639385638470692,2.6756229815913946,2.5691961320093686,0.0003455009080878303,0.0004820170035293328,0.000410535241940078,0.0004163051816768653,0.0003993685150999952,32.46906896712807,3.3747015551834103
342,6,0,1,0,5,H_M+H_B+Y+T1+T3,21.206884351599836,29.632295689803062,25.234936272528465,25.56235356910076,24.599829940405762,0.0014324894430542776,0.0020005897560997745,0.001703985837430444,0.0017261525313327438,0.001661003202505666,30.880373161319053,6.56301851759775
350,6,1,1,0,5,H_M+H_B+S+Y+T1+T3,1.5731995236238026,2.195327508117533,1.8697635723194785,1.8956409761583504,1.8196513660653746,0.0004721608942220928,0.000659152524525482,0.0005613561721051886,0.0005690392357439232,0.0005464748839130278,32.71934238642679,3.1021327343865908
358,6,0,0,1,5,H_M+H_B+E+T1+T3,32.60571043632905,45.54360736281032,38.784474112542426,39.30221073838935,37.781006148573084,0.0019247389756370176,0.0026907633130392726,0.0022910359134927566,0.002320946472167873,0.0022330083127528907,31.618347914364765,4.489216344446165
366,6,1,0,1,5,H_M+H_B+S+E+T1+T3,2.140963025208904,2.9880124612717665,2.5448444147494125,2.5799049012573514,2.4769397441550414,0.00045539032371073206,0.0006357072369770454,0.0005413945413269997,0.0005488189530196916,0.0005270154790531632,32.57635743244459,3.25302712317086
374,6,0,1,1,5,H_M+H_B+Y+E+T1+T3,14.25411509657897,19.898282677112388,16.947084933968483,17.177050941090695,16.50148548661225,0.002731048635109015,0.0038095519987578303,0.0032452602643726174,0.003289537843424535,0.00315946286817408,32.16647743627674,4.801816731935724
382,6,1,1,1,5,H_M+H_B+S+Y+E+T1+T3,1.5502073697818837,2.1631872397267613,1.8423955253482642,1.8679203095059058,1.7929673465863871,0.000451611676261209,0.000630247932766985,0.0005367669984467608,0.000544205698154597,0.0005223629131004308,32.75063949595277,3.0514358838723883
390,6,0,0,0,6,H_M+H_B+T2+T3,166.40712944792355,232.9284814164899,198.34595074387897,200.63199652174873,193.8987190475693,0.014664739457161145,0.020861254690593283,0.017728789222934634,0.01779009342707101,0.01760866749623559,27.886346607749157,11.147802129831938
398,6,1,0,0,6,H_M+H_B+S+T2+T3,2.2203209349658426,3.099058978192001,2.639385638470692,2.6756229815913946,2.5691961320093686,0.0003455009080878303,0.0004820170035293328,0.000410535241940078,0.0004163051816768653,0.0003993685150999952,32.46906896712807,3.3747015551834103
406,6,0,1,0,6,H_M+H_B+Y+T2+T3,22.256024408912015,31.09974413361064,26.484576996734383,26.82715618450407,25.82000821868139,0.0008880426874490749,0.0012395451631377822,0.0010555902795689348,0.0010703279931556548,0.0010270912934329983,30.798621817213675,6.722456246822711
414,6,1,1,0,6,H_M+H_B+S+Y+T2+T3,1.5731995236238026,2.195327508117533,1.8697635723194785,1.8956409761583504,1.8196513660653746,0.0004721608942220928,0.000659152524525482,0.0005613561721051886,0.0005690392357439232,0.0005464748839130278,32.71934238642679,3.1021327343865908
422,6,0,0,1,6,H_M+H_B+E+T2+T3,33.0753029381475,46.199139548955294,39.34282094368811,39.868032161810476,38.32486327190252,0.003394301962952119,0.004740639286264348,0.004037372387849653,0.0040908749629726005,0.003933683394348228,31.621901316882735,4.52904930835414
430,6,1,0,1,6,H_M+H_B+S+E+T2+T3,2.140963025208904,2.9880124612717665,2.5448444147494125,2.5799049012573514,2.4769397441550414,0.00045539032371073206,0.0006357072369770454,0.0005413945413269997,0.0005488189530196916,0.0005270154790531632,32.57635743244459,3.25302712317086
438,6,0,1,1,6,H_M+H_B+Y+E+T2+T3,14.607248749489093,20.391191184909744,17.366920316077298,17.602538386717,16.91036586846136,0.0021282002133012324,0.0029714566915049197,0.0025307611529479784,0.002564654875732987,0.0024650739705775492,32.163096459720634,4.847375594170898
446,6,1,1,1,6,H_M+H_B+S+Y+E+T2+T3,1.5502073697818837,2.1631872397267613,1.8423955253482642,1.8679203095059058,1.7929673465863871,0.000451611676261209,0.000630247932766985,0.0005367669984467608,0.000544205698154597,0.0005223629131004308,32.75063949595277,3.0514358838723883
454,6,0,0,0,7,H_M+H_B+T1+T2+T3,156.7905921093925,219.47515938844606,186.88731505296468,189.04321160507655,182.69342878958895,0.010828654354104171,0.015312689894840255,0.013022897042110829,0.013106192325918168,0.012856949461929418,27.89555357293211,11.021750022355581
462,6,1,0,0,7,H_M+H_B+S+T1+T2+T3,2.2203209349658426,3.099058978192001,2.639385638470692,2.6756229815913946,2.5691961320093686,0.0003455009080878303,0.0004820170035293328,0.000410535241940078,0.0004163051816768653,0.0003993685150999952,32.46906896712807,3.3747015551834103
470,6,0,1,0,7,H_M+H_B+Y+T1+T2+T3,20.552842937951713,28.717945425223625,24.45627378167157,24.77394290204392,23.840094583329083,0.0021622489773274133,0.0030195479700557267,0.002571839675928551,0.002605501981265584,0.0025065485106564728,30.90968186601928,6.494687494087284
478,6,1,1,0,7,H_M+H_B+S+Y+T1+T2+T3,1.5731995236238026,2.195327508117533,1.8697635723194785,1.8956409761583504,1.8196513660653746,0.0004721608942220928,0.000659152524525482,0.0005613561721051886,0.0005690392357439232,0.0005464748839130278,32.71934238642679,3.1021327343865908
486,6,0,0,1,7,H_M+H_B+E+T1+T2+T3,31.603401912036414,44.14306050645166,37.591844499238185,38.09388675341411,36.6188039677471,0.0032669532919676254,0.004566379335861993,0.0038882506608983627,0.0039389942775755185,0.003789841782706281,31.63191694840189,4.478096984223596
494,6,1,0,1,7,H_M+H_B+S+E+T1+T2+T3,2.140963025208904,2.9880124612717665,2.5448444147494125,2.5799049012573514,2.4769397441550414,0.00045539032371073206,0.0006357072369770454,0.0005413945413269997,0.0005488189530196916,0.0005270154790531632,32.57635743244459,3.25302712317086
502,6,0,1,1,7,H_M+H_B+Y+E+T1+T2+T3,13.926453674875038,19.44082879010196,16.557468310365632,16.78220922089453,16.121996628291036,0.0033631072603145192,0.004691774116978417,0.003996688350077965,0.004051106970675835,0.0038912367680005687,32.17339251939139,4.768154478435678
510,6,1,1,1,7,H_M+H_B+S+Y+E+T1+T2+T3,1.5502073697818837,2.1631872397267613,1.8423955253482642,1.8679203095059058,1.7929673465863871,0.000451611676261209,0.000630247932766985,0.0005367669984467608,0.000544205698154597,0.0005223629131004308,32.75063949595277,3.0514358838723883
518,6,0,0,0,8,H_M+H_B+T4,305.0808067853832,426.8036751977754,363.51902447403575,367.65465893101486,355.469338790066,0.027199505756341263,0.03767941770034644,0.032141729954292236,0.03263286893873815,0.031201558722620683,27.766509334808173,12.972033615757459
526,6,1,0,0,8,H_M+H_B+S+T4,2.2203209349658426,3.099058978192001,2.639385638470692,2.6756229815913946,2.5691961320093686,0.0003455009080878303,0.0004820170035293328,0.000410535241940078,0.0004163051816768653,0.0003993685150999952,32.46906896712807,3.3747015551834103
534,6,0,1,0,8,H_M+H_B+Y+T4,57.7488652152032,80.73333216623439,68.76079219119526,69.59712576637138,67.13553731370938,0.007765997224636074,0.010863051334743044,0.009251137384554565,0.00936196346785255,0.009035752311235426,29.32912823957692,10.37934185550991
542,6,1,1,0,8,H_M+H_B+S+Y+T4,1.5731995236238026,2.195327508117533,1.8697635723194785,1.8956409761583504,1.8196513660653746,0.0004721608942220928,0.000659152524525482,0.0005613561721051886,0.0005690392357439232,0.0005464748839130278,32.71934238642679,3.1021327343865908
550,6,0,0,1,8,H_M+H_B+E+T4,46.22161470919954,64.56077094439523,54.98062783877702,55.71214326493352,53.56266269440827,0.0036257369352570784,0.005069741332230617,0.004316525019728758,0.004372300022530781,0.004208326031642581,31.552974955697177,5.11459133329451
558,6,1,0,1,8,H_M+H_B+S+E+T4,2.140963025208904,2.9880124612717665,2.5448444147494125,2.5799049012573514,2.4769397441550414,0.00045539032371073206,0.0006357072369770454,0.0005413945413269997,0.0005488189530196916,0.0005270154790531632,32.57635743244459,3.25302712317086
566,6,0,1,1,8,H_M+H_B+Y+E+T4,21.678823716567464,30.262749882078882,25.775096622482543,26.123022254416888,25.100824732612708,0.004346272364422791,0.00606678038158263,0.005167554435687822,0.00523655029400396,0.005033789847320729,32.0514152778331,5.6351118896123715
574,6,1,1,1,8,H_M+H_B+S+Y+E+T4,1.5502073697818837,2.1631872397267613,1.8423955253482642,1.8679203095059058,1.7929673465863871,0.000451611676261209,0.000630247932766985,0.0005367669984467608,0.000544205698154597,0.0005223629131004308,32.75063949595277,3.0514358838723883
582,6,0,0,0,9,H_M+H_B+T1+T4,153.96348122135979,215.51855340890108,183.51710507818126,185.6370096601749,179.39337596308516,0.009525004747421103,0.013287375708553456,0.011317958493350912,0.011469921297442967,0.011027276626531968,27.921296528847353,10.921782722677472
590,6,1,0,0,9,H_M+H_B+S+T1+T4,2.2203209349658426,3.099058978192001,2.639385638470692,2.6756229815913946,2.5691961320093686,0.0003455009080878303,0.0004820170035293328,0.000410535241940078,0.0004163051816768653,0.0003993685150999952,32.46906896712807,3.3747015551834103
598,6,0,1,0,9,H_M+H_B+Y+T1+T4,21.206884351599836,29.632295689803062,25.234936272528465,25.56235356910076,24.599829940405762,0.0014324894430542776,0.0020005897560997745,0.001703985837430444,0.0017261525313327438,0.001661003202505666,30.880373161319053,6.56301851759775
606,6,1,1,0,9,H_M+H_B+S+Y+T1+T4,1.5731995236238026,2.195327508117533,1.8697635723194785,1.8956409761583504,1.8196513660653746,0.0004721608942220928,0.000659152524525482,0.0005613561721051886,0.0005690392357439232,0.0005464748839130278,32.71934238642679,3.1021327343865908
614,6,0,0,1,9,H_M+H_B+E+T1+T4,32.314527359402085,45.13653972644871,38.437879438619674,38.95108590645899,37.44319429026462,0.002179810974458168,0.0030470914973335372,0.0025946626502013027,0.002628074554080156,0.002529781809164756,31.624845507465256,4.499187614220633
622,6,1,0,1,9,H_M+H_B+S+E+T1+T4,2.140963025208904,2.9880124612717665,2.5448444147494125,2.5799049012573514,2.4769397441550414,0.00045539032371073206,0.0006357072369770454,0.0005413945413269997,0.0005488189530196916,0.0005270154790531632,32.57635743244459,3.25302712317086
630,6,0,1,1,9,H_M+H_B+Y+E+T1+T4,14.25411509657897,19.898282677112388,16.947084933968483,17.177050941090695,16.50148548661225,0.002731048635109015,0.0038095519987578303,0.0032452602643726174,0.003289537843424535,0.00315946286817408,32.16647743627674,4.801816731935724
638,6,1,1,1,9,H_M+H_B+S+Y+E+T1+T4,1.5502073697818837,2.1631872397267613,1.8423955253482642,1.8679203095059058,1.7929673465863871,0.000451611676261209,0.000630247932766985,0.0005367669984467608,0.000544205698154597,0.0005223629131004308,32.75063949595277,3.0514358838723883
646,6,0,0,0,10,H_M+H_B+T2+T4,160.35824618223808,224.4623003144828,191.135855452073,193.34090874100488,186.84629649261933,0.043530091374930274,0.060757836542164115,0.05178068665820372,0.05239058169395095,0.0505944677205461,27.904450737320143,11.08299726820709
654,6,1,0,0,10,H_M+H_B+S+T2+T4,2.2203209349658426,3.099058978192001,2.639385638470692,2.6756229815913946,2.5691961320093686,0.0003455009080878303,0.0004820170035293328,0.000410535241940078,0.0004163051816768653,0.0003993685150999952,32.46906896712807,3.3747015551834103
662,6,0,1,0,10,H_M+H_B+Y+T2+T4,22.254752862735913,31.09796789874188,26.483064393741266,26.825623435133043,25.818534660188874,0.0008628512150538919,0.0012032135872529545,0.001024805914087771,0.0010395806720821376,0.0009962537731566634,30.79857943463524,6.722569157140629
670,6,1,1,0,10,H_M+H_B+S+Y+T2+T4,1.5731995236238026,2.195327508117533,1.8697635723194785,1.8956409761583504,1.8196513660653746,0.0004721608942220928,0.000659152524525482,0.0005613561721051886,0.0005690392357439232,0.0005464748839130278,32.71934238642679,3.1021327343865908
678,6,0,0,1,10,H_M+H_B+E+T2+T4,32.5158361140832,45.41697808024654,38.67686138468437,39.193381627265865,37.675753648363006,0.004565065297881991,0.006381358370230702,0.005433720616686213,0.005504148473213301,0.005297184462121856,31.63520736181822,4.548824440528322
686,6,1,0,1,10,H_M+H_B+S+E+T2+T4,2.140963025208904,2.9880124612717665,2.5448444147494125,2.5799049012573514,2.4769397441550414,0.00045539032371073206,0.0006357072369770454,0.0005413945413269997,0.0005488189530196916,0.0005270154790531632,32.57635743244459,3.25302712317086
694,6,0,1,1,10,H_M+H_B+Y+E+T2+T4,14.60597720331299,20.389414950040994,17.365407713084196,17.601005637345967,16.908892309968838,0.0021698624316784,0.003029602788097258,0.0025802806484134825,0.00261486324964936,0.0025132594561455062,32.16315068468866,4.8473844565048845
702,6,1,1,1,10,H_M+H_B+S+Y+E+T2+T4,1.5502073697818837,2.1631872397267613,1.8423955253482642,1.8679203095059058,1.7929673465863871,0.000451611676261209,0.000630247932766985,0.0005367669984467608,0.000544205698154597,0.0005223629131004308,32.75063949595277,3.0514358838723883
710,6,0,0,0,11,H_M+H_B+T1+T2+T4,150.9601778927415,211.31578034526572,179.93837069360683,182.01589257185495,175.89703438227363,0.008061209019526451,0.011075108969092697,0.009456867722284925,0.009639622349383,0.009111512987210097,27.909700118448352,10.945081602343228
718,6,1,0,0,11,H_M+H_B+S+T1+T2+T4,2.2203209349658426,3.099058978192001,2.639385638470692,2.6756229815913946,2.5691961320093686,0.0003455009080878303,0.0004820170035293328,0.000410535241940078,0.0004163051816768653,0.0003993685150999952,32.46906896712807,3.3747015551834103
726,6,0,1,0,11,H_M+H_B+Y+T1+T2+T4,20.552842937951713,28.717945425223625,24.45627378167157,24.77394290204392,23.840094583329083,0.0021622489773274133,0.0030195479700557267,0.002571839675928551,0.002605501981265584,0.0025065485106564728,30.90968186601928,6.494687494087284
734,6,1,1,0,11,H_M+H_B+S+Y+T1+T2+T4,1.5731995236238026,2.195327508117533,1.8697635723194785,1.8956409761583504,1.8196513660653746,0.0004721608942220928,0.000659152524525482,0.0005613561721051886,0.0005690392357439232,0.0005464748839130278,32.71934238642679,3.1021327343865908
742,6,0,0,1,11,H_M+H_B+E+T1+T2+T4,31.209227979723195,43.59199423696221,37.12264675027267,37.61856183026381,36.16148535231399,0.0030644294734921197,0.004283570356694513,0.003647490359977744,0.0036947287225010585,0.0035558198592487568,31.64157795624929,4.492417460307983
750,6,1,0,1,11,H_M+H_B+S+E+T1+T2+T4,2.140963025208904,2.9880124612717665,2.5448444147494125,2.5799049012573514,2.4769397441550414,0.00045539032371073206,0.0006357072369770454,0.0005413945413269997,0.0005488189530196916,0.0005270154790531632,32.57635743244459,3.25302712317086
758,6,0,1,1,11,H_M+H_B+Y+E+T1+T2+T4,13.926453674875038,19.44082879010196,16.557468310365632,16.78220922089453,16.121996628291036,0.0033631072603145192,0.004691774116978417,0.003996688350077965,0.004051106970675835,0.0038912367680005687,32.17339251939139,4.768154478435678
766,6,1,1,1,11,H_M+H_B+S+Y+E+T1+T2+T4,1.5502073697818837,2.1631872397267613,1.8423955253482642,1.8679203095059058,1.7929673465863871,0.000451611676261209,0.000630247932766985,0.0005367669984467608,0.000544205698154597,0.0005223629131004308,32.75063949595277,3.0514358838723883
774,6,0,0,0,12,H_M+H_B+T3+T4,286.13927347043324,400.3115923956159,340.9523070788366,344.83374273260836,333.3975915005038,0.022761405273094795,0.03206846299634713,0.027280340425346255,0.02751983059501431,0.026810412129364084,27.7754271649834,12.910027854029565
782,6,1,0,0,12,H_M+H_B+S+T3+T4,2.2203209349658426,3.099058978192001,2.639385638470692,2.6756229815913946,2.5691961320093686,0.0003455009080878303,0.0004820170035293328,0.000410535241940078,0.0004163051816768653,0.0003993685150999952,32.46906896712807,3.3747015551834103
790,6,0,1,0,12,H_M+H_B+Y+T3+T4,53.047678195270905,74.16217378454331,63.16258447865552,63.93441731454725,61.66289355429756,0.007708140984469753,0.010795300046256926,0.00919103132482496,0.009296914216046014,0.00898512399038737,29.4242363932411,10.035703568490579
798,6,1,1,0,12,H_M+H_B+S+Y+T3+T4,1.5731995236238026,2.195327508117533,1.8697635723194785,1.8956409761583504,1.8196513660653746,0.0004721608942220928,0.000659152524525482,0.0005613561721051886,0.0005690392357439232,0.0005464748839130278,32.71934238642679,3.1021327343865908
806,6,0,0,1,12,H_M+H_B+E+T3+T4,43.43878915374995,60.672112111937906,51.669179985713306,52.357444924519136,50.33508244749149,0.002795846683065244,0.00389550482493108,0.0033188239829131548,0.0033665050996407554,0.0032266199550029465,31.58750114628735,5.074062044421392
814,6,1,0,1,12,H_M+H_B+S+E+T3+T4,2.140963025208904,2.9880124612717665,2.5448444147494125,2.5799049012573514,2.4769397441550414,0.00045539032371073206,0.0006357072369770454,0.0005413945413269997,0.0005488189530196916,0.0005270154790531632,32.57635743244459,3.25302712317086
822,6,0,1,1,12,H_M+H_B+Y+E+T3+T4,20.9633099174927,29.26393226559896,24.924323295696095,25.260943333581306,24.27197108617289,0.003199590813166936,0.004467058671694964,0.0038048878042110067,0.0038551782071473326,0.0037073645583875687,32.063145987244745,5.558602091282035
830,6,1,1,1,12,H_M+H_B+S+Y+E+T3+T4,1.5502073697818837,2.1631872397267613,1.8423955253482642,1.8679203095059058,1.7929673465863871,0.000451611676261209,0.000630247932766985,0.0005367669984467608,0.000544205698154597,0.0005223629131004308,32.75063949595277,3.0514358838723883
838,6,0,0,0,13,H_M+H_B+T1+T3+T4,151.3794176542756,211.89831690569991,180.43505097502225,182.5199715266182,176.37939695248207,0.020328029437942506,0.028569312547812545,0.024318519579091317,0.024541134380573534,0.02388199838608461,27.931020081384794,10.935450793621987
846,6,1,0,0,13,H_M+H_B+S+T1+T3+T4,2.2203209349658426,3.099058978192001,2.639385638470692,2.6756229815913946,2.5691961320093686,0.0003455009080878303,0.0004820170035293328,0.000410535241940078,0.0004163051816768653,0.0003993685150999952,32.46906896712807,3.3747015551834103
854,6,0,1,0,13,H_M+H_B+Y+T1+T3+T4,21.206884351599836,29.632295689803062,25.234936272528465,25.56235356910076,24.599829940405762,0.0014324894430542776,0.0020005897560997745,0.001703985837430444,0.0017261525313327438,0.001661003202505666,30.880373161319053,6.56301851759775
862,6,1,1,0,13,H_M+H_B+S+Y+T1+T3+T4,1.5731995236238026,2.195327508117533,1.8697635723194785,1.8956409761583504,1.8196513660653746,0.0004721608942220928,0.000659152524525482,0.0005613561721051886,0.0005690392357439232,0.0005464748839130278,32.71934238642679,3.1021327343865908
870,6,0,0,1,13,H_M+H_B+E+T1+T3+T4,31.903001501675874,44.56122216305133,37.948029379356896,38.45484410708005,36.965736807358546,0.0018956362089896073,0.0026489392424221847,0.0022557900713729533,0.002285085469054626,0.002198888489925474,31.634793696137674,4.50917168608968
878,6,1,0,1,13,H_M+H_B+S+E+T1+T3+T4,2.140963025208904,2.9880124612717665,2.5448444147494125,2.5799049012573514,2.4769397441550414,0.00045539032371073206,0.0006357072369770454,0.0005413945413269997,0.0005488189530196916,0.0005270154790531632,32.57635743244459,3.25302712317086
886,6,0,1,1,13,H_M+H_B+Y+E+T1+T3+T4,14.25411509657897,19.898282677112388,16.947084933968483,17.177050941090695,16.50148548661225,0.002731048635109015,0.0038095519987578303,0.0032452602643726174,0.003289537843424535,0.00315946286817408,32.16647743627674,4.801816731935724
894,6,1,1,1,13,H_M+H_B+S+Y+E+T1+T3+T4,1.5502073697818837,2.1631872397267613,1.8423955253482642,1.8679203095059058,1.7929673465863871,0.000451611676261209,0.000630247932766985,0.0005367669984467608,0.000544205698154597,0.0005223629131004308,32.75063949595277,3.0514358838723883
902,6,0,0,0,14,H_M+H_B+T2+T3+T4,157.91126103178087,221.03533718958508,188.2181770602299,190.3897447847147,183.99374767658688,0.02475751278833344,0.03483637733350989,0.029649104762470204,0.02989397241155998,0.029172685283242118,27.907715286610745,11.092362309163544
910,6,1,0,0,14,H_M+H_B+S+T2+T3+T4,2.2203209349658426,3.099058978192001,2.639385638470692,2.6756229815913946,2.5691961320093686,0.0003455009080878303,0.0004820170035293328,0.000410535241940078,0.0004163051816768653,0.0003993685150999952,32.46906896712807,3.3747015551834103
918,6,0,1,0,14,H_M+H_B+Y+T2+T3+T4,22.254752862735913,31.09796789874188,26.483064393741266,26.825623435133043,25.818534660188874,0.0008628512150538919,0.0012032135872529545,0.001024805914087771,0.0010395806720821376,0.0009962537731566634,30.79857943463524,6.722569157140629
926,6,1,1,0,14,H_M+H_B+S+Y+T2+T3+T4,1.5731995236238026,2.195327508117533,1.8697635723194785,1.8956409761583504,1.8196513660653746,0.0004721608942220928,0.000659152524525482,0.0005613561721051886,0.0005690392357439232,0.0005464748839130278,32.71934238642679,3.1021327343865908
934,6,0,0,1,14,H_M+H_B+E+T2+T3+T4,32.25207032585534,45.048263275390354,38.36291537176798,38.875331844126514,37.369764151428164,0.004086484139351581,0.00571004255832125,0.004862530681807886,0.004926127148347867,0.004739247183517289,31.64106246511133,4.553273162748178
942,6,1,0,1,14,H_M+H_B+S+E+T2+T3+T4,2.140963025208904,2.9880124612717665,2.5448444147494125,2.5799049012573514,2.4769397441550414,0.00045539032371073206,0.0006357072369770454,0.0005413945413269997,0.0005488189530196916,0.0005270154790531632,32.57635743244459,3.25302712317086
950,6,0,1,1,14,H_M+H_B+Y+E+T2+T3+T4,14.60597720331299,20.389414950040994,17.365407713084196,17.601005637345967,16.908892309968838,0.0021698624316784,0.003029602788097258,0.0025802806484134825,0.00261486324964936,0.0025132594561455062,32.16315068468866,4.8473844565048845
958,6,1,1,1,14,H_M+H_B+S+Y+E+T2+T3+T4,1.5502073697818837,2.1631872397267613,1.8423955253482642,1.8679203095059058,1.7929673465863871,0.000451611676261209,0.000630247932766985,0.0005367669984467608,0.000544205698154597,0.0005223629131004308,32.75063949595277,3.0514358838723883
966,6,0,0,0,15,H_M+H_B+T1+T2+T3+T4,148.6422936348905,208.06816252853392,177.17352251130126,179.21996332305366,173.19268372660065,0.014131694208652127,0.019964968285256613,0.01697741455952154,0.017098041781970278,0.016739050064472814,27.921730885942665,10.949630153169412
974,6,1,0,0,15,H_M+H_B+S+T1+T2+T3+T4,2.2203209349658426,3.099058978192001,2.639385638470692,2.6756229815913946,2.5691961320093686,0.0003455009080878303,0.0004820170035293328,0.000410535241940078,0.0004163051816768653,0.0003993685150999952,32.46906896712807,3.3747015551834103
982,6,0,1,0,15,H_M+H_B+Y+T1+T2+T3+T4,20.552842937951713,28.717945425223625,24.45627378167157,24.77394290204392,23.840094583329083,0.0021622489773274133,0.0030195479700557267,0.002571839675928551,0.002605501981265584,0.0025065485106564728,30.90968186601928,6.494687494087284
990,6,1,1,0,15,H_M+H_B+S+Y+T1+T2+T3+T4,1.5731995236238026,2.195327508117533,1.8697635723194785,1.8956409761583504,1.8196513660653746,0.0004721608942220928,0.000659152524525482,0.0005613561721051886,0.0005690392357439232,0.0005464748839130278,32.71934238642679,3.1021327343865908
998,6,0,0,1,15,H_M+H_B+E+T1+T2+T3+T4,30.95803724747608,43.24085729523266,36.8236680781888,37.31567421679482,35.8700854143231,0.0025592501999660983,0.0035780309535767833,0.0030466307411325297,0.003085866875629217,0.0029704807181569997,31.64740589910293,4.496722508836214
1006,6,1,0,1,15,H_M+H_B+S+E+T1+T2+T3+T4,2.140963025208904,2.9880124612717665,2.5448444147494125,2.5799049012573514,2.4769397441550414,0.00045539032371073206,0.0006357072369770454,0.0005413945413269997,0.0005488189530196916,0.0005270154790531632,32.57635743244459,3.25302712317086
1014,6,0,1,1,15,H_M+H_B+Y+E+T1+T2+T3+T4,13.926453674875038,19.44082879010196,16.557468310365632,16.78220922089453,16.121996628291036,0.0033631072603145192,0.004691774116978417,0.003996688350077965,0.004051106970675835,0.0038912367680005687,32.17339251939139,4.768154478435678
1022,6,1,1,1,15,H_M+H_B+S+Y+E+T1+T2+T3+T4,1.5502073697818837,2.1631872397267613,1.8423955253482642,1.8679203095059058,1.7929673465863871,0.000451611676261209,0.000630247932766985,0.0005367669984467608,0.000544205698154597,0.0005223629131004308,32.75063949595277,3.0514358838723883
7,7,0,0,0,0,H_T+H_M+H_B,9467.819058790667,13259.606540737013,11290.188290398406,11416.095486466933,11045.140008160346,2.0056194437315833,2.821814984274737,2.400586310714352,2.421480969435429,2.3610515781025065,27.10590621189937,11.904873216854261
15,7,1,0,0,0,H_T+H_M+H_B+S,2.2203209349658426,3.099058978192001,2.639385638470692,2.6756229815913946,2.5691961320093686,0.0003455009080878303,0.0004820170035293328,0.000410535241940078,0.0004163051816768653,0.0003993685150999952,32.46906896712807,3.3747015551834103
23,7,0,1,0,0,H_T+H_M+H_B+Y,143.03276813333048,199.8049705023363,170.24776005479356,172.2253983227894,166.39877542395956,0.025517375785871713,0.03579129008514818,0.03046878964334635,0.030785815137398018,0.029851144069383294,28.580078132266966,14.443460711972385
31,7,1,1,0,0,H_T+H_M+H_B+S+Y,1.5731995236238026,2.195327508117533,1.8697635723194785,1.8956409761583504,1.8196513660653746,0.0004721608942220928,0.000659152524525482,0.0005613561721051886,0.0005690392357439232,0.0005464748839130278,32.71934238642679,3.1021327343865908
39,7,0,0,1,0,H_T+H_M+H_B+E,1234.2133349766996,1722.5707996399394,1467.5802872890763,1486.414667701316,1431.0220741931048,0.11394373128478327,0.15923384277878877,0.13560598466694737,0.13734656320609895,0.13222974500726267,31.000748868930074,10.625207960804053
47,7,1,0,1,0,H_T+H_M+H_B+S+E,2.140963025208904,2.9880124612717665,2.5448444147494125,2.5799049012573514,2.4769397441550414,0.00045539032371073206,0.0006357072369770454,0.0005413945413269997,0.0005488189530196916,0.0005270154790531632,32.57635743244459,3.25302712317086
55,7,0,1,1,0,H_T+H_M+H_B+Y+E,26.26856532198946,36.669075561459536,31.232175203324637,31.652345261733135,30.417812074165298,0.0022435477529312866,0.0031316302950976757,0.002667469824680229,0.0027030689971468467,0.0025984321752232525,31.98278922750016,6.157040867496993
63,7,1,1,1,0,H_T+H_M+H_B+S+Y+E,1.5502073697818837,2.1631872397267613,1.8423955253482642,1.8679203095059058,1.7929673465863871,0.000451611676261209,0.000630247932766985,0.0005367669984467608,0.000544205698154597,0.0005223629131004308,32.75063949595277,3.0514358838723883
71,7,0,0,0,1,H_T+H_M+H_B+T1,255.80529168609536,358.06517992823666,304.9127142900601,308.39327062044265,298.14040540704985,0.010163103308105732,0.014154096739425599,0.012067033764192258,0.012216868572960561,0.011778286084927602,27.70253257108314,11.83680691821861
79,7,1,0,0,1,H_T+H_M+H_B+S+T1,2.2203209349658426,3.099058978192001,2.639385638470692,2.6756229815913946,2.5691961320093686,0.0003455009080878303,0.0004820170035293328,0.000410535241940078,0.0004163051816768653,0.0003993685150999952,32.46906896712807,3.3747015551834103
87,7,0,1,0,1,H_T+H_M+H_B+Y+T1,21.206884351599836,29.632295689803062,25.234936272528465,25.56235356910076,24.599829940405762,0.0014324894430542776,0.0020005897560997745,0.001703985837430444,0.0017261525313327438,0.001661003202505666,30.880373161319053,6.56301851759775
95,7,1,1,0,1,H_T+H_M+H_B+S+Y+T1,1.5731995236238026,2.195327508117533,1.8697635723194785,1.8956409761583504,1.8196513660653746,0.0004721608942220928,0.000659152524525482,0.0005613561721051886,0.0005690392357439232,0.0005464748839130278,32.71934238642679,3.1021327343865908
103,7,0,0,1,1,H_T+H_M+H_B+E+T1,34.990605337843334,48.877609248666786,41.62320780240997,42.178007797300126,40.54788175406346,0.0017072770453386474,0.0023810727954267454,0.002028437220591243,0.002056238106254498,0.0019745267273566986,31.567765567522656,4.448177914800257
111,7,1,0,1,1,H_T+H_M+H_B+S+E+T1,2.140963025208904,2.9880124612717665,2.5448444147494125,2.5799049012573514,2.4769397441550414,0.00045539032371073206,0.0006357072369770454,0.0005413945413269997,0.0005488189530196916,0.0005270154790531632,32.57635743244459,3.25302712317086
119,7,0,1,1,1,H_T+H_M+H_B+Y+E+T1,14.25411509657897,19.898282677112388,16.947084933968483,17.177050941090695,16.50148548661225,0.002731048635109015,0.0038095519987578303,0.0032452602643726174,0.003289537843424535,0.00315946286817408,32.16647743627674,4.801816731935724
127,7,1,1,1,1,H_T+H_M+H_B+S+Y+E+T1,1.5502073697818837,2.1631872397267613,1.8423955253482642,1.8679203095059058,1.7929673465863871,0.000451611676261209,0.000630247932766985,0.0005367669984467608,0.000544205698154597,0.0005223629131004308,32.75063949595277,3.0514358838723883
135,7,0,0,0,2,H_T+H_M+H_B+T2,258.3036063759267,361.5521444866512,307.8851195857318,311.39909216652256,301.0476728401309,0.039962314107081794,0.05555840200153145,0.04737946841848931,0.04801302019646195,0.0461527451969865,27.70627604241896,11.895966890296057
143,7,1,0,0,2,H_T+H_M+H_B+S+T2,2.2203209349658426,3.099058978192001,2.639385638470692,2.6756229815913946,2.5691961320093686,0.0003455009080878303,0.0004820170035293328,0.000410535241940078,0.0004163051816768653,0.0003993685150999952,32.46906896712807,3.3747015551834103
151,7,0,1,0,2,H_T+H_M+H_B+Y+T2,22.256024408912015,31.09974413361064,26.484576996734383,26.82715618450407,25.82000821868139,0.0008880426874490749,0.0012395451631377822,0.0010555902795689348,0.0010703279931556548,0.0010270912934329983,30.798621817213675,6.722456246822711
159,7,1,1,0,2,H_T+H_M+H_B+S+Y+T2,1.5731995236238026,2.195327508117533,1.8697635723194785,1.8956409761583504,1.8196513660653746,0.0004721608942220928,0.000659152524525482,0.0005613561721051886,0.0005690392357439232,0.0005464748839130278,32.71934238642679,3.1021327343865908
167,7,0,0,1,2,H_T+H_M+H_B+E+T2,35.51110964848899,49.604351453109814,42.24217933743546,42.805236505451745,41.15084625942197,0.0030720606960998177,0.004291907587580551,0.0036549850596501823,0.0037030153321461804,0.003561899365795185,31.570175382840024,4.481249510585497
175,7,1,0,1,2,H_T+H_M+H_B+S+E+T2,2.140963025208904,2.9880124612717665,2.5448444147494125,2.5799049012573514,2.4769397441550414,0.00045539032371073206,0.0006357072369770454,0.0005413945413269997,0.0005488189530196916,0.0005270154790531632,32.57635743244459,3.25302712317086
183,7,0,1,1,2,H_T+H_M+H_B+Y+E+T2,14.607248749489093,20.391191184909744,17.366920316077298,17.602538386717,16.91036586846136,0.0021282002133012324,0.0029714566915049197,0.0025307611529479784,0.002564654875732987,0.0024650739705775492,32.163096459720634,4.847375594170898
191,7,1,1,1,2,H_T+H_M+H_B+S+Y+E+T2,1.5502073697818837,2.1631872397267613,1.8423955253482642,1.8679203095059058,1.7929673465863871,0.000451611676261209,0.000630247932766985,0.0005367669984467608,0.000544205698154597,0.0005223629131004308,32.75063949595277,3.0514358838723883
199,7,0,0,0,3,H_T+H_M+H_B+T1+T2,242.54812710735249,339.5024419281354,289.10676104043563,292.40826867873295,282.6828473212011,0.032715669059541236,0.04574737949585196,0.03896006491672093,0.039428293054369644,0.038051812884458726,27.71514989997024,11.845815648478622
207,7,1,0,0,3,H_T+H_M+H_B+S+T1+T2,2.2203209349658426,3.099058978192001,2.639385638470692,2.6756229815913946,2.5691961320093686,0.0003455009080878303,0.0004820170035293328,0.000410535241940078,0.0004163051816768653,0.0003993685150999952,32.46906896712807,3.3747015551834103
215,7,0,1,0,3,H_T+H_M+H_B+Y+T1+T2,20.552842937951713,28.717945425223625,24.45627378167157,24.77394290204392,23.840094583329083,0.0021622489773274133,0.0030195479700557267,0.002571839675928551,0.002605501981265584,0.0025065485106564728,30.90968186601928,6.494687494087284
223,7,1,1,0,3,H_T+H_M+H_B+S+Y+T1+T2,1.5731995236238026,2.195327508117533,1.8697635723194785,1.8956409761583504,1.8196513660653746,0.0004721608942220928,0.000659152524525482,0.0005613561721051886,0.0005690392357439232,0.0005464748839130278,32.71934238642679,3.1021327343865908
231,7,0,0,1,3,H_T+H_M+H_B+E+T1+T2,33.41388461502489,46.673923962187104,39.746766537787494,40.276987855684695,38.719093858775004,0.002253766332976379,0.0031482243138743838,0.0026812286338341058,0.002716256705740743,0.0026132471760353174,31.59364659390191,4.447930709493323
239,7,1,0,1,3,H_T+H_M+H_B+S+E+T1+T2,2.140963025208904,2.9880124612717665,2.5448444147494125,2.5799049012573514,2.4769397441550414,0.00045539032371073206,0.0006357072369770454,0.0005413945413269997,0.0005488189530196916,0.0005270154790531632,32.57635743244459,3.25302712317086
247,7,0,1,1,3,H_T+H_M+H_B+Y+E+T1+T2,13.926453674875038,19.44082879010196,16.557468310365632,16.78220922089453,16.121996628291036,0.0033631072603145192,0.004691774116978417,0.003996688350077965,0.004051106970675835,0.0038912367680005687,32.17339251939139,4.768154478435678
255,7,1,1,1,3,H_T+H_M+H_B+S+Y+E+T1+T2,1.5502073697818837,2.1631872397267613,1.8423955253482642,1.8679203095059058,1.7929673465863871,0.000451611676261209,0.000630247932766985,0.0005367669984467608,0.000544205698154597,0.0005223629131004308,32.75063949595277,3.0514358838723883
263,7,0,0,0,4,H_T+H_M+H_B+T3,301.9624527482191,422.4559081746646,359.81139439795083,363.90588443867864,351.8419688817029,0.00919428488905768,0.012745781516578271,0.010877406400999169,0.01101961738788263,0.01060346657464412,27.76327846535002,12.900855995242555
271,7,1,0,0,4,H_T+H_M+H_B+S+T3,2.2203209349658426,3.099058978192001,2.639385638470692,2.6756229815913946,2.5691961320093686,0.0003455009080878303,0.0004820170035293328,0.000410535241940078,0.0004163051816768653,0.0003993685150999952,32.46906896712807,3.3747015551834103
279,7,0,1,0,4,H_T+H_M+H_B+Y+T3,54.11285883806133,75.65109520453315,64.43093929445402,65.21768398845602,62.90223757746838,0.007725024886345445,0.010813148709348769,0.009207196004801632,0.009315077534905604,0.008997489021579203,29.40911580401772,10.094212336389287
287,7,1,1,0,4,H_T+H_M+H_B+S+Y+T3,1.5731995236238026,2.195327508117533,1.8697635723194785,1.8956409761583504,1.8196513660653746,0.0004721608942220928,0.000659152524525482,0.0005613561721051886,0.0005690392357439232,0.0005464748839130278,32.71934238642679,3.1021327343865908
295,7,0,0,1,4,H_T+H_M+H_B+E+T3,45.45224563936402,63.48622832688341,54.06544469579543,54.784964318438995,52.670742808226485,0.002609647004270556,0.0036444834003325557,0.0031040999587848427,0.0031446666808601764,0.003025427684130476,31.55807861799901,5.0719106796857245
303,7,1,0,1,4,H_T+H_M+H_B+S+E+T3,2.140963025208904,2.9880124612717665,2.5448444147494125,2.5799049012573514,2.4769397441550414,0.00045539032371073206,0.0006357072369770454,0.0005413945413269997,0.0005488189530196916,0.0005270154790531632,32.57635743244459,3.25302712317086
311,7,0,1,1,4,H_T+H_M+H_B+Y+E+T3,21.243417957287924,29.6549828538412,25.257402505501783,25.598449246244833,24.596468043066906,0.0029434304468057256,0.00410948735185829,0.0035002997788688606,0.003546574391075397,0.0034105460554761653,32.05812199736236,5.584256452242651
319,7,1,1,1,4,H_T+H_M+H_B+S+Y+E+T3,1.5502073697818837,2.1631872397267613,1.8423955253482642,1.8679203095059058,1.7929673465863871,0.000451611676261209,0.000630247932766985,0.0005367669984467608,0.000544205698154597,0.0005223629131004308,32.75063949595277,3.0514358838723883
327,7,0,0,0,5,H_T+H_M+H_B+T1+T3,159.68597615153942,223.52703959395018,190.33758700791006,192.5341634668883,186.06460787434534,0.017405081819678873,0.024417323406423167,0.020793364202418143,0.020996444244247264,0.020395660978794677,27.90477899739788,11.003979725399086
335,7,1,0,0,5,H_T+H_M+H_B+S+T1+T3,2.2203209349658426,3.099058978192001,2.639385638470692,2.6756229815913946,2.5691961320093686,0.0003455009080878303,0.0004820170035293328,0.000410535241940078,0.0004163051816768653,0.0003993685150999952,32.46906896712807,3.3747015551834103
343,7,0,1,0,5,H_T+H_M+H_B+Y+T1+T3,21.206884351599836,29.632295689803062,25.234936272528465,25.56235356910076,24.599829940405762,0.0014324894430542776,0.0020005897560997745,0.001703985837430444,0.0017261525313327438,0.001661003202505666,30.880373161319053,6.56301851759775
351,7,1,1,0,5,H_T+H_M+H_B+S+Y+T1+T3,1.5731995236238026,2.195327508117533,1.8697635723194785,1.8956409761583504,1.8196513660653746,0.0004721608942220928,0.000659152524525482,0.0005613561721051886,0.0005690392357439232,0.0005464748839130278,32.71934238642679,3.1021327343865908
359,7,0,0,1,5,H_T+H_M+H_B+E+T1+T3,32.60571043632905,45.54360736281032,38.784474112542426,39.30221073838935,37.781006148573084,0.0019247389756370176,0.0026907633130392726,0.0022910359134927566,0.002320946472167873,0.0022330083127528907,31.618347914364765,4.489216344446165
367,7,1,0,1,5,H_T+H_M+H_B+S+E+T1+T3,2.140963025208904,2.9880124612717665,2.5448444147494125,2.5799049012573514,2.4769397441550414,0.00045539032371073206,0.0006357072369770454,0.0005413945413269997,0.0005488189530196916,0.0005270154790531632,32.57635743244459,3.25302712317086
375,7,0,1,1,5,H_T+H_M+H_B+Y+E+T1+T3,14.25411509657897,19.898282677112388,16.947084933968483,17.177050941090695,16.50148548661225,0.002731048635109015,0.0038095519987578303,0.0032452602643726174,0.003289537843424535,0.00315946286817408,32.16647743627674,4.801816731935724
383,7,1,1,1,5,H_T+H_M+H_B+S+Y+E+T1+T3,1.5502073697818837,2.1631872397267613,1.8423955253482642,1.8679203095059058,1.7929673465863871,0.000451611676261209,0.000630247932766985,0.0005367669984467608,0.000544205698154597,0.0005223629131004308,32.75063949595277,3.0514358838723883
391,7,0,0,0,6,H_T+H_M+H_B+T2+T3,166.40712944792355,232.9284814164899,198.34595074387897,200.63199652174873,193.8987190475693,0.014664739457161145,0.020861254690593283,0.017728789222934634,0.01779009342707101,0.01760866749623559,27.886346607749157,11.147802129831938
399,7,1,0,0,6,H_T+H_M+H_B+S+T2+T3,2.2203209349658426,3.099058978192001,2.639385638470692,2.6756229815913946,2.5691961320093686,0.0003455009080878303,0.0004820170035293328,0.000410535241940078,0.0004163051816768653,0.0003993685150999952,32.46906896712807,3.3747015551834103
407,7,0,1,0,6,H_T+H_M+H_B+Y+T2+T3,22.256024408912015,31.09974413361064,26.484576996734383,26.82715618450407,25.82000821868139,0.0008880426874490749,0.0012395451631377822,0.0010555902795689348,0.0010703279931556548,0.0010270912934329983,30.798621817213675,6.722456246822711
415,7,1,1,0,6,H_T+H_M+H_B+S+Y+T2+T3,1.5731995236238026,2.195327508117533,1.8697635723194785,1.8956409761583504,1.8196513660653746,0.0004721608942220928,0.000659152524525482,0.0005613561721051886,0.0005690392357439232,0.0005464748839130278,32.71934238642679,3.1021327343865908
423,7,0,0,1,6,H_T+H_M+H_B+E+T2+T3,33.0753029381475,46.199139548955294,39.34282094368811,39.868032161810476,38.32486327190252,0.003394301962952119,0.004740639286264348,0.004037372387849653,0.0040908749629726005,0.003933683394348228,31.621901316882735,4.52904930835414
431,7,1,0,1,6,H_T+H_M+H_B+S+E+T2+T3,2.140963025208904,2.9880124612717665,2.5448444147494125,2.5799049012573514,2.4769397441550414,0.00045539032371073206,0.0006357072369770454,0.0005413945413269997,0.0005488189530196916,0.0005270154790531632,32.57635743244459,3.25302712317086
439,7,0,1,1,6,H_T+H_M+H_B+Y+E+T2+T3,14.607248749489093,20.391191184909744,17.366920316077298,17.602538386717,16.91036586846136,0.0021282002133012324,0.0029714566915049197,0.0025307611529479784,0.002564654875732987,0.0024650739705775492,32.163096459720634,4.847375594170898
447,7,1,1,1,6,H_T+H_M+H_B+S+Y+E+T2+T3,1.5502073697818837,2.1631872397267613,1.8423955253482642,1.8679203095059058,1.7929673465863871,0.000451611676261209,0.000630247932766985,0.0005367669984467608,0.000544205698154597,0.0005223629131004308,32.75063949595277,3.0514358838723883
455,7,0,0,0,7,H_T+H_M+H_B+T1+T2+T3,156.7905921093925,219.47515938844606,186.88731505296468,189.04321160507655,182.69342878958895,0.010828654354104171,0.015312689894840255,0.013022897042110829,0.013106192325918168,0.012856949461929418,27.89555357293211,11.021750022355581
463,7,1,0,0,7,H_T+H_M+H_B+S+T1+T2+T3,2.2203209349658426,3.099058978192001,2.639385638470692,2.6756229815913946,2.5691961320093686,0.0003455009080878303,0.0004820170035293328,0.000410535241940078,0.0004163051816768653,0.0003993685150999952,32.46906896712807,3.3747015551834103
471,7,0,1,0,7,H_T+H_M+H_B+Y+T1+T2+T3,20.552842937951713,28.717945425223625,24.45627378167157,24.77394290204392,23.840094583329083,0.0021622489773274133,0.0030195479700557267,0.002571839675928551,0.002605501981265584,0.0025065485106564728,30.90968186601928,6.494687494087284
479,7,1,1,0,7,H_T+H_M+H_B+S+Y+T1+T2+T3,1.5731995236238026,2.195327508117533,1.8697635723194785,1.8956409761583504,1.8196513660653746,0.0004721608942220928,0.000659152524525482,0.0005613561721051886,0.0005690392357439232,0.0005464748839130278,32.71934238642679,3.1021327343865908
487,7,0,0,1,7,H_T+H_M+H_B+E+T1+T2+T3,31.603401912036414,44.14306050645166,37.591844499238185,38.09388675341411,36.6188039677471,0.0032669532919676254,0.004566379335861993,0.0038882506608983627,0.0039389942775755185,0.003789841782706281,31.63191694840189,4.478096984223596
495,7,1,0,1,7,H_T+H_M+H_B+S+E+T1+T2+T3,2.140963025208904,2.9880124612717665,2.5448444147494125,2.5799049012573514,2.4769397441550414,0.00045539032371073206,0.0006357072369770454,0.0005413945413269997,0.0005488189530196916,0.0005270154790531632,32.57635743244459,3.25302712317086
503,7,0,1,1,7,H_T+H_M+H_B+Y+E+T1+T2+T3,13.926453674875038,19.44082879010196,16.557468310365632,16.78220922089453,16.121996628291036,0.0033631072603145192,0.004691774116978417,0.003996688350077965,0.004051106970675835,0.0038912367680005687,32.17339251939139,4.768154478435678
511,7,1,1,1,7,H_T+H_M+H_B+S+Y+E+T1+T2+T3,1.5502073697818837,2.1631872397267613,1.8423955253482642,1.8679203095059058,1.7929673465863871,0.000451611676261209,0.000630247932766985,0.0005367669984467608,0.000544205698154597,0.0005223629131004308,32.75063949595277,3.0514358838723883
519,7,0,0,0,8,H_T+H_M+H_B+T4,305.0808067853832,426.8036751977754,363.51902447403575,367.65465893101486,355.469338790066,0.027199505756341263,0.03767941770034644,0.032141729954292236,0.03263286893873815,0.031201558722620683,27.766509334808173,12.972033615757459
527,7,1,0,0,8,H_T+H_M+H_B+S+T4,2.2203209349658426,3.099058978192001,2.639385638470692,2.6756229815913946,2.5691961320093686,0.0003455009080878303,0.0004820170035293328,0.000410535241940078,0.0004163051816768653,0.0003993685150999952,32.46906896712807,3.3747015551834103
535,7,0,1,0,8,H_T+H_M+H_B+Y+T4,57.7488652152032,80.73333216623439,68.76079219119526,69.59712576637138,67.13553731370938,0.007765997224636074,0.010863051334743044,0.009251137384554565,0.00936196346785255,0.009035752311235426,29.32912823957692,10.37934185550991
543,7,1,1,0,8,H_T+H_M+H_B+S+Y+T4,1.5731995236238026,2.195327508117533,1.8697635723194785,1.8956409761583504,1.8196513660653746,0.0004721608942220928,0.000659152524525482,0.0005613561721051886,0.0005690392357439232,0.0005464748839130278,32.71934238642679,3.1021327343865908
551,7,0,0,1,8,H_T+H_M+H_B+E+T4,46.22161470919954,64.56077094439523,54.98062783877702,55.71214326493352,53.56266269440827,0.0036257369352570784,0.005069741332230617,0.004316525019728758,0.004372300022530781,0.004208326031642581,31.552974955697177,5.11459133329451
559,7,1,0,1,8,H_T+H_M+H_B+S+E+T4,2.140963025208904,2.9880124612717665,2.5448444147494125,2.5799049012573514,2.4769397441550414,0.00045539032371073206,0.0006357072369770454,0.0005413945413269997,0.0005488189530196916,0.0005270154790531632,32.57635743244459,3.25302712317086
567,7,0,1,1,8,H_T+H_M+H_B+Y+E+T4,21.678823716567464,30.262749882078882,25.775096622482543,26.123022254416888,25.100824732612708,0.004346272364422791,0.00606678038158263,0.005167554435687822,0.00523655029400396,0.005033789847320729,32.0514152778331,5.6351118896123715
575,7,1,1,1,8,H_T+H_M+H_B+S+Y+E+T4,1.5502073697818837,2.1631872397267613,1.8423955253482642,1.8679203095059058,1.7929673465863871,0.000451611676261209,0.000630247932766985,0.0005367669984467608,0.000544205698154597,0.0005223629131004308,32.75063949595277,3.0514358838723883
583,7,0,0,0,9,H_T+H_M+H_B+T1+T4,153.96348122135979,215.51855340890108,183.51710507818126,185.6370096601749,179.39337596308516,0.009525004747421103,0.013287375708553456,0.011317958493350912,0.011469921297442967,0.011027276626531968,27.921296528847353,10.921782722677472
591,7,1,0,0,9,H_T+H_M+H_B+S+T1+T4,2.2203209349658426,3.099058978192001,2.639385638470692,2.6756229815913946,2.5691961320093686,0.0003455009080878303,0.0004820170035293328,0.000410535241940078,0.0004163051816768653,0.0003993685150999952,32.46906896712807,3.3747015551834103
599,7,0,1,0,9,H_T+H_M+H_B+Y+T1+T4,21.206884351599836,29.632295689803062,25.234936272528465,25.56235356910076,24.599829940405762,0.0014324894430542776,0.0020005897560997745,0.001703985837430444,0.0017261525313327438,0.001661003202505666,30.880373161319053,6.56301851759775
607,7,1,1,0,9,H_T+H_M+H_B+S+Y+T1+T4,1.5731995236238026,2.195327508117533,1.8697635723194785,1.8956409761583504,1.8196513660653746,0.0004721608942220928,0.000659152524525482,0.0005613561721051886,0.0005690392357439232,0.0005464748839130278,32.71934238642679,3.1021327343865908
615,7,0,0,1,9,H_T+H_M+H_B+E+T1+T4,32.314527359402085,45.13653972644871,38.437879438619674,38.95108590645899,37.44319429026462,0.002179810974458168,0.0030470914973335372,0.0025946626502013027,0.002628074554080156,0.002529781809164756,31.624845507465256,4.499187614220633
623,7,1,0,1,9,H_T+H_M+H_B+S+E+T1+T4,2.140963025208904,2.9880124612717665,2.5448444147494125,2.5799049012573514,2.4769397441550414,0.00045539032371073206,0.0006357072369770454,0.0005413945413269997,0.0005488189530196916,0.0005270154790531632,32.57635743244459,3.25302712317086
631,7,0,1,1,9,H_T+H_M+H_B+Y+E+T1+T4,14.25411509657897,19.898282677112388,16.947084933968483,17.177050941090695,16.50148548661225,0.002731048635109015,0.0038095519987578303,0.0032452602643726174,0.003289537843424535,0.00315946286817408,32.16647743627674,4.801816731935724
639,7,1,1,1,9,H_T+H_M+H_B+S+Y+E+T1+T4,1.5502073697818837,2.1631872397267613,1.8423955253482642,1.8679203095059058,1.7929673465863871,0.000451611676261209,0.000630247932766985,0.0005367669984467608,0.000544205698154597,0.0005223629131004308,32.75063949595277,3.0514358838723883
647,7,0,0,0,10,H_T+H_M+H_B+T2+T4,160.35824618223808,224.4623003144828,191.135855452073,193.34090874100488,186.84629649261933,0.043530091374930274,0.060757836542164115,0.05178068665820372,0.05239058169395095,0.0505944677205461,27.904450737320143,11.08299726820709
655,7,1,0,0,10,H_T+H_M+H_B+S+T2+T4,2.2203209349658426,3.099058978192001,2.639385638470692,2.6756229815913946,2.5691961320093686,0.0003455009080878303,0.0004820170035293328,0.000410535241940078,0.0004163051816768653,0.0003993685150999952,32.46906896712807,3.3747015551834103
663,7,0,1,0,10,H_T+H_M+H_B+Y+T2+T4,22.254752862735913,31.09796789874188,26.483064393741266,26.825623435133043,25.818534660188874,0.0008628512150538919,0.0012032135872529545,0.001024805914087771,0.0010395806720821376,0.0009962537731566634,30.79857943463524,6.722569157140629
671,7,1,1,0,10,H_T+H_M+H_B+S+Y+T2+T4,1.5731995236238026,2.195327508117533,1.8697635723194785,1.8956409761583504,1.8196513660653746,0.0004721608942220928,0.000659152524525482,0.0005613561721051886,0.0005690392357439232,0.0005464748839130278,32.71934238642679,3.1021327343865908
679,7,0,0,1,10,H_T+H_M+H_B+E+T2+T4,32.5158361140832,45.41697808024654,38.67686138468437,39.193381627265865,37.675753648363006,0.004565065297881991,0.006381358370230702,0.005433720616686213,0.005504148473213301,0.005297184462121856,31.63520736181822,4.548824440528322
687,7,1,0,1,10,H_T+H_M+H_B+S+E+T2+T4,2.140963025208904,2.9880124612717665,2.5448444147494125,2.5799049012573514,2.4769397441550414,0.00045539032371073206,0.0006357072369770454,0.0005413945413269997,0.0005488189530196916,0.0005270154790531632,32.57635743244459,3.25302712317086
695,7,0,1,1,10,H_T+H_M+H_B+Y+E+T2+T4,14.60597720331299,20.389414950040994,17.365407713084196,17.601005637345967,16.908892309968838,0.0021698624316784,0.003029602788097258,0.0025802806484134825,0.00261486324964936,0.0025132594561455062,32.16315068468866,4.8473844565048845
703,7,1,1,1,10,H_T+H_M+H_B+S+Y+E+T2+T4,1.5502073697818837,2.1631872397267613,1.8423955253482642,1.8679203095059058,1.7929673465863871,0.000451611676261209,0.000630247932766985,0.0005367669984467608,0.000544205698154597,0.0005223629131004308,32.75063949595277,3.0514358838723883
711,7,0,0,0,11,H_T+H_M+H_B+T1+T2+T4,150.9601778927415,211.31578034526572,179.93837069360683,182.01589257185495,175.89703438227363,0.008061209019526451,0.011075108969092697,0.009456867722284925,0.009639622349383,0.009111512987210097,27.909700118448352,10.945081602343228
719,7,1,0,0,11,H_T+H_M+H_B+S+T1+T2+T4,2.2203209349658426,3.099058978192001,2.639385638470692,2.6756229815913946,2.5691961320093686,0.0003455009080878303,0.0004820170035293328,0.000410535241940078,0.0004163051816768653,0.0003993685150999952,32.46906896712807,3.3747015551834103
727,7,0,1,0,11,H_T+H_M+H_B+Y+T1+T2+T4,20.552842937951713,28.717945425223625,24.45627378167157,24.77394290204392,23.840094583329083,0.0021622489773274133,0.0030195479700557267,0.002571839675928551,0.002605501981265584,0.0025065485106564728,30.90968186601928,6.494687494087284
735,7,1,1,0,11,H_T+H_M+H_B+S+Y+T1+T2+T4,1.5731995236238026,2.195327508117533,1.8697635723194785,1.8956409761583504,1.8196513660653746,0.0004721608942220928,0.000659152524525482,0.0005613561721051886,0.0005690392357439232,0.0005464748839130278,32.71934238642679,3.1021327343865908
743,7,0,0,1,11,H_T+H_M+H_B+E+T1+T2+T4,31.209227979723195,43.59199423696221,37.12264675027267,37.61856183026381,36.16148535231399,0.0030644294734921197,0.004283570356694513,0.003647490359977744,0.0036947287225010585,0.0035558198592487568,31.64157795624929,4.492417460307983
751,7,1,0,1,11,H_T+H_M+H_B+S+E+T1+T2+T4,2.140963025208904,2.9880124612717665,2.5448444147494125,2.5799049012573514,2.4769397441550414,0.00045539032371073206,0.0006357072369770454,0.0005413945413269997,0.0005488189530196916,0.0005270154790531632,32.57635743244459,3.25302712317086
759,7,0,1,1,11,H_T+H_M+H_B+Y+E+T1+T2+T4,13.926453674875038,19.44082879010196,16.557468310365632,16.78220922089453,16.121996628291036,0.0033631072603145192,0.004691774116978417,0.003996688350077965,0.004051106970675835,0.0038912367680005687,32.17339251939139,4.768154478435678
767,7,1,1,1,11,H_T+H_M+H_B+S+Y+E+T1+T2+T4,1.5502073697818837,2.1631872397267613,1.8423955253482642,1.8679203095059058,1.7929673465863871,0.000451611676261209,0.000630247932766985,0.0005367669984467608,0.000544205698154597,0.0005223629131004308,32.75063949595277,3.0514358838723883
775,7,0,0,0,12,H_T+H_M+H_B+T3+T4,286.13927347043324,400.3115923956159,340.9523070788366,344.83374273260836,333.3975915005038,0.022761405273094795,0.03206846299634713,0.027280340425346255,0.02751983059501431,0.026810412129364084,27.7754271649834,12.910027854029565
783,7,1,0,0,12,H_T+H_M+H_B+S+T3+T4,2.2203209349658426,3.099058978192001,2.639385638470692,2.6756229815913946,2.5691961320093686,0.0003455009080878303,0.0004820170035293328,0.000410535241940078,0.0004163051816768653,0.0003993685150999952,32.46906896712807,3.3747015551834103
791,7,0,1,0,12,H_T+H_M+H_B+Y+T3+T4,53.047678195270905,74.16217378454331,63.16258447865552,63.93441731454725,61.66289355429756,0.007708140984469753,0.010795300046256926,0.00919103132482496,0.009296914216046014,0.00898512399038737,29.4242363932411,10.035703568490579
799,7,1,1,0,12,H_T+H_M+H_B+S+Y+T3+T4,1.5731995236238026,2.195327508117533,1.8697635723194785,1.8956409761583504,1.8196513660653746,0.0004721608942220928,0.000659152524525482,0.0005613561721051886,0.0005690392357439232,0.0005464748839130278,32.71934238642679,3.1021327343865908
807,7,0,0,1,12,H_T+H_M+H_B+E+T3+T4,43.43878915374995,60.672112111937906,51.669179985713306,52.357444924519136,50.33508244749149,0.002795846683065244,0.00389550482493108,0.0033188239829131548,0.0033665050996407554,0.0032266199550029465,31.58750114628735,5.074062044421392
815,7,1,0,1,12,H_T+H_M+H_B+S+E+T3+T4,2.140963025208904,2.9880124612717665,2.5448444147494125,2.5799049012573514,2.4769397441550414,0.00045539032371073206,0.0006357072369770454,0.0005413945413269997,0.0005488189530196916,0.0005270154790531632,32.57635743244459,3.25302712317086
823,7,0,1,1,12,H_T+H_M+H_B+Y+E+T3+T4,20.9633099174927,29.26393226559896,24.924323295696095,25.260943333581306,24.27197108617289,0.003199590813166936,0.004467058671694964,0.0038048878042110067,0.0038551782071473326,0.0037073645583875687,32.063145987244745,5.558602091282035
831,7,1,1,1,12,H_T+H_M+H_B+S+Y+E+T3+T4,1.5502073697818837,2.1631872397267613,1.8423955253482642,1.8679203095059058,1.7929673465863871,0.000451611676261209,0.000630247932766985,0.0005367669984467608,0.000544205698154597,0.0005223629131004308,32.75063949595277,3.0514358838723883
839,7,0,0,0,13,H_T+H_M+H_B+T1+T3+T4,151.3794176542756,211.89831690569991,180.43505097502225,182.5199715266182,176.37939695248207,0.020328029437942506,0.028569312547812545,0.024318519579091317,0.024541134380573534,0.02388199838608461,27.931020081384794,10.935450793621987
847,7,1,0,0,13,H_T+H_M+H_B+S+T1+T3+T4,2.2203209349658426,3.099058978192001,2.639385638470692,2.6756229815913946,2.5691961320093686,0.0003455009080878303,0.0004820170035293328,0.000410535241940078,0.0004163051816768653,0.0003993685150999952,32.46906896712807,3.3747015551834103
855,7,0,1,0,13,H_T+H_M+H_B+Y+T1+T3+T4,21.206884351599836,29.632295689803062,25.234936272528465,25.56235356910076,24.599829940405762,0.0014324894430542776,0.0020005897560997745,0.001703985837430444,0.0017261525313327438,0.001661003202505666,30.880373161319053,6.56301851759775
863,7,1,1,0,13,H_T+H_M+H_B+S+Y+T1+T3+T4,1.5731995236238026,2.195327508117533,1.8697635723194785,1.8956409761583504,1.8196513660653746,0.0004721608942220928,0.000659152524525482,0.0005613561721051886,0.0005690392357439232,0.0005464748839130278,32.71934238642679,3.1021327343865908
871,7,0,0,1,13,H_T+H_M+H_B+E+T1+T3+T4,31.903001501675874,44.56122216305133,37.948029379356896,38.45484410708005,36.965736807358546,0.0018956362089896073,0.0026489392424221847,0.0022557900713729533,0.002285085469054626,0.002198888489925474,31.634793696137674,4.50917168608968
879,7,1,0,1,13,H_T+H_M+H_B+S+E+T1+T3+T4,2.140963025208904,2.9880124612717665,2.5448444147494125,2.5799049012573514,2.4769397441550414,0.00045539032371073206,0.0006357072369770454,0.0005413945413269997,0.0005488189530196916,0.0005270154790531632,32.57635743244459,3.25302712317086
887,7,0,1,1,13,H_T+H_M+H_B+Y+E+T1+T3+T4,14.25411509657897,19.898282677112388,16.947084933968483,17.177050941090695,16.50148548661225,0.002731048635109015,0.0038095519987578303,0.0032452602643726174,0.003289537843424535,0.00315946286817408,32.16647743627674,4.801816731935724
895,7,1,1,1,13,H_T+H_M+H_B+S+Y+E+T1+T3+T4,1.5502073697818837,2.1631872397267613,1.8423955253482642,1.8679203095059058,1.7929673465863871,0.000451611676261209,0.000630247932766985,0.0005367669984467608,0.000544205698154597,0.0005223629131004308,32.75063949595277,3.0514358838723883
903,7,0,0,0,14,H_T+H_M+H_B+T2+T3+T4,157.91126103178087,221.03533718958508,188.2181770602299,190.3897447847147,183.99374767658688,0.02475751278833344,0.03483637733350989,0.029649104762470204,0.02989397241155998,0.029172685283242118,27.907715286610745,11.092362309163544
911,7,1,0,0,14,H_T+H_M+H_B+S+T2+T3+T4,2.2203209349658426,3.099058978192001,2.639385638470692,2.6756229815913946,2.5691961320093686,0.0003455009080878303,0.0004820170035293328,0.000410535241940078,0.0004163051816768653,0.0003993685150999952,32.46906896712807,3.3747015551834103
919,7,0,1,0,14,H_T+H_M+H_B+Y+T2+T3+T4,22.254752862735913,31.09796789874188,26.483064393741266,26.825623435133043,25.818534660188874,0.0008628512150538919,0.0012032135872529545,0.001024805914087771,0.0010395806720821376,0.0009962537731566634,30.79857943463524,6.722569157140629
927,7,1,1,0,14,H_T+H_M+H_B+S+Y+T2+T3+T4,1.5731995236238026,2.195327508117533,1.8697635723194785,1.8956409761583504,1.8196513660653746,0.0004721608942220928,0.000659152524525482,0.0005613561721051886,0.0005690392357439232,0.0005464748839130278,32.71934238642679,3.1021327343865908
935,7,0,0,1,14,H_T+H_M+H_B+E+T2+T3+T4,32.25207032585534,45.048263275390354,38.36291537176798,38.875331844126514,37.369764151428164,0.004086484139351581,0.00571004255832125,0.004862530681807886,0.004926127148347867,0.004739247183517289,31.64106246511133,4.553273162748178
943,7,1,0,1,14,H_T+H_M+H_B+S+E+T2+T3+T4,2.140963025208904,2.9880124612717665,2.5448444147494125,2.5799049012573514,2.4769397441550414,0.00045539032371073206,0.0006357072369770454,0.0005413945413269997,0.0005488189530196916,0.0005270154790531632,32.57635743244459,3.25302712317086
951,7,0,1,1,14,H_T+H_M+H_B+Y+E+T2+T3+T4,14.60597720331299,20.389414950040994,17.365407713084196,17.601005637345967,16.908892309968838,0.0021698624316784,0.003029602788097258,0.0025802806484134825,0.00261486324964936,0.0025132594561455062,32.16315068468866,4.8473844565048845
959,7,1,1,1,14,H_T+H_M+H_B+S+Y+E+T2+T3+T4,1.5502073697818837,2.1631872397267613,1.8423955253482642,1.8679203095059058,1.7929673465863871,0.000451611676261209,0.000630247932766985,0.0005367669984467608,0.000544205698154597,0.0005223629131004308,32.75063949595277,3.0514358838723883
967,7,0,0,0,15,H_T+H_M+H_B+T1+T2+T3+T4,148.6422936348905,208.06816252853392,177.17352251130126,179.21996332305366,173.19268372660065,0.014131694208652127,0.019964968285256613,0.01697741455952154,0.017098041781970278,0.016739050064472814,27.921730885942665,10.949630153169412
975,7,1,0,0,15,H_T+H_M+H_B+S+T1+T2+T3+T4,2.2203209349658426,3.099058978192001,2.639385638470692,2.6756229815913946,2.5691961320093686,0.0003455009080878303,0.0004820170035293328,0.000410535241940078,0.0004163051816768653,0.0003993685150999952,32.46906896712807,3.3747015551834103
983,7,0,1,0,15,H_T+H_M+H_B+Y+T1+T2+T3+T4,20.552842937951713,28.717945425223625,24.45627378167157,24.77394290204392,23.840094583329083,0.0021622489773274133,0.0030195479700557267,0.002571839675928551,0.002605501981265584,0.0025065485106564728,30.90968186601928,6.494687494087284
991,7,1,1,0,15,H_T+H_M+H_B+S+Y+T1+T2+T3+T4,1.5731995236238026,2.195327508117533,1.8697635723194785,1.8956409761583504,1.8196513660653746,0.0004721608942220928,0.000659152524525482,0.0005613561721051886,0.0005690392357439232,0.0005464748839130278,32.71934238642679,3.1021327343865908
999,7,0,0,1,15,H_T+H_M+H_B+E+T1+T2+T3+T4,30.95803724747608,43.24085729523266,36.8236680781888,37.31567421679482,35.8700854143231,0.0025592501999660983,0.0035780309535767833,0.0030466307411325297,0.003085866875629217,0.0029704807181569997,31.64740589910293,4.496722508836214
1007,7,1,0,1,15,H_T+H_M+H_B+S+E+T1+T2+T3+T4,2.140963025208904,2.9880124612717665,2.5448444147494125,2.5799049012573514,2.4769397441550414,0.00045539032371073206,0.0006357072369770454,0.0005413945413269997,0.0005488189530196916,0.0005270154790531632,32.57635743244459,3.25302712317086
1015,7,0,1,1,15,H_T+H_M+H_B+Y+E+T1+T2+T3+T4,13.926453674875038,19.44082879010196,16.557468310365632,16.78220922089453,16.121996628291036,0.0033631072603145192,0.004691774116978417,0.003996688350077965,0.004051106970675835,0.0038912367680005687,32.17339251939139,4.768154478435678
1023,7,1,1,1,15,H_T+H_M+H_B+S+Y+E+T1+T2+T3+T4,1.5502073697818837,2.1631872397267613,1.8423955253482642,1.8679203095059058,1.7929673465863871,0.000451611676261209,0.000630247932766985,0.0005367669984467608,0.000544205698154597,0.0005223629131004308,32.75063949595277,3.0514358838723883
