ray,material,entry_mm,length_mm,path
0,Polyvinyltoluene,858.845729749,2.00101066685,World/native_target/trigger_pad3_bar_volume_17
0,Polyvinyltoluene,854.843708415,2.00101066685,World/native_target/trigger_pad3_bar_volume_18
0,LYSO,933.383377089,0.600303200055,World/native_target/lvTarget_3/lvTargetArray1_phys/target_0
0,LYSO,934.183781356,0.600303200055,World/native_target/lvTarget_3/lvTargetArray2_phys/target_0
0,Polyvinyltoluene,629.129705194,2.00101066685,World/native_trig_scint/trigger_pad2_bar_volume_19
0,Polyvinyltoluene,625.127683861,2.00101066685,World/native_trig_scint/trigger_pad2_bar_volume_20
0,Polyvinyltoluene,549.889682787,2.00101066685,World/native_trig_scint/trigger_pad1_bar_volume_20
0,Polyvinyltoluene,553.891704121,2.00101066685,World/native_trig_scint/trigger_pad1_bar_volume_21
0,Silicon,690.30060128,0.320161706696,World/native_recoil/recoil_l14_sensor_vol_10/recoil_l14_active_sensor
0,Silicon,696.303633281,0.320161706696,World/native_recoil/recoil_l14_sensor_vol_20/recoil_l14_active_sensor
0,Silicon,790.351134623,0.320161706696,World/native_recoil/recoil_l14_sensor_vol_30/recoil_l14_active_sensor
0,Silicon,796.354166623,0.320161706696,World/native_recoil/recoil_l14_sensor_vol_40/recoil_l14_active_sensor
0,Scintillator,231.405885631,20.0101066685,World/hcal_top/hcal_top_layer1_strip6
0,Scintillator,254.789278104,20.0101066685,World/hcal_top/hcal_top_layer2_strip4
0,Aluminum3003,230.905632964,0.500252666713,World/hcal_top/hcal_top_cover_1_placement
0,Aluminum3003,254.289025437,0.500252666713,World/hcal_top/hcal_top_cover_2_placement
0,Scintillator,1194.25734372,20.0101066685,World/hcal_above_ecal/hcal_above_ecal_layer1_strip3
0,Scintillator,1219.67017919,20.0101066685,World/hcal_above_ecal/hcal_above_ecal_layer2_strip4
0,Scintillator,1245.08301466,20.0101066685,World/hcal_above_ecal/hcal_above_ecal_layer3_strip3
0,Scintillator,1270.49585013,20.0101066685,World/hcal_above_ecal/hcal_above_ecal_layer4_strip4
0,Aluminum3003,1193.75709105,0.500252666713,World/hcal_above_ecal/hcal_above_ecal_cover_1_placement
0,Aluminum3003,1219.16992652,0.500252666713,World/hcal_above_ecal/hcal_above_ecal_cover_2_placement
0,Aluminum3003,1244.58276199,0.500252666713,World/hcal_above_ecal/hcal_above_ecal_cover_3_placement
0,Aluminum3003,1269.99559746,0.500252666713,World/hcal_above_ecal/hcal_above_ecal_cover_4_placement
0,Scintillator,1699.35403802,20.0101066685,World/hcal_below_ecal/hcal_below_ecal_layer1_strip5
0,Scintillator,1738.72329067,4.17715575821,World/hcal_below_ecal/hcal_below_ecal_layer2_strip5
0,Scintillator,1722.89033976,15.8329509103,World/hcal_below_ecal/hcal_below_ecal_layer2_strip6
0,Scintillator,1746.42664149,20.0101066685,World/hcal_below_ecal/hcal_below_ecal_layer3_strip5
0,Scintillator,1769.96294323,20.0101066685,World/hcal_below_ecal/hcal_below_ecal_layer4_strip5
0,Aluminum3003,1698.85378536,0.500252666713,World/hcal_below_ecal/hcal_below_ecal_cover_1_placement
0,Aluminum3003,1722.39008709,0.500252666713,World/hcal_below_ecal/hcal_below_ecal_cover_2_placement
0,Aluminum3003,1745.92638883,0.500252666713,World/hcal_below_ecal/hcal_below_ecal_cover_3_placement
0,Aluminum3003,1769.46269056,0.500252666713,World/hcal_below_ecal/hcal_below_ecal_cover_4_placement
1,Polyvinyltoluene,854.581090204,2.00039593244,World/native_target/trigger_pad3_bar_volume_18
1,Polyvinyltoluene,858.581882069,2.00039593244,World/native_target/trigger_pad3_bar_volume_19
1,LYSO,933.096630553,0.600118779733,World/native_target/lvTarget_3/lvTargetArray1_phys/target_0
1,LYSO,933.896788926,0.600118779733,World/native_target/lvTarget_3/lvTargetArray2_phys/target_0
1,Polyvinyltoluene,553.721541965,2.00039593244,World/native_trig_scint/trigger_pad1_bar_volume_15
1,Polyvinyltoluene,624.93563716,2.00039593244,World/native_trig_scint/trigger_pad2_bar_volume_16
1,Polyvinyltoluene,628.936429025,2.00039593244,World/native_trig_scint/trigger_pad2_bar_volume_17
1,Polyvinyltoluene,549.7207501,2.00039593244,World/native_trig_scint/trigger_pad1_bar_volume_16
1,Silicon,690.088532679,0.320063349191,World/native_recoil/recoil_l14_sensor_vol_10/recoil_l14_active_sensor
1,Silicon,696.089720477,0.320063349191,World/native_recoil/recoil_l14_sensor_vol_20/recoil_l14_active_sensor
1,Silicon,790.108329302,0.320063349191,World/native_recoil/recoil_l14_sensor_vol_30/recoil_l14_active_sensor
1,Silicon,796.109517099,0.320063349191,World/native_recoil/recoil_l14_sensor_vol_40/recoil_l14_active_sensor
1,Scintillator,231.334794975,20.0039593244,World/hcal_top/hcal_top_layer1_strip6
1,Scintillator,254.71100379,20.0039593244,World/hcal_top/hcal_top_layer2_strip5
1,Aluminum3003,230.834695992,0.500098983111,World/hcal_top/hcal_top_cover_1_placement
1,Aluminum3003,254.210904807,0.500098983111,World/hcal_top/hcal_top_cover_2_placement
1,Scintillator,1193.89045358,20.0039593244,World/hcal_above_ecal/hcal_above_ecal_layer1_strip2
1,Scintillator,1219.29548192,20.0039593244,World/hcal_above_ecal/hcal_above_ecal_layer2_strip4
1,Scintillator,1244.70051027,20.0039593244,World/hcal_above_ecal/hcal_above_ecal_layer3_strip2
1,Scintillator,1270.10553861,20.0039593244,World/hcal_above_ecal/hcal_above_ecal_layer4_strip4
1,Aluminum3003,1193.3903546,0.500098983111,World/hcal_above_ecal/hcal_above_ecal_cover_1_placement
1,Aluminum3003,1218.79538294,0.50009898311,World/hcal_above_ecal/hcal_above_ecal_cover_2_placement
1,Aluminum3003,1244.20041128,0.500098983111,World/hcal_above_ecal/hcal_above_ecal_cover_3_placement
1,Aluminum3003,1269.60543962,0.50009898311,World/hcal_above_ecal/hcal_above_ecal_cover_4_placement
1,Scintillator,1698.83197614,20.0039593244,World/hcal_below_ecal/hcal_below_ecal_layer1_strip4
1,Scintillator,1722.36104724,20.0039593244,World/hcal_below_ecal/hcal_below_ecal_layer2_strip6
1,Scintillator,1745.89011834,20.0039593244,World/hcal_below_ecal/hcal_below_ecal_layer3_strip4
1,Scintillator,1769.41918944,20.0039593244,World/hcal_below_ecal/hcal_below_ecal_layer4_strip6
1,Aluminum3003,1698.33187716,0.500098983111,World/hcal_below_ecal/hcal_below_ecal_cover_1_placement
1,Aluminum3003,1721.86094826,0.50009898311,World/hcal_below_ecal/hcal_below_ecal_cover_2_placement
1,Aluminum3003,1745.39001936,0.500098983111,World/hcal_below_ecal/hcal_below_ecal_cover_3_placement
1,Aluminum3003,1768.91909046,0.500098983111,World/hcal_below_ecal/hcal_below_ecal_cover_4_placement
2,Polyvinyltoluene,860.440240088,2.0047256905,World/native_target/trigger_pad3_bar_volume_13
2,Polyvinyltoluene,856.430788707,2.0047256905,World/native_target/trigger_pad3_bar_volume_14
2,LYSO,935.116272059,0.194200861913,World/native_target/lvTarget_3/lvTargetArray1_phys/target_0
2,LYSO,935.918162336,0.60141770715,World/native_target/lvTarget_3/lvTargetArray2_phys/target_0
2,Polyvinyltoluene,626.288279438,2.0047256905,World/native_trig_scint/trigger_pad2_bar_volume_20
2,Polyvinyltoluene,630.297730819,2.0047256905,World/native_trig_scint/trigger_pad2_bar_volume_21
2,Polyvinyltoluene,550.910593475,2.0047256905,World/native_trig_scint/trigger_pad1_bar_volume_22
2,Polyvinyltoluene,554.920044856,2.0047256905,World/native_trig_scint/trigger_pad1_bar_volume_23
2,Silicon,691.582195177,0.32075611048,World/native_recoil/recoil_l14_sensor_vol_10/recoil_l14_active_sensor
2,Silicon,697.596372249,0.32075611048,World/native_recoil/recoil_l14_sensor_vol_20/recoil_l14_active_sensor
2,Silicon,791.818479702,0.32075611048,World/native_recoil/recoil_l14_sensor_vol_30/recoil_l14_active_sensor
2,Silicon,797.832656774,0.32075611048,World/native_recoil/recoil_l14_sensor_vol_40/recoil_l14_active_sensor
2,Scintillator,231.835507697,1.88851402629,World/hcal_top/hcal_top_layer1_strip5
2,Scintillator,233.724021724,18.1587428787,World/hcal_top/hcal_top_layer1_strip6
2,Scintillator,255.26231316,20.047256905,World/hcal_top/hcal_top_layer2_strip4
2,Aluminum3003,231.334326275,0.501181422625,World/hcal_top/hcal_top_cover_1_placement
2,Aluminum3003,254.761131737,0.501181422625,World/hcal_top/hcal_top_cover_2_placement
2,Scintillator,1196.47457042,20.047256905,World/hcal_above_ecal/hcal_above_ecal_layer1_strip3
2,Scintillator,1221.93458669,10.8316793101,World/hcal_above_ecal/hcal_above_ecal_layer2_strip4
2,Scintillator,1232.766266,9.21557759494,World/hcal_above_ecal/hcal_above_ecal_layer2_strip5
2,Scintillator,1247.39460296,20.047256905,World/hcal_above_ecal/hcal_above_ecal_layer3_strip3
2,Scintillator,1272.85461923,20.047256905,World/hcal_above_ecal/hcal_above_ecal_layer4_strip5
2,Aluminum3003,1195.973389,0.501181422625,World/hcal_above_ecal/hcal_above_ecal_cover_1_placement
2,Aluminum3003,1221.43340527,0.501181422625,World/hcal_above_ecal/hcal_above_ecal_cover_2_placement
2,Aluminum3003,1246.89342154,0.501181422625,World/hcal_above_ecal/hcal_above_ecal_cover_3_placement
2,Aluminum3003,1272.35343781,0.501181422625,World/hcal_above_ecal/hcal_above_ecal_cover_4_placement
2,Scintillator,1702.50901393,20.047256905,World/hcal_below_ecal/hcal_below_ecal_layer1_strip5
2,Scintillator,1726.08901254,20.047256905,World/hcal_below_ecal/hcal_below_ecal_layer2_strip7
2,Scintillator,1749.66901115,20.047256905,World/hcal_below_ecal/hcal_below_ecal_layer3_strip5
2,Scintillator,1773.24900976,20.047256905,World/hcal_below_ecal/hcal_below_ecal_layer4_strip7
2,Aluminum3003,1702.00783251,0.501181422625,World/hcal_below_ecal/hcal_below_ecal_cover_1_placement
2,Aluminum3003,1725.58783112,0.501181422625,World/hcal_below_ecal/hcal_below_ecal_cover_2_placement
2,Aluminum3003,1749.16782973,0.501181422625,World/hcal_below_ecal/hcal_below_ecal_cover_3_placement
2,Aluminum3003,1772.74782834,0.501181422625,World/hcal_below_ecal/hcal_below_ecal_cover_4_placement
3,Polyvinyltoluene,858.609824074,2.00046103406,World/native_target/trigger_pad3_bar_volume_7
3,Polyvinyltoluene,854.608902006,2.00046103406,World/native_target/trigger_pad3_bar_volume_8
3,LYSO,933.126997593,0.600138310219,World/native_target/lvTarget_3/lvTargetArray1_phys/target_0
3,LYSO,933.927182007,0.600138310219,World/native_target/lvTarget_3/lvTargetArray2_phys/target_0
3,Polyvinyltoluene,624.955975295,2.00046103406,World/native_trig_scint/trigger_pad2_bar_volume_6
3,Polyvinyltoluene,628.956897363,2.00046103406,World/native_trig_scint/trigger_pad2_bar_volume_7
3,Polyvinyltoluene,549.738640415,2.00046103406,World/native_trig_scint/trigger_pad1_bar_volume_6
3,Polyvinyltoluene,553.739562483,2.00046103406,World/native_trig_scint/trigger_pad1_bar_volume_7
3,Silicon,690.110991175,0.32007376545,World/native_recoil/recoil_l14_sensor_vol_10/recoil_l14_active_sensor
3,Silicon,696.112374277,0.32007376545,World/native_recoil/recoil_l14_sensor_vol_20/recoil_l14_active_sensor
3,Silicon,790.134042878,0.32007376545,World/native_recoil/recoil_l14_sensor_vol_30/recoil_l14_active_sensor
3,Silicon,796.13542598,0.32007376545,World/native_recoil/recoil_l14_sensor_vol_40/recoil_l14_active_sensor
3,Scintillator,231.34232362,20.0046103406,World/hcal_top/hcal_top_layer1_strip6
3,Scintillator,254.719293199,20.0046103406,World/hcal_top/hcal_top_layer2_strip5
3,Aluminum3003,230.842208362,0.500115258516,World/hcal_top/hcal_top_cover_1_placement
3,Aluminum3003,254.21917794,0.500115258516,World/hcal_top/hcal_top_cover_2_placement
3,Scintillator,1193.92930799,20.0046103406,World/hcal_above_ecal/hcal_above_ecal_layer1_strip3
3,Scintillator,1219.33516312,20.0046103406,World/hcal_above_ecal/hcal_above_ecal_layer2_strip4
3,Scintillator,1244.74101826,20.0046103406,World/hcal_above_ecal/hcal_above_ecal_layer3_strip3
3,Scintillator,1270.14687339,20.0046103406,World/hcal_above_ecal/hcal_above_ecal_layer4_strip4
3,Aluminum3003,1193.42919273,0.500115258516,World/hcal_above_ecal/hcal_above_ecal_cover_1_placement
3,Aluminum3003,1218.83504787,0.500115258516,World/hcal_above_ecal/hcal_above_ecal_cover_2_placement
3,Aluminum3003,1244.240903,0.500115258516,World/hcal_above_ecal/hcal_above_ecal_cover_3_placement
3,Aluminum3003,1269.64675813,0.500115258516,World/hcal_above_ecal/hcal_above_ecal_cover_4_placement
3,Scintillator,1698.88726355,20.0046103406,World/hcal_below_ecal/hcal_below_ecal_layer1_strip5
3,Scintillator,1722.41710039,20.0046103406,World/hcal_below_ecal/hcal_below_ecal_layer2_strip6
3,Scintillator,1745.94693723,20.0046103406,World/hcal_below_ecal/hcal_below_ecal_layer3_strip5
3,Scintillator,1783.2352444,6.24614001013,World/hcal_below_ecal/hcal_below_ecal_layer4_strip5
3,Scintillator,1769.47677407,13.7584703305,World/hcal_below_ecal/hcal_below_ecal_layer4_strip6
3,Aluminum3003,1698.38714829,0.500115258516,World/hcal_below_ecal/hcal_below_ecal_cover_1_placement
3,Aluminum3003,1721.91698513,0.500115258516,World/hcal_below_ecal/hcal_below_ecal_cover_2_placement
3,Aluminum3003,1745.44682197,0.500115258516,World/hcal_below_ecal/hcal_below_ecal_cover_3_placement
3,Aluminum3003,1768.97665881,0.500115258516,World/hcal_below_ecal/hcal_below_ecal_cover_4_placement
4,Polyvinyltoluene,860.374960367,2.00457359634,World/native_target/trigger_pad3_bar_volume_9
4,Polyvinyltoluene,856.365813174,2.00457359634,World/native_target/trigger_pad3_bar_volume_10
4,LYSO,935.04532683,0.601372078902,World/native_target/lvTarget_3/lvTargetArray1_phys/target_0
4,LYSO,935.847156269,0.601372078902,World/native_target/lvTarget_3/lvTargetArray2_phys/target_0
4,Polyvinyltoluene,630.249911507,2.00457359634,World/native_trig_scint/trigger_pad2_bar_volume_17
4,Polyvinyltoluene,626.240764314,2.00457359634,World/native_trig_scint/trigger_pad2_bar_volume_18
4,Polyvinyltoluene,554.877944284,2.00457359634,World/native_trig_scint/trigger_pad1_bar_volume_19
4,Polyvinyltoluene,550.868797091,2.00457359634,World/native_trig_scint/trigger_pad1_bar_volume_20
4,Silicon,691.529726347,0.320731775415,World/native_recoil/recoil_l14_sensor_vol_10/recoil_l14_active_sensor
4,Silicon,697.543447136,0.320731775415,World/native_recoil/recoil_l14_sensor_vol_20/recoil_l14_active_sensor
4,Silicon,791.758406164,0.320731775415,World/native_recoil/recoil_l14_sensor_vol_30/recoil_l14_active_sensor
4,Silicon,797.772126953,0.320731775415,World/native_recoil/recoil_l14_sensor_vol_40/recoil_l14_active_sensor
4,Scintillator,231.817918844,20.0457359634,World/hcal_top/hcal_top_layer1_strip6
4,Scintillator,255.242946966,20.0457359634,World/hcal_top/hcal_top_layer2_strip4
4,Aluminum3003,231.316775445,0.501143399085,World/hcal_top/hcal_top_cover_1_placement
4,Aluminum3003,254.741803567,0.501143399085,World/hcal_top/hcal_top_cover_2_placement
4,Scintillator,1196.38379651,20.0457359634,World/hcal_above_ecal/hcal_above_ecal_layer1_strip3
4,Scintillator,1221.84188118,20.0457359634,World/hcal_above_ecal/hcal_above_ecal_layer2_strip4
4,Scintillator,1247.29996585,20.0457359634,World/hcal_above_ecal/hcal_above_ecal_layer3_strip3
4,Scintillator,1272.75805053,20.0457359634,World/hcal_above_ecal/hcal_above_ecal_layer4_strip4
4,Aluminum3003,1195.88265311,0.501143399085,World/hcal_above_ecal/hcal_above_ecal_cover_1_placement
4,Aluminum3003,1221.34073778,0.501143399085,World/hcal_above_ecal/hcal_above_ecal_cover_2_placement
4,Aluminum3003,1246.79882246,0.501143399085,World/hcal_above_ecal/hcal_above_ecal_cover_3_placement
4,Aluminum3003,1272.25690713,0.501143399085,World/hcal_above_ecal/hcal_above_ecal_cover_4_placement
4,Scintillator,1702.37984829,20.0457359634,World/hcal_below_ecal/hcal_below_ecal_layer1_strip6
4,Scintillator,1725.95805794,20.0457359634,World/hcal_below_ecal/hcal_below_ecal_layer2_strip5
4,Scintillator,1749.53626759,20.0457359634,World/hcal_below_ecal/hcal_below_ecal_layer3_strip6
4,Scintillator,1773.11447724,20.0457359634,World/hcal_below_ecal/hcal_below_ecal_layer4_strip5
4,Aluminum3003,1701.87870489,0.501143399085,World/hcal_below_ecal/hcal_below_ecal_cover_1_placement
4,Aluminum3003,1725.45691454,0.501143399085,World/hcal_below_ecal/hcal_below_ecal_cover_2_placement
4,Aluminum3003,1749.03512419,0.501143399085,World/hcal_below_ecal/hcal_below_ecal_cover_3_placement
4,Aluminum3003,1772.61333384,0.501143399085,World/hcal_below_ecal/hcal_below_ecal_cover_4_placement
5,Polyvinyltoluene,859.976868705,2.00364608907,World/native_target/trigger_pad3_bar_volume_17
5,Polyvinyltoluene,857.144381082,0.828841533811,World/native_target/trigger_pad3_bar_volume_18
5,LYSO,934.612685523,0.60109382672,World/native_target/lvTarget_3/lvTargetArray1_phys/target_0
5,LYSO,935.414143959,0.60109382672,World/native_target/lvTarget_3/lvTargetArray2_phys/target_0
5,Polyvinyltoluene,629.95829768,2.00364608907,World/native_trig_scint/trigger_pad2_bar_volume_11
5,Polyvinyltoluene,550.613912553,2.00364608907,World/native_trig_scint/trigger_pad1_bar_volume_10
5,Polyvinyltoluene,556.250219025,0.374631795118,World/native_trig_scint/trigger_pad1_bar_volume_11
5,Polyvinyltoluene,625.951005502,2.00364608907,World/native_trig_scint/trigger_pad2_bar_volume_12
5,Silicon,691.209758623,0.320583374251,World/native_recoil/recoil_l14_sensor_vol_10/recoil_l14_active_sensor
5,Silicon,697.22069689,0.320583374251,World/native_recoil/recoil_l14_sensor_vol_20/recoil_l14_active_sensor
5,Silicon,791.392063076,0.320583374251,World/native_recoil/recoil_l14_sensor_vol_30/recoil_l14_active_sensor
5,Silicon,797.403001344,0.320583374251,World/native_recoil/recoil_l14_sensor_vol_40/recoil_l14_active_sensor
5,Scintillator,231.710657726,20.0364608907,World/hcal_top/hcal_top_layer1_strip5
5,Scintillator,255.124847191,20.0364608907,World/hcal_top/hcal_top_layer2_strip5
5,Aluminum3003,231.209746203,0.500911522267,World/hcal_top/hcal_top_cover_1_placement
5,Aluminum3003,254.623935669,0.500911522267,World/hcal_top/hcal_top_cover_2_placement
5,Scintillator,1195.83023505,20.0364608907,World/hcal_above_ecal/hcal_above_ecal_layer1_strip2
5,Scintillator,1221.27654039,20.0364608907,World/hcal_above_ecal/hcal_above_ecal_layer2_strip4
5,Scintillator,1246.72284572,20.0364608907,World/hcal_above_ecal/hcal_above_ecal_layer3_strip2
5,Scintillator,1272.16915105,20.0364608907,World/hcal_above_ecal/hcal_above_ecal_layer4_strip4
5,Aluminum3003,1195.32932353,0.500911522267,World/hcal_above_ecal/hcal_above_ecal_cover_1_placement
5,Aluminum3003,1220.77562886,0.500911522267,World/hcal_above_ecal/hcal_above_ecal_cover_2_placement
5,Aluminum3003,1246.22193419,0.500911522267,World/hcal_above_ecal/hcal_above_ecal_cover_3_placement
5,Aluminum3003,1271.66823953,0.500911522267,World/hcal_above_ecal/hcal_above_ecal_cover_4_placement
5,Scintillator,1701.59216472,20.0364608907,World/hcal_below_ecal/hcal_below_ecal_layer1_strip4
5,Scintillator,1725.15946483,20.0364608907,World/hcal_below_ecal/hcal_below_ecal_layer2_strip7
5,Scintillator,1748.72676495,20.0364608907,World/hcal_below_ecal/hcal_below_ecal_layer3_strip4
5,Scintillator,1772.29406507,20.0364608907,World/hcal_below_ecal/hcal_below_ecal_layer4_strip7
5,Aluminum3003,1701.09125319,0.500911522267,World/hcal_below_ecal/hcal_below_ecal_cover_1_placement
5,Aluminum3003,1724.65855331,0.500911522267,World/hcal_below_ecal/hcal_below_ecal_cover_2_placement
5,Aluminum3003,1748.22585343,0.500911522267,World/hcal_below_ecal/hcal_below_ecal_cover_3_placement
5,Aluminum3003,1771.79315354,0.500911522267,World/hcal_below_ecal/hcal_below_ecal_cover_4_placement
6,Polyvinyltoluene,856.758391335,0.231771678705,World/native_target/trigger_pad3_bar_volume_18
6,Polyvinyltoluene,860.769376415,2.00549253986,World/native_target/trigger_pad3_bar_volume_19
6,LYSO,935.473973525,0.601647761959,World/native_target/lvTarget_3/lvTargetArray1_phys/target_0
6,LYSO,936.276170541,0.601647761959,World/native_target/lvTarget_3/lvTargetArray2_phys/target_0
6,Polyvinyltoluene,551.12132826,2.00549253986,World/native_trig_scint/trigger_pad1_bar_volume_4
6,Polyvinyltoluene,555.13231334,2.00549253986,World/native_trig_scint/trigger_pad1_bar_volume_5
6,Polyvinyltoluene,626.527847759,2.00549253986,World/native_trig_scint/trigger_pad2_bar_volume_8
6,Polyvinyltoluene,630.538832839,2.00549253986,World/native_trig_scint/trigger_pad2_bar_volume_9
6,Silicon,691.846739782,0.320878806378,World/native_recoil/recoil_l14_sensor_vol_10/recoil_l14_active_sensor
6,Silicon,697.863217402,0.320878806378,World/native_recoil/recoil_l14_sensor_vol_20/recoil_l14_active_sensor
6,Silicon,792.121366775,0.320878806378,World/native_recoil/recoil_l14_sensor_vol_30/recoil_l14_active_sensor
6,Silicon,798.137844395,0.320878806378,World/native_recoil/recoil_l14_sensor_vol_40/recoil_l14_active_sensor
6,Scintillator,231.924189611,20.0549253986,World/hcal_top/hcal_top_layer1_strip6
6,Scintillator,255.359956315,20.0549253986,World/hcal_top/hcal_top_layer2_strip5
6,Aluminum3003,231.422816477,0.501373134966,World/hcal_top/hcal_top_cover_1_placement
6,Aluminum3003,254.85858318,0.501373134966,World/hcal_top/hcal_top_cover_2_placement
6,Scintillator,1196.93224688,20.0549253986,World/hcal_above_ecal/hcal_above_ecal_layer1_strip2
6,Scintillator,1222.40200214,20.0549253986,World/hcal_above_ecal/hcal_above_ecal_layer2_strip4
6,Scintillator,1247.87175739,20.0549253986,World/hcal_above_ecal/hcal_above_ecal_layer3_strip2
6,Scintillator,1273.34151265,20.0549253986,World/hcal_above_ecal/hcal_above_ecal_layer4_strip4
6,Aluminum3003,1196.43087375,0.501373134966,World/hcal_above_ecal/hcal_above_ecal_cover_1_placement
6,Aluminum3003,1221.900629,0.501373134966,World/hcal_above_ecal/hcal_above_ecal_cover_2_placement
6,Aluminum3003,1247.37038426,0.501373134966,World/hcal_above_ecal/hcal_above_ecal_cover_3_placement
6,Aluminum3003,1272.84013952,0.501373134966,World/hcal_above_ecal/hcal_above_ecal_cover_4_placement
6,Scintillator,1703.16025911,20.0549253986,World/hcal_below_ecal/hcal_below_ecal_layer1_strip3
6,Scintillator,1726.74927757,20.0549253986,World/hcal_below_ecal/hcal_below_ecal_layer2_strip6
6,Scintillator,1750.33829602,20.0549253986,World/hcal_below_ecal/hcal_below_ecal_layer3_strip3
6,Scintillator,1773.92731447,20.0549253986,World/hcal_below_ecal/hcal_below_ecal_layer4_strip6
6,Aluminum3003,1702.65888598,0.501373134966,World/hcal_below_ecal/hcal_below_ecal_cover_1_placement
6,Aluminum3003,1726.24790443,0.501373134966,World/hcal_below_ecal/hcal_below_ecal_cover_2_placement
6,Aluminum3003,1749.83692288,0.501373134966,World/hcal_below_ecal/hcal_below_ecal_cover_3_placement
6,Aluminum3003,1773.42594134,0.501373134966,World/hcal_below_ecal/hcal_below_ecal_cover_4_placement
7,Polyvinyltoluene,855.731987774,2.0030899434,World/native_target/trigger_pad3_bar_volume_10
7,Polyvinyltoluene,859.738167661,2.0030899434,World/native_target/trigger_pad3_bar_volume_11
7,LYSO,934.353268052,0.600926983019,World/native_target/lvTarget_3/lvTargetArray1_phys/target_0
7,LYSO,935.15450403,0.600926983019,World/native_target/lvTarget_3/lvTargetArray2_phys/target_0
7,Polyvinyltoluene,625.777262272,2.0030899434,World/native_trig_scint/trigger_pad2_bar_volume_12
7,Polyvinyltoluene,629.783442159,2.0030899434,World/native_trig_scint/trigger_pad2_bar_volume_13
7,Polyvinyltoluene,554.467260287,2.0030899434,World/native_trig_scint/trigger_pad1_bar_volume_13
7,Polyvinyltoluene,550.461080401,2.0030899434,World/native_trig_scint/trigger_pad1_bar_volume_14
7,Silicon,691.017901729,0.320494390943,World/native_recoil/recoil_l14_sensor_vol_10/recoil_l14_active_sensor
7,Silicon,697.027171559,0.320494390943,World/native_recoil/recoil_l14_sensor_vol_20/recoil_l14_active_sensor
7,Silicon,791.172398898,0.320494390943,World/native_recoil/recoil_l14_sensor_vol_30/recoil_l14_active_sensor
7,Silicon,797.181668729,0.320494390943,World/native_recoil/recoil_l14_sensor_vol_40/recoil_l14_active_sensor
7,Scintillator,231.646342535,20.030899434,World/hcal_top/hcal_top_layer1_strip6
7,Scintillator,255.054032999,20.030899434,World/hcal_top/hcal_top_layer2_strip4
7,Aluminum3003,231.145570049,0.500772485849,World/hcal_top/hcal_top_cover_1_placement
7,Aluminum3003,254.553260513,0.500772485849,World/hcal_top/hcal_top_cover_2_placement
7,Scintillator,1195.49831226,20.030899434,World/hcal_above_ecal/hcal_above_ecal_layer1_strip3
7,Scintillator,1220.93755454,20.030899434,World/hcal_above_ecal/hcal_above_ecal_layer2_strip3
7,Scintillator,1246.37679682,20.030899434,World/hcal_above_ecal/hcal_above_ecal_layer3_strip3
7,Scintillator,1271.8160391,20.030899434,World/hcal_above_ecal/hcal_above_ecal_layer4_strip3
7,Aluminum3003,1194.99753977,0.500772485849,World/hcal_above_ecal/hcal_above_ecal_cover_1_placement
7,Aluminum3003,1220.43678205,0.500772485849,World/hcal_above_ecal/hcal_above_ecal_cover_2_placement
7,Aluminum3003,1245.87602434,0.500772485849,World/hcal_above_ecal/hcal_above_ecal_cover_3_placement
7,Aluminum3003,1271.31526662,0.500772485849,World/hcal_above_ecal/hcal_above_ecal_cover_4_placement
7,Scintillator,1701.11985919,20.030899434,World/hcal_below_ecal/hcal_below_ecal_layer1_strip5
7,Scintillator,1724.68061781,20.030899434,World/hcal_below_ecal/hcal_below_ecal_layer2_strip5
7,Scintillator,1748.24137642,20.030899434,World/hcal_below_ecal/hcal_below_ecal_layer3_strip5
7,Scintillator,1771.80213504,20.030899434,World/hcal_below_ecal/hcal_below_ecal_layer4_strip5
7,Aluminum3003,1700.6190867,0.500772485849,World/hcal_below_ecal/hcal_below_ecal_cover_1_placement
7,Aluminum3003,1724.17984532,0.500772485849,World/hcal_below_ecal/hcal_below_ecal_cover_2_placement
7,Aluminum3003,1747.74060394,0.500772485849,World/hcal_below_ecal/hcal_below_ecal_cover_3_placement
7,Aluminum3003,1771.30136255,0.500772485849,World/hcal_below_ecal/hcal_below_ecal_cover_4_placement
8,Polyvinyltoluene,858.461400357,2.00011522406,World/native_target/trigger_pad3_bar_volume_21
8,Polyvinyltoluene,854.461169909,1.8900230111,World/native_target/trigger_pad3_bar_volume_22
8,LYSO,932.965692453,0.600034567219,World/native_target/lvTarget_3/lvTargetArray1_phys/target_0
8,LYSO,933.765738543,0.600034567219,World/native_target/lvTarget_3/lvTargetArray2_phys/target_0
8,Polyvinyltoluene,628.848172634,2.00011522406,World/native_trig_scint/trigger_pad2_bar_volume_21
8,Polyvinyltoluene,624.847942186,2.00011522406,World/native_trig_scint/trigger_pad2_bar_volume_22
8,Polyvinyltoluene,549.643609761,2.00011522406,World/native_trig_scint/trigger_pad1_bar_volume_22
8,Polyvinyltoluene,553.643840209,2.00011522406,World/native_trig_scint/trigger_pad1_bar_volume_23
8,Silicon,689.991695034,0.32001843585,World/native_recoil/recoil_l14_sensor_vol_10/recoil_l14_active_sensor
8,Silicon,695.992040706,0.32001843585,World/native_recoil/recoil_l14_sensor_vol_20/recoil_l14_active_sensor
8,Silicon,789.997456237,0.32001843585,World/native_recoil/recoil_l14_sensor_vol_30/recoil_l14_active_sensor
8,Silicon,795.997801909,0.32001843585,World/native_recoil/recoil_l14_sensor_vol_40/recoil_l14_active_sensor
8,Scintillator,231.302332594,20.0011522406,World/hcal_top/hcal_top_layer1_strip6
8,Scintillator,254.67526111,20.0011522406,World/hcal_top/hcal_top_layer2_strip4
8,Aluminum3003,230.802303788,0.500028806016,World/hcal_top/hcal_top_cover_1_placement
8,Aluminum3003,254.175232304,0.500028806016,World/hcal_top/hcal_top_cover_2_placement
8,Scintillator,1193.72291922,20.0011522406,World/hcal_above_ecal/hcal_above_ecal_layer1_strip2
8,Scintillator,1219.12438257,20.0011522406,World/hcal_above_ecal/hcal_above_ecal_layer2_strip4
8,Scintillator,1244.52584591,20.0011522406,World/hcal_above_ecal/hcal_above_ecal_layer3_strip2
8,Scintillator,1269.92730926,20.0011522406,World/hcal_above_ecal/hcal_above_ecal_layer4_strip4
8,Aluminum3003,1193.22289041,0.500028806016,World/hcal_above_ecal/hcal_above_ecal_cover_1_placement
8,Aluminum3003,1218.62435376,0.500028806016,World/hcal_above_ecal/hcal_above_ecal_cover_2_placement
8,Aluminum3003,1244.02581711,0.500028806016,World/hcal_above_ecal/hcal_above_ecal_cover_3_placement
8,Aluminum3003,1269.42728045,0.500028806016,World/hcal_above_ecal/hcal_above_ecal_cover_4_placement
8,Scintillator,1698.59358515,20.0011522406,World/hcal_below_ecal/hcal_below_ecal_layer1_strip4
8,Scintillator,1722.1193545,20.0011522406,World/hcal_below_ecal/hcal_below_ecal_layer2_strip6
8,Scintillator,1745.64512385,20.0011522406,World/hcal_below_ecal/hcal_below_ecal_layer3_strip4
8,Scintillator,1769.1708932,20.0011522406,World/hcal_below_ecal/hcal_below_ecal_layer4_strip6
8,Aluminum3003,1698.09355634,0.500028806016,World/hcal_below_ecal/hcal_below_ecal_cover_1_placement
8,Aluminum3003,1721.61932569,0.500028806016,World/hcal_below_ecal/hcal_below_ecal_cover_2_placement
8,Aluminum3003,1745.14509504,0.500028806016,World/hcal_below_ecal/hcal_below_ecal_cover_3_placement
8,Aluminum3003,1768.6708644,0.500028806016,World/hcal_below_ecal/hcal_below_ecal_cover_4_placement
9,Polyvinyltoluene,858.838233084,2.00099320049,World/native_target/trigger_pad3_bar_volume_1
9,Polyvinyltoluene,854.836246683,2.00099320049,World/native_target/trigger_pad3_bar_volume_2
9,LYSO,933.375229802,0.600297960148,World/native_target/lvTarget_3/lvTargetArray1_phys/target_0
9,LYSO,934.175627082,0.600297960148,World/native_target/lvTarget_3/lvTargetArray2_phys/target_0
9,Polyvinyltoluene,625.122227266,2.00099320049,World/native_trig_scint/trigger_pad2_bar_volume_6
9,Polyvinyltoluene,629.124213667,2.00099320049,World/native_trig_scint/trigger_pad2_bar_volume_7
9,Polyvinyltoluene,553.886869328,2.00099320049,World/native_trig_scint/trigger_pad1_bar_volume_7
9,Polyvinyltoluene,549.884882927,2.00099320049,World/native_trig_scint/trigger_pad1_bar_volume_8
9,Silicon,690.294575806,0.320158912079,World/native_recoil/recoil_l14_sensor_vol_10/recoil_l14_active_sensor
9,Silicon,696.297555408,0.320158912079,World/native_recoil/recoil_l14_sensor_vol_20/recoil_l14_active_sensor
9,Silicon,790.344235831,0.320158912079,World/native_recoil/recoil_l14_sensor_vol_30/recoil_l14_active_sensor
9,Silicon,796.347215432,0.320158912079,World/native_recoil/recoil_l14_sensor_vol_40/recoil_l14_active_sensor
9,Scintillator,231.403865743,20.0099320049,World/hcal_top/hcal_top_layer1_strip6
9,Scintillator,254.787054107,2.5221418103,World/hcal_top/hcal_top_layer2_strip4
9,Scintillator,257.309195917,17.4877901946,World/hcal_top/hcal_top_layer2_strip5
9,Aluminum3003,230.903617442,0.500248300123,World/hcal_top/hcal_top_cover_1_placement
9,Aluminum3003,254.286805807,0.500248300123,World/hcal_top/hcal_top_cover_2_placement
9,Scintillator,1194.24691932,20.0099320049,World/hcal_above_ecal/hcal_above_ecal_layer1_strip3
9,Scintillator,1219.65953297,20.0099320049,World/hcal_above_ecal/hcal_above_ecal_layer2_strip4
9,Scintillator,1245.07214662,20.0099320049,World/hcal_above_ecal/hcal_above_ecal_layer3_strip3
9,Scintillator,1270.48476026,20.0099320049,World/hcal_above_ecal/hcal_above_ecal_layer4_strip4
9,Aluminum3003,1193.74667102,0.500248300123,World/hcal_above_ecal/hcal_above_ecal_cover_1_placement
9,Aluminum3003,1219.15928467,0.500248300123,World/hcal_above_ecal/hcal_above_ecal_cover_2_placement
9,Aluminum3003,1244.57189832,0.500248300123,World/hcal_above_ecal/hcal_above_ecal_cover_3_placement
9,Aluminum3003,1269.98451196,0.500248300123,World/hcal_above_ecal/hcal_above_ecal_cover_4_placement
9,Scintillator,1699.33920476,20.0099320049,World/hcal_below_ecal/hcal_below_ecal_layer1_strip5
9,Scintillator,1722.87530105,20.0099320049,World/hcal_below_ecal/hcal_below_ecal_layer2_strip6
9,Scintillator,1746.41139734,20.0099320049,World/hcal_below_ecal/hcal_below_ecal_layer3_strip5
9,Scintillator,1769.94749363,20.0099320049,World/hcal_below_ecal/hcal_below_ecal_layer4_strip6
9,Aluminum3003,1698.83895646,0.500248300123,World/hcal_below_ecal/hcal_below_ecal_cover_1_placement
9,Aluminum3003,1722.37505275,0.500248300123,World/hcal_below_ecal/hcal_below_ecal_cover_2_placement
9,Aluminum3003,1745.91114904,0.500248300123,World/hcal_below_ecal/hcal_below_ecal_cover_3_placement
9,Aluminum3003,1769.44724533,0.500248300123,World/hcal_below_ecal/hcal_below_ecal_cover_4_placement
10,Polyvinyltoluene,855.319414098,2.00212419455,World/native_target/trigger_pad3_bar_volume_16
10,Polyvinyltoluene,859.323662487,2.00212419455,World/native_target/trigger_pad3_bar_volume_17
10,LYSO,933.902788734,0.600637258364,World/native_target/lvTarget_3/lvTargetArray1_phys/target_0
10,LYSO,934.703638411,0.600637258364,World/native_target/lvTarget_3/lvTargetArray2_phys/target_0
10,Polyvinyltoluene,625.475556564,2.00212419455,World/native_trig_scint/trigger_pad2_bar_volume_16
10,Polyvinyltoluene,629.479804953,2.00212419455,World/native_trig_scint/trigger_pad2_bar_volume_17
10,Polyvinyltoluene,550.195686849,2.00212419455,World/native_trig_scint/trigger_pad1_bar_volume_16
10,Polyvinyltoluene,554.199935238,2.00212419455,World/native_trig_scint/trigger_pad1_bar_volume_17
10,Silicon,690.68474158,0.320339871128,World/native_recoil/recoil_l14_sensor_vol_10/recoil_l14_active_sensor
10,Silicon,696.691114164,0.320339871127,World/native_recoil/recoil_l14_sensor_vol_20/recoil_l14_active_sensor
10,Silicon,790.790951307,0.320339871127,World/native_recoil/recoil_l14_sensor_vol_30/recoil_l14_active_sensor
10,Silicon,796.797323891,0.320339871127,World/native_recoil/recoil_l14_sensor_vol_40/recoil_l14_active_sensor
10,Scintillator,231.534658989,20.0212419455,World/hcal_top/hcal_top_layer1_strip6
10,Scintillator,254.931063913,20.0212419455,World/hcal_top/hcal_top_layer2_strip4
10,Aluminum3003,231.03412794,0.500531048637,World/hcal_top/hcal_top_cover_1_placement
10,Aluminum3003,254.430532865,0.500531048637,World/hcal_top/hcal_top_cover_2_placement
10,Scintillator,1194.9219272,20.0212419455,World/hcal_above_ecal/hcal_above_ecal_layer1_strip3
10,Scintillator,1220.34890447,10.7234325669,World/hcal_above_ecal/hcal_above_ecal_layer2_strip4
10,Scintillator,1231.07233704,9.29780937861,World/hcal_above_ecal/hcal_above_ecal_layer2_strip5
10,Scintillator,1245.77588174,20.0212419455,World/hcal_above_ecal/hcal_above_ecal_layer3_strip3
10,Scintillator,1271.20285901,20.0212419455,World/hcal_above_ecal/hcal_above_ecal_layer4_strip5
10,Aluminum3003,1194.42139615,0.500531048637,World/hcal_above_ecal/hcal_above_ecal_cover_1_placement
10,Aluminum3003,1219.84837342,0.500531048636,World/hcal_above_ecal/hcal_above_ecal_cover_2_placement
10,Aluminum3003,1245.27535069,0.500531048637,World/hcal_above_ecal/hcal_above_ecal_cover_3_placement
10,Aluminum3003,1270.70232796,0.500531048637,World/hcal_above_ecal/hcal_above_ecal_cover_4_placement
10,Scintillator,1700.29969904,20.0212419455,World/hcal_below_ecal/hcal_below_ecal_layer1_strip4
10,Scintillator,1723.84909832,20.0212419455,World/hcal_below_ecal/hcal_below_ecal_layer2_strip7
10,Scintillator,1747.3984976,20.0212419455,World/hcal_below_ecal/hcal_below_ecal_layer3_strip4
10,Scintillator,1770.94789688,20.0212419455,World/hcal_below_ecal/hcal_below_ecal_layer4_strip7
10,Aluminum3003,1699.79916799,0.500531048637,World/hcal_below_ecal/hcal_below_ecal_cover_1_placement
10,Aluminum3003,1723.34856727,0.500531048637,World/hcal_below_ecal/hcal_below_ecal_cover_2_placement
10,Aluminum3003,1746.89796655,0.500531048637,World/hcal_below_ecal/hcal_below_ecal_cover_3_placement
10,Aluminum3003,1770.44736583,0.500531048637,World/hcal_below_ecal/hcal_below_ecal_cover_4_placement
11,Polyvinyltoluene,858.201158674,0.238483705879,World/native_target/trigger_pad3_bar_volume_4
11,Polyvinyltoluene,860.444377711,2.00473533068,World/native_target/trigger_pad3_bar_volume_5
11,LYSO,935.120768779,0.601420599204,World/native_target/lvTarget_3/lvTargetArray1_phys/target_0
11,LYSO,935.922662911,0.601420599204,World/native_target/lvTarget_3/lvTargetArray2_phys/target_0
11,Polyvinyltoluene,627.624782836,0.67124358237,World/native_trig_scint/trigger_pad2_bar_volume_14
11,Polyvinyltoluene,630.300761749,2.00473533068,World/native_trig_scint/trigger_pad2_bar_volume_15
11,Polyvinyltoluene,550.913242654,2.00473533068,World/native_trig_scint/trigger_pad1_bar_volume_18
11,Polyvinyltoluene,554.922713315,0.17079355515,World/native_trig_scint/trigger_pad1_bar_volume_19
11,Silicon,691.585520808,0.320757652909,World/native_recoil/recoil_l14_sensor_vol_10/recoil_l14_active_sensor
11,Silicon,697.5997268,0.320757652909,World/native_recoil/recoil_l14_sensor_vol_20/recoil_l14_active_sensor
11,Silicon,791.822287342,0.320757652909,World/native_recoil/recoil_l14_sensor_vol_30/recoil_l14_active_sensor
11,Silicon,797.836493334,0.320757652909,World/native_recoil/recoil_l14_sensor_vol_40/recoil_l14_active_sensor
11,Scintillator,231.836622531,20.0473533068,World/hcal_top/hcal_top_layer1_strip6
11,Scintillator,255.263540647,20.0473533068,World/hcal_top/hcal_top_layer2_strip4
11,Aluminum3003,231.335438699,0.50118383267,World/hcal_top/hcal_top_cover_1_placement
11,Aluminum3003,254.762356814,0.50118383267,World/hcal_top/hcal_top_cover_2_placement
11,Scintillator,1196.48032394,20.0473533068,World/hcal_above_ecal/hcal_above_ecal_layer1_strip3
11,Scintillator,1221.94046264,20.0473533068,World/hcal_above_ecal/hcal_above_ecal_layer2_strip4
11,Scintillator,1247.40060134,20.0473533068,World/hcal_above_ecal/hcal_above_ecal_layer3_strip3
11,Scintillator,1272.86074004,20.0473533068,World/hcal_above_ecal/hcal_above_ecal_layer4_strip4
11,Aluminum3003,1195.97914011,0.50118383267,World/hcal_above_ecal/hcal_above_ecal_cover_1_placement
11,Aluminum3003,1221.43927881,0.50118383267,World/hcal_above_ecal/hcal_above_ecal_cover_2_placement
11,Aluminum3003,1246.89941751,0.50118383267,World/hcal_above_ecal/hcal_above_ecal_cover_3_placement
11,Aluminum3003,1272.35955621,0.50118383267,World/hcal_above_ecal/hcal_above_ecal_cover_4_placement
11,Scintillator,1702.51720083,20.0473533068,World/hcal_below_ecal/hcal_below_ecal_layer1_strip6
11,Scintillator,1726.09731283,20.0473533068,World/hcal_below_ecal/hcal_below_ecal_layer2_strip6
11,Scintillator,1749.67742483,20.0473533068,World/hcal_below_ecal/hcal_below_ecal_layer3_strip6
11,Scintillator,1773.25753684,20.0473533068,World/hcal_below_ecal/hcal_below_ecal_layer4_strip6
11,Aluminum3003,1702.016017,0.50118383267,World/hcal_below_ecal/hcal_below_ecal_cover_1_placement
11,Aluminum3003,1725.596129,0.50118383267,World/hcal_below_ecal/hcal_below_ecal_cover_2_placement
11,Aluminum3003,1749.176241,0.50118383267,World/hcal_below_ecal/hcal_below_ecal_cover_3_placement
11,Aluminum3003,1772.756353,0.50118383267,World/hcal_below_ecal/hcal_below_ecal_cover_4_placement
12,Polyvinyltoluene,856.137668633,2.0040395576,World/native_target/trigger_pad3_bar_volume_20
12,Polyvinyltoluene,860.145747748,2.0040395576,World/native_target/trigger_pad3_bar_volume_21
12,LYSO,934.796221269,0.601211867279,World/native_target/lvTarget_3/lvTargetArray1_phys/target_0
12,LYSO,935.597837092,0.601211867279,World/native_target/lvTarget_3/lvTargetArray2_phys/target_0
12,Polyvinyltoluene,550.722040055,2.0040395576,World/native_trig_scint/trigger_pad1_bar_volume_8
12,Polyvinyltoluene,554.73011917,2.0040395576,World/native_trig_scint/trigger_pad1_bar_volume_9
12,Polyvinyltoluene,630.082006536,2.0040395576,World/native_trig_scint/trigger_pad2_bar_volume_11
12,Polyvinyltoluene,626.073927421,2.0040395576,World/native_trig_scint/trigger_pad2_bar_volume_12
12,Silicon,691.345495812,0.320646329216,World/native_recoil/recoil_l14_sensor_vol_10/recoil_l14_active_sensor
12,Silicon,697.357614484,0.320646329216,World/native_recoil/recoil_l14_sensor_vol_20/recoil_l14_active_sensor
12,Silicon,791.547473692,0.320646329216,World/native_recoil/recoil_l14_sensor_vol_30/recoil_l14_active_sensor
12,Silicon,797.559592364,0.320646329216,World/native_recoil/recoil_l14_sensor_vol_40/recoil_l14_active_sensor
12,Scintillator,231.756160198,20.040395576,World/hcal_top/hcal_top_layer1_strip6
12,Scintillator,255.174947655,20.040395576,World/hcal_top/hcal_top_layer2_strip5
12,Aluminum3003,231.255150309,0.501009889399,World/hcal_top/hcal_top_cover_1_placement
12,Aluminum3003,254.673937766,0.501009889399,World/hcal_top/hcal_top_cover_2_placement
12,Scintillator,1196.06506773,20.040395576,World/hcal_above_ecal/hcal_above_ecal_layer1_strip2
12,Scintillator,1221.51637011,20.040395576,World/hcal_above_ecal/hcal_above_ecal_layer2_strip4
12,Scintillator,1246.96767249,20.040395576,World/hcal_above_ecal/hcal_above_ecal_layer3_strip2
12,Scintillator,1272.41897487,20.040395576,World/hcal_above_ecal/hcal_above_ecal_layer4_strip4
12,Aluminum3003,1195.56405784,0.501009889399,World/hcal_above_ecal/hcal_above_ecal_cover_1_placement
12,Aluminum3003,1221.01536022,0.501009889399,World/hcal_above_ecal/hcal_above_ecal_cover_2_placement
12,Aluminum3003,1246.4666626,0.501009889399,World/hcal_above_ecal/hcal_above_ecal_cover_3_placement
12,Aluminum3003,1271.91796498,0.501009889399,World/hcal_above_ecal/hcal_above_ecal_cover_4_placement
12,Scintillator,1701.92631702,20.040395576,World/hcal_below_ecal/hcal_below_ecal_layer1_strip3
12,Scintillator,1725.4982452,20.040395576,World/hcal_below_ecal/hcal_below_ecal_layer2_strip6
12,Scintillator,1749.07017337,20.040395576,World/hcal_below_ecal/hcal_below_ecal_layer3_strip3
12,Scintillator,1772.64210155,20.040395576,World/hcal_below_ecal/hcal_below_ecal_layer4_strip6
12,Aluminum3003,1701.42530714,0.501009889399,World/hcal_below_ecal/hcal_below_ecal_cover_1_placement
12,Aluminum3003,1724.99723531,0.501009889399,World/hcal_below_ecal/hcal_below_ecal_cover_2_placement
12,Aluminum3003,1748.56916349,0.501009889399,World/hcal_below_ecal/hcal_below_ecal_cover_3_placement
12,Aluminum3003,1772.14109166,0.501009889399,World/hcal_below_ecal/hcal_below_ecal_cover_4_placement
13,Polyvinyltoluene,855.541614599,2.00264431954,World/native_target/trigger_pad3_bar_volume_6
13,Polyvinyltoluene,859.546903238,2.00264431954,World/native_target/trigger_pad3_bar_volume_7
13,LYSO,934.145404141,0.600793295861,World/native_target/lvTarget_3/lvTargetArray1_phys/target_0
13,LYSO,934.946461869,0.600793295861,World/native_target/lvTarget_3/lvTargetArray2_phys/target_0
13,Polyvinyltoluene,625.638046717,2.00264431954,World/native_trig_scint/trigger_pad2_bar_volume_10
13,Polyvinyltoluene,629.643335356,2.00264431954,World/native_trig_scint/trigger_pad2_bar_volume_11
13,Polyvinyltoluene,554.343908941,2.00264431954,World/native_trig_scint/trigger_pad1_bar_volume_11
13,Polyvinyltoluene,550.338620302,2.00264431954,World/native_trig_scint/trigger_pad1_bar_volume_12
13,Silicon,690.864172204,0.320423091126,World/native_recoil/recoil_l14_sensor_vol_10/recoil_l14_active_sensor
13,Silicon,696.872105163,0.320423091126,World/native_recoil/recoil_l14_sensor_vol_20/recoil_l14_active_sensor
13,Silicon,790.996388181,0.320423091126,World/native_recoil/recoil_l14_sensor_vol_30/recoil_l14_active_sensor
13,Silicon,797.004321139,0.320423091126,World/native_recoil/recoil_l14_sensor_vol_40/recoil_l14_active_sensor
13,Scintillator,231.594808585,18.5770723154,World/hcal_top/hcal_top_layer1_strip5
13,Scintillator,250.1718809,1.44937087991,World/hcal_top/hcal_top_layer1_strip6
13,Scintillator,254.997291581,20.0264431954,World/hcal_top/hcal_top_layer2_strip4
13,Aluminum3003,231.094147505,0.500661079884,World/hcal_top/hcal_top_cover_1_placement
13,Aluminum3003,254.496630502,0.500661079884,World/hcal_top/hcal_top_cover_2_placement
13,Scintillator,1195.23235187,20.0264431954,World/hcal_above_ecal/hcal_above_ecal_layer1_strip3
13,Scintillator,1220.66593473,20.0264431954,World/hcal_above_ecal/hcal_above_ecal_layer2_strip4
13,Scintillator,1246.09951759,20.0264431954,World/hcal_above_ecal/hcal_above_ecal_layer3_strip3
13,Scintillator,1271.53310045,20.0264431954,World/hcal_above_ecal/hcal_above_ecal_layer4_strip4
13,Aluminum3003,1194.73169079,0.500661079884,World/hcal_above_ecal/hcal_above_ecal_cover_1_placement
13,Aluminum3003,1220.16527365,0.500661079884,World/hcal_above_ecal/hcal_above_ecal_cover_2_placement
13,Aluminum3003,1245.59885651,0.500661079884,World/hcal_above_ecal/hcal_above_ecal_cover_3_placement
13,Aluminum3003,1271.03243937,0.500661079884,World/hcal_above_ecal/hcal_above_ecal_cover_4_placement
13,Scintillator,1700.74141408,20.0264431954,World/hcal_below_ecal/hcal_below_ecal_layer1_strip5
13,Scintillator,1724.29693117,20.0264431954,World/hcal_below_ecal/hcal_below_ecal_layer2_strip7
13,Scintillator,1747.85244827,20.0264431954,World/hcal_below_ecal/hcal_below_ecal_layer3_strip5
13,Scintillator,1771.40796537,20.0264431954,World/hcal_below_ecal/hcal_below_ecal_layer4_strip7
13,Aluminum3003,1700.240753,0.500661079884,World/hcal_below_ecal/hcal_below_ecal_cover_1_placement
13,Aluminum3003,1723.79627009,0.500661079884,World/hcal_below_ecal/hcal_below_ecal_cover_2_placement
13,Aluminum3003,1747.35178719,0.500661079884,World/hcal_below_ecal/hcal_below_ecal_cover_3_placement
13,Aluminum3003,1770.90730429,0.500661079884,World/hcal_below_ecal/hcal_below_ecal_cover_4_placement
14,Polyvinyltoluene,856.175093772,2.00412716203,World/native_target/trigger_pad3_bar_volume_14
14,Polyvinyltoluene,860.183348096,2.00412716203,World/native_target/trigger_pad3_bar_volume_15
14,LYSO,934.837084882,0.60123814861,World/native_target/lvTarget_3/lvTargetArray1_phys/target_0
14,LYSO,935.638735746,0.60123814861,World/native_target/lvTarget_3/lvTargetArray2_phys/target_0
14,Polyvinyltoluene,554.754368602,2.00412716203,World/native_trig_scint/trigger_pad1_bar_volume_3
14,Polyvinyltoluene,550.746114278,2.00412716203,World/native_trig_scint/trigger_pad1_bar_volume_4
14,Polyvinyltoluene,626.10129557,2.00412716203,World/native_trig_scint/trigger_pad2_bar_volume_6
14,Polyvinyltoluene,630.109549894,2.00412716203,World/native_trig_scint/trigger_pad2_bar_volume_7
14,Silicon,691.375717238,0.320660345926,World/native_recoil/recoil_l14_sensor_vol_10/recoil_l14_active_sensor
14,Silicon,697.388098724,0.320660345926,World/native_recoil/recoil_l14_sensor_vol_20/recoil_l14_active_sensor
14,Silicon,791.582075339,0.320660345926,World/native_recoil/recoil_l14_sensor_vol_30/recoil_l14_active_sensor
14,Silicon,797.594456825,0.320660345926,World/native_recoil/recoil_l14_sensor_vol_40/recoil_l14_active_sensor
14,Scintillator,231.76629117,20.0412716203,World/hcal_top/hcal_top_layer1_strip6
14,Scintillator,255.186102354,20.0412716203,World/hcal_top/hcal_top_layer2_strip5
14,Aluminum3003,231.26525938,0.501031790509,World/hcal_top/hcal_top_cover_1_placement
14,Aluminum3003,254.685070564,0.501031790509,World/hcal_top/hcal_top_cover_2_placement
14,Scintillator,1196.11735243,20.0412716203,World/hcal_above_ecal/hcal_above_ecal_layer1_strip2
14,Scintillator,1221.56976738,20.0412716203,World/hcal_above_ecal/hcal_above_ecal_layer2_strip4
14,Scintillator,1247.02218234,20.0412716203,World/hcal_above_ecal/hcal_above_ecal_layer3_strip2
14,Scintillator,1272.4745973,20.0412716203,World/hcal_above_ecal/hcal_above_ecal_layer4_strip4
14,Aluminum3003,1195.61632064,0.501031790509,World/hcal_above_ecal/hcal_above_ecal_cover_1_placement
14,Aluminum3003,1221.06873559,0.501031790509,World/hcal_above_ecal/hcal_above_ecal_cover_2_placement
14,Aluminum3003,1246.52115055,0.501031790509,World/hcal_above_ecal/hcal_above_ecal_cover_3_placement
14,Aluminum3003,1271.97356551,0.501031790509,World/hcal_above_ecal/hcal_above_ecal_cover_4_placement
14,Scintillator,1702.00071491,20.0412716203,World/hcal_below_ecal/hcal_below_ecal_layer1_strip3
14,Scintillator,1725.5736735,20.0412716203,World/hcal_below_ecal/hcal_below_ecal_layer2_strip5
14,Scintillator,1749.1466321,20.0412716203,World/hcal_below_ecal/hcal_below_ecal_layer3_strip3
14,Scintillator,1772.7195907,20.0412716203,World/hcal_below_ecal/hcal_below_ecal_layer4_strip5
14,Aluminum3003,1701.49968312,0.501031790509,World/hcal_below_ecal/hcal_below_ecal_cover_1_placement
14,Aluminum3003,1725.07264171,0.501031790509,World/hcal_below_ecal/hcal_below_ecal_cover_2_placement
14,Aluminum3003,1748.64560031,0.501031790509,World/hcal_below_ecal/hcal_below_ecal_cover_3_placement
14,Aluminum3003,1772.2185589,0.501031790509,World/hcal_below_ecal/hcal_below_ecal_cover_4_placement
15,Polyvinyltoluene,854.88407806,2.00110516376,World/native_target/trigger_pad3_bar_volume_12
15,Polyvinyltoluene,858.886288387,2.00110516376,World/native_target/trigger_pad3_bar_volume_13
15,LYSO,933.427455737,0.600331549128,World/native_target/lvTarget_3/lvTargetArray1_phys/target_0
15,LYSO,934.227897803,0.600331549128,World/native_target/lvTarget_3/lvTargetArray2_phys/target_0
15,Polyvinyltoluene,629.159415587,2.00110516376,World/native_trig_scint/trigger_pad2_bar_volume_13
15,Polyvinyltoluene,625.15720526,2.00110516376,World/native_trig_scint/trigger_pad2_bar_volume_14
15,Polyvinyltoluene,549.915651102,2.00110516376,World/native_trig_scint/trigger_pad1_bar_volume_14
15,Polyvinyltoluene,553.91786143,2.00110516376,World/native_trig_scint/trigger_pad1_bar_volume_15
15,Silicon,690.333200443,0.320176826202,World/native_recoil/recoil_l14_sensor_vol_10/recoil_l14_active_sensor
15,Silicon,696.336515935,0.320176826202,World/native_recoil/recoil_l14_sensor_vol_20/recoil_l14_active_sensor
15,Silicon,790.388458631,0.320176826202,World/native_recoil/recoil_l14_sensor_vol_30/recoil_l14_active_sensor
15,Silicon,796.391774123,0.320176826202,World/native_recoil/recoil_l14_sensor_vol_40/recoil_l14_active_sensor
15,Scintillator,231.416813679,20.0110516376,World/hcal_top/hcal_top_layer1_strip6
15,Scintillator,254.801310423,20.0110516376,World/hcal_top/hcal_top_layer2_strip4
15,Aluminum3003,230.916537388,0.50027629094,World/hcal_top/hcal_top_cover_1_placement
15,Aluminum3003,254.301034132,0.50027629094,World/hcal_top/hcal_top_cover_2_placement
15,Scintillator,1194.31374203,20.0110516376,World/hcal_above_ecal/hcal_above_ecal_layer1_strip3
15,Scintillator,1219.72777761,20.0110516376,World/hcal_above_ecal/hcal_above_ecal_layer2_strip4
15,Scintillator,1245.1418132,20.0110516376,World/hcal_above_ecal/hcal_above_ecal_layer3_strip3
15,Scintillator,1270.55584877,20.0110516376,World/hcal_above_ecal/hcal_above_ecal_layer4_strip4
15,Aluminum3003,1193.81346574,0.50027629094,World/hcal_above_ecal/hcal_above_ecal_cover_1_placement
15,Aluminum3003,1219.22750132,0.50027629094,World/hcal_above_ecal/hcal_above_ecal_cover_2_placement
15,Aluminum3003,1244.6415369,0.50027629094,World/hcal_above_ecal/hcal_above_ecal_cover_3_placement
15,Aluminum3003,1270.05557248,0.50027629094,World/hcal_above_ecal/hcal_above_ecal_cover_4_placement
15,Scintillator,1699.43428932,20.0110516376,World/hcal_below_ecal/hcal_below_ecal_layer1_strip5
15,Scintillator,1722.97170255,20.0110516376,World/hcal_below_ecal/hcal_below_ecal_layer2_strip5
15,Scintillator,1746.50911578,20.0110516376,World/hcal_below_ecal/hcal_below_ecal_layer3_strip5
15,Scintillator,1770.046529,20.0110516376,World/hcal_below_ecal/hcal_below_ecal_layer4_strip5
15,Aluminum3003,1698.93401303,0.50027629094,World/hcal_below_ecal/hcal_below_ecal_cover_1_placement
15,Aluminum3003,1722.47142626,0.50027629094,World/hcal_below_ecal/hcal_below_ecal_cover_2_placement
15,Aluminum3003,1746.00883949,0.50027629094,World/hcal_below_ecal/hcal_below_ecal_cover_3_placement
15,Aluminum3003,1769.54625271,0.50027629094,World/hcal_below_ecal/hcal_below_ecal_cover_4_placement
16,Polyvinyltoluene,859.479082443,2.00248630497,World/native_target/trigger_pad3_bar_volume_5
16,Polyvinyltoluene,855.474109833,2.00248630497,World/native_target/trigger_pad3_bar_volume_6
16,LYSO,934.071697303,0.600745891491,World/native_target/lvTarget_3/lvTargetArray1_phys/target_0
16,LYSO,934.872691825,0.600745891491,World/native_target/lvTarget_3/lvTargetArray2_phys/target_0
16,Polyvinyltoluene,625.588682022,2.00248630497,World/native_trig_scint/trigger_pad2_bar_volume_12
16,Polyvinyltoluene,629.593654632,2.00248630497,World/native_trig_scint/trigger_pad2_bar_volume_13
16,Polyvinyltoluene,554.300169565,2.00248630497,World/native_trig_scint/trigger_pad1_bar_volume_15
16,Polyvinyltoluene,550.295196956,1.97079482204,World/native_trig_scint/trigger_pad1_bar_volume_16
16,Silicon,690.809660975,0.320397808795,World/native_recoil/recoil_l14_sensor_vol_10/recoil_l14_active_sensor
16,Silicon,696.81711989,0.320397808795,World/native_recoil/recoil_l14_sensor_vol_20/recoil_l14_active_sensor
16,Silicon,790.933976224,0.320397808795,World/native_recoil/recoil_l14_sensor_vol_30/recoil_l14_active_sensor
16,Silicon,796.941435139,0.320397808795,World/native_recoil/recoil_l14_sensor_vol_40/recoil_l14_active_sensor
16,Scintillator,231.576535069,20.0248630497,World/hcal_top/hcal_top_layer1_strip6
16,Scintillator,254.97717154,20.0248630497,World/hcal_top/hcal_top_layer2_strip4
16,Aluminum3003,231.075913493,0.500621576242,World/hcal_top/hcal_top_cover_1_placement
16,Aluminum3003,254.476549964,0.500621576242,World/hcal_top/hcal_top_cover_2_placement
16,Scintillator,1195.1380445,20.0248630497,World/hcal_above_ecal/hcal_above_ecal_layer1_strip3
16,Scintillator,1220.56962058,20.0248630497,World/hcal_above_ecal/hcal_above_ecal_layer2_strip4
16,Scintillator,1246.00119665,20.0248630497,World/hcal_above_ecal/hcal_above_ecal_layer3_strip3
16,Scintillator,1271.43277272,20.0248630497,World/hcal_above_ecal/hcal_above_ecal_layer4_strip4
16,Aluminum3003,1194.63742293,0.500621576242,World/hcal_above_ecal/hcal_above_ecal_cover_1_placement
16,Aluminum3003,1220.068999,0.500621576242,World/hcal_above_ecal/hcal_above_ecal_cover_2_placement
16,Aluminum3003,1245.50057507,0.500621576242,World/hcal_above_ecal/hcal_above_ecal_cover_3_placement
16,Aluminum3003,1270.93215115,0.500621576242,World/hcal_above_ecal/hcal_above_ecal_cover_4_placement
16,Scintillator,1700.60722055,20.0248630497,World/hcal_below_ecal/hcal_below_ecal_layer1_strip6
16,Scintillator,1724.16087904,20.0248630497,World/hcal_below_ecal/hcal_below_ecal_layer2_strip6
16,Scintillator,1747.71453754,20.0248630497,World/hcal_below_ecal/hcal_below_ecal_layer3_strip6
16,Scintillator,1771.26819603,20.0248630497,World/hcal_below_ecal/hcal_below_ecal_layer4_strip6
16,Aluminum3003,1700.10659897,0.500621576242,World/hcal_below_ecal/hcal_below_ecal_cover_1_placement
16,Aluminum3003,1723.66025746,0.500621576242,World/hcal_below_ecal/hcal_below_ecal_cover_2_placement
16,Aluminum3003,1747.21391596,0.500621576242,World/hcal_below_ecal/hcal_below_ecal_cover_3_placement
16,Aluminum3003,1770.76757446,0.500621576242,World/hcal_below_ecal/hcal_below_ecal_cover_4_placement
17,Polyvinyltoluene,862.452527938,2.00941408716,World/native_target/trigger_pad3_bar_volume_3
17,Polyvinyltoluene,858.433699764,2.00941408716,World/native_target/trigger_pad3_bar_volume_4
17,LYSO,937.303202685,0.602824226149,World/native_target/lvTarget_3/lvTargetArray1_phys/target_0
17,LYSO,938.10696832,0.602824226149,World/native_target/lvTarget_3/lvTargetArray2_phys/target_0
17,Polyvinyltoluene,633.356199941,0.425004878215,World/native_trig_scint/trigger_pad2_bar_volume_15
17,Polyvinyltoluene,627.752962558,2.00941408716,World/native_trig_scint/trigger_pad2_bar_volume_16
17,Polyvinyltoluene,552.19899288,2.00941408716,World/native_trig_scint/trigger_pad1_bar_volume_20
17,Polyvinyltoluene,556.217821055,1.23913735081,World/native_trig_scint/trigger_pad1_bar_volume_21
17,Silicon,693.199579377,0.321506253946,World/native_recoil/recoil_l14_sensor_vol_10/recoil_l14_active_sensor
17,Silicon,699.227821638,0.321506253946,World/native_recoil/recoil_l14_sensor_vol_20/recoil_l14_active_sensor
17,Silicon,793.670283735,0.321506253946,World/native_recoil/recoil_l14_sensor_vol_30/recoil_l14_active_sensor
17,Silicon,799.698525996,0.321506253946,World/native_recoil/recoil_l14_sensor_vol_40/recoil_l14_active_sensor
17,Scintillator,232.377695003,20.0941408716,World/hcal_top/hcal_top_layer1_strip5
17,Scintillator,255.859288089,20.0941408716,World/hcal_top/hcal_top_layer2_strip4
17,Aluminum3003,231.875341481,0.502353521791,World/hcal_top/hcal_top_cover_1_placement
17,Aluminum3003,255.356934567,0.502353521791,World/hcal_top/hcal_top_cover_2_placement
17,Scintillator,1199.27273249,20.0941408716,World/hcal_above_ecal/hcal_above_ecal_layer1_strip4
17,Scintillator,1224.79229139,20.0941408716,World/hcal_above_ecal/hcal_above_ecal_layer2_strip4
17,Scintillator,1250.3118503,20.0941408716,World/hcal_above_ecal/hcal_above_ecal_layer3_strip4
17,Scintillator,1275.83140921,20.0941408716,World/hcal_above_ecal/hcal_above_ecal_layer4_strip4
17,Aluminum3003,1198.77037896,0.502353521791,World/hcal_above_ecal/hcal_above_ecal_cover_1_placement
17,Aluminum3003,1224.28993787,0.502353521791,World/hcal_above_ecal/hcal_above_ecal_cover_2_placement
17,Aluminum3003,1249.80949678,0.502353521791,World/hcal_above_ecal/hcal_above_ecal_cover_3_placement
17,Aluminum3003,1275.32905569,0.502353521791,World/hcal_above_ecal/hcal_above_ecal_cover_4_placement
17,Scintillator,1706.49062479,20.0941408716,World/hcal_below_ecal/hcal_below_ecal_layer1_strip6
17,Scintillator,1730.12576929,20.0941408716,World/hcal_below_ecal/hcal_below_ecal_layer2_strip7
17,Scintillator,1753.7609138,20.0941408716,World/hcal_below_ecal/hcal_below_ecal_layer3_strip6
17,Scintillator,1777.3960583,20.0941408716,World/hcal_below_ecal/hcal_below_ecal_layer4_strip7
17,Aluminum3003,1705.98827127,0.502353521791,World/hcal_below_ecal/hcal_below_ecal_cover_1_placement
17,Aluminum3003,1729.62341577,0.502353521791,World/hcal_below_ecal/hcal_below_ecal_cover_2_placement
17,Aluminum3003,1753.25856027,0.502353521791,World/hcal_below_ecal/hcal_below_ecal_cover_3_placement
17,Aluminum3003,1776.89370478,0.502353521791,World/hcal_below_ecal/hcal_below_ecal_cover_4_placement
18,Polyvinyltoluene,857.246167622,2.00663432232,World/native_target/trigger_pad3_bar_volume_18
18,Polyvinyltoluene,861.259436266,2.00663432232,World/native_target/trigger_pad3_bar_volume_19
18,LYSO,936.006564773,0.601990296697,World/native_target/lvTarget_3/lvTargetArray1_phys/target_0
18,LYSO,936.809218502,0.601990296697,World/native_target/lvTarget_3/lvTargetArray2_phys/target_0
18,Polyvinyltoluene,555.448365544,0.511570838019,World/native_trig_scint/trigger_pad1_bar_volume_5
18,Polyvinyltoluene,551.4350969,2.00663432232,World/native_trig_scint/trigger_pad1_bar_volume_6
18,Polyvinyltoluene,626.884547419,1.70346363626,World/native_trig_scint/trigger_pad2_bar_volume_8
18,Polyvinyltoluene,630.897816064,2.00663432232,World/native_trig_scint/trigger_pad2_bar_volume_9
18,Silicon,692.240627297,0.321061491572,World/native_recoil/recoil_l14_sensor_vol_10/recoil_l14_active_sensor
18,Silicon,698.260530264,0.321061491572,World/native_recoil/recoil_l14_sensor_vol_20/recoil_l14_active_sensor
18,Silicon,792.572343413,0.321061491572,World/native_recoil/recoil_l14_sensor_vol_30/recoil_l14_active_sensor
18,Silicon,798.59224638,0.321061491572,World/native_recoil/recoil_l14_sensor_vol_40/recoil_l14_active_sensor
18,Scintillator,232.056230478,20.0663432232,World/hcal_top/hcal_top_layer1_strip6
18,Scintillator,255.505339813,20.0663432232,World/hcal_top/hcal_top_layer2_strip5
18,Aluminum3003,231.554571897,0.501658580581,World/hcal_top/hcal_top_cover_1_placement
18,Aluminum3003,255.003681232,0.501658580581,World/hcal_top/hcal_top_cover_2_placement
18,Scintillator,1197.61369357,20.0663432232,World/hcal_above_ecal/hcal_above_ecal_layer1_strip2
18,Scintillator,1223.09794946,20.0663432232,World/hcal_above_ecal/hcal_above_ecal_layer2_strip3
18,Scintillator,1248.58220536,20.0663432232,World/hcal_above_ecal/hcal_above_ecal_layer3_strip2
18,Scintillator,1274.06646125,20.0663432232,World/hcal_above_ecal/hcal_above_ecal_layer4_strip3
18,Aluminum3003,1197.11203499,0.501658580581,World/hcal_above_ecal/hcal_above_ecal_cover_1_placement
18,Aluminum3003,1222.59629088,0.501658580581,World/hcal_above_ecal/hcal_above_ecal_cover_2_placement
18,Aluminum3003,1248.08054678,0.501658580581,World/hcal_above_ecal/hcal_above_ecal_cover_3_placement
18,Aluminum3003,1273.56480267,0.501658580581,World/hcal_above_ecal/hcal_above_ecal_cover_4_placement
18,Scintillator,1704.12991543,20.0663432232,World/hcal_below_ecal/hcal_below_ecal_layer1_strip3
18,Scintillator,1727.73236377,20.0663432232,World/hcal_below_ecal/hcal_below_ecal_layer2_strip5
18,Scintillator,1751.3348121,20.0663432232,World/hcal_below_ecal/hcal_below_ecal_layer3_strip3
18,Scintillator,1774.93726043,20.0663432232,World/hcal_below_ecal/hcal_below_ecal_layer4_strip5
18,Aluminum3003,1703.62825685,0.501658580581,World/hcal_below_ecal/hcal_below_ecal_cover_1_placement
18,Aluminum3003,1727.23070518,0.501658580581,World/hcal_below_ecal/hcal_below_ecal_cover_2_placement
18,Aluminum3003,1750.83315352,0.501658580581,World/hcal_below_ecal/hcal_below_ecal_cover_3_placement
18,Aluminum3003,1774.43560185,0.501658580581,World/hcal_below_ecal/hcal_below_ecal_cover_4_placement
19,Polyvinyltoluene,859.08833134,2.00157590034,World/native_target/trigger_pad3_bar_volume_9
19,Polyvinyltoluene,855.085179539,2.00157590034,World/native_target/trigger_pad3_bar_volume_10
19,LYSO,933.647033628,0.600472770103,World/native_target/lvTarget_3/lvTargetArray1_phys/target_0
19,LYSO,934.447663988,0.600472770103,World/native_target/lvTarget_3/lvTargetArray2_phys/target_0
19,Polyvinyltoluene,550.045012327,2.00157590034,World/native_trig_scint/trigger_pad1_bar_volume_2
19,Polyvinyltoluene,554.048164127,2.00157590034,World/native_trig_scint/trigger_pad1_bar_volume_3
19,Polyvinyltoluene,625.30426618,2.00157590034,World/native_trig_scint/trigger_pad2_bar_volume_4
19,Polyvinyltoluene,629.30741798,2.00157590034,World/native_trig_scint/trigger_pad2_bar_volume_5
19,Silicon,690.495593254,0.320252144055,World/native_recoil/recoil_l14_sensor_vol_10/recoil_l14_active_sensor
19,Silicon,696.500320955,0.320252144055,World/native_recoil/recoil_l14_sensor_vol_20/recoil_l14_active_sensor
19,Silicon,790.574388271,0.320252144055,World/native_recoil/recoil_l14_sensor_vol_30/recoil_l14_active_sensor
19,Silicon,796.579115972,0.320252144055,World/native_recoil/recoil_l14_sensor_vol_40/recoil_l14_active_sensor
19,Scintillator,231.471251778,20.0157590034,World/hcal_top/hcal_top_layer1_strip6
19,Scintillator,254.861249451,20.0157590034,World/hcal_top/hcal_top_layer2_strip5
19,Aluminum3003,230.970857803,0.500393975086,World/hcal_top/hcal_top_cover_1_placement
19,Aluminum3003,254.360855476,0.500393975086,World/hcal_top/hcal_top_cover_2_placement
19,Scintillator,1194.59469037,20.0157590034,World/hcal_above_ecal/hcal_above_ecal_layer1_strip3
19,Scintillator,1220.01470431,20.0157590034,World/hcal_above_ecal/hcal_above_ecal_layer2_strip4
19,Scintillator,1255.7040812,9.74639604564,World/hcal_above_ecal/hcal_above_ecal_layer3_strip2
19,Scintillator,1245.43471824,10.269362949,World/hcal_above_ecal/hcal_above_ecal_layer3_strip3
19,Scintillator,1270.85473218,20.0157590034,World/hcal_above_ecal/hcal_above_ecal_layer4_strip4
19,Aluminum3003,1194.0942964,0.500393975086,World/hcal_above_ecal/hcal_above_ecal_cover_1_placement
19,Aluminum3003,1219.51431033,0.500393975086,World/hcal_above_ecal/hcal_above_ecal_cover_2_placement
19,Aluminum3003,1244.93432427,0.500393975086,World/hcal_above_ecal/hcal_above_ecal_cover_3_placement
19,Aluminum3003,1270.3543382,0.500393975086,World/hcal_above_ecal/hcal_above_ecal_cover_4_placement
19,Scintillator,1699.83406136,20.0157590034,World/hcal_below_ecal/hcal_below_ecal_layer1_strip4
19,Scintillator,1723.37701149,20.0157590034,World/hcal_below_ecal/hcal_below_ecal_layer2_strip6
19,Scintillator,1746.91996162,20.0157590034,World/hcal_below_ecal/hcal_below_ecal_layer3_strip4
19,Scintillator,1770.46291174,20.0157590034,World/hcal_below_ecal/hcal_below_ecal_layer4_strip6
19,Aluminum3003,1699.33366738,0.500393975086,World/hcal_below_ecal/hcal_below_ecal_cover_1_placement
19,Aluminum3003,1722.87661751,0.500393975086,World/hcal_below_ecal/hcal_below_ecal_cover_2_placement
19,Aluminum3003,1746.41956764,0.500393975086,World/hcal_below_ecal/hcal_below_ecal_cover_3_placement
19,Aluminum3003,1769.96251777,0.500393975086,World/hcal_below_ecal/hcal_below_ecal_cover_4_placement
20,Polyvinyltoluene,856.945107427,1.12818619346,World/native_target/trigger_pad3_bar_volume_20
20,Polyvinyltoluene,860.956966633,2.00592960326,World/native_target/trigger_pad3_bar_volume_21
20,LYSO,935.677844355,0.601778880977,World/native_target/lvTarget_3/lvTargetArray1_phys/target_0
20,LYSO,936.480216196,0.601778880977,World/native_target/lvTarget_3/lvTargetArray2_phys/target_0
20,Polyvinyltoluene,555.253295097,2.00592960326,World/native_trig_scint/trigger_pad1_bar_volume_7
20,Polyvinyltoluene,551.241435891,2.00592960326,World/native_trig_scint/trigger_pad1_bar_volume_8
20,Polyvinyltoluene,626.664388973,2.00592960326,World/native_trig_scint/trigger_pad2_bar_volume_10
20,Polyvinyltoluene,630.67624818,2.00592960326,World/native_trig_scint/trigger_pad2_bar_volume_11
20,Silicon,691.997516151,0.320948736521,World/native_recoil/recoil_l14_sensor_vol_10/recoil_l14_active_sensor
20,Silicon,698.015304961,0.320948736521,World/native_recoil/recoil_l14_sensor_vol_20/recoil_l14_active_sensor
20,Silicon,792.293996314,0.320948736521,World/native_recoil/recoil_l14_sensor_vol_30/recoil_l14_active_sensor
20,Silicon,798.311785124,0.320948736521,World/native_recoil/recoil_l14_sensor_vol_40/recoil_l14_active_sensor
20,Scintillator,231.974733591,20.0592960326,World/hcal_top/hcal_top_layer1_strip6
20,Scintillator,255.415607726,20.0592960326,World/hcal_top/hcal_top_layer2_strip5
20,Aluminum3003,231.47325119,0.501482400814,World/hcal_top/hcal_top_cover_1_placement
20,Aluminum3003,254.914125325,0.501482400814,World/hcal_top/hcal_top_cover_2_placement
20,Scintillator,1197.19309815,20.0592960326,World/hcal_above_ecal/hcal_above_ecal_layer1_strip2
20,Scintillator,1222.66840411,20.0592960326,World/hcal_above_ecal/hcal_above_ecal_layer2_strip4
20,Scintillator,1248.14371007,20.0592960326,World/hcal_above_ecal/hcal_above_ecal_layer3_strip2
20,Scintillator,1273.61901603,20.0592960326,World/hcal_above_ecal/hcal_above_ecal_layer4_strip4
20,Aluminum3003,1196.69161575,0.501482400814,World/hcal_above_ecal/hcal_above_ecal_cover_1_placement
20,Aluminum3003,1222.16692171,0.501482400814,World/hcal_above_ecal/hcal_above_ecal_cover_2_placement
20,Aluminum3003,1247.64222767,0.501482400814,World/hcal_above_ecal/hcal_above_ecal_cover_3_placement
20,Aluminum3003,1273.11753363,0.501482400814,World/hcal_above_ecal/hcal_above_ecal_cover_4_placement
20,Scintillator,1703.53143427,20.0592960326,World/hcal_below_ecal/hcal_below_ecal_layer1_strip3
20,Scintillator,1727.12559355,20.0592960326,World/hcal_below_ecal/hcal_below_ecal_layer2_strip7
20,Scintillator,1750.71975283,20.0592960326,World/hcal_below_ecal/hcal_below_ecal_layer3_strip3
20,Scintillator,1774.31391212,20.0592960326,World/hcal_below_ecal/hcal_below_ecal_layer4_strip7
20,Aluminum3003,1703.02995187,0.501482400814,World/hcal_below_ecal/hcal_below_ecal_cover_1_placement
20,Aluminum3003,1726.62411115,0.501482400814,World/hcal_below_ecal/hcal_below_ecal_cover_2_placement
20,Aluminum3003,1750.21827043,0.501482400814,World/hcal_below_ecal/hcal_below_ecal_cover_3_placement
20,Aluminum3003,1773.81242971,0.501482400814,World/hcal_below_ecal/hcal_below_ecal_cover_4_placement
21,Polyvinyltoluene,859.093674274,2.00158834876,World/native_target/trigger_pad3_bar_volume_9
21,Polyvinyltoluene,855.090497576,2.00158834876,World/native_target/trigger_pad3_bar_volume_10
21,LYSO,933.652840265,0.600476504627,World/native_target/lvTarget_3/lvTargetArray1_phys/target_0
21,LYSO,934.453475604,0.600476504627,World/native_target/lvTarget_3/lvTargetArray2_phys/target_0
21,Polyvinyltoluene,625.308155139,2.00158834876,World/native_trig_scint/trigger_pad2_bar_volume_14
21,Polyvinyltoluene,629.311331836,2.00158834876,World/native_trig_scint/trigger_pad2_bar_volume_15
21,Polyvinyltoluene,554.051609923,2.00158834876,World/native_trig_scint/trigger_pad1_bar_volume_15
21,Polyvinyltoluene,550.048433225,2.00158834876,World/native_trig_scint/trigger_pad1_bar_volume_16
21,Silicon,690.499887658,0.320254135801,World/native_recoil/recoil_l14_sensor_vol_10/recoil_l14_active_sensor
21,Silicon,696.504652704,0.320254135801,World/native_recoil/recoil_l14_sensor_vol_20/recoil_l14_active_sensor
21,Silicon,790.579305096,0.320254135801,World/native_recoil/recoil_l14_sensor_vol_30/recoil_l14_active_sensor
21,Silicon,796.584070142,0.320254135801,World/native_recoil/recoil_l14_sensor_vol_40/recoil_l14_active_sensor
21,Scintillator,231.472691368,20.0158834876,World/hcal_top/hcal_top_layer1_strip6
21,Scintillator,254.862834511,20.0158834876,World/hcal_top/hcal_top_layer2_strip4
21,Aluminum3003,230.972294281,0.500397087189,World/hcal_top/hcal_top_cover_1_placement
21,Aluminum3003,254.362437424,0.500397087189,World/hcal_top/hcal_top_cover_2_placement
21,Scintillator,1194.60211992,20.0158834876,World/hcal_above_ecal/hcal_above_ecal_layer1_strip3
21,Scintillator,1220.02229195,20.0158834876,World/hcal_above_ecal/hcal_above_ecal_layer2_strip4
21,Scintillator,1245.44246398,20.0158834876,World/hcal_above_ecal/hcal_above_ecal_layer3_strip3
21,Scintillator,1270.86263601,20.0158834876,World/hcal_above_ecal/hcal_above_ecal_layer4_strip4
21,Aluminum3003,1194.10172284,0.500397087189,World/hcal_above_ecal/hcal_above_ecal_cover_1_placement
21,Aluminum3003,1219.52189486,0.500397087189,World/hcal_above_ecal/hcal_above_ecal_cover_2_placement
21,Aluminum3003,1244.9420669,0.500397087189,World/hcal_above_ecal/hcal_above_ecal_cover_3_placement
21,Aluminum3003,1270.36223892,0.500397087189,World/hcal_above_ecal/hcal_above_ecal_cover_4_placement
21,Scintillator,1699.84463315,20.0158834876,World/hcal_below_ecal/hcal_below_ecal_layer1_strip5
21,Scintillator,1723.3877297,20.0158834876,World/hcal_below_ecal/hcal_below_ecal_layer2_strip6
21,Scintillator,1746.93082625,20.0158834876,World/hcal_below_ecal/hcal_below_ecal_layer3_strip5
21,Scintillator,1770.4739228,20.0158834876,World/hcal_below_ecal/hcal_below_ecal_layer4_strip6
21,Aluminum3003,1699.34423606,0.500397087189,World/hcal_below_ecal/hcal_below_ecal_cover_1_placement
21,Aluminum3003,1722.88733261,0.500397087189,World/hcal_below_ecal/hcal_below_ecal_cover_2_placement
21,Aluminum3003,1746.43042916,0.500397087189,World/hcal_below_ecal/hcal_below_ecal_cover_3_placement
21,Aluminum3003,1769.97352571,0.500397087189,World/hcal_below_ecal/hcal_below_ecal_cover_4_placement
22,Polyvinyltoluene,855.623171818,2.00283522796,World/native_target/trigger_pad3_bar_volume_10
22,Polyvinyltoluene,859.628842274,2.00283522796,World/native_target/trigger_pad3_bar_volume_11
22,LYSO,934.652882633,0.182422451245,World/native_target/lvTarget_3/lvTargetArray1_phys/target_0
22,LYSO,935.035588607,0.600850568388,World/native_target/lvTarget_3/lvTargetArray2_phys/target_0
22,Polyvinyltoluene,550.391083077,2.00283522796,World/native_trig_scint/trigger_pad1_bar_volume_2
22,Polyvinyltoluene,554.396753533,2.00283522796,World/native_trig_scint/trigger_pad1_bar_volume_3
22,Polyvinyltoluene,625.697687649,2.00283522796,World/native_trig_scint/trigger_pad2_bar_volume_4
22,Polyvinyltoluene,629.703358104,2.00283522796,World/native_trig_scint/trigger_pad2_bar_volume_5
22,Silicon,690.930031023,0.320453636474,World/native_recoil/recoil_l14_sensor_vol_10/recoil_l14_active_sensor
22,Silicon,696.938536707,0.320453636473,World/native_recoil/recoil_l14_sensor_vol_20/recoil_l14_active_sensor
22,Silicon,791.071792421,0.320453636473,World/native_recoil/recoil_l14_sensor_vol_30/recoil_l14_active_sensor
22,Silicon,797.080298105,0.320453636474,World/native_recoil/recoil_l14_sensor_vol_40/recoil_l14_active_sensor
22,Scintillator,231.616886095,20.0283522796,World/hcal_top/hcal_top_layer1_strip6
22,Scintillator,255.021600007,20.0283522796,World/hcal_top/hcal_top_layer2_strip5
22,Aluminum3003,231.116177288,0.50070880699,World/hcal_top/hcal_top_cover_1_placement
22,Aluminum3003,254.5208912,0.50070880699,World/hcal_top/hcal_top_cover_2_placement
22,Scintillator,1195.34629119,20.0283522796,World/hcal_above_ecal/hcal_above_ecal_layer1_strip2
22,Scintillator,1220.78229858,20.0283522796,World/hcal_above_ecal/hcal_above_ecal_layer2_strip4
22,Scintillator,1246.21830598,20.0283522796,World/hcal_above_ecal/hcal_above_ecal_layer3_strip2
22,Scintillator,1271.65431338,20.0283522796,World/hcal_above_ecal/hcal_above_ecal_layer4_strip4
22,Aluminum3003,1194.84558238,0.50070880699,World/hcal_above_ecal/hcal_above_ecal_cover_1_placement
22,Aluminum3003,1220.28158978,0.50070880699,World/hcal_above_ecal/hcal_above_ecal_cover_2_placement
22,Aluminum3003,1245.71759717,0.50070880699,World/hcal_above_ecal/hcal_above_ecal_cover_3_placement
22,Aluminum3003,1271.15360457,0.50070880699,World/hcal_above_ecal/hcal_above_ecal_cover_4_placement
22,Scintillator,1700.90354265,20.0283522796,World/hcal_below_ecal/hcal_below_ecal_layer1_strip4
22,Scintillator,1724.46130525,20.0283522796,World/hcal_below_ecal/hcal_below_ecal_layer2_strip7
22,Scintillator,1748.01906785,20.0283522796,World/hcal_below_ecal/hcal_below_ecal_layer3_strip4
22,Scintillator,1771.57683045,20.0283522796,World/hcal_below_ecal/hcal_below_ecal_layer4_strip7
22,Aluminum3003,1700.40283384,0.50070880699,World/hcal_below_ecal/hcal_below_ecal_cover_1_placement
22,Aluminum3003,1723.96059644,0.50070880699,World/hcal_below_ecal/hcal_below_ecal_cover_2_placement
22,Aluminum3003,1747.51835904,0.50070880699,World/hcal_below_ecal/hcal_below_ecal_cover_3_placement
22,Aluminum3003,1771.07612164,0.50070880699,World/hcal_below_ecal/hcal_below_ecal_cover_4_placement
23,Polyvinyltoluene,854.965497307,2.00129574922,World/native_target/trigger_pad3_bar_volume_22
23,Polyvinyltoluene,858.968088805,2.00129574922,World/native_target/trigger_pad3_bar_volume_23
23,LYSO,933.516355464,0.600388724767,World/native_target/lvTarget_3/lvTargetArray1_phys/target_0
23,LYSO,934.316873764,0.600388724767,World/native_target/lvTarget_3/lvTargetArray2_phys/target_0
23,Polyvinyltoluene,553.970616624,2.00129574922,World/native_trig_scint/trigger_pad1_bar_volume_19
23,Polyvinyltoluene,625.216745296,2.00129574922,World/native_trig_scint/trigger_pad2_bar_volume_20
23,Polyvinyltoluene,629.219336795,2.00129574922,World/native_trig_scint/trigger_pad2_bar_volume_21
23,Polyvinyltoluene,549.968025125,2.00129574922,World/native_trig_scint/trigger_pad1_bar_volume_20
23,Silicon,690.398947848,0.320207319876,World/native_recoil/recoil_l14_sensor_vol_10/recoil_l14_active_sensor
23,Silicon,696.402835096,0.320207319876,World/native_recoil/recoil_l14_sensor_vol_20/recoil_l14_active_sensor
23,Silicon,790.463735309,0.320207319876,World/native_recoil/recoil_l14_sensor_vol_30/recoil_l14_active_sensor
23,Silicon,796.467622557,0.320207319876,World/native_recoil/recoil_l14_sensor_vol_40/recoil_l14_active_sensor
23,Scintillator,231.43885384,20.0129574922,World/hcal_top/hcal_top_layer1_strip6
23,Scintillator,254.825577726,20.0129574922,World/hcal_top/hcal_top_layer2_strip4
23,Aluminum3003,230.938529903,0.500323937306,World/hcal_top/hcal_top_cover_1_placement
23,Aluminum3003,254.325253789,0.500323937306,World/hcal_top/hcal_top_cover_2_placement
23,Scintillator,1194.4274886,20.0129574922,World/hcal_above_ecal/hcal_above_ecal_layer1_strip2
23,Scintillator,1219.84394461,20.0129574922,World/hcal_above_ecal/hcal_above_ecal_layer2_strip4
23,Scintillator,1245.26040063,20.0129574922,World/hcal_above_ecal/hcal_above_ecal_layer3_strip2
23,Scintillator,1270.67685664,20.0129574922,World/hcal_above_ecal/hcal_above_ecal_layer4_strip4
23,Aluminum3003,1193.92716466,0.500323937305,World/hcal_above_ecal/hcal_above_ecal_cover_1_placement
23,Aluminum3003,1219.34362068,0.500323937305,World/hcal_above_ecal/hcal_above_ecal_cover_2_placement
23,Aluminum3003,1244.76007669,0.500323937306,World/hcal_above_ecal/hcal_above_ecal_cover_3_placement
23,Aluminum3003,1270.17653271,0.500323937305,World/hcal_above_ecal/hcal_above_ecal_cover_4_placement
23,Scintillator,1699.59614362,20.0129574922,World/hcal_below_ecal/hcal_below_ecal_layer1_strip4
23,Scintillator,1723.13579855,20.0129574922,World/hcal_below_ecal/hcal_below_ecal_layer2_strip7
23,Scintillator,1746.67545348,20.0129574922,World/hcal_below_ecal/hcal_below_ecal_layer3_strip4
23,Scintillator,1770.21510842,20.0129574922,World/hcal_below_ecal/hcal_below_ecal_layer4_strip7
23,Aluminum3003,1699.09581968,0.500323937306,World/hcal_below_ecal/hcal_below_ecal_cover_1_placement
23,Aluminum3003,1722.63547461,0.500323937305,World/hcal_below_ecal/hcal_below_ecal_cover_2_placement
23,Aluminum3003,1746.17512955,0.500323937306,World/hcal_below_ecal/hcal_below_ecal_cover_3_placement
23,Aluminum3003,1769.71478448,0.500323937305,World/hcal_below_ecal/hcal_below_ecal_cover_4_placement
24,Polyvinyltoluene,859.410400584,2.00232628423,World/native_target/trigger_pad3_bar_volume_3
24,Polyvinyltoluene,855.405748015,2.00232628423,World/native_target/trigger_pad3_bar_volume_4
24,LYSO,933.997054671,0.600697885268,World/native_target/lvTarget_3/lvTargetArray1_phys/target_0
24,LYSO,934.797985185,0.600697885268,World/native_target/lvTarget_3/lvTargetArray2_phys/target_0
24,Polyvinyltoluene,625.538690586,2.00232628423,World/native_trig_scint/trigger_pad2_bar_volume_8
24,Polyvinyltoluene,629.543343155,2.00232628423,World/native_trig_scint/trigger_pad2_bar_volume_9
24,Polyvinyltoluene,554.255874868,2.00232628423,World/native_trig_scint/trigger_pad1_bar_volume_9
24,Polyvinyltoluene,550.251222299,2.00232628423,World/native_trig_scint/trigger_pad1_bar_volume_10
24,Silicon,690.754457663,0.320372205476,World/native_recoil/recoil_l14_sensor_vol_10/recoil_l14_active_sensor
24,Silicon,696.761436516,0.320372205476,World/native_recoil/recoil_l14_sensor_vol_20/recoil_l14_active_sensor
24,Silicon,790.870771875,0.320372205476,World/native_recoil/recoil_l14_sensor_vol_30/recoil_l14_active_sensor
24,Silicon,796.877750727,0.320372205476,World/native_recoil/recoil_l14_sensor_vol_40/recoil_l14_active_sensor
24,Scintillator,231.558029549,20.0232628423,World/hcal_top/hcal_top_layer1_strip6
24,Scintillator,254.956796052,20.0232628423,World/hcal_top/hcal_top_layer2_strip4
24,Aluminum3003,231.057447978,0.500581571056,World/hcal_top/hcal_top_cover_1_placement
24,Aluminum3003,254.456214481,0.500581571056,World/hcal_top/hcal_top_cover_2_placement
24,Scintillator,1195.04253979,20.0232628423,World/hcal_above_ecal/hcal_above_ecal_layer1_strip3
24,Scintillator,1220.4720836,20.0232628423,World/hcal_above_ecal/hcal_above_ecal_layer2_strip4
24,Scintillator,1245.90162741,20.0232628423,World/hcal_above_ecal/hcal_above_ecal_layer3_strip3
24,Scintillator,1271.33117122,20.0232628423,World/hcal_above_ecal/hcal_above_ecal_layer4_strip4
24,Aluminum3003,1194.54195822,0.500581571056,World/hcal_above_ecal/hcal_above_ecal_cover_1_placement
24,Aluminum3003,1219.97150203,0.500581571056,World/hcal_above_ecal/hcal_above_ecal_cover_2_placement
24,Aluminum3003,1245.40104584,0.500581571056,World/hcal_above_ecal/hcal_above_ecal_cover_3_placement
24,Aluminum3003,1270.83058965,0.500581571056,World/hcal_above_ecal/hcal_above_ecal_cover_4_placement
24,Scintillator,1700.47132327,20.0232628423,World/hcal_below_ecal/hcal_below_ecal_layer1_strip5
24,Scintillator,1724.02309957,20.0232628423,World/hcal_below_ecal/hcal_below_ecal_layer2_strip5
24,Scintillator,1747.57487587,20.0232628423,World/hcal_below_ecal/hcal_below_ecal_layer3_strip5
24,Scintillator,1771.12665217,20.0232628423,World/hcal_below_ecal/hcal_below_ecal_layer4_strip5
24,Aluminum3003,1699.9707417,0.500581571056,World/hcal_below_ecal/hcal_below_ecal_cover_1_placement
24,Aluminum3003,1723.522518,0.500581571056,World/hcal_below_ecal/hcal_below_ecal_cover_2_placement
24,Aluminum3003,1747.0742943,0.500581571056,World/hcal_below_ecal/hcal_below_ecal_cover_3_placement
24,Aluminum3003,1770.6260706,0.500581571056,World/hcal_below_ecal/hcal_below_ecal_cover_4_placement
25,Polyvinyltoluene,861.665422718,2.00758022354,World/native_target/trigger_pad3_bar_volume_1
25,Polyvinyltoluene,857.650262271,2.00758022354,World/native_target/trigger_pad3_bar_volume_2
25,LYSO,936.447786045,0.602274067062,World/native_target/lvTarget_3/lvTargetArray1_phys/target_0
25,LYSO,937.250818134,0.602274067062,World/native_target/lvTarget_3/lvTargetArray2_phys/target_0
25,Polyvinyltoluene,627.180052609,2.00758022354,World/native_trig_scint/trigger_pad2_bar_volume_12
25,Polyvinyltoluene,631.195213056,2.00758022354,World/native_trig_scint/trigger_pad2_bar_volume_13
25,Polyvinyltoluene,551.695036204,2.00758022354,World/native_trig_scint/trigger_pad1_bar_volume_16
25,Polyvinyltoluene,555.710196651,2.00758022354,World/native_trig_scint/trigger_pad1_bar_volume_17
25,Silicon,692.566940489,0.321212835766,World/native_recoil/recoil_l14_sensor_vol_10/recoil_l14_active_sensor
25,Silicon,698.58968116,0.321212835766,World/native_recoil/recoil_l14_sensor_vol_20/recoil_l14_active_sensor
25,Silicon,792.945951666,0.321212835766,World/native_recoil/recoil_l14_sensor_vol_30/recoil_l14_active_sensor
25,Silicon,798.968692337,0.321212835766,World/native_recoil/recoil_l14_sensor_vol_40/recoil_l14_active_sensor
25,Scintillator,232.165618754,20.0758022354,World/hcal_top/hcal_top_layer1_strip6
25,Scintillator,255.625781693,20.0758022354,World/hcal_top/hcal_top_layer2_strip4
25,Aluminum3003,231.663723698,0.501895055885,World/hcal_top/hcal_top_cover_1_placement
25,Aluminum3003,255.123886638,0.501895055885,World/hcal_top/hcal_top_cover_2_placement
25,Scintillator,1198.17823302,20.0758022354,World/hcal_above_ecal/hcal_above_ecal_layer1_strip4
25,Scintillator,1223.67450186,20.0758022354,World/hcal_above_ecal/hcal_above_ecal_layer2_strip3
25,Scintillator,1249.1707707,20.0758022354,World/hcal_above_ecal/hcal_above_ecal_layer3_strip4
25,Scintillator,1274.66703954,20.0758022354,World/hcal_above_ecal/hcal_above_ecal_layer4_strip3
25,Aluminum3003,1197.67633797,0.501895055885,World/hcal_above_ecal/hcal_above_ecal_cover_1_placement
25,Aluminum3003,1223.17260681,0.501895055885,World/hcal_above_ecal/hcal_above_ecal_cover_2_placement
25,Aluminum3003,1248.66887565,0.501895055885,World/hcal_above_ecal/hcal_above_ecal_cover_3_placement
25,Aluminum3003,1274.16514449,0.501895055885,World/hcal_above_ecal/hcal_above_ecal_cover_4_placement
25,Scintillator,1704.93322002,20.0758022354,World/hcal_below_ecal/hcal_below_ecal_layer1_strip6
25,Scintillator,1728.54679424,20.0758022354,World/hcal_below_ecal/hcal_below_ecal_layer2_strip5
25,Scintillator,1752.16036846,20.0758022354,World/hcal_below_ecal/hcal_below_ecal_layer3_strip6
25,Scintillator,1775.77394268,20.0758022354,World/hcal_below_ecal/hcal_below_ecal_layer4_strip5
25,Aluminum3003,1704.43132496,0.501895055885,World/hcal_below_ecal/hcal_below_ecal_cover_1_placement
25,Aluminum3003,1728.04489918,0.501895055885,World/hcal_below_ecal/hcal_below_ecal_cover_2_placement
25,Aluminum3003,1751.65847341,0.501895055885,World/hcal_below_ecal/hcal_below_ecal_cover_3_placement
25,Aluminum3003,1775.27204763,0.501895055885,World/hcal_below_ecal/hcal_below_ecal_cover_4_placement
26,Polyvinyltoluene,857.388121139,2.00696660587,World/native_target/trigger_pad3_bar_volume_16
26,Polyvinyltoluene,861.40205435,2.00696660587,World/native_target/trigger_pad3_bar_volume_17
26,LYSO,936.161560419,0.602089981762,World/native_target/lvTarget_3/lvTargetArray1_phys/target_0
26,LYSO,936.964347062,0.602089981762,World/native_target/lvTarget_3/lvTargetArray2_phys/target_0
26,Polyvinyltoluene,551.526410404,2.00696660587,World/native_trig_scint/trigger_pad1_bar_volume_0
26,Polyvinyltoluene,555.540343615,2.00696660587,World/native_trig_scint/trigger_pad1_bar_volume_1
26,Polyvinyltoluene,626.988354785,2.00696660587,World/native_trig_scint/trigger_pad2_bar_volume_4
26,Polyvinyltoluene,631.002287996,2.00696660587,World/native_trig_scint/trigger_pad2_bar_volume_5
26,Silicon,692.355257138,0.32111465694,World/native_recoil/recoil_l14_sensor_vol_10/recoil_l14_active_sensor
26,Silicon,698.376156955,0.32111465694,World/native_recoil/recoil_l14_sensor_vol_20/recoil_l14_active_sensor
26,Silicon,792.703587431,0.32111465694,World/native_recoil/recoil_l14_sensor_vol_30/recoil_l14_active_sensor
26,Silicon,798.724487249,0.32111465694,World/native_recoil/recoil_l14_sensor_vol_40/recoil_l14_active_sensor
26,Scintillator,232.094657244,20.0696660587,World/hcal_top/hcal_top_layer1_strip6
26,Scintillator,255.547649575,20.0696660587,World/hcal_top/hcal_top_layer2_strip5
26,Aluminum3003,231.592915592,0.501741651468,World/hcal_top/hcal_top_cover_1_placement
26,Aluminum3003,255.045907924,0.501741651468,World/hcal_top/hcal_top_cover_2_placement
26,Scintillator,1197.81200939,20.0696660587,World/hcal_above_ecal/hcal_above_ecal_layer1_strip2
26,Scintillator,1223.30048528,20.0696660587,World/hcal_above_ecal/hcal_above_ecal_layer2_strip4
26,Scintillator,1248.78896118,20.0696660587,World/hcal_above_ecal/hcal_above_ecal_layer3_strip2
26,Scintillator,1274.27743707,20.0696660587,World/hcal_above_ecal/hcal_above_ecal_layer4_strip4
26,Aluminum3003,1197.31026774,0.501741651468,World/hcal_above_ecal/hcal_above_ecal_cover_1_placement
26,Aluminum3003,1222.79874363,0.501741651468,World/hcal_above_ecal/hcal_above_ecal_cover_2_placement
26,Aluminum3003,1248.28721953,0.501741651468,World/hcal_above_ecal/hcal_above_ecal_cover_3_placement
26,Aluminum3003,1273.77569542,0.501741651468,World/hcal_above_ecal/hcal_above_ecal_cover_4_placement
26,Scintillator,1704.41210653,20.0696660587,World/hcal_below_ecal/hcal_below_ecal_layer1_strip3
26,Scintillator,1728.01846325,20.0696660587,World/hcal_below_ecal/hcal_below_ecal_layer2_strip6
26,Scintillator,1751.62481997,20.0696660587,World/hcal_below_ecal/hcal_below_ecal_layer3_strip3
26,Scintillator,1775.23117669,20.0696660587,World/hcal_below_ecal/hcal_below_ecal_layer4_strip6
26,Aluminum3003,1703.91036487,0.501741651468,World/hcal_below_ecal/hcal_below_ecal_cover_1_placement
26,Aluminum3003,1727.5167216,0.501741651468,World/hcal_below_ecal/hcal_below_ecal_cover_2_placement
26,Aluminum3003,1751.12307832,0.501741651468,World/hcal_below_ecal/hcal_below_ecal_cover_3_placement
26,Aluminum3003,1774.72943504,0.501741651468,World/hcal_below_ecal/hcal_below_ecal_cover_4_placement
27,Polyvinyltoluene,860.604602471,2.00510863574,World/native_target/trigger_pad3_bar_volume_7
27,Polyvinyltoluene,856.594385199,2.00510863574,World/native_target/trigger_pad3_bar_volume_8
27,LYSO,935.294899152,0.601532590721,World/native_target/lvTarget_3/lvTargetArray1_phys/target_0
27,LYSO,936.096942606,0.601532590721,World/native_target/lvTarget_3/lvTargetArray2_phys/target_0
27,Polyvinyltoluene,631.559316898,0.863922825604,World/native_trig_scint/trigger_pad2_bar_volume_17
27,Polyvinyltoluene,626.407913817,2.00510863574,World/native_trig_scint/trigger_pad2_bar_volume_18
27,Polyvinyltoluene,555.026046384,2.00510863574,World/native_trig_scint/trigger_pad1_bar_volume_21
27,Polyvinyltoluene,551.015829113,2.00510863574,World/native_trig_scint/trigger_pad1_bar_volume_22
27,Silicon,691.714302082,0.320817381718,World/native_recoil/recoil_l14_sensor_vol_10/recoil_l14_active_sensor
27,Silicon,697.72962799,0.320817381718,World/native_recoil/recoil_l14_sensor_vol_20/recoil_l14_active_sensor
27,Silicon,791.969733869,0.320817381718,World/native_recoil/recoil_l14_sensor_vol_30/recoil_l14_active_sensor
27,Silicon,797.985059777,0.320817381718,World/native_recoil/recoil_l14_sensor_vol_40/recoil_l14_active_sensor
27,Scintillator,231.879793209,20.0510863574,World/hcal_top/hcal_top_layer1_strip6
27,Scintillator,255.31107369,20.0510863574,World/hcal_top/hcal_top_layer2_strip4
27,Aluminum3003,231.37851605,0.501277158934,World/hcal_top/hcal_top_cover_1_placement
27,Aluminum3003,254.809796531,0.501277158934,World/hcal_top/hcal_top_cover_2_placement
27,Scintillator,1196.7031225,20.0510863574,World/hcal_above_ecal/hcal_above_ecal_layer1_strip3
27,Scintillator,1222.16800218,20.0510863574,World/hcal_above_ecal/hcal_above_ecal_layer2_strip4
27,Scintillator,1247.63288185,20.0510863574,World/hcal_above_ecal/hcal_above_ecal_layer3_strip3
27,Scintillator,1273.09776153,20.0510863574,World/hcal_above_ecal/hcal_above_ecal_layer4_strip4
27,Aluminum3003,1196.20184535,0.501277158934,World/hcal_above_ecal/hcal_above_ecal_cover_1_placement
27,Aluminum3003,1221.66672502,0.501277158934,World/hcal_above_ecal/hcal_above_ecal_cover_2_placement
27,Aluminum3003,1247.13160469,0.501277158934,World/hcal_above_ecal/hcal_above_ecal_cover_3_placement
27,Aluminum3003,1272.59648437,0.501277158934,World/hcal_above_ecal/hcal_above_ecal_cover_4_placement
27,Scintillator,1702.83422935,20.0510863574,World/hcal_below_ecal/hcal_below_ecal_layer1_strip6
27,Scintillator,1726.41873225,20.0510863574,World/hcal_below_ecal/hcal_below_ecal_layer2_strip6
27,Scintillator,1750.00323514,20.0510863574,World/hcal_below_ecal/hcal_below_ecal_layer3_strip6
27,Scintillator,1773.58773803,20.0510863574,World/hcal_below_ecal/hcal_below_ecal_layer4_strip6
27,Aluminum3003,1702.33295219,0.501277158934,World/hcal_below_ecal/hcal_below_ecal_cover_1_placement
27,Aluminum3003,1725.91745509,0.501277158934,World/hcal_below_ecal/hcal_below_ecal_cover_2_placement
27,Aluminum3003,1749.50195798,0.501277158934,World/hcal_below_ecal/hcal_below_ecal_cover_3_placement
27,Aluminum3003,1773.08646087,0.501277158934,World/hcal_below_ecal/hcal_below_ecal_cover_4_placement
28,Polyvinyltoluene,855.141145372,0.713772535605,World/native_target/trigger_pad3_bar_volume_14
28,Polyvinyltoluene,859.144559181,2.00170690468,World/native_target/trigger_pad3_bar_volume_15
28,LYSO,933.708141381,0.600512071402,World/native_target/lvTarget_3/lvTargetArray1_phys/target_0
28,LYSO,934.508824142,0.600512071403,World/native_target/lvTarget_3/lvTargetArray2_phys/target_0
28,Polyvinyltoluene,554.084426909,2.00170690468,World/native_trig_scint/trigger_pad1_bar_volume_7
28,Polyvinyltoluene,629.348606525,2.00170690468,World/native_trig_scint/trigger_pad2_bar_volume_9
28,Polyvinyltoluene,550.0810131,2.00170690468,World/native_trig_scint/trigger_pad1_bar_volume_8
28,Polyvinyltoluene,625.345192715,2.00170690468,World/native_trig_scint/trigger_pad2_bar_volume_10
28,Silicon,690.540786601,0.320273104748,World/native_recoil/recoil_l14_sensor_vol_10/recoil_l14_active_sensor
28,Silicon,696.545907315,0.320273104748,World/native_recoil/recoil_l14_sensor_vol_20/recoil_l14_active_sensor
28,Silicon,790.626131834,0.320273104748,World/native_recoil/recoil_l14_sensor_vol_30/recoil_l14_active_sensor
28,Silicon,796.631252548,0.320273104748,World/native_recoil/recoil_l14_sensor_vol_40/recoil_l14_active_sensor
28,Scintillator,231.486401709,20.0170690468,World/hcal_top/hcal_top_layer1_strip6
28,Scintillator,254.877930271,20.0170690468,World/hcal_top/hcal_top_layer2_strip5
28,Aluminum3003,230.985974982,0.500426726169,World/hcal_top/hcal_top_cover_1_placement
28,Aluminum3003,254.377503545,0.500426726169,World/hcal_top/hcal_top_cover_2_placement
28,Scintillator,1194.6728773,20.0170690468,World/hcal_above_ecal/hcal_above_ecal_layer1_strip2
28,Scintillator,1220.09455499,20.0170690468,World/hcal_above_ecal/hcal_above_ecal_layer2_strip4
28,Scintillator,1245.51623268,20.0170690468,World/hcal_above_ecal/hcal_above_ecal_layer3_strip2
28,Scintillator,1270.93791037,20.0170690468,World/hcal_above_ecal/hcal_above_ecal_layer4_strip4
28,Aluminum3003,1194.17245058,0.500426726169,World/hcal_above_ecal/hcal_above_ecal_cover_1_placement
28,Aluminum3003,1219.59412827,0.500426726169,World/hcal_above_ecal/hcal_above_ecal_cover_2_placement
28,Aluminum3003,1245.01580596,0.500426726169,World/hcal_above_ecal/hcal_above_ecal_cover_3_placement
28,Aluminum3003,1270.43748365,0.500426726169,World/hcal_above_ecal/hcal_above_ecal_cover_4_placement
28,Scintillator,1699.94531651,20.0170690468,World/hcal_below_ecal/hcal_below_ecal_layer1_strip4
28,Scintillator,1723.48980754,20.0170690468,World/hcal_below_ecal/hcal_below_ecal_layer2_strip6
28,Scintillator,1747.03429857,20.0170690468,World/hcal_below_ecal/hcal_below_ecal_layer3_strip4
28,Scintillator,1770.57878959,20.0170690467,World/hcal_below_ecal/hcal_below_ecal_layer4_strip6
28,Aluminum3003,1699.44488978,0.500426726169,World/hcal_below_ecal/hcal_below_ecal_cover_1_placement
28,Aluminum3003,1722.98938081,0.500426726169,World/hcal_below_ecal/hcal_below_ecal_cover_2_placement
28,Aluminum3003,1746.53387184,0.500426726169,World/hcal_below_ecal/hcal_below_ecal_cover_3_placement
28,Aluminum3003,1770.07836287,0.500426726169,World/hcal_below_ecal/hcal_below_ecal_cover_4_placement
29,Polyvinyltoluene,860.143156465,0.754091371172,World/native_target/trigger_pad3_bar_volume_19
29,Polyvinyltoluene,856.135089425,2.00403352021,World/native_target/trigger_pad3_bar_volume_20
29,LYSO,934.793405093,0.601210056063,World/native_target/lvTarget_3/lvTargetArray1_phys/target_0
29,LYSO,935.595018501,0.601210056063,World/native_target/lvTarget_3/lvTargetArray2_phys/target_0
29,Polyvinyltoluene,554.728447985,2.00403352021,World/native_trig_scint/trigger_pad1_bar_volume_11
29,Polyvinyltoluene,630.080108345,2.00403352021,World/native_trig_scint/trigger_pad2_bar_volume_13
29,Polyvinyltoluene,550.720380945,2.00403352021,World/native_trig_scint/trigger_pad1_bar_volume_12
29,Polyvinyltoluene,626.072041305,2.00403352021,World/native_trig_scint/trigger_pad2_bar_volume_14
29,Silicon,691.343413058,0.320645363234,World/native_recoil/recoil_l14_sensor_vol_10/recoil_l14_active_sensor
29,Silicon,697.355513619,0.320645363234,World/native_recoil/recoil_l14_sensor_vol_20/recoil_l14_active_sensor
29,Silicon,791.545089069,0.320645363234,World/native_recoil/recoil_l14_sensor_vol_30/recoil_l14_active_sensor
29,Silicon,797.557189629,0.320645363234,World/native_recoil/recoil_l14_sensor_vol_40/recoil_l14_active_sensor
29,Scintillator,231.755462008,20.0403352021,World/hcal_top/hcal_top_layer1_strip7
29,Scintillator,255.174178913,20.0403352021,World/hcal_top/hcal_top_layer2_strip5
29,Aluminum3003,231.254453628,0.501008380053,World/hcal_top/hcal_top_cover_1_placement
29,Aluminum3003,254.673170533,0.501008380053,World/hcal_top/hcal_top_cover_2_placement
29,Scintillator,1196.06146445,20.0403352021,World/hcal_above_ecal/hcal_above_ecal_layer1_strip2
29,Scintillator,1221.51269016,20.0403352021,World/hcal_above_ecal/hcal_above_ecal_layer2_strip4
29,Scintillator,1246.96391586,20.0403352021,World/hcal_above_ecal/hcal_above_ecal_layer3_strip2
29,Scintillator,1272.41514157,20.0403352021,World/hcal_above_ecal/hcal_above_ecal_layer4_strip4
29,Aluminum3003,1195.56045607,0.501008380052,World/hcal_above_ecal/hcal_above_ecal_cover_1_placement
29,Aluminum3003,1221.01168178,0.501008380052,World/hcal_above_ecal/hcal_above_ecal_cover_2_placement
29,Aluminum3003,1246.46290748,0.501008380052,World/hcal_above_ecal/hcal_above_ecal_cover_3_placement
29,Aluminum3003,1271.91413319,0.501008380053,World/hcal_above_ecal/hcal_above_ecal_cover_4_placement
29,Scintillator,1701.92118979,20.0403352021,World/hcal_below_ecal/hcal_below_ecal_layer1_strip4
29,Scintillator,1725.49304695,20.0403352021,World/hcal_below_ecal/hcal_below_ecal_layer2_strip5
29,Scintillator,1764.37499272,4.73024658886,World/hcal_below_ecal/hcal_below_ecal_layer3_strip3
29,Scintillator,1749.06490411,15.3100886223,World/hcal_below_ecal/hcal_below_ecal_layer3_strip4
29,Scintillator,1772.63676127,20.0403352021,World/hcal_below_ecal/hcal_below_ecal_layer4_strip5
29,Aluminum3003,1701.42018141,0.501008380052,World/hcal_below_ecal/hcal_below_ecal_cover_1_placement
29,Aluminum3003,1724.99203857,0.501008380052,World/hcal_below_ecal/hcal_below_ecal_cover_2_placement
29,Aluminum3003,1748.56389573,0.501008380052,World/hcal_below_ecal/hcal_below_ecal_cover_3_placement
29,Aluminum3003,1772.13575289,0.501008380052,World/hcal_below_ecal/hcal_below_ecal_cover_4_placement
30,Polyvinyltoluene,859.156213983,2.00173405901,World/native_target/trigger_pad3_bar_volume_1
30,Polyvinyltoluene,855.152745865,2.00173405901,World/native_target/trigger_pad3_bar_volume_2
30,LYSO,933.720807681,0.600520217702,World/native_target/lvTarget_3/lvTargetArray1_phys/target_0
30,LYSO,934.521501305,0.600520217702,World/native_target/lvTarget_3/lvTargetArray2_phys/target_0
30,Polyvinyltoluene,625.353675891,2.00173405901,World/native_trig_scint/trigger_pad2_bar_volume_2
30,Polyvinyltoluene,629.357144009,2.00173405901,World/native_trig_scint/trigger_pad2_bar_volume_3
30,Polyvinyltoluene,550.088475272,2.00173405901,World/native_trig_scint/trigger_pad1_bar_volume_2
30,Polyvinyltoluene,554.09194339,2.00173405901,World/native_trig_scint/trigger_pad1_bar_volume_3
30,Silicon,690.550154193,0.320277449441,World/native_recoil/recoil_l14_sensor_vol_10/recoil_l14_active_sensor
30,Silicon,696.55535637,0.320277449441,World/native_recoil/recoil_l14_sensor_vol_20/recoil_l14_active_sensor
30,Silicon,790.636857143,0.320277449441,World/native_recoil/recoil_l14_sensor_vol_30/recoil_l14_active_sensor
30,Silicon,796.64205932,0.320277449441,World/native_recoil/recoil_l14_sensor_vol_40/recoil_l14_active_sensor
30,Scintillator,231.489541958,20.0173405901,World/hcal_top/hcal_top_layer1_strip6
30,Scintillator,254.88138784,20.0173405901,World/hcal_top/hcal_top_layer2_strip5
30,Aluminum3003,230.989108443,0.500433514752,World/hcal_top/hcal_top_cover_1_placement
30,Aluminum3003,254.380954325,0.500433514752,World/hcal_top/hcal_top_cover_2_placement
30,Scintillator,1194.68908375,20.0173405901,World/hcal_above_ecal/hcal_above_ecal_layer1_strip3
30,Scintillator,1220.11110629,20.0173405901,World/hcal_above_ecal/hcal_above_ecal_layer2_strip4
30,Scintillator,1245.53312884,20.0173405901,World/hcal_above_ecal/hcal_above_ecal_layer3_strip3
30,Scintillator,1270.95515139,20.0173405901,World/hcal_above_ecal/hcal_above_ecal_layer4_strip4
30,Aluminum3003,1194.18865023,0.500433514752,World/hcal_above_ecal/hcal_above_ecal_cover_1_placement
30,Aluminum3003,1219.61067278,0.500433514752,World/hcal_above_ecal/hcal_above_ecal_cover_2_placement
30,Aluminum3003,1245.03269533,0.500433514752,World/hcal_above_ecal/hcal_above_ecal_cover_3_placement
30,Aluminum3003,1270.45471788,0.500433514752,World/hcal_above_ecal/hcal_above_ecal_cover_4_placement
30,Scintillator,1699.96837727,20.0173405901,World/hcal_below_ecal/hcal_below_ecal_layer1_strip5
30,Scintillator,1723.51318769,20.0173405901,World/hcal_below_ecal/hcal_below_ecal_layer2_strip7
30,Scintillator,1747.05799811,20.0173405901,World/hcal_below_ecal/hcal_below_ecal_layer3_strip5
30,Scintillator,1770.60280854,20.0173405901,World/hcal_below_ecal/hcal_below_ecal_layer4_strip7
30,Aluminum3003,1699.46794375,0.500433514752,World/hcal_below_ecal/hcal_below_ecal_cover_1_placement
30,Aluminum3003,1723.01275418,0.500433514752,World/hcal_below_ecal/hcal_below_ecal_cover_2_placement
30,Aluminum3003,1746.5575646,0.500433514752,World/hcal_below_ecal/hcal_below_ecal_cover_3_placement
30,Aluminum3003,1770.10237502,0.500433514752,World/hcal_below_ecal/hcal_below_ecal_cover_4_placement
31,Polyvinyltoluene,860.074051739,2.00387251423,World/native_target/trigger_pad3_bar_volume_9
31,Polyvinyltoluene,856.06630671,2.00387251423,World/native_target/trigger_pad3_bar_volume_10
31,LYSO,934.718302894,0.60116175427,World/native_target/lvTarget_3/lvTargetArray1_phys/target_0
31,LYSO,935.5198519,0.60116175427,World/native_target/lvTarget_3/lvTargetArray2_phys/target_0
31,Polyvinyltoluene,626.021742076,2.00387251423,World/native_trig_scint/trigger_pad2_bar_volume_18
31,Polyvinyltoluene,630.029487105,2.00387251423,World/native_trig_scint/trigger_pad2_bar_volume_19
31,Polyvinyltoluene,554.68388057,2.00387251423,World/native_trig_scint/trigger_pad1_bar_volume_21
31,Polyvinyltoluene,550.676135541,2.00387251423,World/native_trig_scint/trigger_pad1_bar_volume_22
31,Silicon,691.287869865,0.320619602278,World/native_recoil/recoil_l14_sensor_vol_10/recoil_l14_active_sensor
31,Silicon,697.299487408,0.320619602277,World/native_recoil/recoil_l14_sensor_vol_20/recoil_l14_active_sensor
31,Silicon,791.481495577,0.320619602277,World/native_recoil/recoil_l14_sensor_vol_30/recoil_l14_active_sensor
31,Silicon,797.493113119,0.320619602278,World/native_recoil/recoil_l14_sensor_vol_40/recoil_l14_active_sensor
31,Scintillator,231.736842552,20.0387251423,World/hcal_top/hcal_top_layer1_strip6
31,Scintillator,255.153677975,20.0387251423,World/hcal_top/hcal_top_layer2_strip4
31,Aluminum3003,231.235874423,0.500968128559,World/hcal_top/hcal_top_cover_1_placement
31,Aluminum3003,254.652709846,0.500968128559,World/hcal_top/hcal_top_cover_2_placement
31,Scintillator,1195.96537172,20.0387251423,World/hcal_above_ecal/hcal_above_ecal_layer1_strip3
31,Scintillator,1221.41455265,20.0387251423,World/hcal_above_ecal/hcal_above_ecal_layer2_strip4
31,Scintillator,1246.86373359,20.0387251423,World/hcal_above_ecal/hcal_above_ecal_layer3_strip3
31,Scintillator,1272.31291452,20.0387251423,World/hcal_above_ecal/hcal_above_ecal_layer4_strip4
31,Aluminum3003,1195.46440359,0.500968128558,World/hcal_above_ecal/hcal_above_ecal_cover_1_placement
31,Aluminum3003,1220.91358453,0.500968128558,World/hcal_above_ecal/hcal_above_ecal_cover_2_placement
31,Aluminum3003,1246.36276546,0.500968128559,World/hcal_above_ecal/hcal_above_ecal_cover_3_placement
31,Aluminum3003,1271.81194639,0.500968128559,World/hcal_above_ecal/hcal_above_ecal_cover_4_placement
31,Scintillator,1701.78445581,20.0387251423,World/hcal_below_ecal/hcal_below_ecal_layer1_strip6
31,Scintillator,1725.35441918,20.0387251423,World/hcal_below_ecal/hcal_below_ecal_layer2_strip6
31,Scintillator,1748.92438256,20.0387251423,World/hcal_below_ecal/hcal_below_ecal_layer3_strip6
31,Scintillator,1772.49434593,20.0387251423,World/hcal_below_ecal/hcal_below_ecal_layer4_strip6
31,Aluminum3003,1701.28348768,0.500968128558,World/hcal_below_ecal/hcal_below_ecal_cover_1_placement
31,Aluminum3003,1724.85345105,0.500968128559,World/hcal_below_ecal/hcal_below_ecal_cover_2_placement
31,Aluminum3003,1748.42341443,0.500968128558,World/hcal_below_ecal/hcal_below_ecal_cover_3_placement
31,Aluminum3003,1771.99337781,0.500968128559,World/hcal_below_ecal/hcal_below_ecal_cover_4_placement
32,Polyvinyltoluene,854.95180605,2.00126370085,World/native_target/trigger_pad3_bar_volume_10
32,Polyvinyltoluene,858.954333452,2.00126370085,World/native_target/trigger_pad3_bar_volume_11
32,LYSO,933.501406309,0.600379110255,World/native_target/lvTarget_3/lvTargetArray1_phys/target_0
32,LYSO,934.301911789,0.600379110255,World/native_target/lvTarget_3/lvTargetArray2_phys/target_0
32,Polyvinyltoluene,553.961745443,2.00126370085,World/native_trig_scint/trigger_pad1_bar_volume_5
32,Polyvinyltoluene,625.206733193,2.00126370085,World/native_trig_scint/trigger_pad2_bar_volume_6
32,Polyvinyltoluene,629.209260595,2.00126370085,World/native_trig_scint/trigger_pad2_bar_volume_7
32,Polyvinyltoluene,549.959218041,2.00126370085,World/native_trig_scint/trigger_pad1_bar_volume_6
32,Silicon,690.387891929,0.320202192136,World/native_recoil/recoil_l14_sensor_vol_10/recoil_l14_active_sensor
32,Silicon,696.391683032,0.320202192136,World/native_recoil/recoil_l14_sensor_vol_20/recoil_l14_active_sensor
32,Silicon,790.451076972,0.320202192136,World/native_recoil/recoil_l14_sensor_vol_30/recoil_l14_active_sensor
32,Silicon,796.454868074,0.320202192136,World/native_recoil/recoil_l14_sensor_vol_40/recoil_l14_active_sensor
32,Scintillator,231.435147622,20.0126370085,World/hcal_top/hcal_top_layer1_strip6
32,Scintillator,254.821496997,20.0126370085,World/hcal_top/hcal_top_layer2_strip5
32,Aluminum3003,230.934831697,0.500315925212,World/hcal_top/hcal_top_cover_1_placement
32,Aluminum3003,254.321181072,0.500315925212,World/hcal_top/hcal_top_cover_2_placement
32,Scintillator,1194.40836126,20.0126370085,World/hcal_above_ecal/hcal_above_ecal_layer1_strip3
32,Scintillator,1219.82441026,20.0126370085,World/hcal_above_ecal/hcal_above_ecal_layer2_strip4
32,Scintillator,1245.24045926,20.0126370085,World/hcal_above_ecal/hcal_above_ecal_layer3_strip3
32,Scintillator,1270.65650826,20.0126370085,World/hcal_above_ecal/hcal_above_ecal_layer4_strip4
32,Aluminum3003,1193.90804534,0.500315925212,World/hcal_above_ecal/hcal_above_ecal_cover_1_placement
32,Aluminum3003,1219.32409434,0.500315925212,World/hcal_above_ecal/hcal_above_ecal_cover_2_placement
32,Aluminum3003,1244.74014334,0.500315925212,World/hcal_above_ecal/hcal_above_ecal_cover_3_placement
32,Aluminum3003,1270.15619234,0.500315925212,World/hcal_above_ecal/hcal_above_ecal_cover_4_placement
32,Scintillator,1699.56892661,20.0126370085,World/hcal_below_ecal/hcal_below_ecal_layer1_strip4
32,Scintillator,1723.10820458,20.0126370085,World/hcal_below_ecal/hcal_below_ecal_layer2_strip6
32,Scintillator,1746.64748255,20.0126370085,World/hcal_below_ecal/hcal_below_ecal_layer3_strip4
32,Scintillator,1770.18676052,20.0126370085,World/hcal_below_ecal/hcal_below_ecal_layer4_strip6
32,Aluminum3003,1699.06861068,0.500315925212,World/hcal_below_ecal/hcal_below_ecal_cover_1_placement
32,Aluminum3003,1722.60788865,0.500315925212,World/hcal_below_ecal/hcal_below_ecal_cover_2_placement
32,Aluminum3003,1746.14716663,0.500315925212,World/hcal_below_ecal/hcal_below_ecal_cover_3_placement
32,Aluminum3003,1769.6864446,0.500315925212,World/hcal_below_ecal/hcal_below_ecal_cover_4_placement
33,Polyvinyltoluene,860.403828872,2.01402574813,World/native_target/trigger_pad3_bar_volume_20
33,Polyvinyltoluene,864.431880368,2.01402574813,World/native_target/trigger_pad3_bar_volume_21
33,LYSO,939.454339486,0.604207724438,World/native_target/lvTarget_3/lvTargetArray1_phys/target_0
33,LYSO,940.259949785,0.604207724438,World/native_target/lvTarget_3/lvTargetArray2_phys/target_0
33,Polyvinyltoluene,553.466304858,2.01402574813,World/native_trig_scint/trigger_pad1_bar_volume_0
33,Polyvinyltoluene,557.494356354,2.01402574813,World/native_trig_scint/trigger_pad1_bar_volume_1
33,Polyvinyltoluene,633.221724483,2.01402574813,World/native_trig_scint/trigger_pad2_bar_volume_5
33,Polyvinyltoluene,629.193672987,2.01402574813,World/native_trig_scint/trigger_pad2_bar_volume_6
33,Silicon,694.790491604,0.3222441197,World/native_recoil/recoil_l14_sensor_vol_10/recoil_l14_active_sensor
33,Silicon,700.832568848,0.3222441197,World/native_recoil/recoil_l14_sensor_vol_20/recoil_l14_active_sensor
33,Silicon,795.49177901,0.3222441197,World/native_recoil/recoil_l14_sensor_vol_30/recoil_l14_active_sensor
33,Silicon,801.533856254,0.3222441197,World/native_recoil/recoil_l14_sensor_vol_40/recoil_l14_active_sensor
33,Scintillator,232.911008247,20.1402574813,World/hcal_top/hcal_top_layer1_strip7
33,Scintillator,273.121993051,3.46475666975,World/hcal_top/hcal_top_layer2_strip5
33,Scintillator,256.446492239,16.6755008115,World/hcal_top/hcal_top_layer2_strip6
33,Aluminum3003,232.40750181,0.503506437032,World/hcal_top/hcal_top_cover_1_placement
33,Aluminum3003,255.942985802,0.503506437032,World/hcal_top/hcal_top_cover_2_placement
33,Scintillator,1202.02509661,20.1402574813,World/hcal_above_ecal/hcal_above_ecal_layer1_strip2
33,Scintillator,1227.60322361,20.1402574813,World/hcal_above_ecal/hcal_above_ecal_layer2_strip3
33,Scintillator,1253.18135061,20.1402574813,World/hcal_above_ecal/hcal_above_ecal_layer3_strip2
33,Scintillator,1278.75947762,20.1402574813,World/hcal_above_ecal/hcal_above_ecal_layer4_strip3
33,Aluminum3003,1201.52159017,0.503506437032,World/hcal_above_ecal/hcal_above_ecal_cover_1_placement
33,Aluminum3003,1227.09971718,0.503506437032,World/hcal_above_ecal/hcal_above_ecal_cover_2_placement
33,Aluminum3003,1252.67784418,0.503506437032,World/hcal_above_ecal/hcal_above_ecal_cover_3_placement
33,Aluminum3003,1278.25597118,0.503506437032,World/hcal_above_ecal/hcal_above_ecal_cover_4_placement
33,Scintillator,1730.10332858,0.443996917524,World/hcal_below_ecal/hcal_below_ecal_layer1_strip2
33,Scintillator,1710.40706802,19.6962605637,World/hcal_below_ecal/hcal_below_ecal_layer1_strip3
33,Scintillator,1734.09645583,20.1402574813,World/hcal_below_ecal/hcal_below_ecal_layer2_strip5
33,Scintillator,1757.78584365,20.1402574813,World/hcal_below_ecal/hcal_below_ecal_layer3_strip2
33,Scintillator,1781.47523146,20.1402574813,World/hcal_below_ecal/hcal_below_ecal_layer4_strip5
33,Aluminum3003,1709.90356158,0.503506437032,World/hcal_below_ecal/hcal_below_ecal_cover_1_placement
33,Aluminum3003,1733.5929494,0.503506437032,World/hcal_below_ecal/hcal_below_ecal_cover_2_placement
33,Aluminum3003,1757.28233721,0.503506437032,World/hcal_below_ecal/hcal_below_ecal_cover_3_placement
33,Aluminum3003,1780.97172503,0.503506437032,World/hcal_below_ecal/hcal_below_ecal_cover_4_placement
34,Polyvinyltoluene,857.451923786,2.00711595455,World/native_target/trigger_pad3_bar_volume_18
34,Polyvinyltoluene,861.466155695,2.00711595455,World/native_target/trigger_pad3_bar_volume_19
34,LYSO,936.231225002,0.602134786365,World/native_target/lvTarget_3/lvTargetArray1_phys/target_0
34,LYSO,937.034071384,0.602134786365,World/native_target/lvTarget_3/lvTargetArray2_phys/target_0
34,Polyvinyltoluene,551.567452312,2.00711595455,World/native_trig_scint/trigger_pad1_bar_volume_2
34,Polyvinyltoluene,555.581684221,2.00711595455,World/native_trig_scint/trigger_pad1_bar_volume_3
34,Polyvinyltoluene,627.035012203,2.00711595455,World/native_trig_scint/trigger_pad2_bar_volume_6
34,Polyvinyltoluene,631.049244112,2.00711595455,World/native_trig_scint/trigger_pad2_bar_volume_7
34,Silicon,692.406778843,0.321138552728,World/native_recoil/recoil_l14_sensor_vol_10/recoil_l14_active_sensor
34,Silicon,698.428126707,0.321138552728,World/native_recoil/recoil_l14_sensor_vol_20/recoil_l14_active_sensor
34,Silicon,792.762576571,0.321138552728,World/native_recoil/recoil_l14_sensor_vol_30/recoil_l14_active_sensor
34,Silicon,798.783924434,0.321138552728,World/native_recoil/recoil_l14_sensor_vol_40/recoil_l14_active_sensor
34,Scintillator,232.111928597,20.0711595455,World/hcal_top/hcal_top_layer1_strip6
34,Scintillator,255.566666186,20.0711595455,World/hcal_top/hcal_top_layer2_strip5
34,Aluminum3003,231.610149609,0.501778988638,World/hcal_top/hcal_top_cover_1_placement
34,Aluminum3003,255.064887198,0.501778988638,World/hcal_top/hcal_top_cover_2_placement
34,Scintillator,1197.90114472,20.0711595455,World/hcal_above_ecal/hcal_above_ecal_layer1_strip2
34,Scintillator,1223.39151734,20.0711595455,World/hcal_above_ecal/hcal_above_ecal_layer2_strip4
34,Scintillator,1248.88188997,20.0711595455,World/hcal_above_ecal/hcal_above_ecal_layer3_strip2
34,Scintillator,1274.37226259,20.0711595455,World/hcal_above_ecal/hcal_above_ecal_layer4_strip4
34,Aluminum3003,1197.39936573,0.501778988637,World/hcal_above_ecal/hcal_above_ecal_cover_1_placement
34,Aluminum3003,1222.88973836,0.501778988637,World/hcal_above_ecal/hcal_above_ecal_cover_2_placement
34,Aluminum3003,1248.38011098,0.501778988638,World/hcal_above_ecal/hcal_above_ecal_cover_3_placement
34,Aluminum3003,1273.8704836,0.501778988637,World/hcal_above_ecal/hcal_above_ecal_cover_4_placement
34,Scintillator,1704.53894057,20.0711595455,World/hcal_below_ecal/hcal_below_ecal_layer1_strip3
34,Scintillator,1728.14705396,20.0711595455,World/hcal_below_ecal/hcal_below_ecal_layer2_strip5
34,Scintillator,1751.75516736,20.0711595455,World/hcal_below_ecal/hcal_below_ecal_layer3_strip3
34,Scintillator,1775.36328075,20.0711595455,World/hcal_below_ecal/hcal_below_ecal_layer4_strip5
34,Aluminum3003,1704.03716158,0.501778988637,World/hcal_below_ecal/hcal_below_ecal_cover_1_placement
34,Aluminum3003,1727.64527497,0.501778988638,World/hcal_below_ecal/hcal_below_ecal_cover_2_placement
34,Aluminum3003,1751.25338837,0.501778988638,World/hcal_below_ecal/hcal_below_ecal_cover_3_placement
34,Aluminum3003,1774.86150176,0.501778988638,World/hcal_below_ecal/hcal_below_ecal_cover_4_placement
35,Polyvinyltoluene,859.415551817,2.002338286,World/native_target/trigger_pad3_bar_volume_17
35,Polyvinyltoluene,855.410875245,2.002338286,World/native_target/trigger_pad3_bar_volume_18
35,LYSO,934.002652971,0.6007014858,World/native_target/lvTarget_3/lvTargetArray1_phys/target_0
35,LYSO,934.803588285,0.6007014858,World/native_target/lvTarget_3/lvTargetArray2_phys/target_0
35,Polyvinyltoluene,554.259197031,2.002338286,World/native_trig_scint/trigger_pad1_bar_volume_9
35,Polyvinyltoluene,629.547116584,2.002338286,World/native_trig_scint/trigger_pad2_bar_volume_11
35,Polyvinyltoluene,550.254520459,2.002338286,World/native_trig_scint/trigger_pad1_bar_volume_10
35,Polyvinyltoluene,625.542440012,2.002338286,World/native_trig_scint/trigger_pad2_bar_volume_12
35,Silicon,690.758597987,0.32037412576,World/native_recoil/recoil_l14_sensor_vol_10/recoil_l14_active_sensor
35,Silicon,696.765612845,0.32037412576,World/native_recoil/recoil_l14_sensor_vol_20/recoil_l14_active_sensor
35,Silicon,790.875512287,0.32037412576,World/native_recoil/recoil_l14_sensor_vol_30/recoil_l14_active_sensor
35,Silicon,796.882527145,0.32037412576,World/native_recoil/recoil_l14_sensor_vol_40/recoil_l14_active_sensor
35,Scintillator,231.559417489,20.02338286,World/hcal_top/hcal_top_layer1_strip6
35,Scintillator,254.958324241,20.02338286,World/hcal_top/hcal_top_layer2_strip5
35,Aluminum3003,231.058832917,0.5005845715,World/hcal_top/hcal_top_cover_1_placement
35,Aluminum3003,254.45773967,0.5005845715,World/hcal_top/hcal_top_cover_2_placement
35,Scintillator,1195.04970277,20.02338286,World/hcal_above_ecal/hcal_above_ecal_layer1_strip2
35,Scintillator,1220.47939901,20.02338286,World/hcal_above_ecal/hcal_above_ecal_layer2_strip4
35,Scintillator,1245.90909524,20.02338286,World/hcal_above_ecal/hcal_above_ecal_layer3_strip2
35,Scintillator,1271.33879147,20.02338286,World/hcal_above_ecal/hcal_above_ecal_layer4_strip4
35,Aluminum3003,1194.5491182,0.5005845715,World/hcal_above_ecal/hcal_above_ecal_cover_1_placement
35,Aluminum3003,1219.97881443,0.5005845715,World/hcal_above_ecal/hcal_above_ecal_cover_2_placement
35,Aluminum3003,1245.40851067,0.5005845715,World/hcal_above_ecal/hcal_above_ecal_cover_3_placement
35,Aluminum3003,1270.8382069,0.5005845715,World/hcal_above_ecal/hcal_above_ecal_cover_4_placement
35,Scintillator,1700.48151575,20.02338286,World/hcal_below_ecal/hcal_below_ecal_layer1_strip4
35,Scintillator,1724.03343322,20.02338286,World/hcal_below_ecal/hcal_below_ecal_layer2_strip6
35,Scintillator,1747.58535068,20.02338286,World/hcal_below_ecal/hcal_below_ecal_layer3_strip4
35,Scintillator,1771.13726815,20.02338286,World/hcal_below_ecal/hcal_below_ecal_layer4_strip5
35,Aluminum3003,1699.98093118,0.5005845715,World/hcal_below_ecal/hcal_below_ecal_cover_1_placement
35,Aluminum3003,1723.53284865,0.5005845715,World/hcal_below_ecal/hcal_below_ecal_cover_2_placement
35,Aluminum3003,1747.08476611,0.5005845715,World/hcal_below_ecal/hcal_below_ecal_cover_3_placement
35,Aluminum3003,1770.63668358,0.5005845715,World/hcal_below_ecal/hcal_below_ecal_cover_4_placement
36,Polyvinyltoluene,854.905852986,2.00115613432,World/native_target/trigger_pad3_bar_volume_6
36,Polyvinyltoluene,858.908165254,2.00115613432,World/native_target/trigger_pad3_bar_volume_7
36,LYSO,933.451231258,0.600346840295,World/native_target/lvTarget_3/lvTargetArray1_phys/target_0
36,LYSO,934.251693711,0.600346840295,World/native_target/lvTarget_3/lvTargetArray2_phys/target_0
36,Polyvinyltoluene,625.173128766,2.00115613432,World/native_trig_scint/trigger_pad2_bar_volume_6
36,Polyvinyltoluene,629.175441035,2.00115613432,World/native_trig_scint/trigger_pad2_bar_volume_7
36,Polyvinyltoluene,549.929658116,2.00115613432,World/native_trig_scint/trigger_pad1_bar_volume_6
36,Polyvinyltoluene,553.931970384,2.00115613432,World/native_trig_scint/trigger_pad1_bar_volume_7
36,Silicon,690.350784061,0.320184981491,World/native_recoil/recoil_l14_sensor_vol_10/recoil_l14_active_sensor
36,Silicon,696.354252464,0.320184981491,World/native_recoil/recoil_l14_sensor_vol_20/recoil_l14_active_sensor
36,Silicon,790.408590777,0.320184981491,World/native_recoil/recoil_l14_sensor_vol_30/recoil_l14_active_sensor
36,Silicon,796.412059179,0.320184981491,World/native_recoil/recoil_l14_sensor_vol_40/recoil_l14_active_sensor
36,Scintillator,231.422708144,20.0115613432,World/hcal_top/hcal_top_layer1_strip6
36,Scintillator,254.807800519,20.0115613432,World/hcal_top/hcal_top_layer2_strip5
36,Aluminum3003,230.92241911,0.500289033579,World/hcal_top/hcal_top_cover_1_placement
36,Aluminum3003,254.307511485,0.500289033579,World/hcal_top/hcal_top_cover_2_placement
36,Scintillator,1194.34416264,20.0115613432,World/hcal_above_ecal/hcal_above_ecal_layer1_strip3
36,Scintillator,1219.75884555,20.0115613432,World/hcal_above_ecal/hcal_above_ecal_layer2_strip4
36,Scintillator,1245.17352846,20.0115613432,World/hcal_above_ecal/hcal_above_ecal_layer3_strip3
36,Scintillator,1270.58821136,20.0115613432,World/hcal_above_ecal/hcal_above_ecal_layer4_strip4
36,Aluminum3003,1193.84387361,0.500289033579,World/hcal_above_ecal/hcal_above_ecal_cover_1_placement
36,Aluminum3003,1219.25855651,0.500289033579,World/hcal_above_ecal/hcal_above_ecal_cover_2_placement
36,Aluminum3003,1244.67323942,0.500289033579,World/hcal_above_ecal/hcal_above_ecal_cover_3_placement
36,Aluminum3003,1270.08792233,0.500289033579,World/hcal_above_ecal/hcal_above_ecal_cover_4_placement
36,Scintillator,1699.47757596,20.0115613432,World/hcal_below_ecal/hcal_below_ecal_layer1_strip5
36,Scintillator,1723.01558871,20.0115613432,World/hcal_below_ecal/hcal_below_ecal_layer2_strip7
36,Scintillator,1746.55360146,20.0115613432,World/hcal_below_ecal/hcal_below_ecal_layer3_strip5
36,Scintillator,1770.09161422,20.0115613432,World/hcal_below_ecal/hcal_below_ecal_layer4_strip7
36,Aluminum3003,1698.97728692,0.500289033579,World/hcal_below_ecal/hcal_below_ecal_cover_1_placement
36,Aluminum3003,1722.51529968,0.500289033579,World/hcal_below_ecal/hcal_below_ecal_cover_2_placement
36,Aluminum3003,1746.05331243,0.500289033579,World/hcal_below_ecal/hcal_below_ecal_cover_3_placement
36,Aluminum3003,1769.59132518,0.500289033579,World/hcal_below_ecal/hcal_below_ecal_cover_4_placement
37,Polyvinyltoluene,860.548689462,2.00497836493,World/native_target/trigger_pad3_bar_volume_11
37,Polyvinyltoluene,856.538732732,2.00497836493,World/native_target/trigger_pad3_bar_volume_12
37,LYSO,935.234133556,0.601493509479,World/native_target/lvTarget_3/lvTargetArray1_phys/target_0
37,LYSO,936.036124902,0.601493509479,World/native_target/lvTarget_3/lvTargetArray2_phys/target_0
37,Polyvinyltoluene,630.377173168,2.00497836493,World/native_trig_scint/trigger_pad2_bar_volume_17
37,Polyvinyltoluene,626.367216438,2.00497836493,World/native_trig_scint/trigger_pad2_bar_volume_18
37,Polyvinyltoluene,554.989986647,2.00497836493,World/native_trig_scint/trigger_pad1_bar_volume_19
37,Polyvinyltoluene,550.980029917,2.00497836493,World/native_trig_scint/trigger_pad1_bar_volume_20
37,Silicon,691.669361784,0.320796538389,World/native_recoil/recoil_l14_sensor_vol_10/recoil_l14_active_sensor
37,Silicon,697.684296879,0.320796538389,World/native_recoil/recoil_l14_sensor_vol_20/recoil_l14_active_sensor
37,Silicon,791.918280031,0.320796538389,World/native_recoil/recoil_l14_sensor_vol_30/recoil_l14_active_sensor
37,Silicon,797.933215125,0.320796538389,World/native_recoil/recoil_l14_sensor_vol_40/recoil_l14_active_sensor
37,Scintillator,231.864728106,20.0497836493,World/hcal_top/hcal_top_layer1_strip7
37,Scintillator,255.29448627,20.0497836493,World/hcal_top/hcal_top_layer2_strip4
37,Aluminum3003,231.363483515,0.501244591232,World/hcal_top/hcal_top_cover_1_placement
37,Aluminum3003,254.793241678,0.501244591232,World/hcal_top/hcal_top_cover_2_placement
37,Scintillator,1196.62537336,20.0497836493,World/hcal_above_ecal/hcal_above_ecal_layer1_strip3
37,Scintillator,1224.90974165,17.2286405915,World/hcal_above_ecal/hcal_above_ecal_layer2_strip3
37,Scintillator,1222.08859859,2.82114305777,World/hcal_above_ecal/hcal_above_ecal_layer2_strip4
37,Scintillator,1247.55182383,20.0497836493,World/hcal_above_ecal/hcal_above_ecal_layer3_strip3
37,Scintillator,1273.01504906,20.0497836493,World/hcal_above_ecal/hcal_above_ecal_layer4_strip3
37,Aluminum3003,1196.12412877,0.501244591232,World/hcal_above_ecal/hcal_above_ecal_cover_1_placement
37,Aluminum3003,1221.587354,0.501244591232,World/hcal_above_ecal/hcal_above_ecal_cover_2_placement
37,Aluminum3003,1247.05057924,0.501244591232,World/hcal_above_ecal/hcal_above_ecal_cover_3_placement
37,Aluminum3003,1272.51380447,0.501244591232,World/hcal_above_ecal/hcal_above_ecal_cover_4_placement
37,Scintillator,1702.72359715,20.0497836493,World/hcal_below_ecal/hcal_below_ecal_layer1_strip5
37,Scintillator,1726.30656777,20.0497836493,World/hcal_below_ecal/hcal_below_ecal_layer2_strip5
37,Scintillator,1749.88953839,20.0497836493,World/hcal_below_ecal/hcal_below_ecal_layer3_strip5
37,Scintillator,1773.47250901,20.0497836493,World/hcal_below_ecal/hcal_below_ecal_layer4_strip5
37,Aluminum3003,1702.22235256,0.501244591232,World/hcal_below_ecal/hcal_below_ecal_cover_1_placement
37,Aluminum3003,1725.80532318,0.501244591232,World/hcal_below_ecal/hcal_below_ecal_cover_2_placement
37,Aluminum3003,1749.3882938,0.501244591232,World/hcal_below_ecal/hcal_below_ecal_cover_3_placement
37,Aluminum3003,1772.97126442,0.501244591232,World/hcal_below_ecal/hcal_below_ecal_cover_4_placement
38,Polyvinyltoluene,855.062386574,2.00152254677,World/native_target/trigger_pad3_bar_volume_12
38,Polyvinyltoluene,859.065431667,2.00152254677,World/native_target/trigger_pad3_bar_volume_13
38,LYSO,933.622146535,0.600456764031,World/native_target/lvTarget_3/lvTargetArray1_phys/target_0
38,LYSO,934.422755553,0.600456764031,World/native_target/lvTarget_3/lvTargetArray2_phys/target_0
38,Polyvinyltoluene,554.03339554,2.00152254677,World/native_trig_scint/trigger_pad1_bar_volume_9
38,Polyvinyltoluene,625.287598205,2.00152254677,World/native_trig_scint/trigger_pad2_bar_volume_10
38,Polyvinyltoluene,629.290643298,2.00152254677,World/native_trig_scint/trigger_pad2_bar_volume_11
38,Polyvinyltoluene,550.030350446,2.00152254677,World/native_trig_scint/trigger_pad1_bar_volume_10
38,Silicon,690.477187553,0.320243607483,World/native_recoil/recoil_l14_sensor_vol_10/recoil_l14_active_sensor
38,Silicon,696.481755193,0.320243607483,World/native_recoil/recoil_l14_sensor_vol_20/recoil_l14_active_sensor
38,Silicon,790.553314891,0.320243607483,World/native_recoil/recoil_l14_sensor_vol_30/recoil_l14_active_sensor
38,Silicon,796.557882532,0.320243607483,World/native_recoil/recoil_l14_sensor_vol_40/recoil_l14_active_sensor
38,Scintillator,231.46508173,20.0152254677,World/hcal_top/hcal_top_layer1_strip6
38,Scintillator,254.854455925,20.0152254677,World/hcal_top/hcal_top_layer2_strip5
38,Aluminum3003,230.964701093,0.500380636692,World/hcal_top/hcal_top_cover_1_placement
38,Aluminum3003,254.354075288,0.500380636692,World/hcal_top/hcal_top_cover_2_placement
38,Scintillator,1194.56284751,20.0152254677,World/hcal_above_ecal/hcal_above_ecal_layer1_strip3
38,Scintillator,1219.98218386,20.0152254677,World/hcal_above_ecal/hcal_above_ecal_layer2_strip4
38,Scintillator,1245.4015202,20.0152254677,World/hcal_above_ecal/hcal_above_ecal_layer3_strip3
38,Scintillator,1270.82085655,20.0152254677,World/hcal_above_ecal/hcal_above_ecal_layer4_strip4
38,Aluminum3003,1194.06246688,0.500380636692,World/hcal_above_ecal/hcal_above_ecal_cover_1_placement
38,Aluminum3003,1219.48180322,0.500380636692,World/hcal_above_ecal/hcal_above_ecal_cover_2_placement
38,Aluminum3003,1244.90113957,0.500380636692,World/hcal_above_ecal/hcal_above_ecal_cover_3_placement
38,Aluminum3003,1270.32047591,0.500380636692,World/hcal_above_ecal/hcal_above_ecal_cover_4_placement
38,Scintillator,1699.78875095,20.0152254677,World/hcal_below_ecal/hcal_below_ecal_layer1_strip4
38,Scintillator,1723.33107352,20.0152254677,World/hcal_below_ecal/hcal_below_ecal_layer2_strip7
38,Scintillator,1746.8733961,20.0152254677,World/hcal_below_ecal/hcal_below_ecal_layer3_strip4
38,Scintillator,1770.41571867,20.0152254677,World/hcal_below_ecal/hcal_below_ecal_layer4_strip7
38,Aluminum3003,1699.28837031,0.500380636692,World/hcal_below_ecal/hcal_below_ecal_cover_1_placement
38,Aluminum3003,1722.83069289,0.500380636692,World/hcal_below_ecal/hcal_below_ecal_cover_2_placement
38,Aluminum3003,1746.37301546,0.500380636692,World/hcal_below_ecal/hcal_below_ecal_cover_3_placement
38,Aluminum3003,1769.91533803,0.500380636692,World/hcal_below_ecal/hcal_below_ecal_cover_4_placement
39,Polyvinyltoluene,856.313149146,2.00445032085,World/native_target/trigger_pad3_bar_volume_0
39,Polyvinyltoluene,860.322049788,1.25653429101,World/native_target/trigger_pad3_bar_volume_1
39,LYSO,934.987824239,0.601335096254,World/native_target/lvTarget_3/lvTargetArray1_phys/target_0
39,LYSO,935.789604367,0.601335096254,World/native_target/lvTarget_3/lvTargetArray2_phys/target_0
39,Polyvinyltoluene,630.211152954,2.00445032085,World/native_trig_scint/trigger_pad2_bar_volume_9
39,Polyvinyltoluene,626.202252313,2.00445032085,World/native_trig_scint/trigger_pad2_bar_volume_10
39,Polyvinyltoluene,550.834920249,2.00445032085,World/native_trig_scint/trigger_pad1_bar_volume_12
39,Polyvinyltoluene,554.843820891,2.00445032085,World/native_trig_scint/trigger_pad1_bar_volume_13
39,Silicon,691.487199263,0.320712051335,World/native_recoil/recoil_l14_sensor_vol_10/recoil_l14_active_sensor
39,Silicon,697.500550225,0.320712051335,World/native_recoil/recoil_l14_sensor_vol_20/recoil_l14_active_sensor
39,Silicon,791.709715305,0.320712051335,World/native_recoil/recoil_l14_sensor_vol_30/recoil_l14_active_sensor
39,Silicon,797.723066268,0.320712051335,World/native_recoil/recoil_l14_sensor_vol_40/recoil_l14_active_sensor
39,Scintillator,231.80366271,20.0445032085,World/hcal_top/hcal_top_layer1_strip6
39,Scintillator,255.227250261,20.0445032085,World/hcal_top/hcal_top_layer2_strip4
39,Aluminum3003,231.30255013,0.501112580211,World/hcal_top/hcal_top_cover_1_placement
39,Aluminum3003,254.72613768,0.501112580211,World/hcal_top/hcal_top_cover_2_placement
39,Scintillator,1196.31022235,7.81248360329,World/hcal_above_ecal/hcal_above_ecal_layer1_strip3
39,Scintillator,1204.12270596,12.2320196052,World/hcal_above_ecal/hcal_above_ecal_layer1_strip4
39,Scintillator,1221.76674143,20.0445032085,World/hcal_above_ecal/hcal_above_ecal_layer2_strip4
39,Scintillator,1247.2232605,20.0445032085,World/hcal_above_ecal/hcal_above_ecal_layer3_strip4
39,Scintillator,1272.67977958,20.0445032085,World/hcal_above_ecal/hcal_above_ecal_layer4_strip4
39,Aluminum3003,1195.80910977,0.501112580211,World/hcal_above_ecal/hcal_above_ecal_cover_1_placement
39,Aluminum3003,1221.26562885,0.501112580211,World/hcal_above_ecal/hcal_above_ecal_cover_2_placement
39,Aluminum3003,1246.72214792,0.501112580211,World/hcal_above_ecal/hcal_above_ecal_cover_3_placement
39,Aluminum3003,1272.178667,0.501112580211,World/hcal_above_ecal/hcal_above_ecal_cover_4_placement
39,Scintillator,1702.27515684,20.0445032085,World/hcal_below_ecal/hcal_below_ecal_layer1_strip6
39,Scintillator,1725.85191649,20.0445032085,World/hcal_below_ecal/hcal_below_ecal_layer2_strip5
39,Scintillator,1749.42867615,20.0445032085,World/hcal_below_ecal/hcal_below_ecal_layer3_strip6
39,Scintillator,1773.00543581,20.0445032085,World/hcal_below_ecal/hcal_below_ecal_layer4_strip5
39,Aluminum3003,1701.77404426,0.501112580211,World/hcal_below_ecal/hcal_below_ecal_cover_1_placement
39,Aluminum3003,1725.35080391,0.501112580211,World/hcal_below_ecal/hcal_below_ecal_cover_2_placement
39,Aluminum3003,1748.92756357,0.501112580211,World/hcal_below_ecal/hcal_below_ecal_cover_3_placement
39,Aluminum3003,1772.50432323,0.501112580211,World/hcal_below_ecal/hcal_below_ecal_cover_4_placement
40,Polyvinyltoluene,855.311391762,2.00210541593,World/native_target/trigger_pad3_bar_volume_4
40,Polyvinyltoluene,859.315602593,2.00210541593,World/native_target/trigger_pad3_bar_volume_5
40,LYSO,933.894029337,0.60063162478,World/native_target/lvTarget_3/lvTargetArray1_phys/target_0
40,LYSO,934.694871503,0.60063162478,World/native_target/lvTarget_3/lvTargetArray2_phys/target_0
40,Polyvinyltoluene,625.469690013,2.00210541593,World/native_trig_scint/trigger_pad2_bar_volume_6
40,Polyvinyltoluene,629.473900844,2.00210541593,World/native_trig_scint/trigger_pad2_bar_volume_7
40,Polyvinyltoluene,550.190526373,2.00210541593,World/native_trig_scint/trigger_pad1_bar_volume_6
40,Polyvinyltoluene,554.194737205,2.00210541593,World/native_trig_scint/trigger_pad1_bar_volume_7
40,Silicon,690.678263409,0.320336866549,World/native_recoil/recoil_l14_sensor_vol_10/recoil_l14_active_sensor
40,Silicon,696.684579657,0.320336866549,World/native_recoil/recoil_l14_sensor_vol_20/recoil_l14_active_sensor
40,Silicon,790.783534206,0.320336866549,World/native_recoil/recoil_l14_sensor_vol_30/recoil_l14_active_sensor
40,Silicon,796.789850454,0.320336866549,World/native_recoil/recoil_l14_sensor_vol_40/recoil_l14_active_sensor
40,Scintillator,231.532487345,20.0210541593,World/hcal_top/hcal_top_layer1_strip6
40,Scintillator,254.928672827,20.0210541593,World/hcal_top/hcal_top_layer2_strip5
40,Aluminum3003,231.031960991,0.500526353983,World/hcal_top/hcal_top_cover_1_placement
40,Aluminum3003,254.428146473,0.500526353983,World/hcal_top/hcal_top_cover_2_placement
40,Scintillator,1194.91071961,20.0210541593,World/hcal_above_ecal/hcal_above_ecal_layer1_strip3
40,Scintillator,1220.3374584,20.0210541593,World/hcal_above_ecal/hcal_above_ecal_layer2_strip4
40,Scintillator,1245.76419718,20.0210541593,World/hcal_above_ecal/hcal_above_ecal_layer3_strip3
40,Scintillator,1286.16868261,5.04330750609,World/hcal_above_ecal/hcal_above_ecal_layer4_strip3
40,Scintillator,1271.19093596,14.9777466532,World/hcal_above_ecal/hcal_above_ecal_layer4_strip4
40,Aluminum3003,1194.41019326,0.500526353983,World/hcal_above_ecal/hcal_above_ecal_cover_1_placement
40,Aluminum3003,1219.83693204,0.500526353983,World/hcal_above_ecal/hcal_above_ecal_cover_2_placement
40,Aluminum3003,1245.26367082,0.500526353983,World/hcal_above_ecal/hcal_above_ecal_cover_3_placement
40,Aluminum3003,1270.69040961,0.500526353983,World/hcal_above_ecal/hcal_above_ecal_cover_4_placement
40,Scintillator,1700.28375134,20.0210541593,World/hcal_below_ecal/hcal_below_ecal_layer1_strip5
40,Scintillator,1723.83292974,20.0210541593,World/hcal_below_ecal/hcal_below_ecal_layer2_strip5
40,Scintillator,1747.38210814,20.0210541593,World/hcal_below_ecal/hcal_below_ecal_layer3_strip5
40,Scintillator,1770.93128654,20.0210541593,World/hcal_below_ecal/hcal_below_ecal_layer4_strip5
40,Aluminum3003,1699.78322499,0.500526353983,World/hcal_below_ecal/hcal_below_ecal_cover_1_placement
40,Aluminum3003,1723.33240339,0.500526353983,World/hcal_below_ecal/hcal_below_ecal_cover_2_placement
40,Aluminum3003,1746.88158179,0.500526353983,World/hcal_below_ecal/hcal_below_ecal_cover_3_placement
40,Aluminum3003,1770.43076019,0.500526353983,World/hcal_below_ecal/hcal_below_ecal_cover_4_placement
41,Polyvinyltoluene,859.189722677,2.00181213037,World/native_target/trigger_pad3_bar_volume_13
41,Polyvinyltoluene,855.186098416,2.00181213037,World/native_target/trigger_pad3_bar_volume_14
41,LYSO,933.757224533,0.60054363911,World/native_target/lvTarget_3/lvTargetArray1_phys/target_0
41,LYSO,934.557949385,0.60054363911,World/native_target/lvTarget_3/lvTargetArray2_phys/target_0
41,Polyvinyltoluene,629.381690111,2.00181213037,World/native_trig_scint/trigger_pad2_bar_volume_15
41,Polyvinyltoluene,625.37806585,2.00181213037,World/native_trig_scint/trigger_pad2_bar_volume_16
41,Polyvinyltoluene,550.109929748,2.00181213037,World/native_trig_scint/trigger_pad1_bar_volume_16
41,Polyvinyltoluene,554.113554009,2.00181213037,World/native_trig_scint/trigger_pad1_bar_volume_17
41,Silicon,690.577086936,0.320289940859,World/native_recoil/recoil_l14_sensor_vol_10/recoil_l14_active_sensor
41,Silicon,696.582523327,0.320289940859,World/native_recoil/recoil_l14_sensor_vol_20/recoil_l14_active_sensor
41,Silicon,790.667693454,0.320289940859,World/native_recoil/recoil_l14_sensor_vol_30/recoil_l14_active_sensor
41,Silicon,796.673129845,0.320289940859,World/native_recoil/recoil_l14_sensor_vol_40/recoil_l14_active_sensor
41,Scintillator,231.498570482,20.0181213037,World/hcal_top/hcal_top_layer1_strip5
41,Scintillator,254.891328689,20.0181213037,World/hcal_top/hcal_top_layer2_strip4
41,Aluminum3003,230.998117449,0.500453032592,World/hcal_top/hcal_top_cover_1_placement
41,Aluminum3003,254.390875657,0.500453032592,World/hcal_top/hcal_top_cover_2_placement
41,Scintillator,1194.73567885,20.0181213037,World/hcal_above_ecal/hcal_above_ecal_layer1_strip3
41,Scintillator,1220.1586929,20.0181213037,World/hcal_above_ecal/hcal_above_ecal_layer2_strip4
41,Scintillator,1245.58170696,20.0181213037,World/hcal_above_ecal/hcal_above_ecal_layer3_strip3
41,Scintillator,1271.00472101,20.0181213037,World/hcal_above_ecal/hcal_above_ecal_layer4_strip4
41,Aluminum3003,1194.23522581,0.500453032592,World/hcal_above_ecal/hcal_above_ecal_cover_1_placement
41,Aluminum3003,1219.65823987,0.500453032592,World/hcal_above_ecal/hcal_above_ecal_cover_2_placement
41,Aluminum3003,1245.08125393,0.500453032592,World/hcal_above_ecal/hcal_above_ecal_cover_3_placement
41,Aluminum3003,1270.50426798,0.500453032592,World/hcal_above_ecal/hcal_above_ecal_cover_4_placement
41,Scintillator,1700.0346792,20.0181213037,World/hcal_below_ecal/hcal_below_ecal_layer1_strip5
41,Scintillator,1723.58040792,20.0181213037,World/hcal_below_ecal/hcal_below_ecal_layer2_strip7
41,Scintillator,1747.12613663,20.0181213037,World/hcal_below_ecal/hcal_below_ecal_layer3_strip5
41,Scintillator,1770.67186535,20.0181213037,World/hcal_below_ecal/hcal_below_ecal_layer4_strip7
41,Aluminum3003,1699.53422617,0.500453032592,World/hcal_below_ecal/hcal_below_ecal_cover_1_placement
41,Aluminum3003,1723.07995488,0.500453032592,World/hcal_below_ecal/hcal_below_ecal_cover_2_placement
41,Aluminum3003,1746.6256836,0.500453032592,World/hcal_below_ecal/hcal_below_ecal_cover_3_placement
41,Aluminum3003,1770.17141231,0.500453032591,World/hcal_below_ecal/hcal_below_ecal_cover_4_placement
42,Polyvinyltoluene,855.731272042,2.00308826802,World/native_target/trigger_pad3_bar_volume_6
42,Polyvinyltoluene,859.737448578,2.00308826802,World/native_target/trigger_pad3_bar_volume_7
42,LYSO,934.352486561,0.600926480405,World/native_target/lvTarget_3/lvTargetArray1_phys/target_0
42,LYSO,935.153721868,0.600926480405,World/native_target/lvTarget_3/lvTargetArray2_phys/target_0
42,Polyvinyltoluene,550.460619996,2.00308826802,World/native_trig_scint/trigger_pad1_bar_volume_0
42,Polyvinyltoluene,554.466796532,2.00308826802,World/native_trig_scint/trigger_pad1_bar_volume_1
42,Polyvinyltoluene,625.776738873,2.00308826802,World/native_trig_scint/trigger_pad2_bar_volume_2
42,Polyvinyltoluene,629.78291541,2.00308826802,World/native_trig_scint/trigger_pad2_bar_volume_3
42,Silicon,691.017323763,0.320494122883,World/native_recoil/recoil_l14_sensor_vol_10/recoil_l14_active_sensor
42,Silicon,697.026588567,0.320494122882,World/native_recoil/recoil_l14_sensor_vol_20/recoil_l14_active_sensor
42,Silicon,791.171737164,0.320494122882,World/native_recoil/recoil_l14_sensor_vol_30/recoil_l14_active_sensor
42,Silicon,797.181001968,0.320494122883,World/native_recoil/recoil_l14_sensor_vol_40/recoil_l14_active_sensor
42,Scintillator,231.646148787,20.0308826802,World/hcal_top/hcal_top_layer1_strip6
42,Scintillator,255.053819672,20.0308826802,World/hcal_top/hcal_top_layer2_strip5
42,Aluminum3003,231.14537672,0.500772067004,World/hcal_top/hcal_top_cover_1_placement
42,Aluminum3003,254.553047605,0.500772067004,World/hcal_top/hcal_top_cover_2_placement
42,Scintillator,1195.49731235,20.0308826802,World/hcal_above_ecal/hcal_above_ecal_layer1_strip3
42,Scintillator,1220.93653335,20.0308826802,World/hcal_above_ecal/hcal_above_ecal_layer2_strip3
42,Scintillator,1246.37575436,20.0308826802,World/hcal_above_ecal/hcal_above_ecal_layer3_strip3
42,Scintillator,1271.81497536,20.0308826802,World/hcal_above_ecal/hcal_above_ecal_layer4_strip3
42,Aluminum3003,1194.99654028,0.500772067004,World/hcal_above_ecal/hcal_above_ecal_cover_1_placement
42,Aluminum3003,1220.43576128,0.500772067004,World/hcal_above_ecal/hcal_above_ecal_cover_2_placement
42,Aluminum3003,1245.87498229,0.500772067004,World/hcal_above_ecal/hcal_above_ecal_cover_3_placement
42,Aluminum3003,1271.31420329,0.500772067004,World/hcal_above_ecal/hcal_above_ecal_cover_4_placement
42,Scintillator,1701.11843638,20.0308826802,World/hcal_below_ecal/hcal_below_ecal_layer1_strip4
42,Scintillator,1724.67917529,20.0308826802,World/hcal_below_ecal/hcal_below_ecal_layer2_strip5
42,Scintillator,1748.2399142,20.0308826802,World/hcal_below_ecal/hcal_below_ecal_layer3_strip4
42,Scintillator,1771.80065311,20.0308826802,World/hcal_below_ecal/hcal_below_ecal_layer4_strip5
42,Aluminum3003,1700.61766431,0.500772067004,World/hcal_below_ecal/hcal_below_ecal_cover_1_placement
42,Aluminum3003,1724.17840322,0.500772067004,World/hcal_below_ecal/hcal_below_ecal_cover_2_placement
42,Aluminum3003,1747.73914213,0.500772067004,World/hcal_below_ecal/hcal_below_ecal_cover_3_placement
42,Aluminum3003,1771.29988104,0.500772067004,World/hcal_below_ecal/hcal_below_ecal_cover_4_placement
43,Polyvinyltoluene,855.063587287,2.00152535739,World/native_target/trigger_pad3_bar_volume_6
43,Polyvinyltoluene,859.066638002,2.00152535739,World/native_target/trigger_pad3_bar_volume_7
43,LYSO,933.623457565,0.600457607217,World/native_target/lvTarget_3/lvTargetArray1_phys/target_0
43,LYSO,934.424067707,0.600457607217,World/native_target/lvTarget_3/lvTargetArray2_phys/target_0
43,Polyvinyltoluene,630.758460299,0.534592032165,World/native_trig_scint/trigger_pad2_bar_volume_11
43,Polyvinyltoluene,625.288476259,2.00152535739,World/native_trig_scint/trigger_pad2_bar_volume_12
43,Polyvinyltoluene,554.034173536,2.00152535739,World/native_trig_scint/trigger_pad1_bar_volume_13
43,Polyvinyltoluene,550.031122821,2.00152535739,World/native_trig_scint/trigger_pad1_bar_volume_14
43,Silicon,690.478157149,0.320244057182,World/native_recoil/recoil_l14_sensor_vol_10/recoil_l14_active_sensor
43,Silicon,696.482733221,0.320244057182,World/native_recoil/recoil_l14_sensor_vol_20/recoil_l14_active_sensor
43,Silicon,790.554425018,0.320244057182,World/native_recoil/recoil_l14_sensor_vol_30/recoil_l14_active_sensor
43,Silicon,796.559001091,0.320244057182,World/native_recoil/recoil_l14_sensor_vol_40/recoil_l14_active_sensor
43,Scintillator,231.465406763,20.0152535739,World/hcal_top/hcal_top_layer1_strip6
43,Scintillator,254.854813801,20.0152535739,World/hcal_top/hcal_top_layer2_strip4
43,Aluminum3003,230.965025423,0.500381339347,World/hcal_top/hcal_top_cover_1_placement
43,Aluminum3003,254.354432462,0.500381339347,World/hcal_top/hcal_top_cover_2_placement
43,Scintillator,1194.56452497,20.0152535739,World/hcal_above_ecal/hcal_above_ecal_layer1_strip3
43,Scintillator,1219.98389701,20.0152535739,World/hcal_above_ecal/hcal_above_ecal_layer2_strip4
43,Scintillator,1245.40326905,20.0152535739,World/hcal_above_ecal/hcal_above_ecal_layer3_strip3
43,Scintillator,1270.82264109,20.0152535739,World/hcal_above_ecal/hcal_above_ecal_layer4_strip4
43,Aluminum3003,1194.06414363,0.500381339347,World/hcal_above_ecal/hcal_above_ecal_cover_1_placement
43,Aluminum3003,1219.48351567,0.500381339347,World/hcal_above_ecal/hcal_above_ecal_cover_2_placement
43,Aluminum3003,1244.90288771,0.500381339347,World/hcal_above_ecal/hcal_above_ecal_cover_3_placement
43,Aluminum3003,1270.32225975,0.500381339347,World/hcal_above_ecal/hcal_above_ecal_cover_4_placement
43,Scintillator,1699.79113786,20.0152535739,World/hcal_below_ecal/hcal_below_ecal_layer1_strip5
43,Scintillator,1723.3334935,20.0152535739,World/hcal_below_ecal/hcal_below_ecal_layer2_strip6
43,Scintillator,1746.87584913,20.0152535739,World/hcal_below_ecal/hcal_below_ecal_layer3_strip5
43,Scintillator,1770.41820476,20.0152535739,World/hcal_below_ecal/hcal_below_ecal_layer4_strip6
43,Aluminum3003,1699.29075652,0.500381339347,World/hcal_below_ecal/hcal_below_ecal_cover_1_placement
43,Aluminum3003,1722.83311216,0.500381339347,World/hcal_below_ecal/hcal_below_ecal_cover_2_placement
43,Aluminum3003,1746.37546779,0.500381339347,World/hcal_below_ecal/hcal_below_ecal_cover_3_placement
43,Aluminum3003,1769.91782342,0.500381339347,World/hcal_below_ecal/hcal_below_ecal_cover_4_placement
44,Polyvinyltoluene,861.503956818,2.00720402677,World/native_target/trigger_pad3_bar_volume_15
44,Polyvinyltoluene,857.489548765,2.00720402677,World/native_target/trigger_pad3_bar_volume_16
44,LYSO,936.272306816,0.602161208032,World/native_target/lvTarget_3/lvTargetArray1_phys/target_0
44,LYSO,937.075188426,0.602161208031,World/native_target/lvTarget_3/lvTargetArray2_phys/target_0
44,Polyvinyltoluene,551.591655085,2.00720402677,World/native_trig_scint/trigger_pad1_bar_volume_4
44,Polyvinyltoluene,555.606063138,2.00720402677,World/native_trig_scint/trigger_pad1_bar_volume_5
44,Polyvinyltoluene,627.062526491,2.00720402677,World/native_trig_scint/trigger_pad2_bar_volume_6
44,Polyvinyltoluene,631.076934545,2.00720402677,World/native_trig_scint/trigger_pad2_bar_volume_7
44,Silicon,692.437161643,0.321152644283,World/native_recoil/recoil_l14_sensor_vol_10/recoil_l14_active_sensor
44,Silicon,698.458773724,0.321152644284,World/native_recoil/recoil_l14_sensor_vol_20/recoil_l14_active_sensor
44,Silicon,792.797362982,0.321152644283,World/native_recoil/recoil_l14_sensor_vol_30/recoil_l14_active_sensor
44,Silicon,798.818975062,0.321152644283,World/native_recoil/recoil_l14_sensor_vol_40/recoil_l14_active_sensor
44,Scintillator,232.122113666,20.0720402677,World/hcal_top/hcal_top_layer1_strip5
44,Scintillator,255.577880448,20.0720402677,World/hcal_top/hcal_top_layer2_strip5
44,Aluminum3003,231.620312659,0.501801006693,World/hcal_top/hcal_top_cover_1_placement
44,Aluminum3003,255.076079441,0.501801006693,World/hcal_top/hcal_top_cover_2_placement
44,Scintillator,1197.95370861,20.0720402677,World/hcal_above_ecal/hcal_above_ecal_layer1_strip2
44,Scintillator,1223.44519975,20.0720402677,World/hcal_above_ecal/hcal_above_ecal_layer2_strip5
44,Scintillator,1248.93669089,20.0720402677,World/hcal_above_ecal/hcal_above_ecal_layer3_strip2
44,Scintillator,1274.42818203,20.0720402677,World/hcal_above_ecal/hcal_above_ecal_layer4_strip5
44,Aluminum3003,1197.4519076,0.501801006693,World/hcal_above_ecal/hcal_above_ecal_cover_1_placement
44,Aluminum3003,1222.94339874,0.501801006693,World/hcal_above_ecal/hcal_above_ecal_cover_2_placement
44,Aluminum3003,1248.43488988,0.501801006693,World/hcal_above_ecal/hcal_above_ecal_cover_3_placement
44,Aluminum3003,1273.92638102,0.501801006693,World/hcal_above_ecal/hcal_above_ecal_cover_4_placement
44,Scintillator,1704.61373572,20.0720402677,World/hcal_below_ecal/hcal_below_ecal_layer1_strip3
44,Scintillator,1728.22288503,20.0720402677,World/hcal_below_ecal/hcal_below_ecal_layer2_strip7
44,Scintillator,1751.83203435,20.0720402677,World/hcal_below_ecal/hcal_below_ecal_layer3_strip3
44,Scintillator,1775.44118367,20.0720402677,World/hcal_below_ecal/hcal_below_ecal_layer4_strip7
44,Aluminum3003,1704.11193471,0.501801006693,World/hcal_below_ecal/hcal_below_ecal_cover_1_placement
44,Aluminum3003,1727.72108403,0.501801006693,World/hcal_below_ecal/hcal_below_ecal_cover_2_placement
44,Aluminum3003,1751.33023334,0.501801006693,World/hcal_below_ecal/hcal_below_ecal_cover_3_placement
44,Aluminum3003,1774.93938266,0.501801006693,World/hcal_below_ecal/hcal_below_ecal_cover_4_placement
45,Polyvinyltoluene,860.590304425,2.00507532295,World/native_target/trigger_pad3_bar_volume_5
45,Polyvinyltoluene,856.580153779,2.00507532295,World/native_target/trigger_pad3_bar_volume_6
45,LYSO,935.279360205,0.601522596886,World/native_target/lvTarget_3/lvTargetArray1_phys/target_0
45,LYSO,936.081390334,0.601522596886,World/native_target/lvTarget_3/lvTargetArray2_phys/target_0
45,Polyvinyltoluene,630.40765735,2.00507532295,World/native_trig_scint/trigger_pad2_bar_volume_15
45,Polyvinyltoluene,626.397506704,2.00507532295,World/native_trig_scint/trigger_pad2_bar_volume_16
45,Polyvinyltoluene,555.016825207,2.00507532295,World/native_trig_scint/trigger_pad1_bar_volume_19
45,Polyvinyltoluene,551.006674561,2.00507532295,World/native_trig_scint/trigger_pad1_bar_volume_20
45,Silicon,691.702809973,0.320812051672,World/native_recoil/recoil_l14_sensor_vol_10/recoil_l14_active_sensor
45,Silicon,697.718035942,0.320812051673,World/native_recoil/recoil_l14_sensor_vol_20/recoil_l14_active_sensor
45,Silicon,791.95657612,0.320812051673,World/native_recoil/recoil_l14_sensor_vol_30/recoil_l14_active_sensor
45,Silicon,797.971802089,0.320812051672,World/native_recoil/recoil_l14_sensor_vol_40/recoil_l14_active_sensor
45,Scintillator,231.875940769,20.0507532295,World/hcal_top/hcal_top_layer1_strip6
45,Scintillator,255.306831963,20.0507532295,World/hcal_top/hcal_top_layer2_strip4
45,Aluminum3003,231.374671938,0.501268830738,World/hcal_top/hcal_top_cover_1_placement
45,Aluminum3003,254.805563133,0.501268830738,World/hcal_top/hcal_top_cover_2_placement
45,Scintillator,1196.68324053,20.0507532295,World/hcal_above_ecal/hcal_above_ecal_layer1_strip3
45,Scintillator,1222.14769713,20.0507532295,World/hcal_above_ecal/hcal_above_ecal_layer2_strip4
45,Scintillator,1247.61215374,20.0507532295,World/hcal_above_ecal/hcal_above_ecal_layer3_strip3
45,Scintillator,1273.07661034,20.0507532295,World/hcal_above_ecal/hcal_above_ecal_layer4_strip4
45,Aluminum3003,1196.1819717,0.501268830738,World/hcal_above_ecal/hcal_above_ecal_cover_1_placement
45,Aluminum3003,1221.6464283,0.501268830738,World/hcal_above_ecal/hcal_above_ecal_cover_2_placement
45,Aluminum3003,1247.11088491,0.501268830738,World/hcal_above_ecal/hcal_above_ecal_cover_3_placement
45,Aluminum3003,1272.57534151,0.501268830738,World/hcal_above_ecal/hcal_above_ecal_cover_4_placement
45,Scintillator,1702.80593854,20.0507532295,World/hcal_below_ecal/hcal_below_ecal_layer1_strip6
45,Scintillator,1726.3900496,20.0507532295,World/hcal_below_ecal/hcal_below_ecal_layer2_strip6
45,Scintillator,1749.97416067,20.0507532295,World/hcal_below_ecal/hcal_below_ecal_layer3_strip6
45,Scintillator,1773.55827173,20.0507532295,World/hcal_below_ecal/hcal_below_ecal_layer4_strip6
45,Aluminum3003,1702.30466971,0.501268830738,World/hcal_below_ecal/hcal_below_ecal_cover_1_placement
45,Aluminum3003,1725.88878077,0.501268830738,World/hcal_below_ecal/hcal_below_ecal_cover_2_placement
45,Aluminum3003,1749.47289183,0.501268830738,World/hcal_below_ecal/hcal_below_ecal_cover_3_placement
45,Aluminum3003,1773.0570029,0.501268830738,World/hcal_below_ecal/hcal_below_ecal_cover_4_placement
46,Polyvinyltoluene,855.661751271,2.0029255344,World/native_target/trigger_pad3_bar_volume_20
46,Polyvinyltoluene,859.667602339,2.0029255344,World/native_target/trigger_pad3_bar_volume_21
46,LYSO,934.401154964,0.476301191789,World/native_target/lvTarget_3/lvTargetArray1_phys/target_0
46,LYSO,935.07774871,0.600877660321,World/native_target/lvTarget_3/lvTargetArray2_phys/target_0
46,Polyvinyltoluene,550.415899827,2.0029255344,World/native_trig_scint/trigger_pad1_bar_volume_10
46,Polyvinyltoluene,554.421750896,2.0029255344,World/native_trig_scint/trigger_pad1_bar_volume_11
46,Polyvinyltoluene,629.73175099,2.0029255344,World/native_trig_scint/trigger_pad2_bar_volume_13
46,Polyvinyltoluene,625.725899921,2.0029255344,World/native_trig_scint/trigger_pad2_bar_volume_14
46,Silicon,690.961184577,0.320468085504,World/native_recoil/recoil_l14_sensor_vol_10/recoil_l14_active_sensor
46,Silicon,696.96996118,0.320468085504,World/native_recoil/recoil_l14_sensor_vol_20/recoil_l14_active_sensor
46,Silicon,791.107461297,0.320468085504,World/native_recoil/recoil_l14_sensor_vol_30/recoil_l14_active_sensor
46,Silicon,797.1162379,0.320468085505,World/native_recoil/recoil_l14_sensor_vol_40/recoil_l14_active_sensor
46,Scintillator,231.627329539,20.029255344,World/hcal_top/hcal_top_layer1_strip6
46,Scintillator,255.033098753,20.029255344,World/hcal_top/hcal_top_layer2_strip5
46,Aluminum3003,231.126598155,0.500731383601,World/hcal_top/hcal_top_cover_1_placement
46,Aluminum3003,254.53236737,0.500731383601,World/hcal_top/hcal_top_cover_2_placement
46,Scintillator,1195.40018852,20.029255344,World/hcal_above_ecal/hcal_above_ecal_layer1_strip2
46,Scintillator,1220.83734281,20.029255344,World/hcal_above_ecal/hcal_above_ecal_layer2_strip4
46,Scintillator,1246.2744971,20.029255344,World/hcal_above_ecal/hcal_above_ecal_layer3_strip2
46,Scintillator,1271.71165138,20.029255344,World/hcal_above_ecal/hcal_above_ecal_layer4_strip4
46,Aluminum3003,1194.89945714,0.500731383601,World/hcal_above_ecal/hcal_above_ecal_cover_1_placement
46,Aluminum3003,1220.33661142,0.500731383601,World/hcal_above_ecal/hcal_above_ecal_cover_2_placement
46,Aluminum3003,1245.77376571,0.500731383601,World/hcal_above_ecal/hcal_above_ecal_cover_3_placement
46,Aluminum3003,1271.21092,0.500731383601,World/hcal_above_ecal/hcal_above_ecal_cover_4_placement
46,Scintillator,1700.9802352,20.029255344,World/hcal_below_ecal/hcal_below_ecal_layer1_strip3
46,Scintillator,1724.53906001,20.029255344,World/hcal_below_ecal/hcal_below_ecal_layer2_strip6
46,Scintillator,1748.09788481,20.029255344,World/hcal_below_ecal/hcal_below_ecal_layer3_strip3
46,Scintillator,1771.65670961,20.029255344,World/hcal_below_ecal/hcal_below_ecal_layer4_strip6
46,Aluminum3003,1700.47950382,0.500731383601,World/hcal_below_ecal/hcal_below_ecal_cover_1_placement
46,Aluminum3003,1724.03832862,0.500731383601,World/hcal_below_ecal/hcal_below_ecal_cover_2_placement
46,Aluminum3003,1747.59715343,0.500731383601,World/hcal_below_ecal/hcal_below_ecal_cover_3_placement
46,Aluminum3003,1771.15597823,0.500731383601,World/hcal_below_ecal/hcal_below_ecal_cover_4_placement
47,Polyvinyltoluene,859.918163335,2.00350931238,World/native_target/trigger_pad3_bar_volume_15
47,Polyvinyltoluene,855.911144711,2.00350931238,World/native_target/trigger_pad3_bar_volume_16
47,LYSO,934.548885222,0.601052793715,World/native_target/lvTarget_3/lvTargetArray1_phys/target_0
47,LYSO,935.350288947,0.601052793715,World/native_target/lvTarget_3/lvTargetArray2_phys/target_0
47,Polyvinyltoluene,625.908275649,2.00350931238,World/native_trig_scint/trigger_pad2_bar_volume_14
47,Polyvinyltoluene,629.915294274,2.00350931238,World/native_trig_scint/trigger_pad2_bar_volume_15
47,Polyvinyltoluene,550.576325503,2.00350931238,World/native_trig_scint/trigger_pad1_bar_volume_14
47,Polyvinyltoluene,554.583344128,2.00350931238,World/native_trig_scint/trigger_pad1_bar_volume_15
47,Silicon,691.162573953,0.320561489981,World/native_recoil/recoil_l14_sensor_vol_10/recoil_l14_active_sensor
47,Silicon,697.17310189,0.320561489981,World/native_recoil/recoil_l14_sensor_vol_20/recoil_l14_active_sensor
47,Silicon,791.338039572,0.320561489981,World/native_recoil/recoil_l14_sensor_vol_30/recoil_l14_active_sensor
47,Silicon,797.34856751,0.320561489981,World/native_recoil/recoil_l14_sensor_vol_40/recoil_l14_active_sensor
47,Scintillator,231.694840254,20.0350931238,World/hcal_top/hcal_top_layer1_strip7
47,Scintillator,255.107431376,20.0350931238,World/hcal_top/hcal_top_layer2_strip4
47,Aluminum3003,231.193962926,0.500877328096,World/hcal_top/hcal_top_cover_1_placement
47,Aluminum3003,254.606554048,0.500877328096,World/hcal_top/hcal_top_cover_2_placement
47,Scintillator,1195.74860303,20.0350931238,World/hcal_above_ecal/hcal_above_ecal_layer1_strip3
47,Scintillator,1221.19317129,20.0350931238,World/hcal_above_ecal/hcal_above_ecal_layer2_strip3
47,Scintillator,1246.63773956,20.0350931238,World/hcal_above_ecal/hcal_above_ecal_layer3_strip3
47,Scintillator,1272.08230783,20.0350931238,World/hcal_above_ecal/hcal_above_ecal_layer4_strip3
47,Aluminum3003,1195.2477257,0.500877328096,World/hcal_above_ecal/hcal_above_ecal_cover_1_placement
47,Aluminum3003,1220.69229396,0.500877328096,World/hcal_above_ecal/hcal_above_ecal_cover_2_placement
47,Aluminum3003,1246.13686223,0.500877328096,World/hcal_above_ecal/hcal_above_ecal_cover_3_placement
47,Aluminum3003,1271.5814305,0.500877328096,World/hcal_above_ecal/hcal_above_ecal_cover_4_placement
47,Scintillator,1701.47600741,20.0350931238,World/hcal_below_ecal/hcal_below_ecal_layer1_strip4
47,Scintillator,1725.04169873,20.0350931238,World/hcal_below_ecal/hcal_below_ecal_layer2_strip5
47,Scintillator,1748.60739005,20.0350931238,World/hcal_below_ecal/hcal_below_ecal_layer3_strip4
47,Scintillator,1772.17308137,20.0350931238,World/hcal_below_ecal/hcal_below_ecal_layer4_strip5
47,Aluminum3003,1700.97513008,0.500877328096,World/hcal_below_ecal/hcal_below_ecal_cover_1_placement
47,Aluminum3003,1724.5408214,0.500877328096,World/hcal_below_ecal/hcal_below_ecal_cover_2_placement
47,Aluminum3003,1748.10651272,0.500877328096,World/hcal_below_ecal/hcal_below_ecal_cover_3_placement
47,Aluminum3003,1771.67220404,0.500877328096,World/hcal_below_ecal/hcal_below_ecal_cover_4_placement
48,Polyvinyltoluene,858.584257487,2.00040146689,World/native_target/trigger_pad3_bar_volume_21
48,Polyvinyltoluene,854.583454553,2.00040146689,World/native_target/trigger_pad3_bar_volume_22
48,LYSO,933.099212129,0.600120440067,World/native_target/lvTarget_3/lvTargetArray1_phys/target_0
48,LYSO,933.899372715,0.600120440067,World/native_target/lvTarget_3/lvTargetArray2_phys/target_0
48,Polyvinyltoluene,628.938169088,2.00040146689,World/native_trig_scint/trigger_pad2_bar_volume_21
48,Polyvinyltoluene,553.723073933,2.00040146689,World/native_trig_scint/trigger_pad1_bar_volume_21
48,Polyvinyltoluene,624.937366154,2.00040146689,World/native_trig_scint/trigger_pad2_bar_volume_22
48,Polyvinyltoluene,549.722270999,2.00040146689,World/native_trig_scint/trigger_pad1_bar_volume_22
48,Silicon,690.090441931,0.320064234702,World/native_recoil/recoil_l14_sensor_vol_10/recoil_l14_active_sensor
48,Silicon,696.091646332,0.320064234702,World/native_recoil/recoil_l14_sensor_vol_20/recoil_l14_active_sensor
48,Silicon,790.110515275,0.320064234702,World/native_recoil/recoil_l14_sensor_vol_30/recoil_l14_active_sensor
48,Silicon,796.111719676,0.320064234702,World/native_recoil/recoil_l14_sensor_vol_40/recoil_l14_active_sensor
48,Scintillator,231.335435004,20.0040146689,World/hcal_top/hcal_top_layer1_strip6
48,Scintillator,254.711708493,20.0040146689,World/hcal_top/hcal_top_layer2_strip4
48,Aluminum3003,230.835334637,0.500100366723,World/hcal_top/hcal_top_cover_1_placement
48,Aluminum3003,254.211608126,0.500100366722,World/hcal_top/hcal_top_cover_2_placement
48,Scintillator,1193.89375669,20.0040146689,World/hcal_above_ecal/hcal_above_ecal_layer1_strip2
48,Scintillator,1219.29885532,20.0040146689,World/hcal_above_ecal/hcal_above_ecal_layer2_strip4
48,Scintillator,1244.70395395,20.0040146689,World/hcal_above_ecal/hcal_above_ecal_layer3_strip2
48,Scintillator,1270.10905258,20.0040146689,World/hcal_above_ecal/hcal_above_ecal_layer4_strip4
48,Aluminum3003,1193.39365632,0.500100366722,World/hcal_above_ecal/hcal_above_ecal_cover_1_placement
48,Aluminum3003,1218.79875495,0.500100366722,World/hcal_above_ecal/hcal_above_ecal_cover_2_placement
48,Aluminum3003,1244.20385358,0.500100366722,World/hcal_above_ecal/hcal_above_ecal_cover_3_placement
48,Aluminum3003,1269.60895221,0.500100366722,World/hcal_above_ecal/hcal_above_ecal_cover_4_placement
48,Scintillator,1698.83667626,20.0040146689,World/hcal_below_ecal/hcal_below_ecal_layer1_strip4
48,Scintillator,1722.36581245,20.0040146689,World/hcal_below_ecal/hcal_below_ecal_layer2_strip6
48,Scintillator,1745.89494865,20.0040146689,World/hcal_below_ecal/hcal_below_ecal_layer3_strip4
48,Scintillator,1769.42408485,20.0040146689,World/hcal_below_ecal/hcal_below_ecal_layer4_strip6
48,Aluminum3003,1698.33657589,0.500100366722,World/hcal_below_ecal/hcal_below_ecal_cover_1_placement
48,Aluminum3003,1721.86571209,0.500100366722,World/hcal_below_ecal/hcal_below_ecal_cover_2_placement
48,Aluminum3003,1745.39484829,0.500100366722,World/hcal_below_ecal/hcal_below_ecal_cover_3_placement
48,Aluminum3003,1768.92398449,0.500100366722,World/hcal_below_ecal/hcal_below_ecal_cover_4_placement
49,Polyvinyltoluene,855.131517928,2.00168436884,World/native_target/trigger_pad3_bar_volume_0
49,Polyvinyltoluene,859.134886666,2.00168436884,World/native_target/trigger_pad3_bar_volume_1
49,LYSO,933.697629405,0.600505310651,World/native_target/lvTarget_3/lvTargetArray1_phys/target_0
49,LYSO,934.498303152,0.600505310651,World/native_target/lvTarget_3/lvTargetArray2_phys/target_0
49,Polyvinyltoluene,625.338152385,2.00168436884,World/native_trig_scint/trigger_pad2_bar_volume_4
49,Polyvinyltoluene,629.341521123,2.00168436884,World/native_trig_scint/trigger_pad2_bar_volume_5
49,Polyvinyltoluene,554.078188855,2.00168436884,World/native_trig_scint/trigger_pad1_bar_volume_5
49,Polyvinyltoluene,550.074820117,2.00168436884,World/native_trig_scint/trigger_pad1_bar_volume_6
49,Silicon,690.533012278,0.320269499014,World/native_recoil/recoil_l14_sensor_vol_10/recoil_l14_active_sensor
49,Silicon,696.538065385,0.320269499014,World/native_recoil/recoil_l14_sensor_vol_20/recoil_l14_active_sensor
49,Silicon,790.61723072,0.320269499014,World/native_recoil/recoil_l14_sensor_vol_30/recoil_l14_active_sensor
49,Silicon,796.622283827,0.320269499014,World/native_recoil/recoil_l14_sensor_vol_40/recoil_l14_active_sensor
49,Scintillator,231.483795563,20.0168436884,World/hcal_top/hcal_top_layer1_strip6
49,Scintillator,254.875060776,20.0168436884,World/hcal_top/hcal_top_layer2_strip5
49,Aluminum3003,230.983374471,0.500421092209,World/hcal_top/hcal_top_cover_1_placement
49,Aluminum3003,254.374639684,0.500421092209,World/hcal_top/hcal_top_cover_2_placement
49,Scintillator,1194.65942731,20.0168436884,World/hcal_above_ecal/hcal_above_ecal_layer1_strip3
49,Scintillator,1220.08081879,20.0168436884,World/hcal_above_ecal/hcal_above_ecal_layer2_strip4
49,Scintillator,1245.50221028,20.0168436884,World/hcal_above_ecal/hcal_above_ecal_layer3_strip3
49,Scintillator,1270.92360176,20.0168436884,World/hcal_above_ecal/hcal_above_ecal_layer4_strip4
49,Aluminum3003,1194.15900621,0.500421092209,World/hcal_above_ecal/hcal_above_ecal_cover_1_placement
49,Aluminum3003,1219.5803977,0.500421092209,World/hcal_above_ecal/hcal_above_ecal_cover_2_placement
49,Aluminum3003,1245.00178918,0.500421092209,World/hcal_above_ecal/hcal_above_ecal_cover_3_placement
49,Aluminum3003,1270.42318067,0.500421092209,World/hcal_above_ecal/hcal_above_ecal_cover_4_placement
49,Scintillator,1699.926178,20.0168436884,World/hcal_below_ecal/hcal_below_ecal_layer1_strip5
49,Scintillator,1723.47040395,20.0168436884,World/hcal_below_ecal/hcal_below_ecal_layer2_strip7
49,Scintillator,1747.01462991,20.0168436884,World/hcal_below_ecal/hcal_below_ecal_layer3_strip5
49,Scintillator,1770.55885587,20.0168436884,World/hcal_below_ecal/hcal_below_ecal_layer4_strip7
49,Aluminum3003,1699.42575691,0.500421092209,World/hcal_below_ecal/hcal_below_ecal_cover_1_placement
49,Aluminum3003,1722.96998286,0.500421092209,World/hcal_below_ecal/hcal_below_ecal_cover_2_placement
49,Aluminum3003,1746.51420882,0.500421092209,World/hcal_below_ecal/hcal_below_ecal_cover_3_placement
49,Aluminum3003,1770.05843478,0.500421092209,World/hcal_below_ecal/hcal_below_ecal_cover_4_placement
50,Polyvinyltoluene,857.914742713,2.00819931704,World/native_target/trigger_pad3_bar_volume_0
50,Polyvinyltoluene,861.931141347,2.00819931704,World/native_target/trigger_pad3_bar_volume_1
50,LYSO,936.736565907,0.602459795112,World/native_target/lvTarget_3/lvTargetArray1_phys/target_0
50,LYSO,937.539845633,0.602459795113,World/native_target/lvTarget_3/lvTargetArray2_phys/target_0
50,Polyvinyltoluene,631.38985975,2.00819931704,World/native_trig_scint/trigger_pad2_bar_volume_13
50,Polyvinyltoluene,627.373461116,2.00819931704,World/native_trig_scint/trigger_pad2_bar_volume_14
50,Polyvinyltoluene,555.88156543,2.00819931704,World/native_trig_scint/trigger_pad1_bar_volume_17
50,Polyvinyltoluene,551.865166796,2.00819931704,World/native_trig_scint/trigger_pad1_bar_volume_18
50,Silicon,692.780512872,0.321311890727,World/native_recoil/recoil_l14_sensor_vol_10/recoil_l14_active_sensor
50,Silicon,698.805110824,0.321311890727,World/native_recoil/recoil_l14_sensor_vol_20/recoil_l14_active_sensor
50,Silicon,793.190478724,0.321311890727,World/native_recoil/recoil_l14_sensor_vol_30/recoil_l14_active_sensor
50,Silicon,799.215076676,0.321311890727,World/native_recoil/recoil_l14_sensor_vol_40/recoil_l14_active_sensor
50,Scintillator,232.237213515,20.0819931704,World/hcal_top/hcal_top_layer1_strip6
50,Scintillator,255.704611052,20.0819931704,World/hcal_top/hcal_top_layer2_strip4
50,Aluminum3003,231.735163686,0.50204982926,World/hcal_top/hcal_top_cover_1_placement
50,Aluminum3003,255.202561222,0.50204982926,World/hcal_top/hcal_top_cover_2_placement
50,Scintillator,1198.54772479,20.0819931704,World/hcal_above_ecal/hcal_above_ecal_layer1_strip4
50,Scintillator,1224.05185611,20.0819931704,World/hcal_above_ecal/hcal_above_ecal_layer2_strip4
50,Scintillator,1249.55598744,20.0819931704,World/hcal_above_ecal/hcal_above_ecal_layer3_strip4
50,Scintillator,1275.06011877,20.0819931704,World/hcal_above_ecal/hcal_above_ecal_layer4_strip4
50,Aluminum3003,1198.04567496,0.50204982926,World/hcal_above_ecal/hcal_above_ecal_cover_1_placement
50,Aluminum3003,1223.54980629,0.50204982926,World/hcal_above_ecal/hcal_above_ecal_cover_2_placement
50,Aluminum3003,1249.05393761,0.50204982926,World/hcal_above_ecal/hcal_above_ecal_cover_3_placement
50,Aluminum3003,1274.55806894,0.50204982926,World/hcal_above_ecal/hcal_above_ecal_cover_4_placement
50,Scintillator,1705.45898385,20.0819931704,World/hcal_below_ecal/hcal_below_ecal_layer1_strip6
50,Scintillator,1729.07983998,20.0819931704,World/hcal_below_ecal/hcal_below_ecal_layer2_strip6
50,Scintillator,1752.70069611,20.0819931704,World/hcal_below_ecal/hcal_below_ecal_layer3_strip7
50,Scintillator,1776.32155223,20.0819931704,World/hcal_below_ecal/hcal_below_ecal_layer4_strip6
50,Aluminum3003,1704.95693403,0.50204982926,World/hcal_below_ecal/hcal_below_ecal_cover_1_placement
50,Aluminum3003,1728.57779015,0.50204982926,World/hcal_below_ecal/hcal_below_ecal_cover_2_placement
50,Aluminum3003,1752.19864628,0.50204982926,World/hcal_below_ecal/hcal_below_ecal_cover_3_placement
50,Aluminum3003,1775.81950241,0.50204982926,World/hcal_below_ecal/hcal_below_ecal_cover_4_placement
51,Polyvinyltoluene,856.424349394,2.00471061741,World/native_target/trigger_pad3_bar_volume_22
51,Polyvinyltoluene,860.433770628,2.00471061741,World/native_target/trigger_pad3_bar_volume_23
51,LYSO,935.109241127,0.601413185223,World/native_target/lvTarget_3/lvTargetArray1_phys/target_0
51,LYSO,935.911125374,0.451869035187,World/native_target/lvTarget_3/lvTargetArray2_phys/target_0
51,Polyvinyltoluene,554.915872535,2.00471061741,World/native_trig_scint/trigger_pad1_bar_volume_17
51,Polyvinyltoluene,626.283570515,2.00471061741,World/native_trig_scint/trigger_pad2_bar_volume_18
51,Polyvinyltoluene,630.29299175,2.00471061741,World/native_trig_scint/trigger_pad2_bar_volume_19
51,Polyvinyltoluene,550.9064513,2.00471061741,World/native_trig_scint/trigger_pad1_bar_volume_18
51,Silicon,691.576995324,0.320753698786,World/native_recoil/recoil_l14_sensor_vol_10/recoil_l14_active_sensor
51,Silicon,697.591127176,0.320753698786,World/native_recoil/recoil_l14_sensor_vol_20/recoil_l14_active_sensor
51,Silicon,791.812526194,0.320753698786,World/native_recoil/recoil_l14_sensor_vol_30/recoil_l14_active_sensor
51,Silicon,797.826658047,0.320753698786,World/native_recoil/recoil_l14_sensor_vol_40/recoil_l14_active_sensor
51,Scintillator,231.833764578,20.0471061741,World/hcal_top/hcal_top_layer1_strip7
51,Scintillator,255.260393899,20.0471061741,World/hcal_top/hcal_top_layer2_strip5
51,Aluminum3003,231.332586923,0.501177654353,World/hcal_top/hcal_top_cover_1_placement
51,Aluminum3003,254.759216245,0.501177654353,World/hcal_top/hcal_top_cover_2_placement
51,Scintillator,1196.46557439,20.0471061741,World/hcal_above_ecal/hcal_above_ecal_layer1_strip2
51,Scintillator,1221.92539923,20.0471061741,World/hcal_above_ecal/hcal_above_ecal_layer2_strip3
51,Scintillator,1247.38522407,20.0471061741,World/hcal_above_ecal/hcal_above_ecal_layer3_strip2
51,Scintillator,1272.84504892,20.0471061741,World/hcal_above_ecal/hcal_above_ecal_layer4_strip3
51,Aluminum3003,1195.96439674,0.501177654353,World/hcal_above_ecal/hcal_above_ecal_cover_1_placement
51,Aluminum3003,1221.42422158,0.501177654353,World/hcal_above_ecal/hcal_above_ecal_cover_2_placement
51,Aluminum3003,1246.88404642,0.501177654353,World/hcal_above_ecal/hcal_above_ecal_cover_3_placement
51,Aluminum3003,1272.34387126,0.501177654353,World/hcal_above_ecal/hcal_above_ecal_cover_4_placement
51,Scintillator,1702.49621314,20.0471061741,World/hcal_below_ecal/hcal_below_ecal_layer1_strip4
51,Scintillator,1726.07603446,20.0471061741,World/hcal_below_ecal/hcal_below_ecal_layer2_strip5
51,Scintillator,1749.65585578,20.0471061741,World/hcal_below_ecal/hcal_below_ecal_layer3_strip4
51,Scintillator,1773.2356771,20.0471061741,World/hcal_below_ecal/hcal_below_ecal_layer4_strip5
51,Aluminum3003,1701.99503549,0.501177654353,World/hcal_below_ecal/hcal_below_ecal_cover_1_placement
51,Aluminum3003,1725.5748568,0.501177654353,World/hcal_below_ecal/hcal_below_ecal_cover_2_placement
51,Aluminum3003,1749.15467812,0.501177654353,World/hcal_below_ecal/hcal_below_ecal_cover_3_placement
51,Aluminum3003,1772.73449944,0.501177654353,World/hcal_below_ecal/hcal_below_ecal_cover_4_placement
52,Polyvinyltoluene,858.793076033,2.00088798982,World/native_target/trigger_pad3_bar_volume_3
52,Polyvinyltoluene,854.791300054,2.00088798982,World/native_target/trigger_pad3_bar_volume_4
52,LYSO,933.326153654,0.600266396945,World/native_target/lvTarget_3/lvTargetArray1_phys/target_0
52,LYSO,934.383272269,0.343502977505,World/native_target/lvTarget_3/lvTargetArray2_phys/target_0
52,Polyvinyltoluene,629.091134802,2.00088798982,World/native_trig_scint/trigger_pad2_bar_volume_7
52,Polyvinyltoluene,625.089358823,2.00088798982,World/native_trig_scint/trigger_pad2_bar_volume_8
52,Polyvinyltoluene,549.855970406,2.00088798982,World/native_trig_scint/trigger_pad1_bar_volume_8
52,Polyvinyltoluene,553.857746385,2.00088798982,World/native_trig_scint/trigger_pad1_bar_volume_9
52,Silicon,690.258280651,0.320142078371,World/native_recoil/recoil_l14_sensor_vol_10/recoil_l14_active_sensor
52,Silicon,696.26094462,0.320142078371,World/native_recoil/recoil_l14_sensor_vol_20/recoil_l14_active_sensor
52,Silicon,790.302680142,0.320142078371,World/native_recoil/recoil_l14_sensor_vol_30/recoil_l14_active_sensor
52,Silicon,796.305344111,0.320142078371,World/native_recoil/recoil_l14_sensor_vol_40/recoil_l14_active_sensor
52,Scintillator,231.391698706,20.0088798982,World/hcal_top/hcal_top_layer1_strip6
52,Scintillator,254.773657601,20.0088798982,World/hcal_top/hcal_top_layer2_strip4
52,Aluminum3003,230.891476709,0.500221997454,World/hcal_top/hcal_top_cover_1_placement
52,Aluminum3003,254.273435603,0.500221997454,World/hcal_top/hcal_top_cover_2_placement
52,Scintillator,1194.18412674,20.0088798982,World/hcal_above_ecal/hcal_above_ecal_layer1_strip3
52,Scintillator,1219.59540422,20.0088798982,World/hcal_above_ecal/hcal_above_ecal_layer2_strip4
52,Scintillator,1245.00668169,20.0088798982,World/hcal_above_ecal/hcal_above_ecal_layer3_strip3
52,Scintillator,1270.41795916,20.0088798982,World/hcal_above_ecal/hcal_above_ecal_layer4_strip4
52,Aluminum3003,1193.68390475,0.500221997454,World/hcal_above_ecal/hcal_above_ecal_cover_1_placement
52,Aluminum3003,1219.09518222,0.500221997454,World/hcal_above_ecal/hcal_above_ecal_cover_2_placement
52,Aluminum3003,1244.50645969,0.500221997454,World/hcal_above_ecal/hcal_above_ecal_cover_3_placement
52,Aluminum3003,1269.91773716,0.500221997454,World/hcal_above_ecal/hcal_above_ecal_cover_4_placement
52,Scintillator,1699.24985481,20.0088798982,World/hcal_below_ecal/hcal_below_ecal_layer1_strip5
52,Scintillator,1722.7847136,20.0088798982,World/hcal_below_ecal/hcal_below_ecal_layer2_strip6
52,Scintillator,1746.31957238,20.0088798982,World/hcal_below_ecal/hcal_below_ecal_layer3_strip5
52,Scintillator,1769.85443116,20.0088798982,World/hcal_below_ecal/hcal_below_ecal_layer4_strip6
52,Aluminum3003,1698.74963282,0.500221997454,World/hcal_below_ecal/hcal_below_ecal_cover_1_placement
52,Aluminum3003,1722.2844916,0.500221997454,World/hcal_below_ecal/hcal_below_ecal_cover_2_placement
52,Aluminum3003,1745.81935038,0.500221997454,World/hcal_below_ecal/hcal_below_ecal_cover_3_placement
52,Aluminum3003,1769.35420916,0.500221997454,World/hcal_below_ecal/hcal_below_ecal_cover_4_placement
53,Polyvinyltoluene,854.725191287,2.00073324299,World/native_target/trigger_pad3_bar_volume_16
53,Polyvinyltoluene,858.726657773,2.00073324299,World/native_target/trigger_pad3_bar_volume_17
53,LYSO,933.253971074,0.600219972898,World/native_target/lvTarget_3/lvTargetArray1_phys/target_0
53,LYSO,934.054264371,0.600219972898,World/native_target/lvTarget_3/lvTargetArray2_phys/target_0
53,Polyvinyltoluene,629.042481477,2.00073324299,World/native_trig_scint/trigger_pad2_bar_volume_13
53,Polyvinyltoluene,549.813445054,2.00073324299,World/native_trig_scint/trigger_pad1_bar_volume_12
53,Polyvinyltoluene,553.81491154,2.00073324299,World/native_trig_scint/trigger_pad1_bar_volume_13
53,Polyvinyltoluene,625.041014991,2.00073324299,World/native_trig_scint/trigger_pad2_bar_volume_14
53,Silicon,690.204896715,0.320117318879,World/native_recoil/recoil_l14_sensor_vol_10/recoil_l14_active_sensor
53,Silicon,696.207096444,0.320117318879,World/native_recoil/recoil_l14_sensor_vol_20/recoil_l14_active_sensor
53,Silicon,790.241558865,0.320117318879,World/native_recoil/recoil_l14_sensor_vol_30/recoil_l14_active_sensor
53,Silicon,796.243758594,0.320117318879,World/native_recoil/recoil_l14_sensor_vol_40/recoil_l14_active_sensor
53,Scintillator,231.373803087,20.0073324299,World/hcal_top/hcal_top_layer1_strip6
53,Scintillator,254.753953642,20.0073324299,World/hcal_top/hcal_top_layer2_strip5
53,Aluminum3003,230.873619776,0.500183310749,World/hcal_top/hcal_top_cover_1_placement
53,Aluminum3003,254.253770331,0.500183310749,World/hcal_top/hcal_top_cover_2_placement
53,Scintillator,1194.09176965,20.0073324299,World/hcal_above_ecal/hcal_above_ecal_layer1_strip2
53,Scintillator,1219.50108184,20.0073324299,World/hcal_above_ecal/hcal_above_ecal_layer2_strip4
53,Scintillator,1244.91039402,20.0073324299,World/hcal_above_ecal/hcal_above_ecal_layer3_strip2
53,Scintillator,1270.31970621,20.0073324299,World/hcal_above_ecal/hcal_above_ecal_layer4_strip4
53,Aluminum3003,1193.59158634,0.500183310749,World/hcal_above_ecal/hcal_above_ecal_cover_1_placement
53,Aluminum3003,1219.00089853,0.500183310748,World/hcal_above_ecal/hcal_above_ecal_cover_2_placement
53,Aluminum3003,1244.41021071,0.500183310748,World/hcal_above_ecal/hcal_above_ecal_cover_3_placement
53,Aluminum3003,1269.8195229,0.500183310749,World/hcal_above_ecal/hcal_above_ecal_cover_4_placement
53,Scintillator,1699.1184364,20.0073324299,World/hcal_below_ecal/hcal_below_ecal_layer1_strip4
53,Scintillator,1722.65147502,20.0073324299,World/hcal_below_ecal/hcal_below_ecal_layer2_strip6
53,Scintillator,1746.18451364,20.0073324299,World/hcal_below_ecal/hcal_below_ecal_layer3_strip4
53,Scintillator,1769.71755226,20.0073324299,World/hcal_below_ecal/hcal_below_ecal_layer4_strip6
53,Aluminum3003,1698.61825309,0.500183310749,World/hcal_below_ecal/hcal_below_ecal_cover_1_placement
53,Aluminum3003,1722.15129171,0.500183310748,World/hcal_below_ecal/hcal_below_ecal_cover_2_placement
53,Aluminum3003,1745.68433033,0.500183310748,World/hcal_below_ecal/hcal_below_ecal_cover_3_placement
53,Aluminum3003,1769.21736895,0.500183310749,World/hcal_below_ecal/hcal_below_ecal_cover_4_placement
54,Polyvinyltoluene,854.526083983,2.00026717436,World/native_target/trigger_pad3_bar_volume_4
54,Polyvinyltoluene,858.526618331,2.00026717436,World/native_target/trigger_pad3_bar_volume_5
54,LYSO,933.036570576,0.600080152308,World/native_target/lvTarget_3/lvTargetArray1_phys/target_0
54,LYSO,933.836677446,0.600080152308,World/native_target/lvTarget_3/lvTargetArray2_phys/target_0
54,Polyvinyltoluene,624.895412366,2.00026717436,World/native_trig_scint/trigger_pad2_bar_volume_2
54,Polyvinyltoluene,628.895946715,2.00026717436,World/native_trig_scint/trigger_pad2_bar_volume_3
54,Polyvinyltoluene,549.68536661,2.00026717436,World/native_trig_scint/trigger_pad1_bar_volume_2
54,Polyvinyltoluene,553.685900959,2.00026717436,World/native_trig_scint/trigger_pad1_bar_volume_3
54,Silicon,690.044114235,0.320042747898,World/native_recoil/recoil_l14_sensor_vol_10/recoil_l14_active_sensor
54,Silicon,696.044915758,0.320042747898,World/native_recoil/recoil_l14_sensor_vol_20/recoil_l14_active_sensor
54,Silicon,790.057472953,0.320042747898,World/native_recoil/recoil_l14_sensor_vol_30/recoil_l14_active_sensor
54,Silicon,796.058274476,0.320042747898,World/native_recoil/recoil_l14_sensor_vol_40/recoil_l14_active_sensor
54,Scintillator,231.319904811,20.0026717436,World/hcal_top/hcal_top_layer1_strip6
54,Scintillator,254.694608986,20.0026717436,World/hcal_top/hcal_top_layer2_strip5
54,Aluminum3003,230.819838017,0.50006679359,World/hcal_top/hcal_top_cover_1_placement
54,Aluminum3003,254.194542192,0.50006679359,World/hcal_top/hcal_top_cover_2_placement
54,Scintillator,1193.81360727,20.0026717436,World/hcal_above_ecal/hcal_above_ecal_layer1_strip3
54,Scintillator,1219.21700039,20.0026717436,World/hcal_above_ecal/hcal_above_ecal_layer2_strip4
54,Scintillator,1244.6203935,20.0026717436,World/hcal_above_ecal/hcal_above_ecal_layer3_strip3
54,Scintillator,1270.02378662,20.0026717436,World/hcal_above_ecal/hcal_above_ecal_layer4_strip4
54,Aluminum3003,1193.31354048,0.50006679359,World/hcal_above_ecal/hcal_above_ecal_cover_1_placement
54,Aluminum3003,1218.71693359,0.50006679359,World/hcal_above_ecal/hcal_above_ecal_cover_2_placement
54,Aluminum3003,1244.12032671,0.50006679359,World/hcal_above_ecal/hcal_above_ecal_cover_3_placement
54,Aluminum3003,1269.52371982,0.50006679359,World/hcal_above_ecal/hcal_above_ecal_cover_4_placement
54,Scintillator,1698.72262861,20.0026717436,World/hcal_below_ecal/hcal_below_ecal_layer1_strip5
54,Scintillator,1722.25018523,20.0026717436,World/hcal_below_ecal/hcal_below_ecal_layer2_strip6
54,Scintillator,1745.77774186,20.0026717436,World/hcal_below_ecal/hcal_below_ecal_layer3_strip5
54,Scintillator,1769.30529848,20.0026717436,World/hcal_below_ecal/hcal_below_ecal_layer4_strip6
54,Aluminum3003,1698.22256182,0.50006679359,World/hcal_below_ecal/hcal_below_ecal_cover_1_placement
54,Aluminum3003,1721.75011844,0.50006679359,World/hcal_below_ecal/hcal_below_ecal_cover_2_placement
54,Aluminum3003,1745.27767506,0.50006679359,World/hcal_below_ecal/hcal_below_ecal_cover_3_placement
54,Aluminum3003,1768.80523169,0.50006679359,World/hcal_below_ecal/hcal_below_ecal_cover_4_placement
55,Polyvinyltoluene,854.449445424,2.00008777949,World/native_target/trigger_pad3_bar_volume_14
55,Polyvinyltoluene,858.449620983,2.00008777949,World/native_target/trigger_pad3_bar_volume_15
55,LYSO,932.952890769,0.600026333848,World/native_target/lvTarget_3/lvTargetArray1_phys/target_0
55,LYSO,933.752925881,0.600026333848,World/native_target/lvTarget_3/lvTargetArray2_phys/target_0
55,Polyvinyltoluene,628.839543897,2.00008777949,World/native_trig_scint/trigger_pad2_bar_volume_13
55,Polyvinyltoluene,549.636067829,2.00008777949,World/native_trig_scint/trigger_pad1_bar_volume_12
55,Polyvinyltoluene,553.636243388,2.00008777949,World/native_trig_scint/trigger_pad1_bar_volume_13
55,Polyvinyltoluene,624.839368338,2.00008777949,World/native_trig_scint/trigger_pad2_bar_volume_14
55,Silicon,689.982227316,0.320014044719,World/native_recoil/recoil_l14_sensor_vol_10/recoil_l14_active_sensor
55,Silicon,695.982490655,0.320014044719,World/native_recoil/recoil_l14_sensor_vol_20/recoil_l14_active_sensor
55,Silicon,789.986616291,0.320014044719,World/native_recoil/recoil_l14_sensor_vol_30/recoil_l14_active_sensor
55,Silicon,795.986879629,0.320014044719,World/native_recoil/recoil_l14_sensor_vol_40/recoil_l14_active_sensor
55,Scintillator,231.299158781,20.0008777949,World/hcal_top/hcal_top_layer1_strip6
55,Scintillator,254.671766584,20.0008777949,World/hcal_top/hcal_top_layer2_strip5
55,Aluminum3003,230.799136836,0.500021944873,World/hcal_top/hcal_top_cover_1_placement
55,Aluminum3003,254.171744639,0.500021944873,World/hcal_top/hcal_top_cover_2_placement
55,Scintillator,1193.70653956,20.0008777949,World/hcal_above_ecal/hcal_above_ecal_layer1_strip3
55,Scintillator,1219.10765436,20.0008777949,World/hcal_above_ecal/hcal_above_ecal_layer2_strip4
55,Scintillator,1244.50876916,20.0008777949,World/hcal_above_ecal/hcal_above_ecal_layer3_strip3
55,Scintillator,1269.90988396,20.0008777949,World/hcal_above_ecal/hcal_above_ecal_layer4_strip4
55,Aluminum3003,1193.20651761,0.500021944873,World/hcal_above_ecal/hcal_above_ecal_cover_1_placement
55,Aluminum3003,1218.60763241,0.500021944873,World/hcal_above_ecal/hcal_above_ecal_cover_2_placement
55,Aluminum3003,1244.00874721,0.500021944873,World/hcal_above_ecal/hcal_above_ecal_cover_3_placement
55,Aluminum3003,1269.40986201,0.500021944873,World/hcal_above_ecal/hcal_above_ecal_cover_4_placement
55,Scintillator,1698.5702779,20.0008777949,World/hcal_below_ecal/hcal_below_ecal_layer1_strip4
55,Scintillator,1722.09572445,20.0008777949,World/hcal_below_ecal/hcal_below_ecal_layer2_strip6
55,Scintillator,1745.62117099,20.0008777949,World/hcal_below_ecal/hcal_below_ecal_layer3_strip4
55,Scintillator,1769.14661753,20.0008777949,World/hcal_below_ecal/hcal_below_ecal_layer4_strip6
55,Aluminum3003,1698.07025596,0.500021944873,World/hcal_below_ecal/hcal_below_ecal_cover_1_placement
55,Aluminum3003,1721.5957025,0.500021944873,World/hcal_below_ecal/hcal_below_ecal_cover_2_placement
55,Aluminum3003,1745.12114905,0.500021944873,World/hcal_below_ecal/hcal_below_ecal_cover_3_placement
55,Aluminum3003,1768.64659559,0.500021944873,World/hcal_below_ecal/hcal_below_ecal_cover_4_placement
56,Polyvinyltoluene,857.741195859,2.00779308009,World/native_target/trigger_pad3_bar_volume_18
56,Polyvinyltoluene,861.756782019,2.00779308009,World/native_target/trigger_pad3_bar_volume_19
56,LYSO,936.547074252,0.602337924026,World/native_target/lvTarget_3/lvTargetArray1_phys/target_0
56,LYSO,937.350191484,0.602337924026,World/native_target/lvTarget_3/lvTargetArray2_phys/target_0
56,Polyvinyltoluene,551.753530454,2.00779308009,World/native_trig_scint/trigger_pad1_bar_volume_6
56,Polyvinyltoluene,555.769116614,2.00779308009,World/native_trig_scint/trigger_pad1_bar_volume_7
56,Polyvinyltoluene,631.262136425,2.00779308009,World/native_trig_scint/trigger_pad2_bar_volume_9
56,Polyvinyltoluene,627.246550265,2.00779308009,World/native_trig_scint/trigger_pad2_bar_volume_10
56,Silicon,692.640370883,0.321246892814,World/native_recoil/recoil_l14_sensor_vol_10/recoil_l14_active_sensor
56,Silicon,698.663750123,0.321246892814,World/native_recoil/recoil_l14_sensor_vol_20/recoil_l14_active_sensor
56,Silicon,793.030024887,0.321246892814,World/native_recoil/recoil_l14_sensor_vol_30/recoil_l14_active_sensor
56,Silicon,799.053404128,0.321246892814,World/native_recoil/recoil_l14_sensor_vol_40/recoil_l14_active_sensor
56,Scintillator,232.190234444,20.0779308009,World/hcal_top/hcal_top_layer1_strip5
56,Scintillator,255.65288478,20.0779308009,World/hcal_top/hcal_top_layer2_strip5
56,Aluminum3003,231.688286174,0.501948270021,World/hcal_top/hcal_top_cover_1_placement
56,Aluminum3003,255.15093651,0.501948270021,World/hcal_top/hcal_top_cover_2_placement
56,Scintillator,1198.30527157,20.0779308009,World/hcal_above_ecal/hcal_above_ecal_layer1_strip2
56,Scintillator,1223.80424369,20.0779308009,World/hcal_above_ecal/hcal_above_ecal_layer2_strip5
56,Scintillator,1249.30321581,20.0779308009,World/hcal_above_ecal/hcal_above_ecal_layer3_strip2
56,Scintillator,1274.80218793,20.0779308009,World/hcal_above_ecal/hcal_above_ecal_layer4_strip5
56,Aluminum3003,1197.8033233,0.501948270021,World/hcal_above_ecal/hcal_above_ecal_cover_1_placement
56,Aluminum3003,1223.30229542,0.501948270021,World/hcal_above_ecal/hcal_above_ecal_cover_2_placement
56,Aluminum3003,1248.80126754,0.501948270021,World/hcal_above_ecal/hcal_above_ecal_cover_3_placement
56,Aluminum3003,1274.30023966,0.501948270021,World/hcal_above_ecal/hcal_above_ecal_cover_4_placement
56,Scintillator,1705.11398799,20.0779308009,World/hcal_below_ecal/hcal_below_ecal_layer1_strip3
56,Scintillator,1728.73006587,20.0779308009,World/hcal_below_ecal/hcal_below_ecal_layer2_strip7
56,Scintillator,1752.34614375,20.0779308009,World/hcal_below_ecal/hcal_below_ecal_layer3_strip3
56,Scintillator,1775.96222164,20.0779308009,World/hcal_below_ecal/hcal_below_ecal_layer4_strip7
56,Aluminum3003,1704.61203972,0.501948270021,World/hcal_below_ecal/hcal_below_ecal_cover_1_placement
56,Aluminum3003,1728.2281176,0.501948270021,World/hcal_below_ecal/hcal_below_ecal_cover_2_placement
56,Aluminum3003,1751.84419548,0.501948270021,World/hcal_below_ecal/hcal_below_ecal_cover_3_placement
56,Aluminum3003,1775.46027337,0.501948270021,World/hcal_below_ecal/hcal_below_ecal_cover_4_placement
57,Polyvinyltoluene,859.921027587,2.00351598576,World/native_target/trigger_pad3_bar_volume_5
57,Polyvinyltoluene,855.913995615,2.00351598576,World/native_target/trigger_pad3_bar_volume_6
57,LYSO,934.551998056,0.601054795727,World/native_target/lvTarget_3/lvTargetArray1_phys/target_0
57,LYSO,935.353404451,0.601054795727,World/native_target/lvTarget_3/lvTargetArray2_phys/target_0
57,Polyvinyltoluene,629.917392422,2.00351598576,World/native_trig_scint/trigger_pad2_bar_volume_13
57,Polyvinyltoluene,625.91036045,1.54386094057,World/native_trig_scint/trigger_pad2_bar_volume_14
57,Polyvinyltoluene,554.585191358,2.00351598576,World/native_trig_scint/trigger_pad1_bar_volume_15
57,Polyvinyltoluene,550.578159386,2.00351598576,World/native_trig_scint/trigger_pad1_bar_volume_16
57,Silicon,691.164876107,0.320562557721,World/native_recoil/recoil_l14_sensor_vol_10/recoil_l14_active_sensor
57,Silicon,697.175424064,0.320562557721,World/native_recoil/recoil_l14_sensor_vol_20/recoil_l14_active_sensor
57,Silicon,791.340675394,0.320562557721,World/native_recoil/recoil_l14_sensor_vol_30/recoil_l14_active_sensor
57,Silicon,797.351223352,0.320562557721,World/native_recoil/recoil_l14_sensor_vol_40/recoil_l14_active_sensor
57,Scintillator,231.695611993,20.0351598576,World/hcal_top/hcal_top_layer1_strip6
57,Scintillator,255.108281098,20.0351598576,World/hcal_top/hcal_top_layer2_strip4
57,Aluminum3003,231.194732996,0.500878996439,World/hcal_top/hcal_top_cover_1_placement
57,Aluminum3003,254.607402102,0.500878996439,World/hcal_top/hcal_top_cover_2_placement
57,Scintillator,1195.75258588,20.0351598576,World/hcal_above_ecal/hcal_above_ecal_layer1_strip3
57,Scintillator,1221.19723889,20.0351598576,World/hcal_above_ecal/hcal_above_ecal_layer2_strip4
57,Scintillator,1246.64189191,20.0351598576,World/hcal_above_ecal/hcal_above_ecal_layer3_strip3
57,Scintillator,1272.08654493,20.0351598576,World/hcal_above_ecal/hcal_above_ecal_layer4_strip4
57,Aluminum3003,1195.25170688,0.500878996439,World/hcal_above_ecal/hcal_above_ecal_cover_1_placement
57,Aluminum3003,1220.6963599,0.500878996439,World/hcal_above_ecal/hcal_above_ecal_cover_2_placement
57,Aluminum3003,1246.14101292,0.500878996439,World/hcal_above_ecal/hcal_above_ecal_cover_3_placement
57,Aluminum3003,1271.58566594,0.500878996439,World/hcal_above_ecal/hcal_above_ecal_cover_4_placement
57,Scintillator,1701.48167476,20.0351598576,World/hcal_below_ecal/hcal_below_ecal_layer1_strip6
57,Scintillator,1725.04744457,20.0351598576,World/hcal_below_ecal/hcal_below_ecal_layer2_strip5
57,Scintillator,1748.61321439,20.0351598576,World/hcal_below_ecal/hcal_below_ecal_layer3_strip6
57,Scintillator,1772.1789842,20.0351598576,World/hcal_below_ecal/hcal_below_ecal_layer4_strip5
57,Aluminum3003,1700.98079576,0.500878996439,World/hcal_below_ecal/hcal_below_ecal_cover_1_placement
57,Aluminum3003,1724.54656557,0.500878996439,World/hcal_below_ecal/hcal_below_ecal_cover_2_placement
57,Aluminum3003,1748.11233539,0.500878996439,World/hcal_below_ecal/hcal_below_ecal_cover_3_placement
57,Aluminum3003,1771.6781052,0.500878996439,World/hcal_below_ecal/hcal_below_ecal_cover_4_placement
58,Polyvinyltoluene,860.031375666,2.00377308395,World/native_target/trigger_pad3_bar_volume_13
58,Polyvinyltoluene,856.023829498,2.00377308395,World/native_target/trigger_pad3_bar_volume_14
58,LYSO,934.671923043,0.601131925184,World/native_target/lvTarget_3/lvTargetArray1_phys/target_0
58,LYSO,935.473432277,0.601131925185,World/native_target/lvTarget_3/lvTargetArray2_phys/target_0
58,Polyvinyltoluene,554.656357673,2.00377308395,World/native_trig_scint/trigger_pad1_bar_volume_1
58,Polyvinyltoluene,550.648811505,2.00377308395,World/native_trig_scint/trigger_pad1_bar_volume_2
58,Polyvinyltoluene,625.990679461,2.00377308395,World/native_trig_scint/trigger_pad2_bar_volume_4
58,Polyvinyltoluene,629.998225629,2.00377308395,World/native_trig_scint/trigger_pad2_bar_volume_5
58,Silicon,691.253568805,0.320603693432,World/native_recoil/recoil_l14_sensor_vol_10/recoil_l14_active_sensor
58,Silicon,697.264888057,0.320603693432,World/native_recoil/recoil_l14_sensor_vol_20/recoil_l14_active_sensor
58,Silicon,791.442223003,0.320603693432,World/native_recoil/recoil_l14_sensor_vol_30/recoil_l14_active_sensor
58,Silicon,797.453542255,0.320603693432,World/native_recoil/recoil_l14_sensor_vol_40/recoil_l14_active_sensor
58,Scintillator,231.725343985,20.0377308395,World/hcal_top/hcal_top_layer1_strip6
58,Scintillator,255.141017487,20.0377308395,World/hcal_top/hcal_top_layer2_strip5
58,Aluminum3003,231.224400714,0.500943270987,World/hcal_top/hcal_top_cover_1_placement
58,Aluminum3003,254.640074216,0.500943270987,World/hcal_top/hcal_top_cover_2_placement
58,Scintillator,1195.90602904,20.0377308395,World/hcal_above_ecal/hcal_above_ecal_layer1_strip2
58,Scintillator,1221.3539472,20.0377308395,World/hcal_above_ecal/hcal_above_ecal_layer2_strip4
58,Scintillator,1246.80186537,20.0377308395,World/hcal_above_ecal/hcal_above_ecal_layer3_strip2
58,Scintillator,1272.24978354,20.0377308395,World/hcal_above_ecal/hcal_above_ecal_layer4_strip4
58,Aluminum3003,1195.40508577,0.500943270987,World/hcal_above_ecal/hcal_above_ecal_cover_1_placement
58,Aluminum3003,1220.85300393,0.500943270987,World/hcal_above_ecal/hcal_above_ecal_cover_2_placement
58,Aluminum3003,1246.3009221,0.500943270987,World/hcal_above_ecal/hcal_above_ecal_cover_3_placement
58,Aluminum3003,1271.74884027,0.500943270987,World/hcal_above_ecal/hcal_above_ecal_cover_4_placement
58,Scintillator,1701.70001485,20.0377308395,World/hcal_below_ecal/hcal_below_ecal_layer1_strip3
58,Scintillator,1725.2688087,20.0377308395,World/hcal_below_ecal/hcal_below_ecal_layer2_strip6
58,Scintillator,1748.83760256,20.0377308395,World/hcal_below_ecal/hcal_below_ecal_layer3_strip3
58,Scintillator,1772.40639642,20.0377308395,World/hcal_below_ecal/hcal_below_ecal_layer4_strip6
58,Aluminum3003,1701.19907158,0.500943270987,World/hcal_below_ecal/hcal_below_ecal_cover_1_placement
58,Aluminum3003,1724.76786543,0.500943270987,World/hcal_below_ecal/hcal_below_ecal_cover_2_placement
58,Aluminum3003,1748.33665929,0.500943270987,World/hcal_below_ecal/hcal_below_ecal_cover_3_placement
58,Aluminum3003,1771.90545315,0.500943270987,World/hcal_below_ecal/hcal_below_ecal_cover_4_placement
59,Polyvinyltoluene,859.430964313,2.01174847529,World/native_target/trigger_pad3_bar_volume_20
59,Polyvinyltoluene,863.454461264,2.01174847529,World/native_target/trigger_pad3_bar_volume_21
59,LYSO,938.392091968,0.603524542586,World/native_target/lvTarget_3/lvTargetArray1_phys/target_0
59,LYSO,939.196791358,0.603524542586,World/native_target/lvTarget_3/lvTargetArray2_phys/target_0
59,Polyvinyltoluene,556.86399363,2.01174847529,World/native_trig_scint/trigger_pad1_bar_volume_1
59,Polyvinyltoluene,552.84049668,2.01174847529,World/native_trig_scint/trigger_pad1_bar_volume_2
59,Polyvinyltoluene,628.48223935,2.01174847529,World/native_trig_scint/trigger_pad2_bar_volume_6
59,Polyvinyltoluene,632.505736301,2.01174847529,World/native_trig_scint/trigger_pad2_bar_volume_7
59,Silicon,694.00488719,0.321879756046,World/native_recoil/recoil_l14_sensor_vol_10/recoil_l14_active_sensor
59,Silicon,700.040132616,0.321879756046,World/native_recoil/recoil_l14_sensor_vol_20/recoil_l14_active_sensor
59,Silicon,794.592310955,0.321879756046,World/native_recoil/recoil_l14_sensor_vol_30/recoil_l14_active_sensor
59,Silicon,800.627556381,0.321879756046,World/native_recoil/recoil_l14_sensor_vol_40/recoil_l14_active_sensor
59,Scintillator,232.647654159,20.1174847529,World/hcal_top/hcal_top_layer1_strip6
59,Scintillator,256.156526417,20.1174847529,World/hcal_top/hcal_top_layer2_strip5
59,Aluminum3003,232.14471704,0.502937118822,World/hcal_top/hcal_top_cover_1_placement
59,Aluminum3003,255.653589298,0.502937118822,World/hcal_top/hcal_top_cover_2_placement
59,Scintillator,1200.66595852,20.1174847529,World/hcal_above_ecal/hcal_above_ecal_layer1_strip2
59,Scintillator,1226.21516416,20.1174847529,World/hcal_above_ecal/hcal_above_ecal_layer2_strip4
59,Scintillator,1251.7643698,20.1174847529,World/hcal_above_ecal/hcal_above_ecal_layer3_strip2
59,Scintillator,1277.31357543,5.37609787524,World/hcal_above_ecal/hcal_above_ecal_layer4_strip4
59,Scintillator,1282.68967331,14.7413868776,World/hcal_above_ecal/hcal_above_ecal_layer4_strip5
59,Aluminum3003,1200.1630214,0.502937118822,World/hcal_above_ecal/hcal_above_ecal_cover_1_placement
59,Aluminum3003,1225.71222704,0.502937118822,World/hcal_above_ecal/hcal_above_ecal_cover_2_placement
59,Aluminum3003,1251.26143268,0.502937118822,World/hcal_above_ecal/hcal_above_ecal_cover_3_placement
59,Aluminum3003,1276.81063831,0.502937118822,World/hcal_above_ecal/hcal_above_ecal_cover_4_placement
59,Scintillator,1708.47309892,20.1174847529,World/hcal_below_ecal/hcal_below_ecal_layer1_strip3
59,Scintillator,1732.13570098,20.1174847529,World/hcal_below_ecal/hcal_below_ecal_layer2_strip7
59,Scintillator,1755.79830304,20.1174847529,World/hcal_below_ecal/hcal_below_ecal_layer3_strip2
59,Scintillator,1779.4609051,20.1174847529,World/hcal_below_ecal/hcal_below_ecal_layer4_strip7
59,Aluminum3003,1707.9701618,0.502937118822,World/hcal_below_ecal/hcal_below_ecal_cover_1_placement
59,Aluminum3003,1731.63276386,0.502937118822,World/hcal_below_ecal/hcal_below_ecal_cover_2_placement
59,Aluminum3003,1755.29536592,0.502937118822,World/hcal_below_ecal/hcal_below_ecal_cover_3_placement
59,Aluminum3003,1778.95796798,0.502937118822,World/hcal_below_ecal/hcal_below_ecal_cover_4_placement
60,Polyvinyltoluene,855.951605236,2.00360402203,World/native_target/trigger_pad3_bar_volume_10
60,Polyvinyltoluene,859.95881328,2.00360402203,World/native_target/trigger_pad3_bar_volume_11
60,LYSO,934.5930631,0.601081206608,World/native_target/lvTarget_3/lvTargetArray1_phys/target_0
60,LYSO,935.394504709,0.601081206608,World/native_target/lvTarget_3/lvTargetArray2_phys/target_0
60,Polyvinyltoluene,629.945071551,2.00360402203,World/native_trig_scint/trigger_pad2_bar_volume_19
60,Polyvinyltoluene,625.937863507,2.00360402203,World/native_trig_scint/trigger_pad2_bar_volume_20
60,Polyvinyltoluene,554.609560323,2.00360402203,World/native_trig_scint/trigger_pad1_bar_volume_21
60,Polyvinyltoluene,550.602352279,2.00360402203,World/native_trig_scint/trigger_pad1_bar_volume_22
60,Silicon,691.195246504,0.320576643524,World/native_recoil/recoil_l14_sensor_vol_10/recoil_l14_active_sensor
60,Silicon,697.20605857,0.320576643524,World/native_recoil/recoil_l14_sensor_vol_20/recoil_l14_active_sensor
60,Silicon,791.375447606,0.320576643524,World/native_recoil/recoil_l14_sensor_vol_30/recoil_l14_active_sensor
60,Silicon,797.386259672,0.320576643524,World/native_recoil/recoil_l14_sensor_vol_40/recoil_l14_active_sensor
60,Scintillator,231.705792903,20.0360402203,World/hcal_top/hcal_top_layer1_strip6
60,Scintillator,255.119490783,20.0360402203,World/hcal_top/hcal_top_layer2_strip4
60,Aluminum3003,231.204891898,0.500901005507,World/hcal_top/hcal_top_cover_1_placement
60,Aluminum3003,254.618589777,0.500901005507,World/hcal_top/hcal_top_cover_2_placement
60,Scintillator,1195.8051283,20.0360402203,World/hcal_above_ecal/hcal_above_ecal_layer1_strip3
60,Scintillator,1221.25089938,20.0360402203,World/hcal_above_ecal/hcal_above_ecal_layer2_strip4
60,Scintillator,1246.69667046,20.0360402203,World/hcal_above_ecal/hcal_above_ecal_layer3_strip3
60,Scintillator,1272.14244154,20.0360402203,World/hcal_above_ecal/hcal_above_ecal_layer4_strip4
60,Aluminum3003,1195.3042273,0.500901005507,World/hcal_above_ecal/hcal_above_ecal_cover_1_placement
60,Aluminum3003,1220.74999838,0.500901005507,World/hcal_above_ecal/hcal_above_ecal_cover_2_placement
60,Aluminum3003,1246.19576946,0.500901005507,World/hcal_above_ecal/hcal_above_ecal_cover_3_placement
60,Aluminum3003,1271.64154054,0.500901005507,World/hcal_above_ecal/hcal_above_ecal_cover_4_placement
60,Scintillator,1701.55643937,20.0360402203,World/hcal_below_ecal/hcal_below_ecal_layer1_strip6
60,Scintillator,1725.12324469,20.0360402203,World/hcal_below_ecal/hcal_below_ecal_layer2_strip6
60,Scintillator,1748.69005,20.0360402203,World/hcal_below_ecal/hcal_below_ecal_layer3_strip6
60,Scintillator,1772.25685532,20.0360402203,World/hcal_below_ecal/hcal_below_ecal_layer4_strip6
60,Aluminum3003,1701.05553837,0.500901005506,World/hcal_below_ecal/hcal_below_ecal_cover_1_placement
60,Aluminum3003,1724.62234368,0.500901005506,World/hcal_below_ecal/hcal_below_ecal_cover_2_placement
60,Aluminum3003,1748.189149,0.500901005507,World/hcal_below_ecal/hcal_below_ecal_cover_3_placement
60,Aluminum3003,1771.75595431,0.500901005507,World/hcal_below_ecal/hcal_below_ecal_cover_4_placement
61,Polyvinyltoluene,854.500900093,2.00020822413,World/native_target/trigger_pad3_bar_volume_10
61,Polyvinyltoluene,858.501316541,2.00020822413,World/native_target/trigger_pad3_bar_volume_11
61,LYSO,933.00907289,0.60006246724,World/native_target/lvTarget_3/lvTargetArray1_phys/target_0
61,LYSO,933.80915618,0.60006246724,World/native_target/lvTarget_3/lvTargetArray2_phys/target_0
61,Polyvinyltoluene,553.669583183,2.00020822413,World/native_trig_scint/trigger_pad1_bar_volume_7
61,Polyvinyltoluene,624.876995962,2.00020822413,World/native_trig_scint/trigger_pad2_bar_volume_8
61,Polyvinyltoluene,628.877412411,2.00020822413,World/native_trig_scint/trigger_pad2_bar_volume_9
61,Polyvinyltoluene,549.669166735,2.00020822413,World/native_trig_scint/trigger_pad1_bar_volume_8
61,Silicon,690.023777822,0.320033315861,World/native_recoil/recoil_l14_sensor_vol_10/recoil_l14_active_sensor
61,Silicon,696.024402495,0.320033315861,World/native_recoil/recoil_l14_sensor_vol_20/recoil_l14_active_sensor
61,Silicon,790.034189029,0.320033315861,World/native_recoil/recoil_l14_sensor_vol_30/recoil_l14_active_sensor
61,Silicon,796.034813701,0.320033315861,World/native_recoil/recoil_l14_sensor_vol_40/recoil_l14_active_sensor
61,Scintillator,231.313087541,20.0020822413,World/hcal_top/hcal_top_layer1_strip6
61,Scintillator,254.687102836,20.0020822413,World/hcal_top/hcal_top_layer2_strip5
61,Aluminum3003,230.813035485,0.500052056033,World/hcal_top/hcal_top_cover_1_placement
61,Aluminum3003,254.18705078,0.500052056033,World/hcal_top/hcal_top_cover_2_placement
61,Scintillator,1193.77842418,20.0020822413,World/hcal_above_ecal/hcal_above_ecal_layer1_strip3
61,Scintillator,1219.18106863,20.0020822413,World/hcal_above_ecal/hcal_above_ecal_layer2_strip4
61,Scintillator,1244.58371307,20.0020822413,World/hcal_above_ecal/hcal_above_ecal_layer3_strip3
61,Scintillator,1269.98635752,20.0020822413,World/hcal_above_ecal/hcal_above_ecal_layer4_strip4
61,Aluminum3003,1193.27837212,0.500052056033,World/hcal_above_ecal/hcal_above_ecal_cover_1_placement
61,Aluminum3003,1218.68101657,0.500052056033,World/hcal_above_ecal/hcal_above_ecal_cover_2_placement
61,Aluminum3003,1244.08366102,0.500052056033,World/hcal_above_ecal/hcal_above_ecal_cover_3_placement
61,Aluminum3003,1269.48630546,0.500052056033,World/hcal_above_ecal/hcal_above_ecal_cover_4_placement
61,Scintillator,1698.67256526,20.0020822413,World/hcal_below_ecal/hcal_below_ecal_layer1_strip4
61,Scintillator,1722.19942849,20.0020822413,World/hcal_below_ecal/hcal_below_ecal_layer2_strip6
61,Scintillator,1745.72629173,20.0020822413,World/hcal_below_ecal/hcal_below_ecal_layer3_strip4
61,Scintillator,1769.25315497,20.0020822413,World/hcal_below_ecal/hcal_below_ecal_layer4_strip6
61,Aluminum3003,1698.1725132,0.500052056033,World/hcal_below_ecal/hcal_below_ecal_cover_1_placement
61,Aluminum3003,1721.69937644,0.500052056033,World/hcal_below_ecal/hcal_below_ecal_cover_2_placement
61,Aluminum3003,1745.22623968,0.500052056033,World/hcal_below_ecal/hcal_below_ecal_cover_3_placement
61,Aluminum3003,1768.75310291,0.500052056033,World/hcal_below_ecal/hcal_below_ecal_cover_4_placement
62,Polyvinyltoluene,854.533222241,2.00028388353,World/native_target/trigger_pad3_bar_volume_18
62,Polyvinyltoluene,858.533790008,2.00028388353,World/native_target/trigger_pad3_bar_volume_19
62,LYSO,933.044364669,0.60008516506,World/native_target/lvTarget_3/lvTargetArray1_phys/target_0
62,LYSO,933.844478223,0.60008516506,World/native_target/lvTarget_3/lvTargetArray2_phys/target_0
62,Polyvinyltoluene,624.900632411,2.00028388353,World/native_trig_scint/trigger_pad2_bar_volume_18
62,Polyvinyltoluene,628.901200178,2.00028388353,World/native_trig_scint/trigger_pad2_bar_volume_19
62,Polyvinyltoluene,549.68995839,2.00028388353,World/native_trig_scint/trigger_pad1_bar_volume_18
62,Polyvinyltoluene,553.690526157,2.00028388353,World/native_trig_scint/trigger_pad1_bar_volume_19
62,Silicon,690.049878498,0.320045421365,World/native_recoil/recoil_l14_sensor_vol_10/recoil_l14_active_sensor
62,Silicon,696.050730148,0.320045421365,World/native_recoil/recoil_l14_sensor_vol_20/recoil_l14_active_sensor
62,Silicon,790.064072674,0.320045421365,World/native_recoil/recoil_l14_sensor_vol_30/recoil_l14_active_sensor
62,Silicon,796.064924325,0.320045421365,World/native_recoil/recoil_l14_sensor_vol_40/recoil_l14_active_sensor
62,Scintillator,231.321837135,20.0028388353,World/hcal_top/hcal_top_layer1_strip6
62,Scintillator,254.696736569,20.0028388353,World/hcal_top/hcal_top_layer2_strip4
62,Aluminum3003,230.821766164,0.500070970883,World/hcal_top/hcal_top_cover_1_placement
62,Aluminum3003,254.196665598,0.500070970883,World/hcal_top/hcal_top_cover_2_placement
62,Scintillator,1193.82357976,20.0028388353,World/hcal_above_ecal/hcal_above_ecal_layer1_strip2
62,Scintillator,1219.22718508,20.0028388353,World/hcal_above_ecal/hcal_above_ecal_layer2_strip4
62,Scintillator,1244.6307904,20.0028388353,World/hcal_above_ecal/hcal_above_ecal_layer3_strip2
62,Scintillator,1270.03439572,20.0028388353,World/hcal_above_ecal/hcal_above_ecal_layer4_strip4
62,Aluminum3003,1193.32350879,0.500070970883,World/hcal_above_ecal/hcal_above_ecal_cover_1_placement
62,Aluminum3003,1218.72711411,0.500070970883,World/hcal_above_ecal/hcal_above_ecal_cover_2_placement
62,Aluminum3003,1244.13071943,0.500070970883,World/hcal_above_ecal/hcal_above_ecal_cover_3_placement
62,Aluminum3003,1269.53432475,0.500070970883,World/hcal_above_ecal/hcal_above_ecal_cover_4_placement
62,Scintillator,1698.73681884,20.0028388353,World/hcal_below_ecal/hcal_below_ecal_layer1_strip4
62,Scintillator,1722.264572,20.0028388353,World/hcal_below_ecal/hcal_below_ecal_layer2_strip6
62,Scintillator,1745.79232516,20.0028388353,World/hcal_below_ecal/hcal_below_ecal_layer3_strip4
62,Scintillator,1769.32007832,20.0028388353,World/hcal_below_ecal/hcal_below_ecal_layer4_strip6
62,Aluminum3003,1698.23674787,0.500070970883,World/hcal_below_ecal/hcal_below_ecal_cover_1_placement
62,Aluminum3003,1721.76450103,0.500070970883,World/hcal_below_ecal/hcal_below_ecal_cover_2_placement
62,Aluminum3003,1745.29225419,0.500070970883,World/hcal_below_ecal/hcal_below_ecal_cover_3_placement
62,Aluminum3003,1768.82000735,0.500070970883,World/hcal_below_ecal/hcal_below_ecal_cover_4_placement
63,Polyvinyltoluene,858.574763726,2.00037934753,World/native_target/trigger_pad3_bar_volume_7
63,Polyvinyltoluene,854.574005031,2.00037934753,World/native_target/trigger_pad3_bar_volume_8
63,LYSO,933.088894421,0.600113804259,World/native_target/lvTarget_3/lvTargetArray1_phys/target_0
63,LYSO,933.88904616,0.600113804259,World/native_target/lvTarget_3/lvTargetArray2_phys/target_0
63,Polyvinyltoluene,628.931214629,2.00037934753,World/native_trig_scint/trigger_pad2_bar_volume_9
63,Polyvinyltoluene,624.930455934,2.00037934753,World/native_trig_scint/trigger_pad2_bar_volume_10
63,Polyvinyltoluene,549.716192467,2.00037934753,World/native_trig_scint/trigger_pad1_bar_volume_10
63,Polyvinyltoluene,553.716951162,2.00037934753,World/native_trig_scint/trigger_pad1_bar_volume_11
63,Silicon,690.082811283,0.320060695605,World/native_recoil/recoil_l14_sensor_vol_10/recoil_l14_active_sensor
63,Silicon,696.083949326,0.320060695605,World/native_recoil/recoil_l14_sensor_vol_20/recoil_l14_active_sensor
63,Silicon,790.10177866,0.320060695605,World/native_recoil/recoil_l14_sensor_vol_30/recoil_l14_active_sensor
63,Silicon,796.102916703,0.320060695605,World/native_recoil/recoil_l14_sensor_vol_40/recoil_l14_active_sensor
63,Scintillator,231.332877021,20.0037934753,World/hcal_top/hcal_top_layer1_strip6
63,Scintillator,254.708892028,10.2397437322,World/hcal_top/hcal_top_layer2_strip4
63,Scintillator,264.948635761,9.76404974307,World/hcal_top/hcal_top_layer2_strip5
63,Aluminum3003,230.832782185,0.500094836883,World/hcal_top/hcal_top_cover_1_placement
63,Aluminum3003,254.208797192,0.500094836883,World/hcal_top/hcal_top_cover_2_placement
63,Scintillator,1193.88055526,20.0037934753,World/hcal_above_ecal/hcal_above_ecal_layer1_strip3
63,Scintillator,1219.28537297,20.0037934753,World/hcal_above_ecal/hcal_above_ecal_layer2_strip4
63,Scintillator,1244.69019068,20.0037934753,World/hcal_above_ecal/hcal_above_ecal_layer3_strip3
63,Scintillator,1270.0950084,20.0037934753,World/hcal_above_ecal/hcal_above_ecal_layer4_strip4
63,Aluminum3003,1193.38046042,0.500094836883,World/hcal_above_ecal/hcal_above_ecal_cover_1_placement
63,Aluminum3003,1218.78527813,0.500094836882,World/hcal_above_ecal/hcal_above_ecal_cover_2_placement
63,Aluminum3003,1244.19009585,0.500094836883,World/hcal_above_ecal/hcal_above_ecal_cover_3_placement
63,Aluminum3003,1269.59491356,0.500094836883,World/hcal_above_ecal/hcal_above_ecal_cover_4_placement
63,Scintillator,1698.81789144,20.0037934753,World/hcal_below_ecal/hcal_below_ecal_layer1_strip5
63,Scintillator,1722.34676746,20.0037934753,World/hcal_below_ecal/hcal_below_ecal_layer2_strip6
63,Scintillator,1745.87564349,20.0037934753,World/hcal_below_ecal/hcal_below_ecal_layer3_strip5
63,Scintillator,1769.40451952,20.0037934753,World/hcal_below_ecal/hcal_below_ecal_layer4_strip6
63,Aluminum3003,1698.3177966,0.500094836883,World/hcal_below_ecal/hcal_below_ecal_cover_1_placement
63,Aluminum3003,1721.84667263,0.500094836883,World/hcal_below_ecal/hcal_below_ecal_cover_2_placement
63,Aluminum3003,1745.37554865,0.500094836883,World/hcal_below_ecal/hcal_below_ecal_cover_3_placement
63,Aluminum3003,1768.90442468,0.500094836883,World/hcal_below_ecal/hcal_below_ecal_cover_4_placement
64,Polyvinyltoluene,855.12477624,2.00166858796,World/native_target/trigger_pad3_bar_volume_20
64,Polyvinyltoluene,859.128113416,2.00166858796,World/native_target/trigger_pad3_bar_volume_21
64,LYSO,933.690268318,0.600500576386,World/native_target/lvTarget_3/lvTargetArray1_phys/target_0
64,LYSO,934.490935753,0.600500576387,World/native_target/lvTarget_3/lvTargetArray2_phys/target_0
64,Polyvinyltoluene,554.073820612,2.00166858796,World/native_trig_scint/trigger_pad1_bar_volume_13
64,Polyvinyltoluene,629.336559519,2.00166858796,World/native_trig_scint/trigger_pad2_bar_volume_15
64,Polyvinyltoluene,550.070483436,2.00166858796,World/native_trig_scint/trigger_pad1_bar_volume_14
64,Polyvinyltoluene,626.425753196,0.90913773528,World/native_trig_scint/trigger_pad2_bar_volume_16
64,Silicon,690.527568253,0.320266974073,World/native_recoil/recoil_l14_sensor_vol_10/recoil_l14_active_sensor
64,Silicon,696.532574017,0.320266974073,World/native_recoil/recoil_l14_sensor_vol_20/recoil_l14_active_sensor
64,Silicon,790.610997651,0.320266974073,World/native_recoil/recoil_l14_sensor_vol_30/recoil_l14_active_sensor
64,Silicon,796.616003415,0.320266974073,World/native_recoil/recoil_l14_sensor_vol_40/recoil_l14_active_sensor
64,Scintillator,231.481970591,20.0166858796,World/hcal_top/hcal_top_layer1_strip6
64,Scintillator,254.873051392,20.0166858796,World/hcal_top/hcal_top_layer2_strip5
64,Aluminum3003,230.981553444,0.500417146989,World/hcal_top/hcal_top_cover_1_placement
64,Aluminum3003,254.372634245,0.500417146989,World/hcal_top/hcal_top_cover_2_placement
64,Scintillator,1194.65000885,20.0166858796,World/hcal_above_ecal/hcal_above_ecal_layer1_strip2
64,Scintillator,1220.07119992,20.0166858796,World/hcal_above_ecal/hcal_above_ecal_layer2_strip4
64,Scintillator,1245.49239098,20.0166858796,World/hcal_above_ecal/hcal_above_ecal_layer3_strip2
64,Scintillator,1270.91358205,20.0166858796,World/hcal_above_ecal/hcal_above_ecal_layer4_strip4
64,Aluminum3003,1194.1495917,0.500417146989,World/hcal_above_ecal/hcal_above_ecal_cover_1_placement
64,Aluminum3003,1219.57078277,0.500417146989,World/hcal_above_ecal/hcal_above_ecal_cover_2_placement
64,Aluminum3003,1244.99197384,0.500417146989,World/hcal_above_ecal/hcal_above_ecal_cover_3_placement
64,Aluminum3003,1270.4131649,0.500417146989,World/hcal_above_ecal/hcal_above_ecal_cover_4_placement
64,Scintillator,1699.91277612,20.0166858796,World/hcal_below_ecal/hcal_below_ecal_layer1_strip4
64,Scintillator,1723.45681646,20.0166858796,World/hcal_below_ecal/hcal_below_ecal_layer2_strip6
64,Scintillator,1747.00085679,20.0166858796,World/hcal_below_ecal/hcal_below_ecal_layer3_strip4
64,Scintillator,1770.54489713,20.0166858796,World/hcal_below_ecal/hcal_below_ecal_layer4_strip6
64,Aluminum3003,1699.41235897,0.500417146989,World/hcal_below_ecal/hcal_below_ecal_cover_1_placement
64,Aluminum3003,1722.95639931,0.500417146989,World/hcal_below_ecal/hcal_below_ecal_cover_2_placement
64,Aluminum3003,1746.50043965,0.500417146989,World/hcal_below_ecal/hcal_below_ecal_cover_3_placement
64,Aluminum3003,1770.04447999,0.500417146989,World/hcal_below_ecal/hcal_below_ecal_cover_4_placement
65,Polyvinyltoluene,860.470699985,2.00479665852,World/native_target/trigger_pad3_bar_volume_1
65,Polyvinyltoluene,856.461106668,2.00479665852,World/native_target/trigger_pad3_bar_volume_2
65,LYSO,935.149375515,0.601438997555,World/native_target/lvTarget_3/lvTargetArray1_phys/target_0
65,LYSO,935.951294178,0.601438997555,World/native_target/lvTarget_3/lvTargetArray2_phys/target_0
65,Polyvinyltoluene,630.320043587,2.00479665852,World/native_trig_scint/trigger_pad2_bar_volume_3
65,Polyvinyltoluene,554.939689227,2.00479665852,World/native_trig_scint/trigger_pad1_bar_volume_3
65,Polyvinyltoluene,626.31045027,2.00479665852,World/native_trig_scint/trigger_pad2_bar_volume_4
65,Polyvinyltoluene,550.93009591,2.00479665852,World/native_trig_scint/trigger_pad1_bar_volume_4
65,Silicon,691.606677438,0.320767465363,World/native_recoil/recoil_l14_sensor_vol_10/recoil_l14_active_sensor
65,Silicon,697.621067414,0.320767465363,World/native_recoil/recoil_l14_sensor_vol_20/recoil_l14_active_sensor
65,Silicon,791.846510364,0.320767465363,World/native_recoil/recoil_l14_sensor_vol_30/recoil_l14_active_sensor
65,Silicon,797.860900339,0.320767465363,World/native_recoil/recoil_l14_sensor_vol_40/recoil_l14_active_sensor
65,Scintillator,231.843714759,20.0479665852,World/hcal_top/hcal_top_layer1_strip7
65,Scintillator,255.271349539,20.0479665852,World/hcal_top/hcal_top_layer2_strip5
65,Aluminum3003,231.342515594,0.501199164629,World/hcal_top/hcal_top_cover_1_placement
65,Aluminum3003,254.770150374,0.501199164629,World/hcal_top/hcal_top_cover_2_placement
65,Scintillator,1196.51692605,20.0479665852,World/hcal_above_ecal/hcal_above_ecal_layer1_strip3
65,Scintillator,1221.97784362,20.0479665852,World/hcal_above_ecal/hcal_above_ecal_layer2_strip3
65,Scintillator,1247.43876118,20.0479665852,World/hcal_above_ecal/hcal_above_ecal_layer3_strip3
65,Scintillator,1272.89967874,20.0479665852,World/hcal_above_ecal/hcal_above_ecal_layer4_strip3
65,Aluminum3003,1196.01572689,0.501199164629,World/hcal_above_ecal/hcal_above_ecal_cover_1_placement
65,Aluminum3003,1221.47664445,0.501199164629,World/hcal_above_ecal/hcal_above_ecal_cover_2_placement
65,Aluminum3003,1246.93756202,0.501199164629,World/hcal_above_ecal/hcal_above_ecal_cover_3_placement
65,Aluminum3003,1272.39847958,0.501199164629,World/hcal_above_ecal/hcal_above_ecal_cover_4_placement
65,Scintillator,1702.56928337,20.0479665852,World/hcal_below_ecal/hcal_below_ecal_layer1_strip5
65,Scintillator,1726.15011672,20.0479665852,World/hcal_below_ecal/hcal_below_ecal_layer2_strip5
65,Scintillator,1749.73095007,20.0479665852,World/hcal_below_ecal/hcal_below_ecal_layer3_strip5
65,Scintillator,1773.31178342,20.0479665852,World/hcal_below_ecal/hcal_below_ecal_layer4_strip5
65,Aluminum3003,1702.0680842,0.501199164629,World/hcal_below_ecal/hcal_below_ecal_cover_1_placement
65,Aluminum3003,1725.64891755,0.501199164629,World/hcal_below_ecal/hcal_below_ecal_cover_2_placement
65,Aluminum3003,1749.22975091,0.501199164629,World/hcal_below_ecal/hcal_below_ecal_cover_3_placement
65,Aluminum3003,1772.81058426,0.501199164629,World/hcal_below_ecal/hcal_below_ecal_cover_4_placement
66,Polyvinyltoluene,860.989062461,2.0060043828,World/native_target/trigger_pad3_bar_volume_7
66,Polyvinyltoluene,856.977053696,2.0060043828,World/native_target/trigger_pad3_bar_volume_8
66,LYSO,935.71272572,0.60180131484,World/native_target/lvTarget_3/lvTargetArray1_phys/target_0
66,LYSO,936.515127474,0.601801314841,World/native_target/lvTarget_3/lvTargetArray2_phys/target_0
66,Polyvinyltoluene,630.699759315,2.0060043828,World/native_trig_scint/trigger_pad2_bar_volume_17
66,Polyvinyltoluene,626.68775055,2.0060043828,World/native_trig_scint/trigger_pad2_bar_volume_18
66,Polyvinyltoluene,553.082539568,0.18545057151,World/native_trig_scint/trigger_pad1_bar_volume_20
66,Polyvinyltoluene,555.273994522,2.0060043828,World/native_trig_scint/trigger_pad1_bar_volume_21
66,Silicon,692.023313298,0.320960701248,World/native_recoil/recoil_l14_sensor_vol_10/recoil_l14_active_sensor
66,Silicon,698.041326446,0.320960701248,World/native_recoil/recoil_l14_sensor_vol_20/recoil_l14_active_sensor
66,Silicon,792.323532438,0.320960701248,World/native_recoil/recoil_l14_sensor_vol_30/recoil_l14_active_sensor
66,Silicon,798.341545586,0.320960701248,World/native_recoil/recoil_l14_sensor_vol_40/recoil_l14_active_sensor
66,Scintillator,231.983381434,20.060043828,World/hcal_top/hcal_top_layer1_strip6
66,Scintillator,255.425129428,20.060043828,World/hcal_top/hcal_top_layer2_strip4
66,Aluminum3003,231.481880338,0.5015010957,World/hcal_top/hcal_top_cover_1_placement
66,Aluminum3003,254.923628332,0.5015010957,World/hcal_top/hcal_top_cover_2_placement
66,Scintillator,1197.23772861,20.060043828,World/hcal_above_ecal/hcal_above_ecal_layer1_strip3
66,Scintillator,1222.71398427,20.060043828,World/hcal_above_ecal/hcal_above_ecal_layer2_strip4
66,Scintillator,1248.19023993,20.060043828,World/hcal_above_ecal/hcal_above_ecal_layer3_strip3
66,Scintillator,1273.66649559,20.060043828,World/hcal_above_ecal/hcal_above_ecal_layer4_strip4
66,Aluminum3003,1196.73622751,0.5015010957,World/hcal_above_ecal/hcal_above_ecal_cover_1_placement
66,Aluminum3003,1222.21248317,0.5015010957,World/hcal_above_ecal/hcal_above_ecal_cover_2_placement
66,Aluminum3003,1247.68873883,0.5015010957,World/hcal_above_ecal/hcal_above_ecal_cover_3_placement
66,Aluminum3003,1273.1649945,0.5015010957,World/hcal_above_ecal/hcal_above_ecal_cover_4_placement
66,Scintillator,1703.59494064,20.060043828,World/hcal_below_ecal/hcal_below_ecal_layer1_strip6
66,Scintillator,1727.18997949,20.060043828,World/hcal_below_ecal/hcal_below_ecal_layer2_strip5
66,Scintillator,1750.78501835,20.060043828,World/hcal_below_ecal/hcal_below_ecal_layer3_strip6
66,Scintillator,1774.3800572,20.060043828,World/hcal_below_ecal/hcal_below_ecal_layer4_strip5
66,Aluminum3003,1703.09343954,0.5015010957,World/hcal_below_ecal/hcal_below_ecal_cover_1_placement
66,Aluminum3003,1726.6884784,0.5015010957,World/hcal_below_ecal/hcal_below_ecal_cover_2_placement
66,Aluminum3003,1750.28351725,0.5015010957,World/hcal_below_ecal/hcal_below_ecal_cover_3_placement
66,Aluminum3003,1773.87855611,0.5015010957,World/hcal_below_ecal/hcal_below_ecal_cover_4_placement
67,Polyvinyltoluene,855.63951909,2.00287349351,World/native_target/trigger_pad3_bar_volume_14
67,Polyvinyltoluene,859.645266077,2.00287349351,World/native_target/trigger_pad3_bar_volume_15
67,LYSO,934.25230371,0.600862048053,World/native_target/lvTarget_3/lvTargetArray1_phys/target_0
67,LYSO,935.053453107,0.600862048053,World/native_target/lvTarget_3/lvTargetArray2_phys/target_0
67,Polyvinyltoluene,554.407345666,2.00287349351,World/native_trig_scint/trigger_pad1_bar_volume_5
67,Polyvinyltoluene,629.715389022,2.00287349351,World/native_trig_scint/trigger_pad2_bar_volume_7
67,Polyvinyltoluene,550.861237611,1.54323456135,World/native_trig_scint/trigger_pad1_bar_volume_6
67,Polyvinyltoluene,625.709642035,2.00287349351,World/native_trig_scint/trigger_pad2_bar_volume_8
67,Silicon,690.943231718,0.320459758961,World/native_recoil/recoil_l14_sensor_vol_10/recoil_l14_active_sensor
67,Silicon,696.951852199,0.320459758961,World/native_recoil/recoil_l14_sensor_vol_20/recoil_l14_active_sensor
67,Silicon,791.086906394,0.320459758961,World/native_recoil/recoil_l14_sensor_vol_30/recoil_l14_active_sensor
67,Silicon,797.095526874,0.320459758961,World/native_recoil/recoil_l14_sensor_vol_40/recoil_l14_active_sensor
67,Scintillator,231.621311295,20.0287349351,World/hcal_top/hcal_top_layer1_strip6
67,Scintillator,255.026472371,20.0287349351,World/hcal_top/hcal_top_layer2_strip5
67,Aluminum3003,231.120592922,0.500718373377,World/hcal_top/hcal_top_cover_1_placement
67,Aluminum3003,254.525753998,0.500718373377,World/hcal_top/hcal_top_cover_2_placement
67,Scintillator,1195.36912911,20.0287349351,World/hcal_above_ecal/hcal_above_ecal_layer1_strip2
67,Scintillator,1220.80562247,20.0287349351,World/hcal_above_ecal/hcal_above_ecal_layer2_strip4
67,Scintillator,1246.24211584,20.0287349351,World/hcal_above_ecal/hcal_above_ecal_layer3_strip2
67,Scintillator,1271.67860921,20.0287349351,World/hcal_above_ecal/hcal_above_ecal_layer4_strip4
67,Aluminum3003,1194.86841073,0.500718373377,World/hcal_above_ecal/hcal_above_ecal_cover_1_placement
67,Aluminum3003,1220.3049041,0.500718373377,World/hcal_above_ecal/hcal_above_ecal_cover_2_placement
67,Aluminum3003,1245.74139747,0.500718373377,World/hcal_above_ecal/hcal_above_ecal_cover_3_placement
67,Aluminum3003,1271.17789084,0.500718373377,World/hcal_above_ecal/hcal_above_ecal_cover_4_placement
67,Scintillator,1700.93603959,20.0287349351,World/hcal_below_ecal/hcal_below_ecal_layer1_strip4
67,Scintillator,1724.49425227,20.0287349351,World/hcal_below_ecal/hcal_below_ecal_layer2_strip5
67,Scintillator,1748.05246496,20.0287349351,World/hcal_below_ecal/hcal_below_ecal_layer3_strip4
67,Scintillator,1771.61067765,20.0287349351,World/hcal_below_ecal/hcal_below_ecal_layer4_strip5
67,Aluminum3003,1700.43532121,0.500718373377,World/hcal_below_ecal/hcal_below_ecal_cover_1_placement
67,Aluminum3003,1723.9935339,0.500718373377,World/hcal_below_ecal/hcal_below_ecal_cover_2_placement
67,Aluminum3003,1747.55174659,0.500718373377,World/hcal_below_ecal/hcal_below_ecal_cover_3_placement
67,Aluminum3003,1771.10995928,0.500718373377,World/hcal_below_ecal/hcal_below_ecal_cover_4_placement
68,Polyvinyltoluene,861.270304145,1.8120972001,World/native_target/trigger_pad3_bar_volume_1
68,Polyvinyltoluene,857.063779178,2.00620738905,World/native_target/trigger_pad3_bar_volume_2
68,LYSO,935.807419198,0.601862216715,World/native_target/lvTarget_3/lvTargetArray1_phys/target_0
68,LYSO,936.609902154,0.601862216715,World/native_target/lvTarget_3/lvTargetArray2_phys/target_0
68,Polyvinyltoluene,630.763585693,2.00620738905,World/native_trig_scint/trigger_pad2_bar_volume_11
68,Polyvinyltoluene,626.751170915,2.00620738905,World/native_trig_scint/trigger_pad2_bar_volume_12
68,Polyvinyltoluene,551.317773087,2.00620738905,World/native_trig_scint/trigger_pad1_bar_volume_14
68,Polyvinyltoluene,555.330187865,1.96559484821,World/native_trig_scint/trigger_pad1_bar_volume_15
68,Silicon,692.093345576,0.320993182248,World/native_recoil/recoil_l14_sensor_vol_10/recoil_l14_active_sensor
68,Silicon,698.111967743,0.320993182248,World/native_recoil/recoil_l14_sensor_vol_20/recoil_l14_active_sensor
68,Silicon,792.403715029,0.320993182248,World/native_recoil/recoil_l14_sensor_vol_30/recoil_l14_active_sensor
68,Silicon,798.422337196,0.320993182248,World/native_recoil/recoil_l14_sensor_vol_40/recoil_l14_active_sensor
68,Scintillator,232.006857991,15.2634777506,World/hcal_top/hcal_top_layer1_strip5
68,Scintillator,247.270335742,4.7985961399,World/hcal_top/hcal_top_layer1_strip6
68,Scintillator,255.450978273,20.0620738905,World/hcal_top/hcal_top_layer2_strip4
68,Aluminum3003,231.505306144,0.501551847263,World/hcal_top/hcal_top_cover_1_placement
68,Aluminum3003,254.949426426,0.501551847263,World/hcal_top/hcal_top_cover_2_placement
68,Scintillator,1197.35888823,20.0620738905,World/hcal_above_ecal/hcal_above_ecal_layer1_strip3
68,Scintillator,1222.83772207,20.0620738905,World/hcal_above_ecal/hcal_above_ecal_layer2_strip4
68,Scintillator,1248.31655591,8.13205827755,World/hcal_above_ecal/hcal_above_ecal_layer3_strip3
68,Scintillator,1256.44861419,11.930015613,World/hcal_above_ecal/hcal_above_ecal_layer3_strip4
68,Scintillator,1273.79538976,20.0620738905,World/hcal_above_ecal/hcal_above_ecal_layer4_strip4
68,Aluminum3003,1196.85733638,0.501551847263,World/hcal_above_ecal/hcal_above_ecal_cover_1_placement
68,Aluminum3003,1222.33617023,0.501551847263,World/hcal_above_ecal/hcal_above_ecal_cover_2_placement
68,Aluminum3003,1247.81500407,0.501551847263,World/hcal_above_ecal/hcal_above_ecal_cover_3_placement
68,Aluminum3003,1273.29383791,0.501551847263,World/hcal_above_ecal/hcal_above_ecal_cover_4_placement
68,Scintillator,1703.76734326,20.0620738905,World/hcal_below_ecal/hcal_below_ecal_layer1_strip6
68,Scintillator,1727.36476992,20.0620738905,World/hcal_below_ecal/hcal_below_ecal_layer2_strip7
68,Scintillator,1750.96219657,20.0620738905,World/hcal_below_ecal/hcal_below_ecal_layer3_strip6
68,Scintillator,1774.55962323,20.0620738905,World/hcal_below_ecal/hcal_below_ecal_layer4_strip7
68,Aluminum3003,1703.26579141,0.501551847263,World/hcal_below_ecal/hcal_below_ecal_cover_1_placement
68,Aluminum3003,1726.86321807,0.501551847263,World/hcal_below_ecal/hcal_below_ecal_cover_2_placement
68,Aluminum3003,1750.46064473,0.501551847263,World/hcal_below_ecal/hcal_below_ecal_cover_3_placement
68,Aluminum3003,1774.05807138,0.501551847263,World/hcal_below_ecal/hcal_below_ecal_cover_4_placement
69,Polyvinyltoluene,857.472758203,2.00716472357,World/native_target/trigger_pad3_bar_volume_16
69,Polyvinyltoluene,862.676134795,0.818117578954,World/native_target/trigger_pad3_bar_volume_17
69,LYSO,936.253973603,0.602149417071,World/native_target/lvTarget_3/lvTargetArray1_phys/target_0
69,LYSO,937.056839492,0.602149417071,World/native_target/lvTarget_3/lvTargetArray2_phys/target_0
69,Polyvinyltoluene,551.580854331,2.00716472357,World/native_trig_scint/trigger_pad1_bar_volume_0
69,Polyvinyltoluene,555.595183778,2.00716472357,World/native_trig_scint/trigger_pad1_bar_volume_1
69,Polyvinyltoluene,627.050247937,2.00716472357,World/native_trig_scint/trigger_pad2_bar_volume_4
69,Polyvinyltoluene,631.980948764,1.09079334308,World/native_trig_scint/trigger_pad2_bar_volume_5
69,Silicon,692.423602984,0.321146355772,World/native_recoil/recoil_l14_sensor_vol_10/recoil_l14_active_sensor
69,Silicon,698.445097154,0.321146355771,World/native_recoil/recoil_l14_sensor_vol_20/recoil_l14_active_sensor
69,Silicon,792.781839162,0.321146355771,World/native_recoil/recoil_l14_sensor_vol_30/recoil_l14_active_sensor
69,Silicon,798.803333333,0.321146355771,World/native_recoil/recoil_l14_sensor_vol_40/recoil_l14_active_sensor
69,Scintillator,232.117568467,20.0716472357,World/hcal_top/hcal_top_layer1_strip6
69,Scintillator,255.57287596,20.0716472357,World/hcal_top/hcal_top_layer2_strip5
69,Aluminum3003,231.615777286,0.501791180893,World/hcal_top/hcal_top_cover_1_placement
69,Aluminum3003,255.071084779,0.501791180893,World/hcal_top/hcal_top_cover_2_placement
69,Scintillator,1197.93025139,20.0716472357,World/hcal_above_ecal/hcal_above_ecal_layer1_strip2
69,Scintillator,1223.42124338,20.0716472357,World/hcal_above_ecal/hcal_above_ecal_layer2_strip4
69,Scintillator,1248.91223537,20.0716472357,World/hcal_above_ecal/hcal_above_ecal_layer3_strip2
69,Scintillator,1274.40322736,20.0716472357,World/hcal_above_ecal/hcal_above_ecal_layer4_strip4
69,Aluminum3003,1197.42846021,0.501791180893,World/hcal_above_ecal/hcal_above_ecal_cover_1_placement
69,Aluminum3003,1222.9194522,0.501791180893,World/hcal_above_ecal/hcal_above_ecal_cover_2_placement
69,Aluminum3003,1248.41044419,0.501791180893,World/hcal_above_ecal/hcal_above_ecal_cover_3_placement
69,Aluminum3003,1273.90143618,0.501791180893,World/hcal_above_ecal/hcal_above_ecal_cover_4_placement
69,Scintillator,1704.58035756,20.0716472357,World/hcal_below_ecal/hcal_below_ecal_layer1_strip3
69,Scintillator,1728.18904458,20.0716472357,World/hcal_below_ecal/hcal_below_ecal_layer2_strip6
69,Scintillator,1751.79773161,20.0716472357,World/hcal_below_ecal/hcal_below_ecal_layer3_strip3
69,Scintillator,1775.40641863,20.0716472357,World/hcal_below_ecal/hcal_below_ecal_layer4_strip5
69,Aluminum3003,1704.07856638,0.501791180893,World/hcal_below_ecal/hcal_below_ecal_cover_1_placement
69,Aluminum3003,1727.6872534,0.501791180893,World/hcal_below_ecal/hcal_below_ecal_cover_2_placement
69,Aluminum3003,1751.29594043,0.501791180893,World/hcal_below_ecal/hcal_below_ecal_cover_3_placement
69,Aluminum3003,1774.90462745,0.501791180893,World/hcal_below_ecal/hcal_below_ecal_cover_4_placement
70,Polyvinyltoluene,854.573058391,2.00037713164,World/native_target/trigger_pad3_bar_volume_14
70,Polyvinyltoluene,858.573812654,2.00037713164,World/native_target/trigger_pad3_bar_volume_15
70,LYSO,933.087860808,0.600113139493,World/native_target/lvTarget_3/lvTargetArray1_phys/target_0
70,LYSO,933.888011661,0.600113139493,World/native_target/lvTarget_3/lvTargetArray2_phys/target_0
70,Polyvinyltoluene,628.930517941,2.00037713164,World/native_trig_scint/trigger_pad2_bar_volume_17
70,Polyvinyltoluene,624.929763678,2.00037713164,World/native_trig_scint/trigger_pad2_bar_volume_18
70,Polyvinyltoluene,549.715583528,2.00037713164,World/native_trig_scint/trigger_pad1_bar_volume_18
70,Polyvinyltoluene,553.716337792,2.00037713164,World/native_trig_scint/trigger_pad1_bar_volume_19
70,Silicon,690.082046856,0.320060341063,World/native_recoil/recoil_l14_sensor_vol_10/recoil_l14_active_sensor
70,Silicon,696.083178251,0.320060341063,World/native_recoil/recoil_l14_sensor_vol_20/recoil_l14_active_sensor
70,Silicon,790.100903438,0.320060341063,World/native_recoil/recoil_l14_sensor_vol_30/recoil_l14_active_sensor
70,Silicon,796.102034833,0.320060341063,World/native_recoil/recoil_l14_sensor_vol_40/recoil_l14_active_sensor
70,Scintillator,231.332620766,20.0037713164,World/hcal_top/hcal_top_layer1_strip6
70,Scintillator,254.708609879,20.0037713164,World/hcal_top/hcal_top_layer2_strip4
70,Aluminum3003,230.832526483,0.500094282911,World/hcal_top/hcal_top_cover_1_placement
70,Aluminum3003,254.208515596,0.500094282911,World/hcal_top/hcal_top_cover_2_placement
70,Scintillator,1193.87923276,20.0037713164,World/hcal_above_ecal/hcal_above_ecal_layer1_strip3
70,Scintillator,1219.28402233,20.0037713164,World/hcal_above_ecal/hcal_above_ecal_layer2_strip4
70,Scintillator,1244.6888119,20.0037713164,World/hcal_above_ecal/hcal_above_ecal_layer3_strip3
70,Scintillator,1270.09360147,20.0037713164,World/hcal_above_ecal/hcal_above_ecal_layer4_strip4
70,Aluminum3003,1193.37913847,0.500094282911,World/hcal_above_ecal/hcal_above_ecal_cover_1_placement
70,Aluminum3003,1218.78392804,0.500094282911,World/hcal_above_ecal/hcal_above_ecal_cover_2_placement
70,Aluminum3003,1244.18871762,0.500094282911,World/hcal_above_ecal/hcal_above_ecal_cover_3_placement
70,Aluminum3003,1269.59350719,0.500094282911,World/hcal_above_ecal/hcal_above_ecal_cover_4_placement
70,Scintillator,1698.8160096,20.0037713164,World/hcal_below_ecal/hcal_below_ecal_layer1_strip5
70,Scintillator,1722.34485956,20.0037713164,World/hcal_below_ecal/hcal_below_ecal_layer2_strip6
70,Scintillator,1745.87370953,20.0037713164,World/hcal_below_ecal/hcal_below_ecal_layer3_strip5
70,Scintillator,1769.40255949,20.0037713164,World/hcal_below_ecal/hcal_below_ecal_layer4_strip6
70,Aluminum3003,1698.31591532,0.500094282911,World/hcal_below_ecal/hcal_below_ecal_cover_1_placement
70,Aluminum3003,1721.84476528,0.500094282911,World/hcal_below_ecal/hcal_below_ecal_cover_2_placement
70,Aluminum3003,1745.37361524,0.500094282911,World/hcal_below_ecal/hcal_below_ecal_cover_3_placement
70,Aluminum3003,1768.90246521,0.500094282911,World/hcal_below_ecal/hcal_below_ecal_cover_4_placement
71,Polyvinyltoluene,858.461385578,2.00011518963,World/native_target/trigger_pad3_bar_volume_9
71,Polyvinyltoluene,854.461155199,2.00011518963,World/native_target/trigger_pad3_bar_volume_10
71,LYSO,932.965676392,0.60003455689,World/native_target/lvTarget_3/lvTargetArray1_phys/target_0
71,LYSO,933.765722468,0.60003455689,World/native_target/lvTarget_3/lvTargetArray2_phys/target_0
71,Polyvinyltoluene,624.847931429,2.00011518963,World/native_trig_scint/trigger_pad2_bar_volume_8
71,Polyvinyltoluene,628.848161808,2.00011518963,World/native_trig_scint/trigger_pad2_bar_volume_9
71,Polyvinyltoluene,549.643600299,2.00011518963,World/native_trig_scint/trigger_pad1_bar_volume_8
71,Polyvinyltoluene,553.643830678,2.00011518963,World/native_trig_scint/trigger_pad1_bar_volume_9
71,Silicon,689.991683156,0.320018430341,World/native_recoil/recoil_l14_sensor_vol_10/recoil_l14_active_sensor
71,Silicon,695.992028724,0.320018430341,World/native_recoil/recoil_l14_sensor_vol_20/recoil_l14_active_sensor
71,Silicon,789.997442637,0.320018430341,World/native_recoil/recoil_l14_sensor_vol_30/recoil_l14_active_sensor
71,Silicon,795.997788206,0.320018430341,World/native_recoil/recoil_l14_sensor_vol_40/recoil_l14_active_sensor
71,Scintillator,231.302328612,20.0011518963,World/hcal_top/hcal_top_layer1_strip6
71,Scintillator,254.675256725,20.0011518963,World/hcal_top/hcal_top_layer2_strip5
71,Aluminum3003,230.802299815,0.500028797408,World/hcal_top/hcal_top_cover_1_placement
71,Aluminum3003,254.175227928,0.500028797408,World/hcal_top/hcal_top_cover_2_placement
71,Scintillator,1193.72289867,20.0011518963,World/hcal_above_ecal/hcal_above_ecal_layer1_strip3
71,Scintillator,1219.12436158,20.0011518963,World/hcal_above_ecal/hcal_above_ecal_layer2_strip4
71,Scintillator,1244.52582449,20.0011518963,World/hcal_above_ecal/hcal_above_ecal_layer3_strip3
71,Scintillator,1269.9272874,20.0011518963,World/hcal_above_ecal/hcal_above_ecal_layer4_strip4
71,Aluminum3003,1193.22286987,0.500028797408,World/hcal_above_ecal/hcal_above_ecal_cover_1_placement
71,Aluminum3003,1218.62433278,0.500028797408,World/hcal_above_ecal/hcal_above_ecal_cover_2_placement
71,Aluminum3003,1244.02579569,0.500028797408,World/hcal_above_ecal/hcal_above_ecal_cover_3_placement
71,Aluminum3003,1269.4272586,0.500028797408,World/hcal_above_ecal/hcal_above_ecal_cover_4_placement
71,Scintillator,1698.59355591,20.0011518963,World/hcal_below_ecal/hcal_below_ecal_layer1_strip5
71,Scintillator,1722.11932485,20.0011518963,World/hcal_below_ecal/hcal_below_ecal_layer2_strip6
71,Scintillator,1745.6450938,20.0011518963,World/hcal_below_ecal/hcal_below_ecal_layer3_strip5
71,Scintillator,1769.17086275,20.0011518963,World/hcal_below_ecal/hcal_below_ecal_layer4_strip6
71,Aluminum3003,1698.09352711,0.500028797408,World/hcal_below_ecal/hcal_below_ecal_cover_1_placement
71,Aluminum3003,1721.61929606,0.500028797408,World/hcal_below_ecal/hcal_below_ecal_cover_2_placement
71,Aluminum3003,1745.145065,0.500028797408,World/hcal_below_ecal/hcal_below_ecal_cover_3_placement
71,Aluminum3003,1768.67083395,0.500028797408,World/hcal_below_ecal/hcal_below_ecal_cover_4_placement
72,Polyvinyltoluene,859.283296611,2.00203014675,World/native_target/trigger_pad3_bar_volume_7
72,Polyvinyltoluene,855.279236318,2.00203014675,World/native_target/trigger_pad3_bar_volume_8
72,LYSO,933.858919578,0.600609044025,World/native_target/lvTarget_3/lvTargetArray1_phys/target_0
72,LYSO,934.659731637,0.600609044025,World/native_target/lvTarget_3/lvTargetArray2_phys/target_0
72,Polyvinyltoluene,629.450235764,2.00203014675,World/native_trig_scint/trigger_pad2_bar_volume_11
72,Polyvinyltoluene,625.446175471,2.00203014675,World/native_trig_scint/trigger_pad2_bar_volume_12
72,Polyvinyltoluene,550.169841953,2.00203014675,World/native_trig_scint/trigger_pad1_bar_volume_12
72,Polyvinyltoluene,554.173902246,2.00203014675,World/native_trig_scint/trigger_pad1_bar_volume_13
72,Silicon,690.65229735,0.32032482348,World/native_recoil/recoil_l14_sensor_vol_10/recoil_l14_active_sensor
72,Silicon,696.658387791,0.32032482348,World/native_recoil/recoil_l14_sensor_vol_20/recoil_l14_active_sensor
72,Silicon,790.753804688,0.32032482348,World/native_recoil/recoil_l14_sensor_vol_30/recoil_l14_active_sensor
72,Silicon,796.759895128,0.32032482348,World/native_recoil/recoil_l14_sensor_vol_40/recoil_l14_active_sensor
72,Scintillator,231.523782878,20.0203014675,World/hcal_top/hcal_top_layer1_strip6
72,Scintillator,254.91908878,20.0203014675,World/hcal_top/hcal_top_layer2_strip4
72,Aluminum3003,231.023275342,0.500507536688,World/hcal_top/hcal_top_cover_1_placement
72,Aluminum3003,254.418581243,0.500507536688,World/hcal_top/hcal_top_cover_2_placement
72,Scintillator,1194.86579693,20.0203014675,World/hcal_above_ecal/hcal_above_ecal_layer1_strip3
72,Scintillator,1220.29157979,20.0203014675,World/hcal_above_ecal/hcal_above_ecal_layer2_strip4
72,Scintillator,1245.71736266,20.0203014675,World/hcal_above_ecal/hcal_above_ecal_layer3_strip3
72,Scintillator,1271.14314552,20.0203014675,World/hcal_above_ecal/hcal_above_ecal_layer4_strip4
72,Aluminum3003,1194.36528939,0.500507536688,World/hcal_above_ecal/hcal_above_ecal_cover_1_placement
72,Aluminum3003,1219.79107225,0.500507536688,World/hcal_above_ecal/hcal_above_ecal_cover_2_placement
72,Aluminum3003,1245.21685512,0.500507536688,World/hcal_above_ecal/hcal_above_ecal_cover_3_placement
72,Aluminum3003,1270.64263798,0.500507536688,World/hcal_above_ecal/hcal_above_ecal_cover_4_placement
72,Scintillator,1700.21982915,20.0203014675,World/hcal_below_ecal/hcal_below_ecal_layer1_strip5
72,Scintillator,1723.76812222,20.0203014675,World/hcal_below_ecal/hcal_below_ecal_layer2_strip7
72,Scintillator,1747.31641529,20.0203014675,World/hcal_below_ecal/hcal_below_ecal_layer3_strip5
72,Scintillator,1770.86470836,20.0203014675,World/hcal_below_ecal/hcal_below_ecal_layer4_strip7
72,Aluminum3003,1699.71932162,0.500507536688,World/hcal_below_ecal/hcal_below_ecal_cover_1_placement
72,Aluminum3003,1723.26761468,0.500507536688,World/hcal_below_ecal/hcal_below_ecal_cover_2_placement
72,Aluminum3003,1746.81590775,0.500507536688,World/hcal_below_ecal/hcal_below_ecal_cover_3_placement
72,Aluminum3003,1770.36420082,0.500507536688,World/hcal_below_ecal/hcal_below_ecal_cover_4_placement
73,Polyvinyltoluene,856.949270836,2.00593934893,World/native_target/trigger_pad3_bar_volume_16
73,Polyvinyltoluene,860.961149534,2.00593934893,World/native_target/trigger_pad3_bar_volume_17
73,LYSO,935.682390281,0.601781804678,World/native_target/lvTarget_3/lvTargetArray1_phys/target_0
73,LYSO,936.484766021,0.601781804678,World/native_target/lvTarget_3/lvTargetArray2_phys/target_0
73,Polyvinyltoluene,551.244114059,2.00593934893,World/native_trig_scint/trigger_pad1_bar_volume_4
73,Polyvinyltoluene,555.255992757,2.00593934893,World/native_trig_scint/trigger_pad1_bar_volume_5
73,Polyvinyltoluene,630.679312277,2.00593934893,World/native_trig_scint/trigger_pad2_bar_volume_7
73,Polyvinyltoluene,626.667433579,2.00593934893,World/native_trig_scint/trigger_pad2_bar_volume_8
73,Silicon,692.000878174,0.320950295828,World/native_recoil/recoil_l14_sensor_vol_10/recoil_l14_active_sensor
73,Silicon,698.01869622,0.320950295828,World/native_recoil/recoil_l14_sensor_vol_20/recoil_l14_active_sensor
73,Silicon,792.29784562,0.320950295828,World/native_recoil/recoil_l14_sensor_vol_30/recoil_l14_active_sensor
73,Silicon,798.315663667,0.320950295828,World/native_recoil/recoil_l14_sensor_vol_40/recoil_l14_active_sensor
73,Scintillator,231.975860624,20.0593934893,World/hcal_top/hcal_top_layer1_strip7
73,Scintillator,255.416848645,20.0593934893,World/hcal_top/hcal_top_layer2_strip5
73,Aluminum3003,231.474375787,0.501484837232,World/hcal_top/hcal_top_cover_1_placement
73,Aluminum3003,254.915363808,0.501484837232,World/hcal_top/hcal_top_cover_2_placement
73,Scintillator,1197.19891463,20.0593934893,World/hcal_above_ecal/hcal_above_ecal_layer1_strip2
73,Scintillator,1222.67434436,20.0593934893,World/hcal_above_ecal/hcal_above_ecal_layer2_strip4
73,Scintillator,1248.14977409,20.0593934893,World/hcal_above_ecal/hcal_above_ecal_layer3_strip2
73,Scintillator,1292.67044634,1.01415097499,World/hcal_above_ecal/hcal_above_ecal_layer4_strip3
73,Scintillator,1273.62520382,19.0452425143,World/hcal_above_ecal/hcal_above_ecal_layer4_strip4
73,Aluminum3003,1196.69742979,0.501484837232,World/hcal_above_ecal/hcal_above_ecal_cover_1_placement
73,Aluminum3003,1222.17285952,0.501484837232,World/hcal_above_ecal/hcal_above_ecal_cover_2_placement
73,Aluminum3003,1247.64828925,0.501484837232,World/hcal_above_ecal/hcal_above_ecal_cover_3_placement
73,Aluminum3003,1273.12371899,0.501484837232,World/hcal_above_ecal/hcal_above_ecal_cover_4_placement
73,Scintillator,1703.53971076,20.0593934893,World/hcal_below_ecal/hcal_below_ecal_layer1_strip3
73,Scintillator,1727.13398467,20.0593934893,World/hcal_below_ecal/hcal_below_ecal_layer2_strip5
73,Scintillator,1750.72825858,20.0593934893,World/hcal_below_ecal/hcal_below_ecal_layer3_strip3
73,Scintillator,1774.3225325,20.0593934893,World/hcal_below_ecal/hcal_below_ecal_layer4_strip5
73,Aluminum3003,1703.03822592,0.501484837232,World/hcal_below_ecal/hcal_below_ecal_cover_1_placement
73,Aluminum3003,1726.63249983,0.501484837232,World/hcal_below_ecal/hcal_below_ecal_cover_2_placement
73,Aluminum3003,1750.22677375,0.501484837232,World/hcal_below_ecal/hcal_below_ecal_cover_3_placement
73,Aluminum3003,1773.82104766,0.501484837232,World/hcal_below_ecal/hcal_below_ecal_cover_4_placement
74,Polyvinyltoluene,858.47641099,2.00015019709,World/native_target/trigger_pad3_bar_volume_19
74,Polyvinyltoluene,854.476110596,2.00015019709,World/native_target/trigger_pad3_bar_volume_20
74,LYSO,932.982005832,0.600045059128,World/native_target/lvTarget_3/lvTargetArray1_phys/target_0
74,LYSO,933.782065911,0.600045059128,World/native_target/lvTarget_3/lvTargetArray2_phys/target_0
74,Polyvinyltoluene,624.858867969,2.00015019709,World/native_trig_scint/trigger_pad2_bar_volume_20
74,Polyvinyltoluene,628.859168364,2.00015019709,World/native_trig_scint/trigger_pad2_bar_volume_21
74,Polyvinyltoluene,549.653220559,2.00015019709,World/native_trig_scint/trigger_pad1_bar_volume_20
74,Polyvinyltoluene,553.653520953,2.00015019709,World/native_trig_scint/trigger_pad1_bar_volume_21
74,Silicon,690.003759889,0.320024031535,World/native_recoil/recoil_l14_sensor_vol_10/recoil_l14_active_sensor
74,Silicon,696.00421048,0.320024031535,World/native_recoil/recoil_l14_sensor_vol_20/recoil_l14_active_sensor
74,Silicon,790.011269744,0.320024031535,World/native_recoil/recoil_l14_sensor_vol_30/recoil_l14_active_sensor
74,Silicon,796.011720335,0.320024031535,World/native_recoil/recoil_l14_sensor_vol_40/recoil_l14_active_sensor
74,Scintillator,231.306377033,20.0015019709,World/hcal_top/hcal_top_layer1_strip6
74,Scintillator,254.679714236,20.0015019709,World/hcal_top/hcal_top_layer2_strip4
74,Aluminum3003,230.806339484,0.500037549274,World/hcal_top/hcal_top_cover_1_placement
74,Aluminum3003,254.179676687,0.500037549274,World/hcal_top/hcal_top_cover_2_placement
74,Scintillator,1193.74379207,20.0015019709,World/hcal_above_ecal/hcal_above_ecal_layer1_strip2
74,Scintillator,1219.14569958,20.0015019709,World/hcal_above_ecal/hcal_above_ecal_layer2_strip4
74,Scintillator,1244.54760708,20.0015019709,World/hcal_above_ecal/hcal_above_ecal_layer3_strip2
74,Scintillator,1269.94951458,20.0015019709,World/hcal_above_ecal/hcal_above_ecal_layer4_strip4
74,Aluminum3003,1193.24375452,0.500037549274,World/hcal_above_ecal/hcal_above_ecal_cover_1_placement
74,Aluminum3003,1218.64566203,0.500037549274,World/hcal_above_ecal/hcal_above_ecal_cover_2_placement
74,Aluminum3003,1244.04756953,0.500037549274,World/hcal_above_ecal/hcal_above_ecal_cover_3_placement
74,Aluminum3003,1269.44947703,0.500037549274,World/hcal_above_ecal/hcal_above_ecal_cover_4_placement
74,Scintillator,1698.62328592,20.0015019709,World/hcal_below_ecal/hcal_below_ecal_layer1_strip4
74,Scintillator,1722.14946663,20.0015019709,World/hcal_below_ecal/hcal_below_ecal_layer2_strip6
74,Scintillator,1745.67564734,20.0015019709,World/hcal_below_ecal/hcal_below_ecal_layer3_strip4
74,Scintillator,1769.20182805,20.0015019709,World/hcal_below_ecal/hcal_below_ecal_layer4_strip6
74,Aluminum3003,1698.12324837,0.500037549274,World/hcal_below_ecal/hcal_below_ecal_cover_1_placement
74,Aluminum3003,1721.64942908,0.500037549274,World/hcal_below_ecal/hcal_below_ecal_cover_2_placement
74,Aluminum3003,1745.17560979,0.500037549274,World/hcal_below_ecal/hcal_below_ecal_cover_3_placement
74,Aluminum3003,1768.7017905,0.500037549274,World/hcal_below_ecal/hcal_below_ecal_cover_4_placement
75,Polyvinyltoluene,854.761455457,2.00081812985,World/native_target/trigger_pad3_bar_volume_0
75,Polyvinyltoluene,858.763091717,2.00081812985,World/native_target/trigger_pad3_bar_volume_1
75,LYSO,933.293567053,0.600245438954,World/native_target/lvTarget_3/lvTargetArray1_phys/target_0
75,LYSO,934.093894305,0.600245438954,World/native_target/lvTarget_3/lvTargetArray2_phys/target_0
75,Polyvinyltoluene,625.067534151,2.00081812985,World/native_trig_scint/trigger_pad2_bar_volume_4
75,Polyvinyltoluene,629.06917041,2.00081812985,World/native_trig_scint/trigger_pad2_bar_volume_5
75,Polyvinyltoluene,553.838408728,2.00081812985,World/native_trig_scint/trigger_pad1_bar_volume_5
75,Polyvinyltoluene,549.836772468,2.00081812985,World/native_trig_scint/trigger_pad1_bar_volume_6
75,Silicon,690.23418064,0.320130900775,World/native_recoil/recoil_l14_sensor_vol_10/recoil_l14_active_sensor
75,Silicon,696.236635029,0.320130900775,World/native_recoil/recoil_l14_sensor_vol_20/recoil_l14_active_sensor
75,Silicon,790.275087132,0.320130900775,World/native_recoil/recoil_l14_sensor_vol_30/recoil_l14_active_sensor
75,Silicon,796.277541522,0.320130900775,World/native_recoil/recoil_l14_sensor_vol_40/recoil_l14_active_sensor
75,Scintillator,231.383619785,20.0081812985,World/hcal_top/hcal_top_layer1_strip6
75,Scintillator,254.76476231,20.0081812985,World/hcal_top/hcal_top_layer2_strip5
75,Aluminum3003,230.883415252,0.500204532462,World/hcal_top/hcal_top_cover_1_placement
75,Aluminum3003,254.264557778,0.500204532462,World/hcal_top/hcal_top_cover_2_placement
75,Scintillator,1194.14243242,20.0081812985,World/hcal_above_ecal/hcal_above_ecal_layer1_strip3
75,Scintillator,1219.55282267,20.0081812985,World/hcal_above_ecal/hcal_above_ecal_layer2_strip4
75,Scintillator,1244.96321292,20.0081812985,World/hcal_above_ecal/hcal_above_ecal_layer3_strip3
75,Scintillator,1270.37360317,20.0081812985,World/hcal_above_ecal/hcal_above_ecal_layer4_strip4
75,Aluminum3003,1193.64222789,0.500204532462,World/hcal_above_ecal/hcal_above_ecal_cover_1_placement
75,Aluminum3003,1219.05261814,0.500204532462,World/hcal_above_ecal/hcal_above_ecal_cover_2_placement
75,Aluminum3003,1244.46300839,0.500204532462,World/hcal_above_ecal/hcal_above_ecal_cover_3_placement
75,Aluminum3003,1269.87339864,0.500204532461,World/hcal_above_ecal/hcal_above_ecal_cover_4_placement
75,Scintillator,1699.19052638,20.0081812985,World/hcal_below_ecal/hcal_below_ecal_layer1_strip5
75,Scintillator,1722.72456346,20.0081812985,World/hcal_below_ecal/hcal_below_ecal_layer2_strip6
75,Scintillator,1746.25860053,20.0081812985,World/hcal_below_ecal/hcal_below_ecal_layer3_strip5
75,Scintillator,1769.79263761,20.0081812985,World/hcal_below_ecal/hcal_below_ecal_layer4_strip6
75,Aluminum3003,1698.69032185,0.500204532462,World/hcal_below_ecal/hcal_below_ecal_cover_1_placement
75,Aluminum3003,1722.22435893,0.500204532462,World/hcal_below_ecal/hcal_below_ecal_cover_2_placement
75,Aluminum3003,1745.758396,0.500204532462,World/hcal_below_ecal/hcal_below_ecal_cover_3_placement
75,Aluminum3003,1769.29243307,0.500204532462,World/hcal_below_ecal/hcal_below_ecal_cover_4_placement
76,Polyvinyltoluene,861.555349228,2.00732376511,World/native_target/trigger_pad3_bar_volume_1
76,Polyvinyltoluene,857.540701698,2.00732376511,World/native_target/trigger_pad3_bar_volume_2
76,LYSO,936.328159478,0.602197129533,World/native_target/lvTarget_3/lvTargetArray1_phys/target_0
76,LYSO,937.131088985,0.602197129533,World/native_target/lvTarget_3/lvTargetArray2_phys/target_0
76,Polyvinyltoluene,631.114580994,2.00732376511,World/native_trig_scint/trigger_pad2_bar_volume_13
76,Polyvinyltoluene,627.099933463,2.00732376511,World/native_trig_scint/trigger_pad2_bar_volume_14
76,Polyvinyltoluene,555.639207425,2.00732376511,World/native_trig_scint/trigger_pad1_bar_volume_17
76,Polyvinyltoluene,551.624559895,2.00732376511,World/native_trig_scint/trigger_pad1_bar_volume_18
76,Silicon,692.478468493,0.321171802418,World/native_recoil/recoil_l14_sensor_vol_10/recoil_l14_active_sensor
76,Silicon,698.500439788,0.321171802418,World/native_recoil/recoil_l14_sensor_vol_20/recoil_l14_active_sensor
76,Silicon,792.844656748,0.321171802418,World/native_recoil/recoil_l14_sensor_vol_30/recoil_l14_active_sensor
76,Silicon,798.866628044,0.321171802418,World/native_recoil/recoil_l14_sensor_vol_40/recoil_l14_active_sensor
76,Scintillator,232.135960746,20.0732376511,World/hcal_top/hcal_top_layer1_strip6
76,Scintillator,255.593126766,20.0732376511,World/hcal_top/hcal_top_layer2_strip4
76,Aluminum3003,231.634129805,0.501830941277,World/hcal_top/hcal_top_cover_1_placement
76,Aluminum3003,255.091295825,0.501830941277,World/hcal_top/hcal_top_cover_2_placement
76,Scintillator,1198.02517169,20.0732376511,World/hcal_above_ecal/hcal_above_ecal_layer1_strip4
76,Scintillator,1223.51818351,20.0732376511,World/hcal_above_ecal/hcal_above_ecal_layer2_strip4
76,Scintillator,1249.01119532,20.0732376511,World/hcal_above_ecal/hcal_above_ecal_layer3_strip4
76,Scintillator,1274.50420714,20.0732376511,World/hcal_above_ecal/hcal_above_ecal_layer4_strip4
76,Aluminum3003,1197.52334075,0.501830941277,World/hcal_above_ecal/hcal_above_ecal_cover_1_placement
76,Aluminum3003,1223.01635256,0.501830941277,World/hcal_above_ecal/hcal_above_ecal_cover_2_placement
76,Aluminum3003,1248.50936438,0.501830941277,World/hcal_above_ecal/hcal_above_ecal_cover_3_placement
76,Aluminum3003,1274.0023762,0.501830941277,World/hcal_above_ecal/hcal_above_ecal_cover_4_placement
76,Scintillator,1704.71542325,20.0732376511,World/hcal_below_ecal/hcal_below_ecal_layer1_strip6
76,Scintillator,1728.32598095,20.0732376511,World/hcal_below_ecal/hcal_below_ecal_layer2_strip5
76,Scintillator,1751.93653865,20.0732376511,World/hcal_below_ecal/hcal_below_ecal_layer3_strip6
76,Scintillator,1775.54709636,20.0732376511,World/hcal_below_ecal/hcal_below_ecal_layer4_strip5
76,Aluminum3003,1704.2135923,0.501830941277,World/hcal_below_ecal/hcal_below_ecal_cover_1_placement
76,Aluminum3003,1727.82415001,0.501830941277,World/hcal_below_ecal/hcal_below_ecal_cover_2_placement
76,Aluminum3003,1751.43470771,0.501830941277,World/hcal_below_ecal/hcal_below_ecal_cover_3_placement
76,Aluminum3003,1775.04526541,0.501830941277,World/hcal_below_ecal/hcal_below_ecal_cover_4_placement
77,Polyvinyltoluene,860.104687596,2.00394389222,World/native_target/trigger_pad3_bar_volume_7
77,Polyvinyltoluene,856.096799812,2.00394389222,World/native_target/trigger_pad3_bar_volume_8
77,LYSO,934.751597581,0.601183167665,World/native_target/lvTarget_3/lvTargetArray1_phys/target_0
77,LYSO,935.553175138,0.601183167665,World/native_target/lvTarget_3/lvTargetArray2_phys/target_0
77,Polyvinyltoluene,630.051928769,2.00394389222,World/native_trig_scint/trigger_pad2_bar_volume_15
77,Polyvinyltoluene,626.044040985,2.00394389222,World/native_trig_scint/trigger_pad2_bar_volume_16
77,Polyvinyltoluene,556.454818334,0.252763979999,World/native_trig_scint/trigger_pad1_bar_volume_17
77,Polyvinyltoluene,550.695750637,2.00394389222,World/native_trig_scint/trigger_pad1_bar_volume_18
77,Silicon,691.312493554,0.320631022755,World/native_recoil/recoil_l14_sensor_vol_10/recoil_l14_active_sensor
77,Silicon,697.324325231,0.320631022755,World/native_recoil/recoil_l14_sensor_vol_20/recoil_l14_active_sensor
77,Silicon,791.509688165,0.320631022755,World/native_recoil/recoil_l14_sensor_vol_30/recoil_l14_active_sensor
77,Silicon,797.521519842,0.320631022755,World/native_recoil/recoil_l14_sensor_vol_40/recoil_l14_active_sensor
77,Scintillator,231.745097023,20.0394389222,World/hcal_top/hcal_top_layer1_strip6
77,Scintillator,255.162766554,20.0394389222,World/hcal_top/hcal_top_layer2_strip4
77,Aluminum3003,231.24411105,0.500985973055,World/hcal_top/hcal_top_cover_1_placement
77,Aluminum3003,254.661780581,0.500985973055,World/hcal_top/hcal_top_cover_2_placement
77,Scintillator,1196.00797204,20.0394389222,World/hcal_above_ecal/hcal_above_ecal_layer1_strip3
77,Scintillator,1221.45805947,20.0394389222,World/hcal_above_ecal/hcal_above_ecal_layer2_strip4
77,Scintillator,1246.9081469,20.0394389222,World/hcal_above_ecal/hcal_above_ecal_layer3_strip3
77,Scintillator,1272.35823433,20.0394389222,World/hcal_above_ecal/hcal_above_ecal_layer4_strip4
77,Aluminum3003,1195.50698606,0.500985973055,World/hcal_above_ecal/hcal_above_ecal_cover_1_placement
77,Aluminum3003,1220.9570735,0.500985973055,World/hcal_above_ecal/hcal_above_ecal_cover_2_placement
77,Aluminum3003,1246.40716093,0.500985973055,World/hcal_above_ecal/hcal_above_ecal_cover_3_placement
77,Aluminum3003,1271.85724836,0.500985973054,World/hcal_above_ecal/hcal_above_ecal_cover_4_placement
77,Scintillator,1701.84507341,20.0394389222,World/hcal_below_ecal/hcal_below_ecal_layer1_strip6
77,Scintillator,1725.41587634,20.0394389222,World/hcal_below_ecal/hcal_below_ecal_layer2_strip5
77,Scintillator,1748.98667928,20.0394389222,World/hcal_below_ecal/hcal_below_ecal_layer3_strip6
77,Scintillator,1772.55748222,20.0394389222,World/hcal_below_ecal/hcal_below_ecal_layer4_strip5
77,Aluminum3003,1701.34408743,0.500985973054,World/hcal_below_ecal/hcal_below_ecal_cover_1_placement
77,Aluminum3003,1724.91489037,0.500985973054,World/hcal_below_ecal/hcal_below_ecal_cover_2_placement
77,Aluminum3003,1748.48569331,0.500985973055,World/hcal_below_ecal/hcal_below_ecal_cover_3_placement
77,Aluminum3003,1772.05649625,0.500985973054,World/hcal_below_ecal/hcal_below_ecal_cover_4_placement
78,Polyvinyltoluene,859.137682539,2.0016908829,World/native_target/trigger_pad3_bar_volume_3
78,Polyvinyltoluene,855.134300774,2.0016908829,World/native_target/trigger_pad3_bar_volume_4
78,LYSO,933.700667927,0.60050726487,World/native_target/lvTarget_3/lvTargetArray1_phys/target_0
78,LYSO,934.501344281,0.60050726487,World/native_target/lvTarget_3/lvTargetArray2_phys/target_0
78,Polyvinyltoluene,629.343569183,2.0016908829,World/native_trig_scint/trigger_pad2_bar_volume_9
78,Polyvinyltoluene,625.340187417,2.0016908829,World/native_trig_scint/trigger_pad2_bar_volume_10
78,Polyvinyltoluene,554.079991986,2.0016908829,World/native_trig_scint/trigger_pad1_bar_volume_11
78,Polyvinyltoluene,550.07661022,2.0016908829,World/native_trig_scint/trigger_pad1_bar_volume_12
78,Silicon,690.535259473,0.320270541264,World/native_recoil/recoil_l14_sensor_vol_10/recoil_l14_active_sensor
78,Silicon,696.540332122,0.320270541264,World/native_recoil/recoil_l14_sensor_vol_20/recoil_l14_active_sensor
78,Silicon,790.619803618,0.320270541264,World/native_recoil/recoil_l14_sensor_vol_30/recoil_l14_active_sensor
78,Silicon,796.624876267,0.320270541264,World/native_recoil/recoil_l14_sensor_vol_40/recoil_l14_active_sensor
78,Scintillator,231.484548878,20.016908829,World/hcal_top/hcal_top_layer1_strip6
78,Scintillator,254.875890214,20.016908829,World/hcal_top/hcal_top_layer2_strip4
78,Aluminum3003,230.984126158,0.500422720725,World/hcal_top/hcal_top_cover_1_placement
78,Aluminum3003,254.375467493,0.500422720725,World/hcal_top/hcal_top_cover_2_placement
78,Scintillator,1194.66331507,20.016908829,World/hcal_above_ecal/hcal_above_ecal_layer1_strip3
78,Scintillator,1220.08478929,20.016908829,World/hcal_above_ecal/hcal_above_ecal_layer2_strip4
78,Scintillator,1245.5062635,20.016908829,World/hcal_above_ecal/hcal_above_ecal_layer3_strip3
78,Scintillator,1270.92773771,20.016908829,World/hcal_above_ecal/hcal_above_ecal_layer4_strip4
78,Aluminum3003,1194.16289235,0.500422720725,World/hcal_above_ecal/hcal_above_ecal_cover_1_placement
78,Aluminum3003,1219.58436657,0.500422720725,World/hcal_above_ecal/hcal_above_ecal_cover_2_placement
78,Aluminum3003,1245.00584078,0.500422720725,World/hcal_above_ecal/hcal_above_ecal_cover_3_placement
78,Aluminum3003,1270.42731499,0.500422720725,World/hcal_above_ecal/hcal_above_ecal_cover_4_placement
78,Scintillator,1699.93171005,20.016908829,World/hcal_below_ecal/hcal_below_ecal_layer1_strip6
78,Scintillator,1723.47601263,20.016908829,World/hcal_below_ecal/hcal_below_ecal_layer2_strip6
78,Scintillator,1747.0203152,20.016908829,World/hcal_below_ecal/hcal_below_ecal_layer3_strip6
78,Scintillator,1770.56461778,20.016908829,World/hcal_below_ecal/hcal_below_ecal_layer4_strip6
78,Aluminum3003,1699.43128733,0.500422720725,World/hcal_below_ecal/hcal_below_ecal_cover_1_placement
78,Aluminum3003,1722.97558991,0.500422720725,World/hcal_below_ecal/hcal_below_ecal_cover_2_placement
78,Aluminum3003,1746.51989248,0.500422720725,World/hcal_below_ecal/hcal_below_ecal_cover_3_placement
78,Aluminum3003,1770.06419506,0.500422720725,World/hcal_below_ecal/hcal_below_ecal_cover_4_placement
79,Polyvinyltoluene,861.610168571,2.0074514878,World/native_target/trigger_pad3_bar_volume_19
79,Polyvinyltoluene,857.595265595,2.0074514878,World/native_target/trigger_pad3_bar_volume_20
79,LYSO,936.387736492,0.602235446341,World/native_target/lvTarget_3/lvTargetArray1_phys/target_0
79,LYSO,937.190717087,0.602235446341,World/native_target/lvTarget_3/lvTargetArray2_phys/target_0
79,Polyvinyltoluene,551.659658854,2.0074514878,World/native_trig_scint/trigger_pad1_bar_volume_2
79,Polyvinyltoluene,555.67456183,2.0074514878,World/native_trig_scint/trigger_pad1_bar_volume_3
79,Polyvinyltoluene,627.139834796,0.825560498108,World/native_trig_scint/trigger_pad2_bar_volume_6
79,Polyvinyltoluene,631.154737771,2.0074514878,World/native_trig_scint/trigger_pad2_bar_volume_7
79,Silicon,692.522529753,0.321192238049,World/native_recoil/recoil_l14_sensor_vol_10/recoil_l14_active_sensor
79,Silicon,698.544884217,0.321192238048,World/native_recoil/recoil_l14_sensor_vol_20/recoil_l14_active_sensor
79,Silicon,792.895104143,0.321192238049,World/native_recoil/recoil_l14_sensor_vol_30/recoil_l14_active_sensor
79,Silicon,798.917458607,0.321192238048,World/native_recoil/recoil_l14_sensor_vol_40/recoil_l14_active_sensor
79,Scintillator,232.150731174,20.074514878,World/hcal_top/hcal_top_layer1_strip6
79,Scintillator,255.609389734,20.074514878,World/hcal_top/hcal_top_layer2_strip5
79,Aluminum3003,231.648868302,0.501862871951,World/hcal_top/hcal_top_cover_1_placement
79,Aluminum3003,255.107526862,0.501862871951,World/hcal_top/hcal_top_cover_2_placement
79,Scintillator,1198.10140005,20.074514878,World/hcal_above_ecal/hcal_above_ecal_layer1_strip2
79,Scintillator,1223.59603395,20.074514878,World/hcal_above_ecal/hcal_above_ecal_layer2_strip4
79,Scintillator,1249.09066784,20.074514878,World/hcal_above_ecal/hcal_above_ecal_layer3_strip2
79,Scintillator,1274.58530174,20.074514878,World/hcal_above_ecal/hcal_above_ecal_layer4_strip4
79,Aluminum3003,1197.59953718,0.501862871951,World/hcal_above_ecal/hcal_above_ecal_cover_1_placement
79,Aluminum3003,1223.09417107,0.501862871951,World/hcal_above_ecal/hcal_above_ecal_cover_2_placement
79,Aluminum3003,1248.58880497,0.501862871951,World/hcal_above_ecal/hcal_above_ecal_cover_3_placement
79,Aluminum3003,1274.08343887,0.501862871951,World/hcal_above_ecal/hcal_above_ecal_cover_4_placement
79,Scintillator,1704.82389147,20.074514878,World/hcal_below_ecal/hcal_below_ecal_layer1_strip3
79,Scintillator,1728.43595147,20.074514878,World/hcal_below_ecal/hcal_below_ecal_layer2_strip6
79,Scintillator,1752.04801148,20.074514878,World/hcal_below_ecal/hcal_below_ecal_layer3_strip3
79,Scintillator,1775.66007148,20.074514878,World/hcal_below_ecal/hcal_below_ecal_layer4_strip6
79,Aluminum3003,1704.3220286,0.501862871951,World/hcal_below_ecal/hcal_below_ecal_cover_1_placement
79,Aluminum3003,1727.9340886,0.501862871951,World/hcal_below_ecal/hcal_below_ecal_cover_2_placement
79,Aluminum3003,1751.54614861,0.501862871951,World/hcal_below_ecal/hcal_below_ecal_cover_3_placement
79,Aluminum3003,1775.15820861,0.501862871951,World/hcal_below_ecal/hcal_below_ecal_cover_4_placement
80,Polyvinyltoluene,855.387732202,2.00228411297,World/native_target/trigger_pad3_bar_volume_22
80,Polyvinyltoluene,859.392300428,2.00228411297,World/native_target/trigger_pad3_bar_volume_23
80,LYSO,933.977383636,0.60068523389,World/native_target/lvTarget_3/lvTargetArray1_phys/target_0
80,LYSO,934.778297281,0.60068523389,World/native_target/lvTarget_3/lvTargetArray2_phys/target_0
80,Polyvinyltoluene,550.239633386,2.00228411297,World/native_trig_scint/trigger_pad1_bar_volume_14
80,Polyvinyltoluene,554.244201612,2.00228411297,World/native_trig_scint/trigger_pad1_bar_volume_15
80,Polyvinyltoluene,625.525516033,2.00228411297,World/native_trig_scint/trigger_pad2_bar_volume_16
80,Polyvinyltoluene,629.530084259,2.00228411297,World/native_trig_scint/trigger_pad2_bar_volume_17
80,Silicon,690.739909593,0.320365458075,World/native_recoil/recoil_l14_sensor_vol_10/recoil_l14_active_sensor
80,Silicon,696.746761932,0.320365458075,World/native_recoil/recoil_l14_sensor_vol_20/recoil_l14_active_sensor
80,Silicon,790.854115241,0.320365458075,World/native_recoil/recoil_l14_sensor_vol_30/recoil_l14_active_sensor
80,Silicon,796.86096758,0.320365458075,World/native_recoil/recoil_l14_sensor_vol_40/recoil_l14_active_sensor
80,Scintillator,231.553152675,20.0228411297,World/hcal_top/hcal_top_layer1_strip6
80,Scintillator,254.951426373,20.0228411297,World/hcal_top/hcal_top_layer2_strip5
80,Aluminum3003,231.052581647,0.500571028242,World/hcal_top/hcal_top_cover_1_placement
80,Aluminum3003,254.450855345,0.500571028242,World/hcal_top/hcal_top_cover_2_placement
80,Scintillator,1195.01737084,20.0228411297,World/hcal_above_ecal/hcal_above_ecal_layer1_strip2
80,Scintillator,1220.44637908,20.0228411297,World/hcal_above_ecal/hcal_above_ecal_layer2_strip4
80,Scintillator,1245.87538731,20.0228411297,World/hcal_above_ecal/hcal_above_ecal_layer3_strip2
80,Scintillator,1271.30439555,20.0228411297,World/hcal_above_ecal/hcal_above_ecal_layer4_strip4
80,Aluminum3003,1194.51679981,0.500571028242,World/hcal_above_ecal/hcal_above_ecal_cover_1_placement
80,Aluminum3003,1219.94580805,0.500571028242,World/hcal_above_ecal/hcal_above_ecal_cover_2_placement
80,Aluminum3003,1245.37481628,0.500571028242,World/hcal_above_ecal/hcal_above_ecal_cover_3_placement
80,Aluminum3003,1270.80382452,0.500571028242,World/hcal_above_ecal/hcal_above_ecal_cover_4_placement
80,Scintillator,1715.84590157,4.61244898289,World/hcal_below_ecal/hcal_below_ecal_layer1_strip3
80,Scintillator,1700.43550942,15.4103921564,World/hcal_below_ecal/hcal_below_ecal_layer1_strip4
80,Scintillator,1723.98678969,20.0228411297,World/hcal_below_ecal/hcal_below_ecal_layer2_strip7
80,Scintillator,1747.53806996,20.0228411297,World/hcal_below_ecal/hcal_below_ecal_layer3_strip3
80,Scintillator,1771.08935023,20.0228411297,World/hcal_below_ecal/hcal_below_ecal_layer4_strip7
80,Aluminum3003,1699.93493839,0.500571028242,World/hcal_below_ecal/hcal_below_ecal_cover_1_placement
80,Aluminum3003,1723.48621866,0.500571028242,World/hcal_below_ecal/hcal_below_ecal_cover_2_placement
80,Aluminum3003,1747.03749893,0.500571028242,World/hcal_below_ecal/hcal_below_ecal_cover_3_placement
80,Aluminum3003,1770.58877921,0.500571028242,World/hcal_below_ecal/hcal_below_ecal_cover_4_placement
81,Polyvinyltoluene,855.263103834,2.00199238397,World/native_target/trigger_pad3_bar_volume_14
81,Polyvinyltoluene,859.267088601,0.654956351331,World/native_target/trigger_pad3_bar_volume_15
81,LYSO,933.841304904,0.600597715192,World/native_target/lvTarget_3/lvTargetArray1_phys/target_0
81,LYSO,934.642101858,0.600597715192,World/native_target/lvTarget_3/lvTargetArray2_phys/target_0
81,Polyvinyltoluene,629.438362921,2.00199238397,World/native_trig_scint/trigger_pad2_bar_volume_19
81,Polyvinyltoluene,625.434378153,2.00199238397,World/native_trig_scint/trigger_pad2_bar_volume_20
81,Polyvinyltoluene,554.163449284,2.00199238397,World/native_trig_scint/trigger_pad1_bar_volume_21
81,Polyvinyltoluene,550.159464516,2.00199238397,World/native_trig_scint/trigger_pad1_bar_volume_22
81,Silicon,690.639270099,0.320318781436,World/native_recoil/recoil_l14_sensor_vol_10/recoil_l14_active_sensor
81,Silicon,696.645247251,0.320318781436,World/native_recoil/recoil_l14_sensor_vol_20/recoil_l14_active_sensor
81,Silicon,790.738889298,0.320318781436,World/native_recoil/recoil_l14_sensor_vol_30/recoil_l14_active_sensor
81,Silicon,796.74486645,0.320318781436,World/native_recoil/recoil_l14_sensor_vol_40/recoil_l14_active_sensor
81,Scintillator,231.51941582,20.0199238397,World/hcal_top/hcal_top_layer1_strip6
81,Scintillator,254.914280434,20.0199238397,World/hcal_top/hcal_top_layer2_strip4
81,Aluminum3003,231.018917724,0.500498095993,World/hcal_top/hcal_top_cover_1_placement
81,Aluminum3003,254.413782338,0.500498095993,World/hcal_top/hcal_top_cover_2_placement
81,Scintillator,1194.84325908,20.0199238397,World/hcal_above_ecal/hcal_above_ecal_layer1_strip3
81,Scintillator,1220.26856236,20.0199238397,World/hcal_above_ecal/hcal_above_ecal_layer2_strip4
81,Scintillator,1245.69386563,20.0199238397,World/hcal_above_ecal/hcal_above_ecal_layer3_strip3
81,Scintillator,1271.11916891,20.0199238397,World/hcal_above_ecal/hcal_above_ecal_layer4_strip4
81,Aluminum3003,1194.34276098,0.500498095993,World/hcal_above_ecal/hcal_above_ecal_cover_1_placement
81,Aluminum3003,1219.76806426,0.500498095993,World/hcal_above_ecal/hcal_above_ecal_cover_2_placement
81,Aluminum3003,1245.19336754,0.500498095993,World/hcal_above_ecal/hcal_above_ecal_cover_3_placement
81,Aluminum3003,1270.61867081,0.500498095993,World/hcal_above_ecal/hcal_above_ecal_cover_4_placement
81,Scintillator,1700.18775919,20.0199238397,World/hcal_below_ecal/hcal_below_ecal_layer1_strip5
81,Scintillator,1723.73560809,20.0199238397,World/hcal_below_ecal/hcal_below_ecal_layer2_strip6
81,Scintillator,1747.28345698,20.0199238397,World/hcal_below_ecal/hcal_below_ecal_layer3_strip5
81,Scintillator,1770.83130588,20.0199238397,World/hcal_below_ecal/hcal_below_ecal_layer4_strip6
81,Aluminum3003,1699.6872611,0.500498095993,World/hcal_below_ecal/hcal_below_ecal_cover_1_placement
81,Aluminum3003,1723.23510999,0.500498095993,World/hcal_below_ecal/hcal_below_ecal_cover_2_placement
81,Aluminum3003,1746.78295889,0.500498095993,World/hcal_below_ecal/hcal_below_ecal_cover_3_placement
81,Aluminum3003,1770.33080778,0.500498095993,World/hcal_below_ecal/hcal_below_ecal_cover_4_placement
82,Polyvinyltoluene,857.984984797,2.0083637391,World/native_target/trigger_pad3_bar_volume_22
82,Polyvinyltoluene,862.001712275,2.0083637391,World/native_target/trigger_pad3_bar_volume_23
82,LYSO,936.813261557,0.602509121729,World/native_target/lvTarget_3/lvTargetArray1_phys/target_0
82,LYSO,937.616607052,0.602509121729,World/native_target/lvTarget_3/lvTargetArray2_phys/target_0
82,Polyvinyltoluene,551.910350959,2.0083637391,World/native_trig_scint/trigger_pad1_bar_volume_4
82,Polyvinyltoluene,555.927078437,2.0083637391,World/native_trig_scint/trigger_pad1_bar_volume_5
82,Polyvinyltoluene,627.424827549,2.0083637391,World/native_trig_scint/trigger_pad2_bar_volume_8
82,Polyvinyltoluene,631.441555027,2.0083637391,World/native_trig_scint/trigger_pad2_bar_volume_9
82,Silicon,692.837234531,0.321338198256,World/native_recoil/recoil_l14_sensor_vol_10/recoil_l14_active_sensor
82,Silicon,698.862325748,0.321338198256,World/native_recoil/recoil_l14_sensor_vol_20/recoil_l14_active_sensor
82,Silicon,793.255421486,0.321338198256,World/native_recoil/recoil_l14_sensor_vol_30/recoil_l14_active_sensor
82,Silicon,799.280512703,0.321338198256,World/native_recoil/recoil_l14_sensor_vol_40/recoil_l14_active_sensor
82,Scintillator,232.256228022,20.083637391,World/hcal_top/hcal_top_layer1_strip6
82,Scintillator,255.72554696,20.083637391,World/hcal_top/hcal_top_layer2_strip5
82,Aluminum3003,231.754137087,0.502090934774,World/hcal_top/hcal_top_cover_1_placement
82,Aluminum3003,255.223456026,0.502090934774,World/hcal_top/hcal_top_cover_2_placement
82,Scintillator,1198.64585632,20.083637391,World/hcal_above_ecal/hcal_above_ecal_layer1_strip2
82,Scintillator,1224.15207581,20.083637391,World/hcal_above_ecal/hcal_above_ecal_layer2_strip4
82,Scintillator,1249.6582953,20.083637391,World/hcal_above_ecal/hcal_above_ecal_layer3_strip2
82,Scintillator,1275.16451478,20.083637391,World/hcal_above_ecal/hcal_above_ecal_layer4_strip4
82,Aluminum3003,1198.14376539,0.502090934774,World/hcal_above_ecal/hcal_above_ecal_cover_1_placement
82,Aluminum3003,1223.64998487,0.502090934774,World/hcal_above_ecal/hcal_above_ecal_cover_2_placement
82,Aluminum3003,1249.15620436,0.502090934774,World/hcal_above_ecal/hcal_above_ecal_cover_3_placement
82,Aluminum3003,1274.66242385,0.502090934774,World/hcal_above_ecal/hcal_above_ecal_cover_4_placement
82,Scintillator,1705.59861893,20.083637391,World/hcal_below_ecal/hcal_below_ecal_layer1_strip3
82,Scintillator,1729.22140903,20.083637391,World/hcal_below_ecal/hcal_below_ecal_layer2_strip6
82,Scintillator,1752.84419912,20.083637391,World/hcal_below_ecal/hcal_below_ecal_layer3_strip3
82,Scintillator,1776.46698921,20.083637391,World/hcal_below_ecal/hcal_below_ecal_layer4_strip6
82,Aluminum3003,1705.096528,0.502090934774,World/hcal_below_ecal/hcal_below_ecal_cover_1_placement
82,Aluminum3003,1728.71931809,0.502090934774,World/hcal_below_ecal/hcal_below_ecal_cover_2_placement
82,Aluminum3003,1752.34210819,0.502090934774,World/hcal_below_ecal/hcal_below_ecal_cover_3_placement
82,Aluminum3003,1775.96489828,0.502090934774,World/hcal_below_ecal/hcal_below_ecal_cover_4_placement
83,Polyvinyltoluene,859.190021621,2.00181282687,World/native_target/trigger_pad3_bar_volume_3
83,Polyvinyltoluene,855.186395967,2.00181282687,World/native_target/trigger_pad3_bar_volume_4
83,LYSO,933.757549422,0.600543848061,World/native_target/lvTarget_3/lvTargetArray1_phys/target_0
83,LYSO,934.558274552,0.600543848061,World/native_target/lvTarget_3/lvTargetArray2_phys/target_0
83,Polyvinyltoluene,625.378283442,2.00181282687,World/native_trig_scint/trigger_pad2_bar_volume_6
83,Polyvinyltoluene,629.381909096,2.00181282687,World/native_trig_scint/trigger_pad2_bar_volume_7
83,Polyvinyltoluene,554.113746805,2.00181282687,World/native_trig_scint/trigger_pad1_bar_volume_7
83,Polyvinyltoluene,550.110121152,2.00181282687,World/native_trig_scint/trigger_pad1_bar_volume_8
83,Silicon,690.577327213,0.320290052299,World/native_recoil/recoil_l14_sensor_vol_10/recoil_l14_active_sensor
83,Silicon,696.582765694,0.320290052299,World/native_recoil/recoil_l14_sensor_vol_20/recoil_l14_active_sensor
83,Silicon,790.667968557,0.320290052299,World/native_recoil/recoil_l14_sensor_vol_30/recoil_l14_active_sensor
83,Silicon,796.673407037,0.320290052299,World/native_recoil/recoil_l14_sensor_vol_40/recoil_l14_active_sensor
83,Scintillator,231.498651028,15.9071412222,World/hcal_top/hcal_top_layer1_strip5
83,Scintillator,247.405792251,4.11098704649,World/hcal_top/hcal_top_layer1_strip6
83,Scintillator,254.891417375,20.0181282687,World/hcal_top/hcal_top_layer2_strip5
83,Aluminum3003,230.998197822,0.500453206718,World/hcal_top/hcal_top_cover_1_placement
83,Aluminum3003,254.390964169,0.500453206718,World/hcal_top/hcal_top_cover_2_placement
83,Scintillator,1194.73609454,20.0181282687,World/hcal_above_ecal/hcal_above_ecal_layer1_strip3
83,Scintillator,1220.15911744,20.0181282687,World/hcal_above_ecal/hcal_above_ecal_layer2_strip4
83,Scintillator,1245.58214034,20.0181282687,World/hcal_above_ecal/hcal_above_ecal_layer3_strip3
83,Scintillator,1271.00516324,20.0181282687,World/hcal_above_ecal/hcal_above_ecal_layer4_strip4
83,Aluminum3003,1194.23564133,0.500453206718,World/hcal_above_ecal/hcal_above_ecal_cover_1_placement
83,Aluminum3003,1219.65866423,0.500453206718,World/hcal_above_ecal/hcal_above_ecal_cover_2_placement
83,Aluminum3003,1245.08168714,0.500453206718,World/hcal_above_ecal/hcal_above_ecal_cover_3_placement
83,Aluminum3003,1270.50471004,0.500453206718,World/hcal_above_ecal/hcal_above_ecal_cover_4_placement
83,Scintillator,1700.03527071,20.0181282687,World/hcal_below_ecal/hcal_below_ecal_layer1_strip5
83,Scintillator,1723.58100761,20.0181282687,World/hcal_below_ecal/hcal_below_ecal_layer2_strip7
83,Scintillator,1747.12674452,20.0181282687,World/hcal_below_ecal/hcal_below_ecal_layer3_strip5
83,Scintillator,1770.67248143,20.0181282687,World/hcal_below_ecal/hcal_below_ecal_layer4_strip7
83,Aluminum3003,1699.5348175,0.500453206718,World/hcal_below_ecal/hcal_below_ecal_cover_1_placement
83,Aluminum3003,1723.08055441,0.500453206718,World/hcal_below_ecal/hcal_below_ecal_cover_2_placement
83,Aluminum3003,1746.62629132,0.500453206718,World/hcal_below_ecal/hcal_below_ecal_cover_3_placement
83,Aluminum3003,1770.17202822,0.500453206718,World/hcal_below_ecal/hcal_below_ecal_cover_4_placement
84,Polyvinyltoluene,854.417242592,2.00001239939,World/native_target/trigger_pad3_bar_volume_0
84,Polyvinyltoluene,858.417267391,2.00001239939,World/native_target/trigger_pad3_bar_volume_1
84,LYSO,932.917729268,0.600003719816,World/native_target/lvTarget_3/lvTargetArray1_phys/target_0
84,LYSO,933.717734228,0.600003719816,World/native_target/lvTarget_3/lvTargetArray2_phys/target_0
84,Polyvinyltoluene,624.815819143,2.00001239939,World/native_trig_scint/trigger_pad2_bar_volume_0
84,Polyvinyltoluene,628.815843941,2.00001239939,World/native_trig_scint/trigger_pad2_bar_volume_1
84,Polyvinyltoluene,549.615352926,2.00001239939,World/native_trig_scint/trigger_pad1_bar_volume_0
84,Polyvinyltoluene,553.615377724,2.00001239939,World/native_trig_scint/trigger_pad1_bar_volume_1
84,Silicon,689.956222991,0.320001983902,World/native_recoil/recoil_l14_sensor_vol_10/recoil_l14_active_sensor
84,Silicon,695.956260189,0.320001983902,World/native_recoil/recoil_l14_sensor_vol_20/recoil_l14_active_sensor
84,Silicon,789.95684296,0.320001983902,World/native_recoil/recoil_l14_sensor_vol_30/recoil_l14_active_sensor
84,Silicon,795.956880158,0.320001983902,World/native_recoil/recoil_l14_sensor_vol_40/recoil_l14_active_sensor
84,Scintillator,231.290441485,20.0001239939,World/hcal_top/hcal_top_layer1_strip6
84,Scintillator,254.662168413,20.0001239939,World/hcal_top/hcal_top_layer2_strip5
84,Aluminum3003,230.790438386,0.500003099847,World/hcal_top/hcal_top_cover_1_placement
84,Aluminum3003,254.162165313,0.500003099847,World/hcal_top/hcal_top_cover_2_placement
84,Scintillator,1193.66155067,20.0001239939,World/hcal_above_ecal/hcal_above_ecal_layer1_strip3
84,Scintillator,1219.06170814,20.0001239939,World/hcal_above_ecal/hcal_above_ecal_layer2_strip4
84,Scintillator,1244.46186561,20.0001239939,World/hcal_above_ecal/hcal_above_ecal_layer3_strip3
84,Scintillator,1269.86202309,20.0001239939,World/hcal_above_ecal/hcal_above_ecal_layer4_strip4
84,Aluminum3003,1193.16154757,0.500003099847,World/hcal_above_ecal/hcal_above_ecal_cover_1_placement
84,Aluminum3003,1218.56170504,0.500003099847,World/hcal_above_ecal/hcal_above_ecal_cover_2_placement
84,Aluminum3003,1243.96186252,0.500003099847,World/hcal_above_ecal/hcal_above_ecal_cover_3_placement
84,Aluminum3003,1269.36201999,0.500003099847,World/hcal_above_ecal/hcal_above_ecal_cover_4_placement
84,Scintillator,1698.50626151,20.0001239939,World/hcal_below_ecal/hcal_below_ecal_layer1_strip5
84,Scintillator,1722.03082142,20.0001239939,World/hcal_below_ecal/hcal_below_ecal_layer2_strip6
84,Scintillator,1745.55538132,20.0001239939,World/hcal_below_ecal/hcal_below_ecal_layer3_strip5
84,Scintillator,1769.07994123,20.0001239939,World/hcal_below_ecal/hcal_below_ecal_layer4_strip6
84,Aluminum3003,1698.00625841,0.500003099847,World/hcal_below_ecal/hcal_below_ecal_cover_1_placement
84,Aluminum3003,1721.53081832,0.500003099847,World/hcal_below_ecal/hcal_below_ecal_cover_2_placement
84,Aluminum3003,1745.05537822,0.500003099847,World/hcal_below_ecal/hcal_below_ecal_cover_3_placement
84,Aluminum3003,1768.57993813,0.500003099847,World/hcal_below_ecal/hcal_below_ecal_cover_4_placement
85,Polyvinyltoluene,862.518041369,2.00956672584,World/native_target/trigger_pad3_bar_volume_19
85,Polyvinyltoluene,858.498907918,2.00956672584,World/native_target/trigger_pad3_bar_volume_20
85,LYSO,937.374401907,0.602870017751,World/native_target/lvTarget_3/lvTargetArray1_phys/target_0
85,LYSO,938.55232884,0.228769775199,World/native_target/lvTarget_3/lvTargetArray2_phys/target_0
85,Polyvinyltoluene,556.260072352,2.00956672584,World/native_trig_scint/trigger_pad1_bar_volume_1
85,Polyvinyltoluene,552.2409389,2.00956672584,World/native_trig_scint/trigger_pad1_bar_volume_2
85,Polyvinyltoluene,627.800647791,2.00956672584,World/native_trig_scint/trigger_pad2_bar_volume_6
85,Polyvinyltoluene,633.189301732,0.640046236933,World/native_trig_scint/trigger_pad2_bar_volume_7
85,Silicon,693.252236052,0.321530676134,World/native_recoil/recoil_l14_sensor_vol_10/recoil_l14_active_sensor
85,Silicon,699.280936229,0.321530676134,World/native_recoil/recoil_l14_sensor_vol_20/recoil_l14_active_sensor
85,Silicon,793.730572344,0.321530676134,World/native_recoil/recoil_l14_sensor_vol_30/recoil_l14_active_sensor
85,Silicon,799.759272521,0.321530676134,World/native_recoil/recoil_l14_sensor_vol_40/recoil_l14_active_sensor
85,Scintillator,232.395346827,20.0956672584,World/hcal_top/hcal_top_layer1_strip6
85,Scintillator,255.878723617,20.0956672584,World/hcal_top/hcal_top_layer2_strip5
85,Aluminum3003,231.892955145,0.502391681459,World/hcal_top/hcal_top_cover_1_placement
85,Aluminum3003,255.376331935,0.502391681459,World/hcal_top/hcal_top_cover_2_placement
85,Scintillator,1199.36383138,20.0956672584,World/hcal_above_ecal/hcal_above_ecal_layer1_strip2
85,Scintillator,1224.8853288,20.0956672584,World/hcal_above_ecal/hcal_above_ecal_layer2_strip4
85,Scintillator,1250.40682622,20.0956672584,World/hcal_above_ecal/hcal_above_ecal_layer3_strip2
85,Scintillator,1275.92832364,20.0956672584,World/hcal_above_ecal/hcal_above_ecal_layer4_strip4
85,Aluminum3003,1198.8614397,0.502391681459,World/hcal_above_ecal/hcal_above_ecal_cover_1_placement
85,Aluminum3003,1224.38293712,0.502391681459,World/hcal_above_ecal/hcal_above_ecal_cover_2_placement
85,Aluminum3003,1249.90443454,0.502391681459,World/hcal_above_ecal/hcal_above_ecal_cover_3_placement
85,Aluminum3003,1275.42593195,0.502391681459,World/hcal_above_ecal/hcal_above_ecal_cover_4_placement
85,Scintillator,1706.62025286,20.0956672584,World/hcal_below_ecal/hcal_below_ecal_layer1_strip3
85,Scintillator,1730.25719273,20.0956672584,World/hcal_below_ecal/hcal_below_ecal_layer2_strip5
85,Scintillator,1753.8941326,20.0956672584,World/hcal_below_ecal/hcal_below_ecal_layer3_strip3
85,Scintillator,1777.53107247,20.0956672584,World/hcal_below_ecal/hcal_below_ecal_layer4_strip5
85,Aluminum3003,1706.11786117,0.502391681459,World/hcal_below_ecal/hcal_below_ecal_cover_1_placement
85,Aluminum3003,1729.75480105,0.502391681459,World/hcal_below_ecal/hcal_below_ecal_cover_2_placement
85,Aluminum3003,1753.39174092,0.502391681459,World/hcal_below_ecal/hcal_below_ecal_cover_3_placement
85,Aluminum3003,1777.02868079,0.502391681459,World/hcal_below_ecal/hcal_below_ecal_cover_4_placement
86,Polyvinyltoluene,855.177453453,2.00179189431,World/native_target/trigger_pad3_bar_volume_2
86,Polyvinyltoluene,859.181037242,2.00179189431,World/native_target/trigger_pad3_bar_volume_3
86,LYSO,933.747785305,0.600537568294,World/native_target/lvTarget_3/lvTargetArray1_phys/target_0
86,LYSO,934.548502063,0.600537568294,World/native_target/lvTarget_3/lvTargetArray2_phys/target_0
86,Polyvinyltoluene,625.371743986,2.00179189431,World/native_trig_scint/trigger_pad2_bar_volume_4
86,Polyvinyltoluene,629.375327775,2.00179189431,World/native_trig_scint/trigger_pad2_bar_volume_5
86,Polyvinyltoluene,550.10436876,2.00179189431,World/native_trig_scint/trigger_pad1_bar_volume_4
86,Polyvinyltoluene,554.107952549,2.00179189431,World/native_trig_scint/trigger_pad1_bar_volume_5
86,Silicon,690.570105984,0.32028670309,World/native_recoil/recoil_l14_sensor_vol_10/recoil_l14_active_sensor
86,Silicon,696.575481667,0.32028670309,World/native_recoil/recoil_l14_sensor_vol_20/recoil_l14_active_sensor
86,Silicon,790.6597007,0.32028670309,World/native_recoil/recoil_l14_sensor_vol_30/recoil_l14_active_sensor
86,Silicon,796.665076383,0.32028670309,World/native_recoil/recoil_l14_sensor_vol_40/recoil_l14_active_sensor
86,Scintillator,231.496230293,0.286092220416,World/hcal_top/hcal_top_layer1_strip5
86,Scintillator,231.782322514,19.7318267227,World/hcal_top/hcal_top_layer1_strip6
86,Scintillator,254.888752027,20.0179189431,World/hcal_top/hcal_top_layer2_strip5
86,Aluminum3003,230.99578232,0.500447973578,World/hcal_top/hcal_top_cover_1_placement
86,Aluminum3003,254.388304053,0.500447973578,World/hcal_top/hcal_top_cover_2_placement
86,Scintillator,1194.72360142,20.0179189431,World/hcal_above_ecal/hcal_above_ecal_layer1_strip3
86,Scintillator,1220.14635848,20.0179189431,World/hcal_above_ecal/hcal_above_ecal_layer2_strip4
86,Scintillator,1245.56911554,20.0179189431,World/hcal_above_ecal/hcal_above_ecal_layer3_strip3
86,Scintillator,1270.9918726,20.0179189431,World/hcal_above_ecal/hcal_above_ecal_layer4_strip4
86,Aluminum3003,1194.22315345,0.500447973578,World/hcal_above_ecal/hcal_above_ecal_cover_1_placement
86,Aluminum3003,1219.64591051,0.500447973578,World/hcal_above_ecal/hcal_above_ecal_cover_2_placement
86,Aluminum3003,1245.06866756,0.500447973578,World/hcal_above_ecal/hcal_above_ecal_cover_3_placement
86,Aluminum3003,1270.49142462,0.500447973578,World/hcal_above_ecal/hcal_above_ecal_cover_4_placement
86,Scintillator,1700.01749378,20.0179189431,World/hcal_below_ecal/hcal_below_ecal_layer1_strip5
86,Scintillator,1723.56298447,20.0179189431,World/hcal_below_ecal/hcal_below_ecal_layer2_strip7
86,Scintillator,1747.10847517,20.0179189431,World/hcal_below_ecal/hcal_below_ecal_layer3_strip5
86,Scintillator,1770.65396586,20.0179189431,World/hcal_below_ecal/hcal_below_ecal_layer4_strip7
86,Aluminum3003,1699.5170458,0.500447973578,World/hcal_below_ecal/hcal_below_ecal_cover_1_placement
86,Aluminum3003,1723.0625365,0.500447973578,World/hcal_below_ecal/hcal_below_ecal_cover_2_placement
86,Aluminum3003,1746.60802719,0.500447973578,World/hcal_below_ecal/hcal_below_ecal_cover_3_placement
86,Aluminum3003,1770.15351789,0.500447973578,World/hcal_below_ecal/hcal_below_ecal_cover_4_placement
87,Polyvinyltoluene,854.483910032,2.00016845395,World/native_target/trigger_pad3_bar_volume_18
87,Polyvinyltoluene,858.48424694,2.00016845395,World/native_target/trigger_pad3_bar_volume_19
87,LYSO,932.990521849,0.600050536184,World/native_target/lvTarget_3/lvTargetArray1_phys/target_0
87,LYSO,933.790589231,0.600050536184,World/native_target/lvTarget_3/lvTargetArray2_phys/target_0
87,Polyvinyltoluene,628.864908427,2.00016845395,World/native_trig_scint/trigger_pad2_bar_volume_19
87,Polyvinyltoluene,553.658574558,2.00016845395,World/native_trig_scint/trigger_pad1_bar_volume_19
87,Polyvinyltoluene,624.864571519,2.00016845395,World/native_trig_scint/trigger_pad2_bar_volume_20
87,Polyvinyltoluene,549.65823765,2.00016845395,World/native_trig_scint/trigger_pad1_bar_volume_20
87,Silicon,690.010058064,0.320026952631,World/native_recoil/recoil_l14_sensor_vol_10/recoil_l14_active_sensor
87,Silicon,696.010563426,0.320026952631,World/native_recoil/recoil_l14_sensor_vol_20/recoil_l14_active_sensor
87,Silicon,790.018480761,0.320026952631,World/native_recoil/recoil_l14_sensor_vol_30/recoil_l14_active_sensor
87,Silicon,796.018986123,0.320026952631,World/native_recoil/recoil_l14_sensor_vol_40/recoil_l14_active_sensor
87,Scintillator,231.308488337,20.0016845395,World/hcal_top/hcal_top_layer1_strip6
87,Scintillator,254.682038886,20.0016845395,World/hcal_top/hcal_top_layer2_strip4
87,Aluminum3003,230.808446224,0.500042113486,World/hcal_top/hcal_top_cover_1_placement
87,Aluminum3003,254.181996773,0.500042113486,World/hcal_top/hcal_top_cover_2_placement
87,Scintillator,1193.75468826,20.0016845395,World/hcal_above_ecal/hcal_above_ecal_layer1_strip3
87,Scintillator,1219.15682762,20.0016845395,World/hcal_above_ecal/hcal_above_ecal_layer2_strip4
87,Scintillator,1244.55896699,20.0016845395,World/hcal_above_ecal/hcal_above_ecal_layer3_strip3
87,Scintillator,1269.96110635,20.0016845395,World/hcal_above_ecal/hcal_above_ecal_layer4_strip4
87,Aluminum3003,1193.25464614,0.500042113486,World/hcal_above_ecal/hcal_above_ecal_cover_1_placement
87,Aluminum3003,1218.65678551,0.500042113486,World/hcal_above_ecal/hcal_above_ecal_cover_2_placement
87,Aluminum3003,1244.05892487,0.500042113486,World/hcal_above_ecal/hcal_above_ecal_cover_3_placement
87,Aluminum3003,1269.46106424,0.500042113486,World/hcal_above_ecal/hcal_above_ecal_cover_4_placement
87,Scintillator,1698.63879051,20.0016845395,World/hcal_below_ecal/hcal_below_ecal_layer1_strip4
87,Scintillator,1722.16518596,20.0016845395,World/hcal_below_ecal/hcal_below_ecal_layer2_strip6
87,Scintillator,1745.69158142,20.0016845395,World/hcal_below_ecal/hcal_below_ecal_layer3_strip4
87,Scintillator,1769.21797687,20.0016845395,World/hcal_below_ecal/hcal_below_ecal_layer4_strip6
87,Aluminum3003,1698.1387484,0.500042113486,World/hcal_below_ecal/hcal_below_ecal_cover_1_placement
87,Aluminum3003,1721.66514385,0.500042113486,World/hcal_below_ecal/hcal_below_ecal_cover_2_placement
87,Aluminum3003,1745.1915393,0.500042113486,World/hcal_below_ecal/hcal_below_ecal_cover_3_placement
87,Aluminum3003,1768.71793475,0.500042113486,World/hcal_below_ecal/hcal_below_ecal_cover_4_placement
88,Polyvinyltoluene,856.901197226,2.00582681864,World/native_target/trigger_pad3_bar_volume_2
88,Polyvinyltoluene,860.912850863,2.00582681864,World/native_target/trigger_pad3_bar_volume_3
88,LYSO,935.629899858,0.601748045593,World/native_target/lvTarget_3/lvTargetArray1_phys/target_0
88,LYSO,936.432230585,0.601748045593,World/native_target/lvTarget_3/lvTargetArray2_phys/target_0
88,Polyvinyltoluene,631.28962383,1.36013507216,World/native_trig_scint/trigger_pad2_bar_volume_11
88,Polyvinyltoluene,626.632278446,2.00582681864,World/native_trig_scint/trigger_pad2_bar_volume_12
88,Polyvinyltoluene,555.224843702,2.00582681864,World/native_trig_scint/trigger_pad1_bar_volume_15
88,Polyvinyltoluene,551.213190065,2.00582681864,World/native_trig_scint/trigger_pad1_bar_volume_16
88,Silicon,691.962057929,0.320932290983,World/native_recoil/recoil_l14_sensor_vol_10/recoil_l14_active_sensor
88,Silicon,697.979538385,0.320932290983,World/native_recoil/recoil_l14_sensor_vol_20/recoil_l14_active_sensor
88,Silicon,792.253398861,0.320932290983,World/native_recoil/recoil_l14_sensor_vol_30/recoil_l14_active_sensor
88,Silicon,798.270879317,0.320932290983,World/native_recoil/recoil_l14_sensor_vol_40/recoil_l14_active_sensor
88,Scintillator,244.980406239,7.04070906227,World/hcal_top/hcal_top_layer1_strip6
88,Scintillator,231.962847115,13.0175591242,World/hcal_top/hcal_top_layer1_strip7
88,Scintillator,255.402520131,20.0582681864,World/hcal_top/hcal_top_layer2_strip4
88,Aluminum3003,231.46139041,0.501456704661,World/hcal_top/hcal_top_cover_1_placement
88,Aluminum3003,254.901063426,0.501456704661,World/hcal_top/hcal_top_cover_2_placement
88,Scintillator,1197.13175351,20.0582681864,World/hcal_above_ecal/hcal_above_ecal_layer1_strip3
88,Scintillator,1222.6057541,20.0582681864,World/hcal_above_ecal/hcal_above_ecal_layer2_strip4
88,Scintillator,1248.0797547,10.5982693184,World/hcal_above_ecal/hcal_above_ecal_layer3_strip3
88,Scintillator,1258.67802402,9.45999886806,World/hcal_above_ecal/hcal_above_ecal_layer3_strip4
88,Scintillator,1273.5537553,20.0582681864,World/hcal_above_ecal/hcal_above_ecal_layer4_strip4
88,Aluminum3003,1196.6302968,0.50145670466,World/hcal_above_ecal/hcal_above_ecal_cover_1_placement
88,Aluminum3003,1222.1042974,0.50145670466,World/hcal_above_ecal/hcal_above_ecal_cover_2_placement
88,Aluminum3003,1247.578298,0.501456704661,World/hcal_above_ecal/hcal_above_ecal_cover_3_placement
88,Aluminum3003,1273.05229859,0.50145670466,World/hcal_above_ecal/hcal_above_ecal_cover_4_placement
88,Scintillator,1703.44414465,20.0582681864,World/hcal_below_ecal/hcal_below_ecal_layer1_strip6
88,Scintillator,1727.03709496,20.0582681864,World/hcal_below_ecal/hcal_below_ecal_layer2_strip5
88,Scintillator,1750.63004527,20.0582681864,World/hcal_below_ecal/hcal_below_ecal_layer3_strip6
88,Scintillator,1774.22299558,20.0582681864,World/hcal_below_ecal/hcal_below_ecal_layer4_strip5
88,Aluminum3003,1702.94268795,0.50145670466,World/hcal_below_ecal/hcal_below_ecal_cover_1_placement
88,Aluminum3003,1726.53563826,0.50145670466,World/hcal_below_ecal/hcal_below_ecal_cover_2_placement
88,Aluminum3003,1750.12858857,0.50145670466,World/hcal_below_ecal/hcal_below_ecal_cover_3_placement
88,Aluminum3003,1773.72153888,0.50145670466,World/hcal_below_ecal/hcal_below_ecal_cover_4_placement
89,Polyvinyltoluene,859.094420197,2.00159008667,World/native_target/trigger_pad3_bar_volume_13
89,Polyvinyltoluene,855.091240024,2.00159008667,World/native_target/trigger_pad3_bar_volume_14
89,LYSO,933.653650926,0.600477026002,World/native_target/lvTarget_3/lvTargetArray1_phys/target_0
89,LYSO,934.454286961,0.600477026002,World/native_target/lvTarget_3/lvTargetArray2_phys/target_0
89,Polyvinyltoluene,550.048910815,2.00159008667,World/native_trig_scint/trigger_pad1_bar_volume_6
89,Polyvinyltoluene,554.052090988,2.00159008667,World/native_trig_scint/trigger_pad1_bar_volume_7
89,Polyvinyltoluene,625.308698074,2.00159008667,World/native_trig_scint/trigger_pad2_bar_volume_8
89,Polyvinyltoluene,629.311878247,2.00159008667,World/native_trig_scint/trigger_pad2_bar_volume_9
89,Silicon,690.500487197,0.320254413868,World/native_recoil/recoil_l14_sensor_vol_10/recoil_l14_active_sensor
89,Silicon,696.505257457,0.320254413868,World/native_recoil/recoil_l14_sensor_vol_20/recoil_l14_active_sensor
89,Silicon,790.57999153,0.320254413868,World/native_recoil/recoil_l14_sensor_vol_30/recoil_l14_active_sensor
89,Silicon,796.58476179,0.320254413868,World/native_recoil/recoil_l14_sensor_vol_40/recoil_l14_active_sensor
89,Scintillator,231.472892349,20.0159008667,World/hcal_top/hcal_top_layer1_strip6
89,Scintillator,254.8630558,20.0159008667,World/hcal_top/hcal_top_layer2_strip5
89,Aluminum3003,230.972494827,0.500397521668,World/hcal_top/hcal_top_cover_1_placement
89,Aluminum3003,254.362658279,0.500397521668,World/hcal_top/hcal_top_cover_2_placement
89,Scintillator,1194.60315716,20.0159008667,World/hcal_above_ecal/hcal_above_ecal_layer1_strip2
89,Scintillator,1220.02335126,20.0159008667,World/hcal_above_ecal/hcal_above_ecal_layer2_strip4
89,Scintillator,1245.44354536,20.0159008667,World/hcal_above_ecal/hcal_above_ecal_layer3_strip2
89,Scintillator,1270.86373946,20.0159008667,World/hcal_above_ecal/hcal_above_ecal_layer4_strip4
89,Aluminum3003,1194.10275964,0.500397521668,World/hcal_above_ecal/hcal_above_ecal_cover_1_placement
89,Aluminum3003,1219.52295374,0.500397521668,World/hcal_above_ecal/hcal_above_ecal_cover_2_placement
89,Aluminum3003,1244.94314784,0.500397521668,World/hcal_above_ecal/hcal_above_ecal_cover_3_placement
89,Aluminum3003,1270.36334194,0.500397521668,World/hcal_above_ecal/hcal_above_ecal_cover_4_placement
89,Scintillator,1699.84610907,20.0159008667,World/hcal_below_ecal/hcal_below_ecal_layer1_strip4
89,Scintillator,1723.38922606,20.0159008667,World/hcal_below_ecal/hcal_below_ecal_layer2_strip6
89,Scintillator,1746.93234305,20.0159008667,World/hcal_below_ecal/hcal_below_ecal_layer3_strip4
89,Scintillator,1770.47546004,20.0159008667,World/hcal_below_ecal/hcal_below_ecal_layer4_strip6
89,Aluminum3003,1699.34571155,0.500397521668,World/hcal_below_ecal/hcal_below_ecal_cover_1_placement
89,Aluminum3003,1722.88882854,0.500397521668,World/hcal_below_ecal/hcal_below_ecal_cover_2_placement
89,Aluminum3003,1746.43194553,0.500397521668,World/hcal_below_ecal/hcal_below_ecal_cover_3_placement
89,Aluminum3003,1769.97506252,0.500397521668,World/hcal_below_ecal/hcal_below_ecal_cover_4_placement
90,Polyvinyltoluene,854.515362074,2.00024207661,World/native_target/trigger_pad3_bar_volume_14
90,Polyvinyltoluene,858.515846227,2.00024207661,World/native_target/trigger_pad3_bar_volume_15
90,LYSO,933.024863581,0.600072622983,World/native_target/lvTarget_3/lvTargetArray1_phys/target_0
90,LYSO,933.824960412,0.600072622983,World/native_target/lvTarget_3/lvTargetArray2_phys/target_0
90,Polyvinyltoluene,624.887571679,2.00024207661,World/native_trig_scint/trigger_pad2_bar_volume_16
90,Polyvinyltoluene,628.888055832,2.00024207661,World/native_trig_scint/trigger_pad2_bar_volume_17
90,Polyvinyltoluene,553.678953752,2.00024207661,World/native_trig_scint/trigger_pad1_bar_volume_17
90,Polyvinyltoluene,549.678469598,2.00024207661,World/native_trig_scint/trigger_pad1_bar_volume_18
90,Silicon,690.035456114,0.320038732258,World/native_recoil/recoil_l14_sensor_vol_10/recoil_l14_active_sensor
90,Silicon,696.036182344,0.320038732258,World/native_recoil/recoil_l14_sensor_vol_20/recoil_l14_active_sensor
90,Silicon,790.047559945,0.320038732258,World/native_recoil/recoil_l14_sensor_vol_30/recoil_l14_active_sensor
90,Silicon,796.048286175,0.320038732258,World/native_recoil/recoil_l14_sensor_vol_40/recoil_l14_active_sensor
90,Scintillator,231.317002394,20.0024207661,World/hcal_top/hcal_top_layer1_strip6
90,Scintillator,254.691413282,20.0024207661,World/hcal_top/hcal_top_layer2_strip4
90,Aluminum3003,230.816941875,0.500060519153,World/hcal_top/hcal_top_cover_1_placement
90,Aluminum3003,254.191352763,0.500060519153,World/hcal_top/hcal_top_cover_2_placement
90,Scintillator,1193.79862825,20.0024207661,World/hcal_above_ecal/hcal_above_ecal_layer1_strip3
90,Scintillator,1219.20170263,20.0024207661,World/hcal_above_ecal/hcal_above_ecal_layer2_strip4
90,Scintillator,1244.604777,20.0024207661,World/hcal_above_ecal/hcal_above_ecal_layer3_strip3
90,Scintillator,1270.00785137,20.0024207661,World/hcal_above_ecal/hcal_above_ecal_layer4_strip4
90,Aluminum3003,1193.29856774,0.500060519153,World/hcal_above_ecal/hcal_above_ecal_cover_1_placement
90,Aluminum3003,1218.70164211,0.500060519153,World/hcal_above_ecal/hcal_above_ecal_cover_2_placement
90,Aluminum3003,1244.10471648,0.500060519153,World/hcal_above_ecal/hcal_above_ecal_cover_3_placement
90,Aluminum3003,1269.50779086,0.500060519152,World/hcal_above_ecal/hcal_above_ecal_cover_4_placement
90,Scintillator,1698.7013144,20.0024207661,World/hcal_below_ecal/hcal_below_ecal_layer1_strip5
90,Scintillator,1722.22857582,20.0024207661,World/hcal_below_ecal/hcal_below_ecal_layer2_strip6
90,Scintillator,1745.75583724,20.0024207661,World/hcal_below_ecal/hcal_below_ecal_layer3_strip5
90,Scintillator,1769.28309865,20.0024207661,World/hcal_below_ecal/hcal_below_ecal_layer4_strip6
90,Aluminum3003,1698.20125388,0.500060519153,World/hcal_below_ecal/hcal_below_ecal_cover_1_placement
90,Aluminum3003,1721.7285153,0.500060519153,World/hcal_below_ecal/hcal_below_ecal_cover_2_placement
90,Aluminum3003,1745.25577672,0.500060519153,World/hcal_below_ecal/hcal_below_ecal_cover_3_placement
90,Aluminum3003,1768.78303813,0.500060519152,World/hcal_below_ecal/hcal_below_ecal_cover_4_placement
91,Polyvinyltoluene,855.304858935,2.00209012395,World/native_target/trigger_pad3_bar_volume_2
91,Polyvinyltoluene,859.309039183,2.00209012395,World/native_target/trigger_pad3_bar_volume_3
91,LYSO,933.8868963,0.600627037185,World/native_target/lvTarget_3/lvTargetArray1_phys/target_0
91,LYSO,934.68773235,0.600627037185,World/native_target/lvTarget_3/lvTargetArray2_phys/target_0
91,Polyvinyltoluene,629.469092954,2.00209012395,World/native_trig_scint/trigger_pad2_bar_volume_7
91,Polyvinyltoluene,625.464912706,2.00209012395,World/native_trig_scint/trigger_pad2_bar_volume_8
91,Polyvinyltoluene,550.186324045,2.00209012395,World/native_trig_scint/trigger_pad1_bar_volume_8
91,Polyvinyltoluene,554.190504293,2.00209012395,World/native_trig_scint/trigger_pad1_bar_volume_9
91,Silicon,690.672988043,0.320334419832,World/native_recoil/recoil_l14_sensor_vol_10/recoil_l14_active_sensor
91,Silicon,696.679258415,0.320334419832,World/native_recoil/recoil_l14_sensor_vol_20/recoil_l14_active_sensor
91,Silicon,790.77749424,0.320334419832,World/native_recoil/recoil_l14_sensor_vol_30/recoil_l14_active_sensor
91,Silicon,796.783764612,0.320334419832,World/native_recoil/recoil_l14_sensor_vol_40/recoil_l14_active_sensor
91,Scintillator,231.530718912,20.0209012395,World/hcal_top/hcal_top_layer1_strip6
91,Scintillator,254.926725694,20.0209012395,World/hcal_top/hcal_top_layer2_strip4
91,Aluminum3003,231.030196381,0.500522530987,World/hcal_top/hcal_top_cover_1_placement
91,Aluminum3003,254.426203163,0.500522530987,World/hcal_top/hcal_top_cover_2_placement
91,Scintillator,1194.90159294,20.0209012395,World/hcal_above_ecal/hcal_above_ecal_layer1_strip3
91,Scintillator,1220.32813752,20.0209012395,World/hcal_above_ecal/hcal_above_ecal_layer2_strip4
91,Scintillator,1245.75468209,20.0209012395,World/hcal_above_ecal/hcal_above_ecal_layer3_strip3
91,Scintillator,1271.18122667,20.0209012395,World/hcal_above_ecal/hcal_above_ecal_layer4_strip4
91,Aluminum3003,1194.40107041,0.500522530987,World/hcal_above_ecal/hcal_above_ecal_cover_1_placement
91,Aluminum3003,1219.82761499,0.500522530987,World/hcal_above_ecal/hcal_above_ecal_cover_2_placement
91,Aluminum3003,1245.25415956,0.500522530987,World/hcal_above_ecal/hcal_above_ecal_cover_3_placement
91,Aluminum3003,1270.68070414,0.500522530987,World/hcal_above_ecal/hcal_above_ecal_cover_4_placement
91,Scintillator,1700.27076466,20.0209012395,World/hcal_below_ecal/hcal_below_ecal_layer1_strip5
91,Scintillator,1723.81976319,20.0209012395,World/hcal_below_ecal/hcal_below_ecal_layer2_strip5
91,Scintillator,1747.36876173,20.0209012395,World/hcal_below_ecal/hcal_below_ecal_layer3_strip5
91,Scintillator,1770.91776026,20.0209012395,World/hcal_below_ecal/hcal_below_ecal_layer4_strip5
91,Aluminum3003,1699.77024213,0.500522530987,World/hcal_below_ecal/hcal_below_ecal_cover_1_placement
91,Aluminum3003,1723.31924066,0.500522530987,World/hcal_below_ecal/hcal_below_ecal_cover_2_placement
91,Aluminum3003,1746.86823919,0.500522530987,World/hcal_below_ecal/hcal_below_ecal_cover_3_placement
91,Aluminum3003,1770.41723773,0.500522530987,World/hcal_below_ecal/hcal_below_ecal_cover_4_placement
92,Polyvinyltoluene,859.287247443,2.01141206409,World/native_target/trigger_pad3_bar_volume_0
92,Polyvinyltoluene,863.310071571,2.01141206409,World/native_target/trigger_pad3_bar_volume_1
92,LYSO,938.235170958,0.603423619228,World/native_target/lvTarget_3/lvTargetArray1_phys/target_0
92,LYSO,939.039735784,0.603423619228,World/native_target/lvTarget_3/lvTargetArray2_phys/target_0
92,Polyvinyltoluene,632.399966613,2.01141206409,World/native_trig_scint/trigger_pad2_bar_volume_15
92,Polyvinyltoluene,628.377142485,2.01141206409,World/native_trig_scint/trigger_pad2_bar_volume_16
92,Polyvinyltoluene,552.748048875,2.01141206409,World/native_trig_scint/trigger_pad1_bar_volume_20
92,Polyvinyltoluene,556.770873003,2.01141206409,World/native_trig_scint/trigger_pad1_bar_volume_21
92,Silicon,693.888833412,0.321825930255,World/native_recoil/recoil_l14_sensor_vol_10/recoil_l14_active_sensor
92,Silicon,699.923069604,0.321825930255,World/native_recoil/recoil_l14_sensor_vol_20/recoil_l14_active_sensor
92,Silicon,794.459436617,0.321825930255,World/native_recoil/recoil_l14_sensor_vol_30/recoil_l14_active_sensor
92,Silicon,800.493672809,0.321825930255,World/native_recoil/recoil_l14_sensor_vol_40/recoil_l14_active_sensor
92,Scintillator,232.608750054,20.1141206409,World/hcal_top/hcal_top_layer1_strip6
92,Scintillator,256.113691081,20.1141206409,World/hcal_top/hcal_top_layer2_strip4
92,Aluminum3003,232.105897038,0.502853016024,World/hcal_top/hcal_top_cover_1_placement
92,Aluminum3003,255.610838065,0.502853016024,World/hcal_top/hcal_top_cover_2_placement
92,Scintillator,1200.46517921,20.1141206409,World/hcal_above_ecal/hcal_above_ecal_layer1_strip4
92,Scintillator,1226.01011243,20.1141206409,World/hcal_above_ecal/hcal_above_ecal_layer2_strip4
92,Scintillator,1251.55504564,20.1141206409,World/hcal_above_ecal/hcal_above_ecal_layer3_strip4
92,Scintillator,1277.09997886,20.1141206409,World/hcal_above_ecal/hcal_above_ecal_layer4_strip4
92,Aluminum3003,1199.9623262,0.502853016024,World/hcal_above_ecal/hcal_above_ecal_cover_1_placement
92,Aluminum3003,1225.50725941,0.502853016024,World/hcal_above_ecal/hcal_above_ecal_cover_2_placement
92,Aluminum3003,1251.05219263,0.502853016024,World/hcal_above_ecal/hcal_above_ecal_cover_3_placement
92,Aluminum3003,1276.59712584,0.502853016023,World/hcal_above_ecal/hcal_above_ecal_cover_4_placement
92,Scintillator,1708.18740243,20.1141206409,World/hcal_below_ecal/hcal_below_ecal_layer1_strip7
92,Scintillator,1731.84604755,20.1141206409,World/hcal_below_ecal/hcal_below_ecal_layer2_strip5
92,Scintillator,1755.50469268,20.1141206409,World/hcal_below_ecal/hcal_below_ecal_layer3_strip7
92,Scintillator,1779.1633378,20.1141206409,World/hcal_below_ecal/hcal_below_ecal_layer4_strip5
92,Aluminum3003,1707.68454942,0.502853016024,World/hcal_below_ecal/hcal_below_ecal_cover_1_placement
92,Aluminum3003,1731.34319454,0.502853016023,World/hcal_below_ecal/hcal_below_ecal_cover_2_placement
92,Aluminum3003,1755.00183966,0.502853016024,World/hcal_below_ecal/hcal_below_ecal_cover_3_placement
92,Aluminum3003,1778.66048478,0.502853016024,World/hcal_below_ecal/hcal_below_ecal_cover_4_placement
93,Polyvinyltoluene,859.939278997,2.00355850942,World/native_target/trigger_pad3_bar_volume_9
93,Polyvinyltoluene,855.932161978,2.00355850942,World/native_target/trigger_pad3_bar_volume_10
93,LYSO,934.571833473,0.601067552826,World/native_target/lvTarget_3/lvTargetArray1_phys/target_0
93,LYSO,935.373256876,0.601067552826,World/native_target/lvTarget_3/lvTargetArray2_phys/target_0
93,Polyvinyltoluene,550.589845143,2.00355850942,World/native_trig_scint/trigger_pad1_bar_volume_0
93,Polyvinyltoluene,554.596962161,2.00355850942,World/native_trig_scint/trigger_pad1_bar_volume_1
93,Polyvinyltoluene,625.923645097,2.00355850942,World/native_trig_scint/trigger_pad2_bar_volume_2
93,Polyvinyltoluene,629.930762116,2.00355850942,World/native_trig_scint/trigger_pad2_bar_volume_3
93,Silicon,691.179545748,0.320569361507,World/native_recoil/recoil_l14_sensor_vol_10/recoil_l14_active_sensor
93,Silicon,697.190221277,0.320569361507,World/native_recoil/recoil_l14_sensor_vol_20/recoil_l14_active_sensor
93,Silicon,791.357471219,0.320569361507,World/native_recoil/recoil_l14_sensor_vol_30/recoil_l14_active_sensor
93,Silicon,797.368146748,0.320569361507,World/native_recoil/recoil_l14_sensor_vol_40/recoil_l14_active_sensor
93,Scintillator,231.700529621,20.0355850942,World/hcal_top/hcal_top_layer1_strip6
93,Scintillator,255.113695649,20.0355850942,World/hcal_top/hcal_top_layer2_strip5
93,Aluminum3003,231.199639993,0.500889627355,World/hcal_top/hcal_top_cover_1_placement
93,Aluminum3003,254.612806022,0.500889627355,World/hcal_top/hcal_top_cover_2_placement
93,Scintillator,1195.77796515,20.0355850942,World/hcal_above_ecal/hcal_above_ecal_layer1_strip2
93,Scintillator,1221.22315822,20.0355850942,World/hcal_above_ecal/hcal_above_ecal_layer2_strip4
93,Scintillator,1246.66835129,20.0355850942,World/hcal_above_ecal/hcal_above_ecal_layer3_strip2
93,Scintillator,1272.11354436,20.0355850942,World/hcal_above_ecal/hcal_above_ecal_layer4_strip4
93,Aluminum3003,1195.27707552,0.500889627355,World/hcal_above_ecal/hcal_above_ecal_cover_1_placement
93,Aluminum3003,1220.72226859,0.500889627355,World/hcal_above_ecal/hcal_above_ecal_cover_2_placement
93,Aluminum3003,1246.16746166,0.500889627355,World/hcal_above_ecal/hcal_above_ecal_cover_3_placement
93,Aluminum3003,1271.61265473,0.500889627355,World/hcal_above_ecal/hcal_above_ecal_cover_4_placement
93,Scintillator,1701.51778789,20.0355850942,World/hcal_below_ecal/hcal_below_ecal_layer1_strip4
93,Scintillator,1725.08405787,20.0355850942,World/hcal_below_ecal/hcal_below_ecal_layer2_strip5
93,Scintillator,1748.65032786,20.0355850942,World/hcal_below_ecal/hcal_below_ecal_layer3_strip4
93,Scintillator,1772.21659785,20.0355850942,World/hcal_below_ecal/hcal_below_ecal_layer4_strip5
93,Aluminum3003,1701.01689826,0.500889627355,World/hcal_below_ecal/hcal_below_ecal_cover_1_placement
93,Aluminum3003,1724.58316825,0.500889627355,World/hcal_below_ecal/hcal_below_ecal_cover_2_placement
93,Aluminum3003,1748.14943823,0.500889627355,World/hcal_below_ecal/hcal_below_ecal_cover_3_placement
93,Aluminum3003,1771.71570822,0.500889627355,World/hcal_below_ecal/hcal_below_ecal_cover_4_placement
94,Polyvinyltoluene,858.474882755,2.00014663649,World/native_target/trigger_pad3_bar_volume_13
94,Polyvinyltoluene,854.474589482,2.00014663649,World/native_target/trigger_pad3_bar_volume_14
94,LYSO,932.980344964,0.600043990945,World/native_target/lvTarget_3/lvTargetArray1_phys/target_0
94,LYSO,933.780403619,0.600043990945,World/native_target/lvTarget_3/lvTargetArray2_phys/target_0
94,Polyvinyltoluene,628.858048887,2.00014663649,World/native_trig_scint/trigger_pad2_bar_volume_13
94,Polyvinyltoluene,553.652535355,2.00014663648,World/native_trig_scint/trigger_pad1_bar_volume_13
94,Polyvinyltoluene,624.857755614,2.00014663648,World/native_trig_scint/trigger_pad2_bar_volume_14
94,Polyvinyltoluene,549.652242082,2.00014663648,World/native_trig_scint/trigger_pad1_bar_volume_14
94,Silicon,690.002531564,0.320023461838,World/native_recoil/recoil_l14_sensor_vol_10/recoil_l14_active_sensor
94,Silicon,696.002971474,0.320023461838,World/native_recoil/recoil_l14_sensor_vol_20/recoil_l14_active_sensor
94,Silicon,790.009863388,0.320023461838,World/native_recoil/recoil_l14_sensor_vol_30/recoil_l14_active_sensor
94,Silicon,796.010303298,0.320023461838,World/native_recoil/recoil_l14_sensor_vol_40/recoil_l14_active_sensor
94,Scintillator,231.305965268,20.0014663648,World/hcal_top/hcal_top_layer1_strip6
94,Scintillator,254.679260862,20.0014663648,World/hcal_top/hcal_top_layer2_strip4
94,Aluminum3003,230.805928609,0.500036659121,World/hcal_top/hcal_top_cover_1_placement
94,Aluminum3003,254.179224203,0.500036659121,World/hcal_top/hcal_top_cover_2_placement
94,Scintillator,1193.741667,20.0014663648,World/hcal_above_ecal/hcal_above_ecal_layer1_strip3
94,Scintillator,1219.14352929,20.0014663648,World/hcal_above_ecal/hcal_above_ecal_layer2_strip4
94,Scintillator,1244.54539157,20.0014663648,World/hcal_above_ecal/hcal_above_ecal_layer3_strip3
94,Scintillator,1269.94725386,20.0014663648,World/hcal_above_ecal/hcal_above_ecal_layer4_strip4
94,Aluminum3003,1193.24163034,0.500036659121,World/hcal_above_ecal/hcal_above_ecal_cover_1_placement
94,Aluminum3003,1218.64349263,0.500036659121,World/hcal_above_ecal/hcal_above_ecal_cover_2_placement
94,Aluminum3003,1244.04535491,0.500036659121,World/hcal_above_ecal/hcal_above_ecal_cover_3_placement
94,Aluminum3003,1269.4472172,0.500036659121,World/hcal_above_ecal/hcal_above_ecal_cover_4_placement
94,Scintillator,1698.62026208,20.0014663648,World/hcal_below_ecal/hcal_below_ecal_layer1_strip5
94,Scintillator,1722.14640091,20.0014663648,World/hcal_below_ecal/hcal_below_ecal_layer2_strip6
94,Scintillator,1745.67253974,20.0014663648,World/hcal_below_ecal/hcal_below_ecal_layer3_strip5
94,Scintillator,1769.19867857,20.0014663648,World/hcal_below_ecal/hcal_below_ecal_layer4_strip6
94,Aluminum3003,1698.12022542,0.500036659121,World/hcal_below_ecal/hcal_below_ecal_cover_1_placement
94,Aluminum3003,1721.64636425,0.500036659121,World/hcal_below_ecal/hcal_below_ecal_cover_2_placement
94,Aluminum3003,1745.17250308,0.500036659121,World/hcal_below_ecal/hcal_below_ecal_cover_3_placement
94,Aluminum3003,1768.69864191,0.500036659121,World/hcal_below_ecal/hcal_below_ecal_cover_4_placement
95,Polyvinyltoluene,854.941219288,2.00123891945,World/native_target/trigger_pad3_bar_volume_8
95,Polyvinyltoluene,858.943697127,2.00123891945,World/native_target/trigger_pad3_bar_volume_9
95,LYSO,933.489846876,0.600371675834,World/native_target/lvTarget_3/lvTargetArray1_phys/target_0
95,LYSO,934.290342444,0.600371675834,World/native_target/lvTarget_3/lvTargetArray2_phys/target_0
95,Polyvinyltoluene,553.954885803,2.00123891945,World/native_trig_scint/trigger_pad1_bar_volume_3
95,Polyvinyltoluene,625.198991335,2.00123891945,World/native_trig_scint/trigger_pad2_bar_volume_4
95,Polyvinyltoluene,629.201469174,2.00123891945,World/native_trig_scint/trigger_pad2_bar_volume_5
95,Polyvinyltoluene,549.952407964,2.00123891945,World/native_trig_scint/trigger_pad1_bar_volume_4
95,Silicon,690.379342942,0.320198227112,World/native_recoil/recoil_l14_sensor_vol_10/recoil_l14_active_sensor
95,Silicon,696.3830597,0.320198227112,World/native_recoil/recoil_l14_sensor_vol_20/recoil_l14_active_sensor
95,Silicon,790.441288914,0.320198227112,World/native_recoil/recoil_l14_sensor_vol_30/recoil_l14_active_sensor
95,Silicon,796.445005673,0.320198227112,World/native_recoil/recoil_l14_sensor_vol_40/recoil_l14_active_sensor
95,Scintillator,231.432281789,20.0123891945,World/hcal_top/hcal_top_layer1_strip6
95,Scintillator,254.818341574,20.0123891945,World/hcal_top/hcal_top_layer2_strip5
95,Aluminum3003,230.931972059,0.500309729862,World/hcal_top/hcal_top_cover_1_placement
95,Aluminum3003,254.318031844,0.500309729862,World/hcal_top/hcal_top_cover_2_placement
95,Scintillator,1194.39357105,20.0123891945,World/hcal_above_ecal/hcal_above_ecal_layer1_strip3
95,Scintillator,1219.80930533,20.0123891945,World/hcal_above_ecal/hcal_above_ecal_layer2_strip4
95,Scintillator,1245.22503961,20.0123891945,World/hcal_above_ecal/hcal_above_ecal_layer3_strip3
95,Scintillator,1270.64077388,20.0123891945,World/hcal_above_ecal/hcal_above_ecal_layer4_strip4
95,Aluminum3003,1193.89326132,0.500309729862,World/hcal_above_ecal/hcal_above_ecal_cover_1_placement
95,Aluminum3003,1219.3089956,0.500309729862,World/hcal_above_ecal/hcal_above_ecal_cover_2_placement
95,Aluminum3003,1244.72472988,0.500309729862,World/hcal_above_ecal/hcal_above_ecal_cover_3_placement
95,Aluminum3003,1270.14046415,0.500309729862,World/hcal_above_ecal/hcal_above_ecal_cover_4_placement
95,Scintillator,1699.54788105,20.0123891945,World/hcal_below_ecal/hcal_below_ecal_layer1_strip4
95,Scintillator,1723.08686754,20.0123891945,World/hcal_below_ecal/hcal_below_ecal_layer2_strip7
95,Scintillator,1746.62585403,20.0123891945,World/hcal_below_ecal/hcal_below_ecal_layer3_strip4
95,Scintillator,1770.16484052,20.0123891945,World/hcal_below_ecal/hcal_below_ecal_layer4_strip7
95,Aluminum3003,1699.04757132,0.500309729862,World/hcal_below_ecal/hcal_below_ecal_cover_1_placement
95,Aluminum3003,1722.58655781,0.500309729862,World/hcal_below_ecal/hcal_below_ecal_cover_2_placement
95,Aluminum3003,1746.1255443,0.500309729862,World/hcal_below_ecal/hcal_below_ecal_cover_3_placement
95,Aluminum3003,1769.66453079,0.500309729862,World/hcal_below_ecal/hcal_below_ecal_cover_4_placement
