ray,material,entry_mm,length_mm,path
0,Polyvinyltoluene,858.845729749,2.00101066685,World/native_target/trigger_pad3_bar_volume_17
0,Polyvinyltoluene,854.843708415,2.00101066685,World/native_target/trigger_pad3_bar_volume_18
0,LYSO,933.383377089,0.600303200055,World/native_target/lvTarget_3/lvTargetArray1_phys/target_0
0,LYSO,934.183781356,0.600303200055,World/native_target/lvTarget_3/lvTargetArray2_phys/target_0
0,Polyvinyltoluene,629.129705194,2.00101066685,World/native_trig_scint/trigger_pad2_bar_volume_19
0,Polyvinyltoluene,625.127683861,2.00101066685,World/native_trig_scint/trigger_pad2_bar_volume_20
0,Polyvinyltoluene,549.889682787,2.00101066685,World/native_trig_scint/trigger_pad1_bar_volume_20
0,Polyvinyltoluene,553.891704121,2.00101066685,World/native_trig_scint/trigger_pad1_bar_volume_21
0,Silicon,690.30060128,0.320161706696,World/native_recoil/recoil_l14_sensor_vol_10/recoil_l14_active_sensor
0,Silicon,696.303633281,0.320161706696,World/native_recoil/recoil_l14_sensor_vol_20/recoil_l14_active_sensor
0,Silicon,790.351134623,0.320161706696,World/native_recoil/recoil_l14_sensor_vol_30/recoil_l14_active_sensor
0,Silicon,796.354166623,0.320161706696,World/native_recoil/recoil_l14_sensor_vol_40/recoil_l14_active_sensor
0,Aluminum,1350.06444848,0.80040426674,World/native_ecal/support_box_0/front_0_volume_0
0,Aluminum,1579.58037197,0.80040426674,World/native_ecal/support_box_0/front_1_volume_0
0,FR4,1427.60661334,0.900454800083,World/native_ecal/PCB_motherboard_volume_0
0,FR4,1432.77522389,1.66684188549,World/native_ecal/PCB_volume_0
0,Glue,1434.44206578,0.100050533342,World/native_ecal/Glue_volume_0
0,Silicon,1434.54211631,0.300151600028,World/native_ecal/Si_volume_0
0,Glue,1434.84226791,0.200101066685,World/native_ecal/GlueThick_volume_0
0,Aluminum,1437.39355651,3.20161706696,World/native_ecal/C_volume_CarbonCoolingPlane_0
0,Glue,1440.59517358,0.200101066685,World/native_ecal/GlueThick_volume_0
0,Silicon,1440.79527464,0.300151600028,World/native_ecal/Si_volume_7
0,Glue,1441.09542624,0.100050533342,World/native_ecal/Glue_volume_0
0,FR4,1441.19547678,1.66684188549,World/native_ecal/PCB_volume_0
0,FR4,1447.63072708,0.900454800083,World/native_ecal/PCB_motherboard_volume_0
0,FR4,1478.45229438,0.900454800083,World/native_ecal/PCB_motherboard_volume_0
0,FR4,1483.62090494,1.66684188549,World/native_ecal/PCB_volume_0
0,Glue,1485.28774682,0.100050533343,World/native_ecal/Glue_volume_0
0,Silicon,1485.38779735,0.300151600028,World/native_ecal/Si_volume_14
0,Glue,1485.68794895,0.200101066685,World/native_ecal/GlueThick_volume_0
0,Aluminum,1488.23923755,3.20161706696,World/native_ecal/C_volume_CarbonCoolingPlane_0
0,Glue,1491.44085462,0.200101066685,World/native_ecal/GlueThick_volume_0
0,Silicon,1491.64095569,0.300151600027,World/native_ecal/Si_volume_21
0,Glue,1491.94110729,0.100050533342,World/native_ecal/Glue_volume_0
0,FR4,1492.04115782,1.66684188549,World/native_ecal/PCB_volume_0
0,FR4,1497.97615546,0.900454800083,World/native_ecal/PCB_motherboard_volume_0
0,Scintillator,231.405885631,20.0101066685,World/hcal_top/hcal_top_layer1_strip6
0,Scintillator,254.789278104,20.0101066685,World/hcal_top/hcal_top_layer2_strip4
0,Aluminum3003,230.905632964,0.500252666713,World/hcal_top/hcal_top_cover_1_placement
0,Aluminum3003,254.289025437,0.500252666713,World/hcal_top/hcal_top_cover_2_placement
0,Scintillator,1194.25734372,20.0101066685,World/hcal_above_ecal/hcal_above_ecal_layer1_strip3
0,Scintillator,1219.67017919,20.0101066685,World/hcal_above_ecal/hcal_above_ecal_layer2_strip4
0,Scintillator,1245.08301466,20.0101066685,World/hcal_above_ecal/hcal_above_ecal_layer3_strip3
0,Scintillator,1270.49585013,20.0101066685,World/hcal_above_ecal/hcal_above_ecal_layer4_strip4
0,Aluminum3003,1193.75709105,0.500252666713,World/hcal_above_ecal/hcal_above_ecal_cover_1_placement
0,Aluminum3003,1219.16992652,0.500252666713,World/hcal_above_ecal/hcal_above_ecal_cover_2_placement
0,Aluminum3003,1244.58276199,0.500252666713,World/hcal_above_ecal/hcal_above_ecal_cover_3_placement
0,Aluminum3003,1269.99559746,0.500252666713,World/hcal_above_ecal/hcal_above_ecal_cover_4_placement
0,Scintillator,1699.35403802,20.0101066685,World/hcal_below_ecal/hcal_below_ecal_layer1_strip5
0,Scintillator,1738.72329067,4.17715575821,World/hcal_below_ecal/hcal_below_ecal_layer2_strip5
0,Scintillator,1722.89033976,15.8329509103,World/hcal_below_ecal/hcal_below_ecal_layer2_strip6
0,Scintillator,1746.42664149,20.0101066685,World/hcal_below_ecal/hcal_below_ecal_layer3_strip5
0,Scintillator,1769.96294323,20.0101066685,World/hcal_below_ecal/hcal_below_ecal_layer4_strip5
0,Aluminum3003,1698.85378536,0.500252666713,World/hcal_below_ecal/hcal_below_ecal_cover_1_placement
0,Aluminum3003,1722.39008709,0.500252666713,World/hcal_below_ecal/hcal_below_ecal_cover_2_placement
0,Aluminum3003,1745.92638883,0.500252666713,World/hcal_below_ecal/hcal_below_ecal_cover_3_placement
0,Aluminum3003,1769.46269056,0.500252666713,World/hcal_below_ecal/hcal_below_ecal_cover_4_placement
1,Polyvinyltoluene,854.581090204,2.00039593244,World/native_target/trigger_pad3_bar_volume_18
1,Polyvinyltoluene,858.581882069,2.00039593244,World/native_target/trigger_pad3_bar_volume_19
1,LYSO,933.096630553,0.600118779733,World/native_target/lvTarget_3/lvTargetArray1_phys/target_0
1,LYSO,933.896788926,0.600118779733,World/native_target/lvTarget_3/lvTargetArray2_phys/target_0
1,Polyvinyltoluene,553.721541965,2.00039593244,World/native_trig_scint/trigger_pad1_bar_volume_15
1,Polyvinyltoluene,624.93563716,2.00039593244,World/native_trig_scint/trigger_pad2_bar_volume_16
1,Polyvinyltoluene,628.936429025,2.00039593244,World/native_trig_scint/trigger_pad2_bar_volume_17
1,Polyvinyltoluene,549.7207501,2.00039593244,World/native_trig_scint/trigger_pad1_bar_volume_16
1,Silicon,690.088532679,0.320063349191,World/native_recoil/recoil_l14_sensor_vol_10/recoil_l14_active_sensor
1,Silicon,696.089720477,0.320063349191,World/native_recoil/recoil_l14_sensor_vol_20/recoil_l14_active_sensor
1,Silicon,790.108329302,0.320063349191,World/native_recoil/recoil_l14_sensor_vol_30/recoil_l14_active_sensor
1,Silicon,796.109517099,0.320063349191,World/native_recoil/recoil_l14_sensor_vol_40/recoil_l14_active_sensor
1,Aluminum,1349.64969254,0.800158372977,World/native_ecal/support_box_0/front_0_volume_0
1,Aluminum,1579.09510599,0.800158372977,World/native_ecal/support_box_0/front_1_volume_0
1,FR4,1427.16803551,0.900178169599,World/native_ecal/PCB_motherboard_volume_0
1,FR4,1432.33505821,1.66632981172,World/native_ecal/PCB_volume_0
1,Glue,1434.00138802,0.100019796622,World/native_ecal/Glue_volume_0
1,Silicon,1434.10140781,0.300059389866,World/native_ecal/Si_volume_0
1,Glue,1434.4014672,0.200039593244,World/native_ecal/GlueThick_volume_0
1,Aluminum,1436.95197202,3.20063349191,World/native_ecal/C_volume_CarbonCoolingPlane_0
1,Glue,1440.15260551,0.200039593244,World/native_ecal/GlueThick_volume_0
1,Silicon,1440.3526451,0.300059389866,World/native_ecal/Si_volume_7
1,Glue,1440.65270449,0.100019796622,World/native_ecal/Glue_volume_0
1,FR4,1440.75272429,1.66632981172,World/native_ecal/PCB_volume_0
1,FR4,1447.18599761,0.900178169599,World/native_ecal/PCB_motherboard_volume_0
1,FR4,1477.99809616,0.900178169599,World/native_ecal/PCB_motherboard_volume_0
1,FR4,1483.16511885,1.66632981172,World/native_ecal/PCB_volume_0
1,Glue,1484.83144866,0.100019796622,World/native_ecal/Glue_volume_0
1,Silicon,1484.93146846,0.300059389866,World/native_ecal/Si_volume_14
1,Glue,1485.23152785,0.200039593244,World/native_ecal/GlueThick_volume_0
1,Aluminum,1487.78203266,3.20063349191,World/native_ecal/C_volume_CarbonCoolingPlane_0
1,Glue,1490.98266615,0.200039593244,World/native_ecal/GlueThick_volume_0
1,Silicon,1491.18270575,0.300059389866,World/native_ecal/Si_volume_21
1,Glue,1491.48276514,0.100019796622,World/native_ecal/Glue_volume_0
1,FR4,1491.58278493,1.66632981172,World/native_ecal/PCB_volume_0
1,FR4,1497.51595927,0.900178169599,World/native_ecal/PCB_motherboard_volume_0
1,Scintillator,231.334794975,20.0039593244,World/hcal_top/hcal_top_layer1_strip6
1,Scintillator,254.71100379,20.0039593244,World/hcal_top/hcal_top_layer2_strip5
1,Aluminum3003,230.834695992,0.500098983111,World/hcal_top/hcal_top_cover_1_placement
1,Aluminum3003,254.210904807,0.500098983111,World/hcal_top/hcal_top_cover_2_placement
1,Scintillator,1193.89045358,20.0039593244,World/hcal_above_ecal/hcal_above_ecal_layer1_strip2
1,Scintillator,1219.29548192,20.0039593244,World/hcal_above_ecal/hcal_above_ecal_layer2_strip4
1,Scintillator,1244.70051027,20.0039593244,World/hcal_above_ecal/hcal_above_ecal_layer3_strip2
1,Scintillator,1270.10553861,20.0039593244,World/hcal_above_ecal/hcal_above_ecal_layer4_strip4
1,Aluminum3003,1193.3903546,0.500098983111,World/hcal_above_ecal/hcal_above_ecal_cover_1_placement
1,Aluminum3003,1218.79538294,0.50009898311,World/hcal_above_ecal/hcal_above_ecal_cover_2_placement
1,Aluminum3003,1244.20041128,0.500098983111,World/hcal_above_ecal/hcal_above_ecal_cover_3_placement
1,Aluminum3003,1269.60543962,0.50009898311,World/hcal_above_ecal/hcal_above_ecal_cover_4_placement
1,Scintillator,1698.83197614,20.0039593244,World/hcal_below_ecal/hcal_below_ecal_layer1_strip4
1,Scintillator,1722.36104724,20.0039593244,World/hcal_below_ecal/hcal_below_ecal_layer2_strip6
1,Scintillator,1745.89011834,20.0039593244,World/hcal_below_ecal/hcal_below_ecal_layer3_strip4
1,Scintillator,1769.41918944,20.0039593244,World/hcal_below_ecal/hcal_below_ecal_layer4_strip6
1,Aluminum3003,1698.33187716,0.500098983111,World/hcal_below_ecal/hcal_below_ecal_cover_1_placement
1,Aluminum3003,1721.86094826,0.50009898311,World/hcal_below_ecal/hcal_below_ecal_cover_2_placement
1,Aluminum3003,1745.39001936,0.500098983111,World/hcal_below_ecal/hcal_below_ecal_cover_3_placement
1,Aluminum3003,1768.91909046,0.500098983111,World/hcal_below_ecal/hcal_below_ecal_cover_4_placement
2,Polyvinyltoluene,860.440240088,2.0047256905,World/native_target/trigger_pad3_bar_volume_13
2,Polyvinyltoluene,856.430788707,2.0047256905,World/native_target/trigger_pad3_bar_volume_14
2,LYSO,935.116272059,0.194200861913,World/native_target/lvTarget_3/lvTargetArray1_phys/target_0
2,LYSO,935.918162336,0.60141770715,World/native_target/lvTarget_3/lvTargetArray2_phys/target_0
2,Polyvinyltoluene,626.288279438,2.0047256905,World/native_trig_scint/trigger_pad2_bar_volume_20
2,Polyvinyltoluene,630.297730819,2.0047256905,World/native_trig_scint/trigger_pad2_bar_volume_21
2,Polyvinyltoluene,550.910593475,2.0047256905,World/native_trig_scint/trigger_pad1_bar_volume_22
2,Polyvinyltoluene,554.920044856,2.0047256905,World/native_trig_scint/trigger_pad1_bar_volume_23
2,Silicon,691.582195177,0.32075611048,World/native_recoil/recoil_l14_sensor_vol_10/recoil_l14_active_sensor
2,Silicon,697.596372249,0.32075611048,World/native_recoil/recoil_l14_sensor_vol_20/recoil_l14_active_sensor
2,Silicon,791.818479702,0.32075611048,World/native_recoil/recoil_l14_sensor_vol_30/recoil_l14_active_sensor
2,Silicon,797.832656774,0.32075611048,World/native_recoil/recoil_l14_sensor_vol_40/recoil_l14_active_sensor
2,Aluminum,1352.57094254,0.8018902762,World/native_ecal/support_box_0/front_0_volume_0
2,Aluminum,1582.51297924,0.8018902762,World/native_ecal/support_box_0/front_1_volume_0
2,FR4,1430.25707014,0.902126560725,World/native_ecal/PCB_motherboard_volume_0
2,FR4,1435.4352766,1.66993650019,World/native_ecal/PCB_volume_0
2,Glue,1437.1052131,0.100236284525,World/native_ecal/Glue_volume_0
2,Silicon,1437.20544938,0.300708853575,World/native_ecal/Si_volume_0
2,Glue,1437.50615824,0.20047256905,World/native_ecal/GlueThick_volume_0
2,Aluminum,1440.06218349,3.2075611048,World/native_ecal/C_volume_CarbonCoolingPlane_0
2,Glue,1443.2697446,0.20047256905,World/native_ecal/GlueThick_volume_0
2,Silicon,1443.47021717,0.300708853575,World/native_ecal/Si_volume_7
2,Glue,1443.77092602,0.100236284525,World/native_ecal/Glue_volume_0
2,FR4,1443.8711623,1.66993650019,World/native_ecal/PCB_volume_0
2,FR4,1450.31836012,0.902126560725,World/native_ecal/PCB_motherboard_volume_0
2,FR4,1481.19714993,0.902126560725,World/native_ecal/PCB_motherboard_volume_0
2,FR4,1486.37535639,1.66993650019,World/native_ecal/PCB_volume_0
2,Glue,1488.04529289,0.100236284525,World/native_ecal/Glue_volume_0
2,Silicon,1488.14552918,0.300708853575,World/native_ecal/Si_volume_14
2,Glue,1488.44623803,0.20047256905,World/native_ecal/GlueThick_volume_0
2,Aluminum,1491.00226329,3.2075611048,World/native_ecal/C_volume_CarbonCoolingPlane_0
2,Glue,1494.20982439,0.20047256905,World/native_ecal/GlueThick_volume_0
2,Silicon,1494.41029696,0.300708853575,World/native_ecal/Si_volume_21
2,Glue,1494.71100581,0.100236284525,World/native_ecal/Glue_volume_0
2,FR4,1494.8112421,1.66993650019,World/native_ecal/PCB_volume_0
2,FR4,1500.7572585,0.902126560725,World/native_ecal/PCB_motherboard_volume_0
2,Scintillator,231.835507697,1.88851402629,World/hcal_top/hcal_top_layer1_strip5
2,Scintillator,233.724021724,18.1587428787,World/hcal_top/hcal_top_layer1_strip6
2,Scintillator,255.26231316,20.047256905,World/hcal_top/hcal_top_layer2_strip4
2,Aluminum3003,231.334326275,0.501181422625,World/hcal_top/hcal_top_cover_1_placement
2,Aluminum3003,254.761131737,0.501181422625,World/hcal_top/hcal_top_cover_2_placement
2,Scintillator,1196.47457042,20.047256905,World/hcal_above_ecal/hcal_above_ecal_layer1_strip3
2,Scintillator,1221.93458669,10.8316793101,World/hcal_above_ecal/hcal_above_ecal_layer2_strip4
2,Scintillator,1232.766266,9.21557759494,World/hcal_above_ecal/hcal_above_ecal_layer2_strip5
2,Scintillator,1247.39460296,20.047256905,World/hcal_above_ecal/hcal_above_ecal_layer3_strip3
2,Scintillator,1272.85461923,20.047256905,World/hcal_above_ecal/hcal_above_ecal_layer4_strip5
2,Aluminum3003,1195.973389,0.501181422625,World/hcal_above_ecal/hcal_above_ecal_cover_1_placement
2,Aluminum3003,1221.43340527,0.501181422625,World/hcal_above_ecal/hcal_above_ecal_cover_2_placement
2,Aluminum3003,1246.89342154,0.501181422625,World/hcal_above_ecal/hcal_above_ecal_cover_3_placement
2,Aluminum3003,1272.35343781,0.501181422625,World/hcal_above_ecal/hcal_above_ecal_cover_4_placement
2,Scintillator,1702.50901393,20.047256905,World/hcal_below_ecal/hcal_below_ecal_layer1_strip5
2,Scintillator,1726.08901254,20.047256905,World/hcal_below_ecal/hcal_below_ecal_layer2_strip7
2,Scintillator,1749.66901115,20.047256905,World/hcal_below_ecal/hcal_below_ecal_layer3_strip5
2,Scintillator,1773.24900976,20.047256905,World/hcal_below_ecal/hcal_below_ecal_layer4_strip7
2,Aluminum3003,1702.00783251,0.501181422625,World/hcal_below_ecal/hcal_below_ecal_cover_1_placement
2,Aluminum3003,1725.58783112,0.501181422625,World/hcal_below_ecal/hcal_below_ecal_cover_2_placement
2,Aluminum3003,1749.16782973,0.501181422625,World/hcal_below_ecal/hcal_below_ecal_cover_3_placement
2,Aluminum3003,1772.74782834,0.501181422625,World/hcal_below_ecal/hcal_below_ecal_cover_4_placement
3,Polyvinyltoluene,858.609824074,2.00046103406,World/native_target/trigger_pad3_bar_volume_7
3,Polyvinyltoluene,854.608902006,2.00046103406,World/native_target/trigger_pad3_bar_volume_8
3,LYSO,933.126997593,0.600138310219,World/native_target/lvTarget_3/lvTargetArray1_phys/target_0
3,LYSO,933.927182007,0.600138310219,World/native_target/lvTarget_3/lvTargetArray2_phys/target_0
3,Polyvinyltoluene,624.955975295,2.00046103406,World/native_trig_scint/trigger_pad2_bar_volume_6
3,Polyvinyltoluene,628.956897363,2.00046103406,World/native_trig_scint/trigger_pad2_bar_volume_7
3,Polyvinyltoluene,549.738640415,2.00046103406,World/native_trig_scint/trigger_pad1_bar_volume_6
3,Polyvinyltoluene,553.739562483,2.00046103406,World/native_trig_scint/trigger_pad1_bar_volume_7
3,Silicon,690.110991175,0.32007376545,World/native_recoil/recoil_l14_sensor_vol_10/recoil_l14_active_sensor
3,Silicon,696.112374277,0.32007376545,World/native_recoil/recoil_l14_sensor_vol_20/recoil_l14_active_sensor
3,Silicon,790.134042878,0.32007376545,World/native_recoil/recoil_l14_sensor_vol_30/recoil_l14_active_sensor
3,Silicon,796.13542598,0.32007376545,World/native_recoil/recoil_l14_sensor_vol_40/recoil_l14_active_sensor
3,Aluminum,1349.69361603,0.800184413626,World/native_ecal/support_box_0/front_0_volume_0
3,Aluminum,1579.14649664,0.800184413626,World/native_ecal/support_box_0/front_1_volume_0
3,FR4,1427.21448179,0.900207465329,World/native_ecal/PCB_motherboard_volume_0
3,FR4,1432.38167265,1.66638404138,World/native_ecal/PCB_volume_0
3,Glue,1434.04805669,0.100023051703,World/native_ecal/Glue_volume_0
3,Silicon,1434.14807974,0.30006915511,World/native_ecal/Si_volume_0
3,Glue,1434.44814889,0.200046103406,World/native_ecal/GlueThick_volume_0
3,Aluminum,1436.99873671,3.2007376545,World/native_ecal/C_volume_CarbonCoolingPlane_0
3,Glue,1440.19947437,0.200046103406,World/native_ecal/GlueThick_volume_0
3,Silicon,1440.39952047,0.30006915511,World/native_ecal/Si_volume_7
3,Glue,1440.69958963,0.100023051703,World/native_ecal/Glue_volume_0
3,FR4,1440.79961268,1.66638404138,World/native_ecal/PCB_volume_0
3,FR4,1447.23309536,0.900207465329,World/native_ecal/PCB_motherboard_volume_0
3,FR4,1478.04619667,0.900207465329,World/native_ecal/PCB_motherboard_volume_0
3,FR4,1483.21338752,1.66638404138,World/native_ecal/PCB_volume_0
3,Glue,1484.87977156,0.100023051703,World/native_ecal/Glue_volume_0
3,Silicon,1484.97979461,0.300069155109,World/native_ecal/Si_volume_14
3,Glue,1485.27986377,0.200046103406,World/native_ecal/GlueThick_volume_0
3,Aluminum,1487.83045159,3.2007376545,World/native_ecal/C_volume_CarbonCoolingPlane_0
3,Glue,1491.03118924,0.200046103406,World/native_ecal/GlueThick_volume_0
3,Silicon,1491.23123535,0.30006915511,World/native_ecal/Si_volume_21
3,Glue,1491.5313045,0.100023051703,World/native_ecal/Glue_volume_0
3,FR4,1491.63132755,1.66638404138,World/native_ecal/PCB_volume_0
3,FR4,1497.56469498,0.900207465329,World/native_ecal/PCB_motherboard_volume_0
3,Scintillator,231.34232362,20.0046103406,World/hcal_top/hcal_top_layer1_strip6
3,Scintillator,254.719293199,20.0046103406,World/hcal_top/hcal_top_layer2_strip5
3,Aluminum3003,230.842208362,0.500115258516,World/hcal_top/hcal_top_cover_1_placement
3,Aluminum3003,254.21917794,0.500115258516,World/hcal_top/hcal_top_cover_2_placement
3,Scintillator,1193.92930799,20.0046103406,World/hcal_above_ecal/hcal_above_ecal_layer1_strip3
3,Scintillator,1219.33516312,20.0046103406,World/hcal_above_ecal/hcal_above_ecal_layer2_strip4
3,Scintillator,1244.74101826,20.0046103406,World/hcal_above_ecal/hcal_above_ecal_layer3_strip3
3,Scintillator,1270.14687339,20.0046103406,World/hcal_above_ecal/hcal_above_ecal_layer4_strip4
3,Aluminum3003,1193.42919273,0.500115258516,World/hcal_above_ecal/hcal_above_ecal_cover_1_placement
3,Aluminum3003,1218.83504787,0.500115258516,World/hcal_above_ecal/hcal_above_ecal_cover_2_placement
3,Aluminum3003,1244.240903,0.500115258516,World/hcal_above_ecal/hcal_above_ecal_cover_3_placement
3,Aluminum3003,1269.64675813,0.500115258516,World/hcal_above_ecal/hcal_above_ecal_cover_4_placement
3,Scintillator,1698.88726355,20.0046103406,World/hcal_below_ecal/hcal_below_ecal_layer1_strip5
3,Scintillator,1722.41710039,20.0046103406,World/hcal_below_ecal/hcal_below_ecal_layer2_strip6
3,Scintillator,1745.94693723,20.0046103406,World/hcal_below_ecal/hcal_below_ecal_layer3_strip5
3,Scintillator,1783.2352444,6.24614001013,World/hcal_below_ecal/hcal_below_ecal_layer4_strip5
3,Scintillator,1769.47677407,13.7584703305,World/hcal_below_ecal/hcal_below_ecal_layer4_strip6
3,Aluminum3003,1698.38714829,0.500115258516,World/hcal_below_ecal/hcal_below_ecal_cover_1_placement
3,Aluminum3003,1721.91698513,0.500115258516,World/hcal_below_ecal/hcal_below_ecal_cover_2_placement
3,Aluminum3003,1745.44682197,0.500115258516,World/hcal_below_ecal/hcal_below_ecal_cover_3_placement
3,Aluminum3003,1768.97665881,0.500115258516,World/hcal_below_ecal/hcal_below_ecal_cover_4_placement
4,Polyvinyltoluene,860.374960367,2.00457359634,World/native_target/trigger_pad3_bar_volume_9
4,Polyvinyltoluene,856.365813174,2.00457359634,World/native_target/trigger_pad3_bar_volume_10
4,LYSO,935.04532683,0.601372078902,World/native_target/lvTarget_3/lvTargetArray1_phys/target_0
4,LYSO,935.847156269,0.601372078902,World/native_target/lvTarget_3/lvTargetArray2_phys/target_0
4,Polyvinyltoluene,630.249911507,2.00457359634,World/native_trig_scint/trigger_pad2_bar_volume_17
4,Polyvinyltoluene,626.240764314,2.00457359634,World/native_trig_scint/trigger_pad2_bar_volume_18
4,Polyvinyltoluene,554.877944284,2.00457359634,World/native_trig_scint/trigger_pad1_bar_volume_19
4,Polyvinyltoluene,550.868797091,2.00457359634,World/native_trig_scint/trigger_pad1_bar_volume_20
4,Silicon,691.529726347,0.320731775415,World/native_recoil/recoil_l14_sensor_vol_10/recoil_l14_active_sensor
4,Silicon,697.543447136,0.320731775415,World/native_recoil/recoil_l14_sensor_vol_20/recoil_l14_active_sensor
4,Silicon,791.758406164,0.320731775415,World/native_recoil/recoil_l14_sensor_vol_30/recoil_l14_active_sensor
4,Silicon,797.772126953,0.320731775415,World/native_recoil/recoil_l14_sensor_vol_40/recoil_l14_active_sensor
4,Aluminum,1352.46832594,0.801829438537,World/native_ecal/support_box_0/front_0_volume_0
4,Aluminum,1582.39291744,0.801829438537,World/native_ecal/support_box_0/front_1_volume_0
4,FR4,1430.14855966,0.902058118354,World/native_ecal/PCB_motherboard_volume_0
4,FR4,1435.32637326,1.66980980575,World/native_ecal/PCB_volume_0
4,Glue,1436.99618306,0.100228679817,World/native_ecal/Glue_volume_0
4,Silicon,1437.09641174,0.300686039451,World/native_ecal/Si_volume_0
4,Glue,1437.39709778,0.200457359634,World/native_ecal/GlueThick_volume_0
4,Aluminum,1439.95292912,3.20731775415,World/native_ecal/C_volume_CarbonCoolingPlane_0
4,Glue,1443.16024687,0.200457359634,World/native_ecal/GlueThick_volume_0
4,Silicon,1443.36070423,0.300686039451,World/native_ecal/Si_volume_7
4,Glue,1443.66139027,0.100228679817,World/native_ecal/Glue_volume_0
4,FR4,1443.76161895,1.66980980575,World/native_ecal/PCB_volume_0
4,FR4,1450.20832764,0.902058118353,World/native_ecal/PCB_motherboard_volume_0
4,FR4,1481.08477474,0.902058118354,World/native_ecal/PCB_motherboard_volume_0
4,FR4,1486.26258834,1.66980980575,World/native_ecal/PCB_volume_0
4,Glue,1487.93239815,0.100228679817,World/native_ecal/Glue_volume_0
4,Silicon,1488.03262683,0.300686039451,World/native_ecal/Si_volume_14
4,Glue,1488.33331287,0.200457359634,World/native_ecal/GlueThick_volume_0
4,Aluminum,1490.8891442,3.20731775415,World/native_ecal/C_volume_CarbonCoolingPlane_0
4,Glue,1494.09646196,0.200457359634,World/native_ecal/GlueThick_volume_0
4,Silicon,1494.29691932,0.300686039451,World/native_ecal/Si_volume_21
4,Glue,1494.59760536,0.100228679817,World/native_ecal/Glue_volume_0
4,FR4,1494.69783403,1.66980980575,World/native_ecal/PCB_volume_0
4,FR4,1500.64339932,0.902058118353,World/native_ecal/PCB_motherboard_volume_0
4,Scintillator,231.817918844,20.0457359634,World/hcal_top/hcal_top_layer1_strip6
4,Scintillator,255.242946966,20.0457359634,World/hcal_top/hcal_top_layer2_strip4
4,Aluminum3003,231.316775445,0.501143399085,World/hcal_top/hcal_top_cover_1_placement
4,Aluminum3003,254.741803567,0.501143399085,World/hcal_top/hcal_top_cover_2_placement
4,Scintillator,1196.38379651,20.0457359634,World/hcal_above_ecal/hcal_above_ecal_layer1_strip3
4,Scintillator,1221.84188118,20.0457359634,World/hcal_above_ecal/hcal_above_ecal_layer2_strip4
4,Scintillator,1247.29996585,20.0457359634,World/hcal_above_ecal/hcal_above_ecal_layer3_strip3
4,Scintillator,1272.75805053,20.0457359634,World/hcal_above_ecal/hcal_above_ecal_layer4_strip4
4,Aluminum3003,1195.88265311,0.501143399085,World/hcal_above_ecal/hcal_above_ecal_cover_1_placement
4,Aluminum3003,1221.34073778,0.501143399085,World/hcal_above_ecal/hcal_above_ecal_cover_2_placement
4,Aluminum3003,1246.79882246,0.501143399085,World/hcal_above_ecal/hcal_above_ecal_cover_3_placement
4,Aluminum3003,1272.25690713,0.501143399085,World/hcal_above_ecal/hcal_above_ecal_cover_4_placement
4,Scintillator,1702.37984829,20.0457359634,World/hcal_below_ecal/hcal_below_ecal_layer1_strip6
4,Scintillator,1725.95805794,20.0457359634,World/hcal_below_ecal/hcal_below_ecal_layer2_strip5
4,Scintillator,1749.53626759,20.0457359634,World/hcal_below_ecal/hcal_below_ecal_layer3_strip6
4,Scintillator,1773.11447724,20.0457359634,World/hcal_below_ecal/hcal_below_ecal_layer4_strip5
4,Aluminum3003,1701.87870489,0.501143399085,World/hcal_below_ecal/hcal_below_ecal_cover_1_placement
4,Aluminum3003,1725.45691454,0.501143399085,World/hcal_below_ecal/hcal_below_ecal_cover_2_placement
4,Aluminum3003,1749.03512419,0.501143399085,World/hcal_below_ecal/hcal_below_ecal_cover_3_placement
4,Aluminum3003,1772.61333384,0.501143399085,World/hcal_below_ecal/hcal_below_ecal_cover_4_placement
5,Polyvinyltoluene,859.976868705,2.00364608907,World/native_target/trigger_pad3_bar_volume_17
5,Polyvinyltoluene,857.144381082,0.828841533811,World/native_target/trigger_pad3_bar_volume_18
5,LYSO,934.612685523,0.60109382672,World/native_target/lvTarget_3/lvTargetArray1_phys/target_0
5,LYSO,935.414143959,0.60109382672,World/native_target/lvTarget_3/lvTargetArray2_phys/target_0
5,Polyvinyltoluene,629.95829768,2.00364608907,World/native_trig_scint/trigger_pad2_bar_volume_11
5,Polyvinyltoluene,550.613912553,2.00364608907,World/native_trig_scint/trigger_pad1_bar_volume_10
5,Polyvinyltoluene,556.250219025,0.374631795118,World/native_trig_scint/trigger_pad1_bar_volume_11
5,Polyvinyltoluene,625.951005502,2.00364608907,World/native_trig_scint/trigger_pad2_bar_volume_12
5,Silicon,691.209758623,0.320583374251,World/native_recoil/recoil_l14_sensor_vol_10/recoil_l14_active_sensor
5,Silicon,697.22069689,0.320583374251,World/native_recoil/recoil_l14_sensor_vol_20/recoil_l14_active_sensor
5,Silicon,791.392063076,0.320583374251,World/native_recoil/recoil_l14_sensor_vol_30/recoil_l14_active_sensor
5,Silicon,797.403001344,0.320583374251,World/native_recoil/recoil_l14_sensor_vol_40/recoil_l14_active_sensor
5,Aluminum,1351.84254487,0.801458435627,World/native_ecal/support_box_0/front_0_volume_0
5,Aluminum,1581.66075129,0.801458435627,World/native_ecal/support_box_0/front_1_volume_0
5,FR4,1429.48683629,0.901640740081,World/native_ecal/PCB_motherboard_volume_0
5,FR4,1434.66225414,1.66903719219,World/native_ecal/PCB_volume_0
5,Glue,1436.33129133,0.100182304453,World/native_ecal/Glue_volume_0
5,Silicon,1436.43147364,0.30054691336,World/native_ecal/Si_volume_0
5,Glue,1436.73202055,0.200364608907,World/native_ecal/GlueThick_volume_0
5,Aluminum,1439.28666931,3.20583374251,World/native_ecal/C_volume_CarbonCoolingPlane_0
5,Glue,1442.49250306,0.200364608907,World/native_ecal/GlueThick_volume_0
5,Silicon,1442.69286766,0.30054691336,World/native_ecal/Si_volume_7
5,Glue,1442.99341458,0.100182304453,World/native_ecal/Glue_volume_0
5,FR4,1443.09359688,1.66903719219,World/native_ecal/PCB_volume_0
5,FR4,1449.5373227,0.901640740081,World/native_ecal/PCB_motherboard_volume_0
5,FR4,1480.39948341,0.901640740081,World/native_ecal/PCB_motherboard_volume_0
5,FR4,1485.57490126,1.66903719219,World/native_ecal/PCB_volume_0
5,Glue,1487.24393845,0.100182304453,World/native_ecal/Glue_volume_0
5,Silicon,1487.34412076,0.30054691336,World/native_ecal/Si_volume_14
5,Glue,1487.64466767,0.200364608907,World/native_ecal/GlueThick_volume_0
5,Aluminum,1490.19931644,3.20583374251,World/native_ecal/C_volume_CarbonCoolingPlane_0
5,Glue,1493.40515018,0.200364608907,World/native_ecal/GlueThick_volume_0
5,Silicon,1493.60551479,0.30054691336,World/native_ecal/Si_volume_21
5,Glue,1493.9060617,0.100182304453,World/native_ecal/Glue_volume_0
5,FR4,1494.00624401,1.66903719219,World/native_ecal/PCB_volume_0
5,FR4,1499.94905831,0.901640740081,World/native_ecal/PCB_motherboard_volume_0
5,Scintillator,231.710657726,20.0364608907,World/hcal_top/hcal_top_layer1_strip5
5,Scintillator,255.124847191,20.0364608907,World/hcal_top/hcal_top_layer2_strip5
5,Aluminum3003,231.209746203,0.500911522267,World/hcal_top/hcal_top_cover_1_placement
5,Aluminum3003,254.623935669,0.500911522267,World/hcal_top/hcal_top_cover_2_placement
5,Scintillator,1195.83023505,20.0364608907,World/hcal_above_ecal/hcal_above_ecal_layer1_strip2
5,Scintillator,1221.27654039,20.0364608907,World/hcal_above_ecal/hcal_above_ecal_layer2_strip4
5,Scintillator,1246.72284572,20.0364608907,World/hcal_above_ecal/hcal_above_ecal_layer3_strip2
5,Scintillator,1272.16915105,20.0364608907,World/hcal_above_ecal/hcal_above_ecal_layer4_strip4
5,Aluminum3003,1195.32932353,0.500911522267,World/hcal_above_ecal/hcal_above_ecal_cover_1_placement
5,Aluminum3003,1220.77562886,0.500911522267,World/hcal_above_ecal/hcal_above_ecal_cover_2_placement
5,Aluminum3003,1246.22193419,0.500911522267,World/hcal_above_ecal/hcal_above_ecal_cover_3_placement
5,Aluminum3003,1271.66823953,0.500911522267,World/hcal_above_ecal/hcal_above_ecal_cover_4_placement
5,Scintillator,1701.59216472,20.0364608907,World/hcal_below_ecal/hcal_below_ecal_layer1_strip4
5,Scintillator,1725.15946483,20.0364608907,World/hcal_below_ecal/hcal_below_ecal_layer2_strip7
5,Scintillator,1748.72676495,20.0364608907,World/hcal_below_ecal/hcal_below_ecal_layer3_strip4
5,Scintillator,1772.29406507,20.0364608907,World/hcal_below_ecal/hcal_below_ecal_layer4_strip7
5,Aluminum3003,1701.09125319,0.500911522267,World/hcal_below_ecal/hcal_below_ecal_cover_1_placement
5,Aluminum3003,1724.65855331,0.500911522267,World/hcal_below_ecal/hcal_below_ecal_cover_2_placement
5,Aluminum3003,1748.22585343,0.500911522267,World/hcal_below_ecal/hcal_below_ecal_cover_3_placement
5,Aluminum3003,1771.79315354,0.500911522267,World/hcal_below_ecal/hcal_below_ecal_cover_4_placement
6,Polyvinyltoluene,856.758391335,0.231771678705,World/native_target/trigger_pad3_bar_volume_18
6,Polyvinyltoluene,860.769376415,2.00549253986,World/native_target/trigger_pad3_bar_volume_19
6,LYSO,935.473973525,0.601647761959,World/native_target/lvTarget_3/lvTargetArray1_phys/target_0
6,LYSO,936.276170541,0.601647761959,World/native_target/lvTarget_3/lvTargetArray2_phys/target_0
6,Polyvinyltoluene,551.12132826,2.00549253986,World/native_trig_scint/trigger_pad1_bar_volume_4
6,Polyvinyltoluene,555.13231334,2.00549253986,World/native_trig_scint/trigger_pad1_bar_volume_5
6,Polyvinyltoluene,626.527847759,2.00549253986,World/native_trig_scint/trigger_pad2_bar_volume_8
6,Polyvinyltoluene,630.538832839,2.00549253986,World/native_trig_scint/trigger_pad2_bar_volume_9
6,Silicon,691.846739782,0.320878806378,World/native_recoil/recoil_l14_sensor_vol_10/recoil_l14_active_sensor
6,Silicon,697.863217402,0.320878806378,World/native_recoil/recoil_l14_sensor_vol_20/recoil_l14_active_sensor
6,Silicon,792.121366775,0.320878806378,World/native_recoil/recoil_l14_sensor_vol_30/recoil_l14_active_sensor
6,Silicon,798.137844395,0.320878806378,World/native_recoil/recoil_l14_sensor_vol_40/recoil_l14_active_sensor
6,Aluminum,1353.08832912,0.802197015945,World/native_ecal/support_box_0/front_0_volume_0
6,Aluminum,1583.11832344,0.802197015945,World/native_ecal/support_box_0/front_1_volume_0
6,FR4,1430.80417328,0.902471642938,World/native_ecal/PCB_motherboard_volume_0
6,FR4,1435.98436051,1.67057528571,World/native_ecal/PCB_volume_0
6,Glue,1437.6549358,0.100274626993,World/native_ecal/Glue_volume_0
6,Silicon,1437.75521042,0.300823880979,World/native_ecal/Si_volume_0
6,Glue,1438.0560343,0.200549253986,World/native_ecal/GlueThick_volume_0
6,Aluminum,1440.61303729,3.20878806378,World/native_ecal/C_volume_CarbonCoolingPlane_0
6,Glue,1443.82182536,0.200549253986,World/native_ecal/GlueThick_volume_0
6,Silicon,1444.02237461,0.300823880979,World/native_ecal/Si_volume_7
6,Glue,1444.32319849,0.100274626993,World/native_ecal/Glue_volume_0
6,FR4,1444.42347312,1.67057528571,World/native_ecal/PCB_volume_0
6,FR4,1450.87313713,0.902471642938,World/native_ecal/PCB_motherboard_volume_0
6,FR4,1481.76373872,0.902471642938,World/native_ecal/PCB_motherboard_volume_0
6,FR4,1486.94392595,1.67057528571,World/native_ecal/PCB_volume_0
6,Glue,1488.61450123,0.100274626993,World/native_ecal/Glue_volume_0
6,Silicon,1488.71477586,0.300823880979,World/native_ecal/Si_volume_14
6,Glue,1489.01559974,0.200549253986,World/native_ecal/GlueThick_volume_0
6,Aluminum,1491.57260273,3.20878806378,World/native_ecal/C_volume_CarbonCoolingPlane_0
6,Glue,1494.78139079,0.200549253986,World/native_ecal/GlueThick_volume_0
6,Silicon,1494.98194005,0.300823880979,World/native_ecal/Si_volume_21
6,Glue,1495.28276393,0.100274626993,World/native_ecal/Glue_volume_0
6,FR4,1495.38303856,1.67057528571,World/native_ecal/PCB_volume_0
6,FR4,1501.33132943,0.902471642938,World/native_ecal/PCB_motherboard_volume_0
6,Scintillator,231.924189611,20.0549253986,World/hcal_top/hcal_top_layer1_strip6
6,Scintillator,255.359956315,20.0549253986,World/hcal_top/hcal_top_layer2_strip5
6,Aluminum3003,231.422816477,0.501373134966,World/hcal_top/hcal_top_cover_1_placement
6,Aluminum3003,254.85858318,0.501373134966,World/hcal_top/hcal_top_cover_2_placement
6,Scintillator,1196.93224688,20.0549253986,World/hcal_above_ecal/hcal_above_ecal_layer1_strip2
6,Scintillator,1222.40200214,20.0549253986,World/hcal_above_ecal/hcal_above_ecal_layer2_strip4
6,Scintillator,1247.87175739,20.0549253986,World/hcal_above_ecal/hcal_above_ecal_layer3_strip2
6,Scintillator,1273.34151265,20.0549253986,World/hcal_above_ecal/hcal_above_ecal_layer4_strip4
6,Aluminum3003,1196.43087375,0.501373134966,World/hcal_above_ecal/hcal_above_ecal_cover_1_placement
6,Aluminum3003,1221.900629,0.501373134966,World/hcal_above_ecal/hcal_above_ecal_cover_2_placement
6,Aluminum3003,1247.37038426,0.501373134966,World/hcal_above_ecal/hcal_above_ecal_cover_3_placement
6,Aluminum3003,1272.84013952,0.501373134966,World/hcal_above_ecal/hcal_above_ecal_cover_4_placement
6,Scintillator,1703.16025911,20.0549253986,World/hcal_below_ecal/hcal_below_ecal_layer1_strip3
6,Scintillator,1726.74927757,20.0549253986,World/hcal_below_ecal/hcal_below_ecal_layer2_strip6
6,Scintillator,1750.33829602,20.0549253986,World/hcal_below_ecal/hcal_below_ecal_layer3_strip3
6,Scintillator,1773.92731447,20.0549253986,World/hcal_below_ecal/hcal_below_ecal_layer4_strip6
6,Aluminum3003,1702.65888598,0.501373134966,World/hcal_below_ecal/hcal_below_ecal_cover_1_placement
6,Aluminum3003,1726.24790443,0.501373134966,World/hcal_below_ecal/hcal_below_ecal_cover_2_placement
6,Aluminum3003,1749.83692288,0.501373134966,World/hcal_below_ecal/hcal_below_ecal_cover_3_placement
6,Aluminum3003,1773.42594134,0.501373134966,World/hcal_below_ecal/hcal_below_ecal_cover_4_placement
7,Polyvinyltoluene,855.731987774,2.0030899434,World/native_target/trigger_pad3_bar_volume_10
7,Polyvinyltoluene,859.738167661,2.0030899434,World/native_target/trigger_pad3_bar_volume_11
7,LYSO,934.353268052,0.600926983019,World/native_target/lvTarget_3/lvTargetArray1_phys/target_0
7,LYSO,935.15450403,0.600926983019,World/native_target/lvTarget_3/lvTargetArray2_phys/target_0
7,Polyvinyltoluene,625.777262272,2.0030899434,World/native_trig_scint/trigger_pad2_bar_volume_12
7,Polyvinyltoluene,629.783442159,2.0030899434,World/native_trig_scint/trigger_pad2_bar_volume_13
7,Polyvinyltoluene,554.467260287,2.0030899434,World/native_trig_scint/trigger_pad1_bar_volume_13
7,Polyvinyltoluene,550.461080401,2.0030899434,World/native_trig_scint/trigger_pad1_bar_volume_14
7,Silicon,691.017901729,0.320494390943,World/native_recoil/recoil_l14_sensor_vol_10/recoil_l14_active_sensor
7,Silicon,697.027171559,0.320494390943,World/native_recoil/recoil_l14_sensor_vol_20/recoil_l14_active_sensor
7,Silicon,791.172398898,0.320494390943,World/native_recoil/recoil_l14_sensor_vol_30/recoil_l14_active_sensor
7,Silicon,797.181668729,0.320494390943,World/native_recoil/recoil_l14_sensor_vol_40/recoil_l14_active_sensor
7,Aluminum,1351.46731824,0.801235977358,World/native_ecal/support_box_0/front_0_volume_0
7,Aluminum,1581.22173474,0.801235977358,World/native_ecal/support_box_0/front_1_volume_0
7,FR4,1429.09005818,0.901390474528,World/native_ecal/PCB_motherboard_volume_0
7,FR4,1434.2640395,1.66857392285,World/native_ecal/PCB_volume_0
7,Glue,1435.93261342,0.10015449717,World/native_ecal/Glue_volume_0
7,Silicon,1436.03276792,0.300463491509,World/native_ecal/Si_volume_0
7,Glue,1436.33323141,0.200308994339,World/native_ecal/GlueThick_volume_0
7,Aluminum,1438.88717109,3.20494390943,World/native_ecal/C_volume_CarbonCoolingPlane_0
7,Glue,1442.092115,0.20030899434,World/native_ecal/GlueThick_volume_0
7,Silicon,1442.29242399,0.300463491509,World/native_ecal/Si_volume_7
7,Glue,1442.59288749,0.10015449717,World/native_ecal/Glue_volume_0
7,FR4,1442.69304198,1.66857392285,World/native_ecal/PCB_volume_0
7,FR4,1449.13497924,0.901390474528,World/native_ecal/PCB_motherboard_volume_0
7,FR4,1479.98857364,0.901390474528,World/native_ecal/PCB_motherboard_volume_0
7,FR4,1485.16255496,1.66857392285,World/native_ecal/PCB_volume_0
7,Glue,1486.83112889,0.10015449717,World/native_ecal/Glue_volume_0
7,Silicon,1486.93128338,0.300463491509,World/native_ecal/Si_volume_14
7,Glue,1487.23174687,0.20030899434,World/native_ecal/GlueThick_volume_0
7,Aluminum,1489.78568655,3.20494390943,World/native_ecal/C_volume_CarbonCoolingPlane_0
7,Glue,1492.99063046,0.200308994339,World/native_ecal/GlueThick_volume_0
7,Silicon,1493.19093946,0.300463491509,World/native_ecal/Si_volume_21
7,Glue,1493.49140295,0.10015449717,World/native_ecal/Glue_volume_0
7,FR4,1493.59155744,1.66857392285,World/native_ecal/PCB_volume_0
7,FR4,1499.53272222,0.901390474528,World/native_ecal/PCB_motherboard_volume_0
7,Scintillator,231.646342535,20.030899434,World/hcal_top/hcal_top_layer1_strip6
7,Scintillator,255.054032999,20.030899434,World/hcal_top/hcal_top_layer2_strip4
7,Aluminum3003,231.145570049,0.500772485849,World/hcal_top/hcal_top_cover_1_placement
7,Aluminum3003,254.553260513,0.500772485849,World/hcal_top/hcal_top_cover_2_placement
7,Scintillator,1195.49831226,20.030899434,World/hcal_above_ecal/hcal_above_ecal_layer1_strip3
7,Scintillator,1220.93755454,20.030899434,World/hcal_above_ecal/hcal_above_ecal_layer2_strip3
7,Scintillator,1246.37679682,20.030899434,World/hcal_above_ecal/hcal_above_ecal_layer3_strip3
7,Scintillator,1271.8160391,20.030899434,World/hcal_above_ecal/hcal_above_ecal_layer4_strip3
7,Aluminum3003,1194.99753977,0.500772485849,World/hcal_above_ecal/hcal_above_ecal_cover_1_placement
7,Aluminum3003,1220.43678205,0.500772485849,World/hcal_above_ecal/hcal_above_ecal_cover_2_placement
7,Aluminum3003,1245.87602434,0.500772485849,World/hcal_above_ecal/hcal_above_ecal_cover_3_placement
7,Aluminum3003,1271.31526662,0.500772485849,World/hcal_above_ecal/hcal_above_ecal_cover_4_placement
7,Scintillator,1701.11985919,20.030899434,World/hcal_below_ecal/hcal_below_ecal_layer1_strip5
7,Scintillator,1724.68061781,20.030899434,World/hcal_below_ecal/hcal_below_ecal_layer2_strip5
7,Scintillator,1748.24137642,20.030899434,World/hcal_below_ecal/hcal_below_ecal_layer3_strip5
7,Scintillator,1771.80213504,20.030899434,World/hcal_below_ecal/hcal_below_ecal_layer4_strip5
7,Aluminum3003,1700.6190867,0.500772485849,World/hcal_below_ecal/hcal_below_ecal_cover_1_placement
7,Aluminum3003,1724.17984532,0.500772485849,World/hcal_below_ecal/hcal_below_ecal_cover_2_placement
7,Aluminum3003,1747.74060394,0.500772485849,World/hcal_below_ecal/hcal_below_ecal_cover_3_placement
7,Aluminum3003,1771.30136255,0.500772485849,World/hcal_below_ecal/hcal_below_ecal_cover_4_placement
8,Polyvinyltoluene,858.461400357,2.00011522406,World/native_target/trigger_pad3_bar_volume_21
8,Polyvinyltoluene,854.461169909,1.8900230111,World/native_target/trigger_pad3_bar_volume_22
8,LYSO,932.965692453,0.600034567219,World/native_target/lvTarget_3/lvTargetArray1_phys/target_0
8,LYSO,933.765738543,0.600034567219,World/native_target/lvTarget_3/lvTargetArray2_phys/target_0
8,Polyvinyltoluene,628.848172634,2.00011522406,World/native_trig_scint/trigger_pad2_bar_volume_21
8,Polyvinyltoluene,624.847942186,2.00011522406,World/native_trig_scint/trigger_pad2_bar_volume_22
8,Polyvinyltoluene,549.643609761,2.00011522406,World/native_trig_scint/trigger_pad1_bar_volume_22
8,Polyvinyltoluene,553.643840209,2.00011522406,World/native_trig_scint/trigger_pad1_bar_volume_23
8,Silicon,689.991695034,0.32001843585,World/native_recoil/recoil_l14_sensor_vol_10/recoil_l14_active_sensor
8,Silicon,695.992040706,0.32001843585,World/native_recoil/recoil_l14_sensor_vol_20/recoil_l14_active_sensor
8,Silicon,789.997456237,0.32001843585,World/native_recoil/recoil_l14_sensor_vol_30/recoil_l14_active_sensor
8,Silicon,795.997801909,0.32001843585,World/native_recoil/recoil_l14_sensor_vol_40/recoil_l14_active_sensor
8,Aluminum,1349.46030104,0.800046089626,World/native_ecal/support_box_0/front_0_volume_0
8,Aluminum,1578.87351724,0.800046089626,World/native_ecal/support_box_0/front_1_volume_0
8,FR4,1426.96776615,0.900051850829,World/native_ecal/PCB_motherboard_volume_0
8,FR4,1432.13406377,1.66609598165,World/native_ecal/PCB_volume_0
8,Glue,1433.80015975,0.100005761203,World/native_ecal/Glue_volume_0
8,Silicon,1433.90016551,0.300017283609,World/native_ecal/Si_volume_0
8,Glue,1434.2001828,0.200011522406,World/native_ecal/GlueThick_volume_0
8,Aluminum,1436.75032971,3.2001843585,World/native_ecal/C_volume_CarbonCoolingPlane_0
8,Glue,1439.95051407,0.200011522406,World/native_ecal/GlueThick_volume_0
8,Silicon,1440.15052559,0.30001728361,World/native_ecal/Si_volume_7
8,Glue,1440.45054287,0.100005761203,World/native_ecal/Glue_volume_0
8,FR4,1440.55054863,1.66609598165,World/native_ecal/PCB_volume_0
8,FR4,1446.98291919,0.900051850829,World/native_ecal/PCB_motherboard_volume_0
8,FR4,1477.79069399,0.900051850829,World/native_ecal/PCB_motherboard_volume_0
8,FR4,1482.95699161,1.66609598165,World/native_ecal/PCB_volume_0
8,Glue,1484.6230876,0.100005761203,World/native_ecal/Glue_volume_0
8,Silicon,1484.72309336,0.30001728361,World/native_ecal/Si_volume_14
8,Glue,1485.02311064,0.200011522406,World/native_ecal/GlueThick_volume_0
8,Aluminum,1487.57325755,3.2001843585,World/native_ecal/C_volume_CarbonCoolingPlane_0
8,Glue,1490.77344191,0.200011522406,World/native_ecal/GlueThick_volume_0
8,Silicon,1490.97345343,0.30001728361,World/native_ecal/Si_volume_21
8,Glue,1491.27347072,0.100005761203,World/native_ecal/Glue_volume_0
8,FR4,1491.37347648,1.66609598165,World/native_ecal/PCB_volume_0
8,FR4,1497.30581823,0.900051850829,World/native_ecal/PCB_motherboard_volume_0
8,Scintillator,231.302332594,20.0011522406,World/hcal_top/hcal_top_layer1_strip6
8,Scintillator,254.67526111,20.0011522406,World/hcal_top/hcal_top_layer2_strip4
8,Aluminum3003,230.802303788,0.500028806016,World/hcal_top/hcal_top_cover_1_placement
8,Aluminum3003,254.175232304,0.500028806016,World/hcal_top/hcal_top_cover_2_placement
8,Scintillator,1193.72291922,20.0011522406,World/hcal_above_ecal/hcal_above_ecal_layer1_strip2
8,Scintillator,1219.12438257,20.0011522406,World/hcal_above_ecal/hcal_above_ecal_layer2_strip4
8,Scintillator,1244.52584591,20.0011522406,World/hcal_above_ecal/hcal_above_ecal_layer3_strip2
8,Scintillator,1269.92730926,20.0011522406,World/hcal_above_ecal/hcal_above_ecal_layer4_strip4
8,Aluminum3003,1193.22289041,0.500028806016,World/hcal_above_ecal/hcal_above_ecal_cover_1_placement
8,Aluminum3003,1218.62435376,0.500028806016,World/hcal_above_ecal/hcal_above_ecal_cover_2_placement
8,Aluminum3003,1244.02581711,0.500028806016,World/hcal_above_ecal/hcal_above_ecal_cover_3_placement
8,Aluminum3003,1269.42728045,0.500028806016,World/hcal_above_ecal/hcal_above_ecal_cover_4_placement
8,Scintillator,1698.59358515,20.0011522406,World/hcal_below_ecal/hcal_below_ecal_layer1_strip4
8,Scintillator,1722.1193545,20.0011522406,World/hcal_below_ecal/hcal_below_ecal_layer2_strip6
8,Scintillator,1745.64512385,20.0011522406,World/hcal_below_ecal/hcal_below_ecal_layer3_strip4
8,Scintillator,1769.1708932,20.0011522406,World/hcal_below_ecal/hcal_below_ecal_layer4_strip6
8,Aluminum3003,1698.09355634,0.500028806016,World/hcal_below_ecal/hcal_below_ecal_cover_1_placement
8,Aluminum3003,1721.61932569,0.500028806016,World/hcal_below_ecal/hcal_below_ecal_cover_2_placement
8,Aluminum3003,1745.14509504,0.500028806016,World/hcal_below_ecal/hcal_below_ecal_cover_3_placement
8,Aluminum3003,1768.6708644,0.500028806016,World/hcal_below_ecal/hcal_below_ecal_cover_4_placement
9,Polyvinyltoluene,858.838233084,2.00099320049,World/native_target/trigger_pad3_bar_volume_1
9,Polyvinyltoluene,854.836246683,2.00099320049,World/native_target/trigger_pad3_bar_volume_2
9,LYSO,933.375229802,0.600297960148,World/native_target/lvTarget_3/lvTargetArray1_phys/target_0
9,LYSO,934.175627082,0.600297960148,World/native_target/lvTarget_3/lvTargetArray2_phys/target_0
9,Polyvinyltoluene,625.122227266,2.00099320049,World/native_trig_scint/trigger_pad2_bar_volume_6
9,Polyvinyltoluene,629.124213667,2.00099320049,World/native_trig_scint/trigger_pad2_bar_volume_7
9,Polyvinyltoluene,553.886869328,2.00099320049,World/native_trig_scint/trigger_pad1_bar_volume_7
9,Polyvinyltoluene,549.884882927,2.00099320049,World/native_trig_scint/trigger_pad1_bar_volume_8
9,Silicon,690.294575806,0.320158912079,World/native_recoil/recoil_l14_sensor_vol_10/recoil_l14_active_sensor
9,Silicon,696.297555408,0.320158912079,World/native_recoil/recoil_l14_sensor_vol_20/recoil_l14_active_sensor
9,Silicon,790.344235831,0.320158912079,World/native_recoil/recoil_l14_sensor_vol_30/recoil_l14_active_sensor
9,Silicon,796.347215432,0.320158912079,World/native_recoil/recoil_l14_sensor_vol_40/recoil_l14_active_sensor
9,Aluminum,1350.05266408,0.800397280197,World/native_ecal/support_box_0/front_0_volume_0
9,Aluminum,1579.56658418,0.800397280197,World/native_ecal/support_box_0/front_1_volume_0
9,FR4,1427.59415209,0.900446940222,World/native_ecal/PCB_motherboard_volume_0
9,FR4,1432.76271753,1.66682733601,World/native_ecal/PCB_volume_0
9,Glue,1434.42954486,0.100049660025,World/native_ecal/Glue_volume_0
9,Silicon,1434.52959452,0.300148980074,World/native_ecal/Si_volume_0
9,Glue,1434.8297435,0.200099320049,World/native_ecal/GlueThick_volume_0
9,Aluminum,1437.38100983,3.20158912079,World/native_ecal/C_volume_CarbonCoolingPlane_0
9,Glue,1440.58259896,0.200099320049,World/native_ecal/GlueThick_volume_0
9,Silicon,1440.78269828,0.300148980074,World/native_ecal/Si_volume_7
9,Glue,1441.08284726,0.100049660024,World/native_ecal/Glue_volume_0
9,FR4,1441.18289692,1.66682733601,World/native_ecal/PCB_volume_0
9,FR4,1447.61809105,0.900446940222,World/native_ecal/PCB_motherboard_volume_0
9,FR4,1478.43938932,0.900446940222,World/native_ecal/PCB_motherboard_volume_0
9,FR4,1483.60795475,1.66682733601,World/native_ecal/PCB_volume_0
9,Glue,1485.27478209,0.100049660025,World/native_ecal/Glue_volume_0
9,Silicon,1485.37483175,0.300148980074,World/native_ecal/Si_volume_14
9,Glue,1485.67498073,0.200099320049,World/native_ecal/GlueThick_volume_0
9,Aluminum,1488.22624706,3.20158912079,World/native_ecal/C_volume_CarbonCoolingPlane_0
9,Glue,1491.42783618,0.200099320049,World/native_ecal/GlueThick_volume_0
9,Silicon,1491.6279355,0.300148980074,World/native_ecal/Si_volume_21
9,Glue,1491.92808448,0.100049660025,World/native_ecal/Glue_volume_0
9,FR4,1492.02813414,1.66682733601,World/native_ecal/PCB_volume_0
9,FR4,1497.96307997,0.900446940222,World/native_ecal/PCB_motherboard_volume_0
9,Scintillator,231.403865743,20.0099320049,World/hcal_top/hcal_top_layer1_strip6
9,Scintillator,254.787054107,2.5221418103,World/hcal_top/hcal_top_layer2_strip4
9,Scintillator,257.309195917,17.4877901946,World/hcal_top/hcal_top_layer2_strip5
9,Aluminum3003,230.903617442,0.500248300123,World/hcal_top/hcal_top_cover_1_placement
9,Aluminum3003,254.286805807,0.500248300123,World/hcal_top/hcal_top_cover_2_placement
9,Scintillator,1194.24691932,20.0099320049,World/hcal_above_ecal/hcal_above_ecal_layer1_strip3
9,Scintillator,1219.65953297,20.0099320049,World/hcal_above_ecal/hcal_above_ecal_layer2_strip4
9,Scintillator,1245.07214662,20.0099320049,World/hcal_above_ecal/hcal_above_ecal_layer3_strip3
9,Scintillator,1270.48476026,20.0099320049,World/hcal_above_ecal/hcal_above_ecal_layer4_strip4
9,Aluminum3003,1193.74667102,0.500248300123,World/hcal_above_ecal/hcal_above_ecal_cover_1_placement
9,Aluminum3003,1219.15928467,0.500248300123,World/hcal_above_ecal/hcal_above_ecal_cover_2_placement
9,Aluminum3003,1244.57189832,0.500248300123,World/hcal_above_ecal/hcal_above_ecal_cover_3_placement
9,Aluminum3003,1269.98451196,0.500248300123,World/hcal_above_ecal/hcal_above_ecal_cover_4_placement
9,Scintillator,1699.33920476,20.0099320049,World/hcal_below_ecal/hcal_below_ecal_layer1_strip5
9,Scintillator,1722.87530105,20.0099320049,World/hcal_below_ecal/hcal_below_ecal_layer2_strip6
9,Scintillator,1746.41139734,20.0099320049,World/hcal_below_ecal/hcal_below_ecal_layer3_strip5
9,Scintillator,1769.94749363,20.0099320049,World/hcal_below_ecal/hcal_below_ecal_layer4_strip6
9,Aluminum3003,1698.83895646,0.500248300123,World/hcal_below_ecal/hcal_below_ecal_cover_1_placement
9,Aluminum3003,1722.37505275,0.500248300123,World/hcal_below_ecal/hcal_below_ecal_cover_2_placement
9,Aluminum3003,1745.91114904,0.500248300123,World/hcal_below_ecal/hcal_below_ecal_cover_3_placement
9,Aluminum3003,1769.44724533,0.500248300123,World/hcal_below_ecal/hcal_below_ecal_cover_4_placement
10,Polyvinyltoluene,855.319414098,2.00212419455,World/native_target/trigger_pad3_bar_volume_16
10,Polyvinyltoluene,859.323662487,2.00212419455,World/native_target/trigger_pad3_bar_volume_17
10,LYSO,933.902788734,0.600637258364,World/native_target/lvTarget_3/lvTargetArray1_phys/target_0
10,LYSO,934.703638411,0.600637258364,World/native_target/lvTarget_3/lvTargetArray2_phys/target_0
10,Polyvinyltoluene,625.475556564,2.00212419455,World/native_trig_scint/trigger_pad2_bar_volume_16
10,Polyvinyltoluene,629.479804953,2.00212419455,World/native_trig_scint/trigger_pad2_bar_volume_17
10,Polyvinyltoluene,550.195686849,2.00212419455,World/native_trig_scint/trigger_pad1_bar_volume_16
10,Polyvinyltoluene,554.199935238,2.00212419455,World/native_trig_scint/trigger_pad1_bar_volume_17
10,Silicon,690.68474158,0.320339871128,World/native_recoil/recoil_l14_sensor_vol_10/recoil_l14_active_sensor
10,Silicon,696.691114164,0.320339871127,World/native_recoil/recoil_l14_sensor_vol_20/recoil_l14_active_sensor
10,Silicon,790.790951307,0.320339871127,World/native_recoil/recoil_l14_sensor_vol_30/recoil_l14_active_sensor
10,Silicon,796.797323891,0.320339871127,World/native_recoil/recoil_l14_sensor_vol_40/recoil_l14_active_sensor
10,Aluminum,1350.81573591,0.800849677819,World/native_ecal/support_box_0/front_0_volume_0
10,Aluminum,1580.45938102,0.800849677819,World/native_ecal/support_box_0/front_1_volume_0
10,FR4,1428.40105163,0.900955887546,World/native_ecal/PCB_motherboard_volume_0
10,FR4,1433.57253843,1.66776945406,World/native_ecal/PCB_volume_0
10,Glue,1435.24030788,0.100106209727,World/native_ecal/Glue_volume_0
10,Silicon,1435.34041409,0.300318629182,World/native_ecal/Si_volume_0
10,Glue,1435.64073272,0.200212419455,World/native_ecal/GlueThick_volume_0
10,Aluminum,1438.19344107,3.20339871127,World/native_ecal/C_volume_CarbonCoolingPlane_0
10,Glue,1441.39683978,0.200212419455,World/native_ecal/GlueThick_volume_0
10,Silicon,1441.5970522,0.300318629182,World/native_ecal/Si_volume_7
10,Glue,1441.89737083,0.100106209727,World/native_ecal/Glue_volume_0
10,FR4,1441.99747704,1.66776945406,World/native_ecal/PCB_volume_0
10,FR4,1448.43630845,0.900955887546,World/native_ecal/PCB_motherboard_volume_0
10,FR4,1479.27502742,0.900955887546,World/native_ecal/PCB_motherboard_volume_0
10,FR4,1484.44651421,1.66776945406,World/native_ecal/PCB_volume_0
10,Glue,1486.11428366,0.100106209727,World/native_ecal/Glue_volume_0
10,Silicon,1486.21438987,0.300318629182,World/native_ecal/Si_volume_14
10,Glue,1486.5147085,0.200212419455,World/native_ecal/GlueThick_volume_0
10,Aluminum,1489.06741685,3.20339871127,World/native_ecal/C_volume_CarbonCoolingPlane_0
10,Glue,1492.27081556,0.200212419455,World/native_ecal/GlueThick_volume_0
10,Silicon,1492.47102798,0.300318629182,World/native_ecal/Si_volume_21
10,Glue,1492.77134661,0.100106209727,World/native_ecal/Glue_volume_0
10,FR4,1492.87145282,1.66776945406,World/native_ecal/PCB_volume_0
10,FR4,1498.80975318,0.900955887546,World/native_ecal/PCB_motherboard_volume_0
10,Scintillator,231.534658989,20.0212419455,World/hcal_top/hcal_top_layer1_strip6
10,Scintillator,254.931063913,20.0212419455,World/hcal_top/hcal_top_layer2_strip4
10,Aluminum3003,231.03412794,0.500531048637,World/hcal_top/hcal_top_cover_1_placement
10,Aluminum3003,254.430532865,0.500531048637,World/hcal_top/hcal_top_cover_2_placement
10,Scintillator,1194.9219272,20.0212419455,World/hcal_above_ecal/hcal_above_ecal_layer1_strip3
10,Scintillator,1220.34890447,10.7234325669,World/hcal_above_ecal/hcal_above_ecal_layer2_strip4
10,Scintillator,1231.07233704,9.29780937861,World/hcal_above_ecal/hcal_above_ecal_layer2_strip5
10,Scintillator,1245.77588174,20.0212419455,World/hcal_above_ecal/hcal_above_ecal_layer3_strip3
10,Scintillator,1271.20285901,20.0212419455,World/hcal_above_ecal/hcal_above_ecal_layer4_strip5
10,Aluminum3003,1194.42139615,0.500531048637,World/hcal_above_ecal/hcal_above_ecal_cover_1_placement
10,Aluminum3003,1219.84837342,0.500531048636,World/hcal_above_ecal/hcal_above_ecal_cover_2_placement
10,Aluminum3003,1245.27535069,0.500531048637,World/hcal_above_ecal/hcal_above_ecal_cover_3_placement
10,Aluminum3003,1270.70232796,0.500531048637,World/hcal_above_ecal/hcal_above_ecal_cover_4_placement
10,Scintillator,1700.29969904,20.0212419455,World/hcal_below_ecal/hcal_below_ecal_layer1_strip4
10,Scintillator,1723.84909832,20.0212419455,World/hcal_below_ecal/hcal_below_ecal_layer2_strip7
10,Scintillator,1747.3984976,20.0212419455,World/hcal_below_ecal/hcal_below_ecal_layer3_strip4
10,Scintillator,1770.94789688,20.0212419455,World/hcal_below_ecal/hcal_below_ecal_layer4_strip7
10,Aluminum3003,1699.79916799,0.500531048637,World/hcal_below_ecal/hcal_below_ecal_cover_1_placement
10,Aluminum3003,1723.34856727,0.500531048637,World/hcal_below_ecal/hcal_below_ecal_cover_2_placement
10,Aluminum3003,1746.89796655,0.500531048637,World/hcal_below_ecal/hcal_below_ecal_cover_3_placement
10,Aluminum3003,1770.44736583,0.500531048637,World/hcal_below_ecal/hcal_below_ecal_cover_4_placement
11,Polyvinyltoluene,858.201158674,0.238483705879,World/native_target/trigger_pad3_bar_volume_4
11,Polyvinyltoluene,860.444377711,2.00473533068,World/native_target/trigger_pad3_bar_volume_5
11,LYSO,935.120768779,0.601420599204,World/native_target/lvTarget_3/lvTargetArray1_phys/target_0
11,LYSO,935.922662911,0.601420599204,World/native_target/lvTarget_3/lvTargetArray2_phys/target_0
11,Polyvinyltoluene,627.624782836,0.67124358237,World/native_trig_scint/trigger_pad2_bar_volume_14
11,Polyvinyltoluene,630.300761749,2.00473533068,World/native_trig_scint/trigger_pad2_bar_volume_15
11,Polyvinyltoluene,550.913242654,2.00473533068,World/native_trig_scint/trigger_pad1_bar_volume_18
11,Polyvinyltoluene,554.922713315,0.17079355515,World/native_trig_scint/trigger_pad1_bar_volume_19
11,Silicon,691.585520808,0.320757652909,World/native_recoil/recoil_l14_sensor_vol_10/recoil_l14_active_sensor
11,Silicon,697.5997268,0.320757652909,World/native_recoil/recoil_l14_sensor_vol_20/recoil_l14_active_sensor
11,Silicon,791.822287342,0.320757652909,World/native_recoil/recoil_l14_sensor_vol_30/recoil_l14_active_sensor
11,Silicon,797.836493334,0.320757652909,World/native_recoil/recoil_l14_sensor_vol_40/recoil_l14_active_sensor
11,Aluminum,1352.57744669,0.801894132272,World/native_ecal/support_box_0/front_0_volume_0
11,Aluminum,1582.52058912,0.801894132272,World/native_ecal/support_box_0/front_1_volume_0
11,FR4,1430.26394786,0.902130898806,World/native_ecal/PCB_motherboard_volume_0
11,FR4,1435.44217921,1.66994453046,World/native_ecal/PCB_volume_0
11,Glue,1437.11212374,0.100236766534,World/native_ecal/Glue_volume_0
11,Silicon,1437.21236051,0.300710299602,World/native_ecal/Si_volume_0
11,Glue,1437.51307081,0.200473533068,World/native_ecal/GlueThick_volume_0
11,Aluminum,1440.06910836,3.20757652909,World/native_ecal/C_volume_CarbonCoolingPlane_0
11,Glue,1443.27668489,0.200473533068,World/native_ecal/GlueThick_volume_0
11,Silicon,1443.47715842,0.300710299602,World/native_ecal/Si_volume_7
11,Glue,1443.77786872,0.100236766534,World/native_ecal/Glue_volume_0
11,FR4,1443.87810549,1.66994453046,World/native_ecal/PCB_volume_0
11,FR4,1450.32533431,0.902130898806,World/native_ecal/PCB_motherboard_volume_0
11,FR4,1481.20427261,0.902130898806,World/native_ecal/PCB_motherboard_volume_0
11,FR4,1486.38250397,1.66994453046,World/native_ecal/PCB_volume_0
11,Glue,1488.0524485,0.100236766534,World/native_ecal/Glue_volume_0
11,Silicon,1488.15268526,0.300710299602,World/native_ecal/Si_volume_14
11,Glue,1488.45339556,0.200473533068,World/native_ecal/GlueThick_volume_0
11,Aluminum,1491.00943311,3.20757652909,World/native_ecal/C_volume_CarbonCoolingPlane_0
11,Glue,1494.21700964,0.200473533068,World/native_ecal/GlueThick_volume_0
11,Silicon,1494.41748317,0.300710299602,World/native_ecal/Si_volume_21
11,Glue,1494.71819347,0.100236766534,World/native_ecal/Glue_volume_0
11,FR4,1494.81843024,1.66994453046,World/native_ecal/PCB_volume_0
11,FR4,1500.76447523,0.902130898806,World/native_ecal/PCB_motherboard_volume_0
11,Scintillator,231.836622531,20.0473533068,World/hcal_top/hcal_top_layer1_strip6
11,Scintillator,255.263540647,20.0473533068,World/hcal_top/hcal_top_layer2_strip4
11,Aluminum3003,231.335438699,0.50118383267,World/hcal_top/hcal_top_cover_1_placement
11,Aluminum3003,254.762356814,0.50118383267,World/hcal_top/hcal_top_cover_2_placement
11,Scintillator,1196.48032394,20.0473533068,World/hcal_above_ecal/hcal_above_ecal_layer1_strip3
11,Scintillator,1221.94046264,20.0473533068,World/hcal_above_ecal/hcal_above_ecal_layer2_strip4
11,Scintillator,1247.40060134,20.0473533068,World/hcal_above_ecal/hcal_above_ecal_layer3_strip3
11,Scintillator,1272.86074004,20.0473533068,World/hcal_above_ecal/hcal_above_ecal_layer4_strip4
11,Aluminum3003,1195.97914011,0.50118383267,World/hcal_above_ecal/hcal_above_ecal_cover_1_placement
11,Aluminum3003,1221.43927881,0.50118383267,World/hcal_above_ecal/hcal_above_ecal_cover_2_placement
11,Aluminum3003,1246.89941751,0.50118383267,World/hcal_above_ecal/hcal_above_ecal_cover_3_placement
11,Aluminum3003,1272.35955621,0.50118383267,World/hcal_above_ecal/hcal_above_ecal_cover_4_placement
11,Scintillator,1702.51720083,20.0473533068,World/hcal_below_ecal/hcal_below_ecal_layer1_strip6
11,Scintillator,1726.09731283,20.0473533068,World/hcal_below_ecal/hcal_below_ecal_layer2_strip6
11,Scintillator,1749.67742483,20.0473533068,World/hcal_below_ecal/hcal_below_ecal_layer3_strip6
11,Scintillator,1773.25753684,20.0473533068,World/hcal_below_ecal/hcal_below_ecal_layer4_strip6
11,Aluminum3003,1702.016017,0.50118383267,World/hcal_below_ecal/hcal_below_ecal_cover_1_placement
11,Aluminum3003,1725.596129,0.50118383267,World/hcal_below_ecal/hcal_below_ecal_cover_2_placement
11,Aluminum3003,1749.176241,0.50118383267,World/hcal_below_ecal/hcal_below_ecal_cover_3_placement
11,Aluminum3003,1772.756353,0.50118383267,World/hcal_below_ecal/hcal_below_ecal_cover_4_placement
12,Polyvinyltoluene,856.137668633,2.0040395576,World/native_target/trigger_pad3_bar_volume_20
12,Polyvinyltoluene,860.145747748,2.0040395576,World/native_target/trigger_pad3_bar_volume_21
12,LYSO,934.796221269,0.601211867279,World/native_target/lvTarget_3/lvTargetArray1_phys/target_0
12,LYSO,935.597837092,0.601211867279,World/native_target/lvTarget_3/lvTargetArray2_phys/target_0
12,Polyvinyltoluene,550.722040055,2.0040395576,World/native_trig_scint/trigger_pad1_bar_volume_8
12,Polyvinyltoluene,554.73011917,2.0040395576,World/native_trig_scint/trigger_pad1_bar_volume_9
12,Polyvinyltoluene,630.082006536,2.0040395576,World/native_trig_scint/trigger_pad2_bar_volume_11
12,Polyvinyltoluene,626.073927421,2.0040395576,World/native_trig_scint/trigger_pad2_bar_volume_12
12,Silicon,691.345495812,0.320646329216,World/native_recoil/recoil_l14_sensor_vol_10/recoil_l14_active_sensor
12,Silicon,697.357614484,0.320646329216,World/native_recoil/recoil_l14_sensor_vol_20/recoil_l14_active_sensor
12,Silicon,791.547473692,0.320646329216,World/native_recoil/recoil_l14_sensor_vol_30/recoil_l14_active_sensor
12,Silicon,797.559592364,0.320646329216,World/native_recoil/recoil_l14_sensor_vol_40/recoil_l14_active_sensor
12,Aluminum,1352.10801466,0.801615823039,World/native_ecal/support_box_0/front_0_volume_0
12,Aluminum,1581.97135191,0.801615823039,World/native_ecal/support_box_0/front_1_volume_0
12,FR4,1429.76755357,0.901817800919,World/native_ecal/PCB_motherboard_volume_0
12,FR4,1434.94398775,1.66936495148,World/native_ecal/PCB_volume_0
12,Glue,1436.6133527,0.10020197788,World/native_ecal/Glue_volume_0
12,Silicon,1436.71355468,0.30060593364,World/native_ecal/Si_volume_0
12,Glue,1437.01416061,0.20040395576,World/native_ecal/GlueThick_volume_0
12,Aluminum,1439.56931105,3.20646329216,World/native_ecal/C_volume_CarbonCoolingPlane_0
12,Glue,1442.77577434,0.20040395576,World/native_ecal/GlueThick_volume_0
12,Silicon,1442.9761783,0.30060593364,World/native_ecal/Si_volume_7
12,Glue,1443.27678423,0.10020197788,World/native_ecal/Glue_volume_0
12,FR4,1443.37698621,1.66936495148,World/native_ecal/PCB_volume_0
12,FR4,1449.82197743,0.901817800919,World/native_ecal/PCB_motherboard_volume_0
12,FR4,1480.69019873,0.901817800919,World/native_ecal/PCB_motherboard_volume_0
12,FR4,1485.86663291,1.66936495148,World/native_ecal/PCB_volume_0
12,Glue,1487.53599786,0.10020197788,World/native_ecal/Glue_volume_0
12,Silicon,1487.63619984,0.30060593364,World/native_ecal/Si_volume_14
12,Glue,1487.93680577,0.20040395576,World/native_ecal/GlueThick_volume_0
12,Aluminum,1490.49195621,3.20646329216,World/native_ecal/C_volume_CarbonCoolingPlane_0
12,Glue,1493.6984195,0.20040395576,World/native_ecal/GlueThick_volume_0
12,Silicon,1493.89882346,0.30060593364,World/native_ecal/Si_volume_21
12,Glue,1494.19942939,0.10020197788,World/native_ecal/Glue_volume_0
12,FR4,1494.29963137,1.66936495148,World/native_ecal/PCB_volume_0
12,FR4,1500.2436127,0.901817800919,World/native_ecal/PCB_motherboard_volume_0
12,Scintillator,231.756160198,20.040395576,World/hcal_top/hcal_top_layer1_strip6
12,Scintillator,255.174947655,20.040395576,World/hcal_top/hcal_top_layer2_strip5
12,Aluminum3003,231.255150309,0.501009889399,World/hcal_top/hcal_top_cover_1_placement
12,Aluminum3003,254.673937766,0.501009889399,World/hcal_top/hcal_top_cover_2_placement
12,Scintillator,1196.06506773,20.040395576,World/hcal_above_ecal/hcal_above_ecal_layer1_strip2
12,Scintillator,1221.51637011,20.040395576,World/hcal_above_ecal/hcal_above_ecal_layer2_strip4
12,Scintillator,1246.96767249,20.040395576,World/hcal_above_ecal/hcal_above_ecal_layer3_strip2
12,Scintillator,1272.41897487,20.040395576,World/hcal_above_ecal/hcal_above_ecal_layer4_strip4
12,Aluminum3003,1195.56405784,0.501009889399,World/hcal_above_ecal/hcal_above_ecal_cover_1_placement
12,Aluminum3003,1221.01536022,0.501009889399,World/hcal_above_ecal/hcal_above_ecal_cover_2_placement
12,Aluminum3003,1246.4666626,0.501009889399,World/hcal_above_ecal/hcal_above_ecal_cover_3_placement
12,Aluminum3003,1271.91796498,0.501009889399,World/hcal_above_ecal/hcal_above_ecal_cover_4_placement
12,Scintillator,1701.92631702,20.040395576,World/hcal_below_ecal/hcal_below_ecal_layer1_strip3
12,Scintillator,1725.4982452,20.040395576,World/hcal_below_ecal/hcal_below_ecal_layer2_strip6
12,Scintillator,1749.07017337,20.040395576,World/hcal_below_ecal/hcal_below_ecal_layer3_strip3
12,Scintillator,1772.64210155,20.040395576,World/hcal_below_ecal/hcal_below_ecal_layer4_strip6
12,Aluminum3003,1701.42530714,0.501009889399,World/hcal_below_ecal/hcal_below_ecal_cover_1_placement
12,Aluminum3003,1724.99723531,0.501009889399,World/hcal_below_ecal/hcal_below_ecal_cover_2_placement
12,Aluminum3003,1748.56916349,0.501009889399,World/hcal_below_ecal/hcal_below_ecal_cover_3_placement
12,Aluminum3003,1772.14109166,0.501009889399,World/hcal_below_ecal/hcal_below_ecal_cover_4_placement
13,Polyvinyltoluene,855.541614599,2.00264431954,World/native_target/trigger_pad3_bar_volume_6
13,Polyvinyltoluene,859.546903238,2.00264431954,World/native_target/trigger_pad3_bar_volume_7
13,LYSO,934.145404141,0.600793295861,World/native_target/lvTarget_3/lvTargetArray1_phys/target_0
13,LYSO,934.946461869,0.600793295861,World/native_target/lvTarget_3/lvTargetArray2_phys/target_0
13,Polyvinyltoluene,625.638046717,2.00264431954,World/native_trig_scint/trigger_pad2_bar_volume_10
13,Polyvinyltoluene,629.643335356,2.00264431954,World/native_trig_scint/trigger_pad2_bar_volume_11
13,Polyvinyltoluene,554.343908941,2.00264431954,World/native_trig_scint/trigger_pad1_bar_volume_11
13,Polyvinyltoluene,550.338620302,2.00264431954,World/native_trig_scint/trigger_pad1_bar_volume_12
13,Silicon,690.864172204,0.320423091126,World/native_recoil/recoil_l14_sensor_vol_10/recoil_l14_active_sensor
13,Silicon,696.872105163,0.320423091126,World/native_recoil/recoil_l14_sensor_vol_20/recoil_l14_active_sensor
13,Silicon,790.996388181,0.320423091126,World/native_recoil/recoil_l14_sensor_vol_30/recoil_l14_active_sensor
13,Silicon,797.004321139,0.320423091126,World/native_recoil/recoil_l14_sensor_vol_40/recoil_l14_active_sensor
13,Aluminum,1351.1666597,0.801057727814,World/native_ecal/support_box_0/front_0_volume_0
13,Aluminum,1580.86996315,0.801057727814,World/native_ecal/support_box_0/front_1_volume_0
13,FR4,1428.77213105,0.901189943791,World/native_ecal/PCB_motherboard_volume_0
13,FR4,1433.94496133,1.66820271817,World/native_ecal/PCB_volume_0
13,Glue,1435.61316405,0.100132215977,World/native_ecal/Glue_volume_0
13,Silicon,1435.71329626,0.30039664793,World/native_ecal/Si_volume_0
13,Glue,1436.01369291,0.200264431954,World/native_ecal/GlueThick_volume_0
13,Aluminum,1438.56706442,3.20423091126,World/native_ecal/C_volume_CarbonCoolingPlane_0
13,Glue,1441.77129533,0.200264431954,World/native_ecal/GlueThick_volume_0
13,Silicon,1441.97155976,0.30039664793,World/native_ecal/Si_volume_7
13,Glue,1442.27195641,0.100132215977,World/native_ecal/Glue_volume_0
13,FR4,1442.37208863,1.66820271817,World/native_ecal/PCB_volume_0
13,FR4,1448.81259276,0.901189943791,World/native_ecal/PCB_motherboard_volume_0
13,FR4,1479.65932321,0.901189943791,World/native_ecal/PCB_motherboard_volume_0
13,FR4,1484.83215349,1.66820271817,World/native_ecal/PCB_volume_0
13,Glue,1486.50035621,0.100132215977,World/native_ecal/Glue_volume_0
13,Silicon,1486.60048842,0.30039664793,World/native_ecal/Si_volume_14
13,Glue,1486.90088507,0.200264431954,World/native_ecal/GlueThick_volume_0
13,Aluminum,1489.45425658,3.20423091126,World/native_ecal/C_volume_CarbonCoolingPlane_0
13,Glue,1492.65848749,0.200264431954,World/native_ecal/GlueThick_volume_0
13,Silicon,1492.85875192,0.30039664793,World/native_ecal/Si_volume_21
13,Glue,1493.15914857,0.100132215977,World/native_ecal/Glue_volume_0
13,FR4,1493.25928078,1.66820271817,World/native_ecal/PCB_volume_0
13,FR4,1499.19912384,0.901189943791,World/native_ecal/PCB_motherboard_volume_0
13,Scintillator,231.594808585,18.5770723154,World/hcal_top/hcal_top_layer1_strip5
13,Scintillator,250.1718809,1.44937087991,World/hcal_top/hcal_top_layer1_strip6
13,Scintillator,254.997291581,20.0264431954,World/hcal_top/hcal_top_layer2_strip4
13,Aluminum3003,231.094147505,0.500661079884,World/hcal_top/hcal_top_cover_1_placement
13,Aluminum3003,254.496630502,0.500661079884,World/hcal_top/hcal_top_cover_2_placement
13,Scintillator,1195.23235187,20.0264431954,World/hcal_above_ecal/hcal_above_ecal_layer1_strip3
13,Scintillator,1220.66593473,20.0264431954,World/hcal_above_ecal/hcal_above_ecal_layer2_strip4
13,Scintillator,1246.09951759,20.0264431954,World/hcal_above_ecal/hcal_above_ecal_layer3_strip3
13,Scintillator,1271.53310045,20.0264431954,World/hcal_above_ecal/hcal_above_ecal_layer4_strip4
13,Aluminum3003,1194.73169079,0.500661079884,World/hcal_above_ecal/hcal_above_ecal_cover_1_placement
13,Aluminum3003,1220.16527365,0.500661079884,World/hcal_above_ecal/hcal_above_ecal_cover_2_placement
13,Aluminum3003,1245.59885651,0.500661079884,World/hcal_above_ecal/hcal_above_ecal_cover_3_placement
13,Aluminum3003,1271.03243937,0.500661079884,World/hcal_above_ecal/hcal_above_ecal_cover_4_placement
13,Scintillator,1700.74141408,20.0264431954,World/hcal_below_ecal/hcal_below_ecal_layer1_strip5
13,Scintillator,1724.29693117,20.0264431954,World/hcal_below_ecal/hcal_below_ecal_layer2_strip7
13,Scintillator,1747.85244827,20.0264431954,World/hcal_below_ecal/hcal_below_ecal_layer3_strip5
13,Scintillator,1771.40796537,20.0264431954,World/hcal_below_ecal/hcal_below_ecal_layer4_strip7
13,Aluminum3003,1700.240753,0.500661079884,World/hcal_below_ecal/hcal_below_ecal_cover_1_placement
13,Aluminum3003,1723.79627009,0.500661079884,World/hcal_below_ecal/hcal_below_ecal_cover_2_placement
13,Aluminum3003,1747.35178719,0.500661079884,World/hcal_below_ecal/hcal_below_ecal_cover_3_placement
13,Aluminum3003,1770.90730429,0.500661079884,World/hcal_below_ecal/hcal_below_ecal_cover_4_placement
14,Polyvinyltoluene,856.175093772,2.00412716203,World/native_target/trigger_pad3_bar_volume_14
14,Polyvinyltoluene,860.183348096,2.00412716203,World/native_target/trigger_pad3_bar_volume_15
14,LYSO,934.837084882,0.60123814861,World/native_target/lvTarget_3/lvTargetArray1_phys/target_0
14,LYSO,935.638735746,0.60123814861,World/native_target/lvTarget_3/lvTargetArray2_phys/target_0
14,Polyvinyltoluene,554.754368602,2.00412716203,World/native_trig_scint/trigger_pad1_bar_volume_3
14,Polyvinyltoluene,550.746114278,2.00412716203,World/native_trig_scint/trigger_pad1_bar_volume_4
14,Polyvinyltoluene,626.10129557,2.00412716203,World/native_trig_scint/trigger_pad2_bar_volume_6
14,Polyvinyltoluene,630.109549894,2.00412716203,World/native_trig_scint/trigger_pad2_bar_volume_7
14,Silicon,691.375717238,0.320660345926,World/native_recoil/recoil_l14_sensor_vol_10/recoil_l14_active_sensor
14,Silicon,697.388098724,0.320660345926,World/native_recoil/recoil_l14_sensor_vol_20/recoil_l14_active_sensor
14,Silicon,791.582075339,0.320660345926,World/native_recoil/recoil_l14_sensor_vol_30/recoil_l14_active_sensor
14,Silicon,797.594456825,0.320660345926,World/native_recoil/recoil_l14_sensor_vol_40/recoil_l14_active_sensor
14,Aluminum,1352.16712061,0.801650864814,World/native_ecal/support_box_0/front_0_volume_0
14,Aluminum,1582.04050609,0.801650864814,World/native_ecal/support_box_0/front_1_volume_0
14,FR4,1429.83005433,0.901857222916,World/native_ecal/PCB_motherboard_volume_0
14,FR4,1435.00671479,1.66943792597,World/native_ecal/PCB_volume_0
14,Glue,1436.67615271,0.100206358102,World/native_ecal/Glue_volume_0
14,Silicon,1436.77635907,0.300619074305,World/native_ecal/Si_volume_0
14,Glue,1437.07697814,0.200412716203,World/native_ecal/GlueThick_volume_0
14,Aluminum,1439.63224028,3.20660345926,World/native_ecal/C_volume_CarbonCoolingPlane_0
14,Glue,1442.83884374,0.200412716203,World/native_ecal/GlueThick_volume_0
14,Silicon,1443.03925645,0.300619074305,World/native_ecal/Si_volume_7
14,Glue,1443.33987553,0.100206358102,World/native_ecal/Glue_volume_0
14,FR4,1443.44008188,1.66943792597,World/native_ecal/PCB_volume_0
14,FR4,1449.88535484,0.901857222916,World/native_ecal/PCB_motherboard_volume_0
14,FR4,1480.75492551,0.901857222916,World/native_ecal/PCB_motherboard_volume_0
14,FR4,1485.93158597,1.66943792597,World/native_ecal/PCB_volume_0
14,Glue,1487.6010239,0.100206358102,World/native_ecal/Glue_volume_0
14,Silicon,1487.70123026,0.300619074305,World/native_ecal/Si_volume_14
14,Glue,1488.00184933,0.200412716203,World/native_ecal/GlueThick_volume_0
14,Aluminum,1490.55711146,3.20660345926,World/native_ecal/C_volume_CarbonCoolingPlane_0
14,Glue,1493.76371492,0.200412716203,World/native_ecal/GlueThick_volume_0
14,Silicon,1493.96412764,0.300619074305,World/native_ecal/Si_volume_21
14,Glue,1494.26474671,0.100206358102,World/native_ecal/Glue_volume_0
14,FR4,1494.36495307,1.66943792597,World/native_ecal/PCB_volume_0
14,FR4,1500.30919423,0.901857222916,World/native_ecal/PCB_motherboard_volume_0
14,Scintillator,231.76629117,20.0412716203,World/hcal_top/hcal_top_layer1_strip6
14,Scintillator,255.186102354,20.0412716203,World/hcal_top/hcal_top_layer2_strip5
14,Aluminum3003,231.26525938,0.501031790509,World/hcal_top/hcal_top_cover_1_placement
14,Aluminum3003,254.685070564,0.501031790509,World/hcal_top/hcal_top_cover_2_placement
14,Scintillator,1196.11735243,20.0412716203,World/hcal_above_ecal/hcal_above_ecal_layer1_strip2
14,Scintillator,1221.56976738,20.0412716203,World/hcal_above_ecal/hcal_above_ecal_layer2_strip4
14,Scintillator,1247.02218234,20.0412716203,World/hcal_above_ecal/hcal_above_ecal_layer3_strip2
14,Scintillator,1272.4745973,20.0412716203,World/hcal_above_ecal/hcal_above_ecal_layer4_strip4
14,Aluminum3003,1195.61632064,0.501031790509,World/hcal_above_ecal/hcal_above_ecal_cover_1_placement
14,Aluminum3003,1221.06873559,0.501031790509,World/hcal_above_ecal/hcal_above_ecal_cover_2_placement
14,Aluminum3003,1246.52115055,0.501031790509,World/hcal_above_ecal/hcal_above_ecal_cover_3_placement
14,Aluminum3003,1271.97356551,0.501031790509,World/hcal_above_ecal/hcal_above_ecal_cover_4_placement
14,Scintillator,1702.00071491,20.0412716203,World/hcal_below_ecal/hcal_below_ecal_layer1_strip3
14,Scintillator,1725.5736735,20.0412716203,World/hcal_below_ecal/hcal_below_ecal_layer2_strip5
14,Scintillator,1749.1466321,20.0412716203,World/hcal_below_ecal/hcal_below_ecal_layer3_strip3
14,Scintillator,1772.7195907,20.0412716203,World/hcal_below_ecal/hcal_below_ecal_layer4_strip5
14,Aluminum3003,1701.49968312,0.501031790509,World/hcal_below_ecal/hcal_below_ecal_cover_1_placement
14,Aluminum3003,1725.07264171,0.501031790509,World/hcal_below_ecal/hcal_below_ecal_cover_2_placement
14,Aluminum3003,1748.64560031,0.501031790509,World/hcal_below_ecal/hcal_below_ecal_cover_3_placement
14,Aluminum3003,1772.2185589,0.501031790509,World/hcal_below_ecal/hcal_below_ecal_cover_4_placement
15,Polyvinyltoluene,854.88407806,2.00110516376,World/native_target/trigger_pad3_bar_volume_12
15,Polyvinyltoluene,858.886288387,2.00110516376,World/native_target/trigger_pad3_bar_volume_13
15,LYSO,933.427455737,0.600331549128,World/native_target/lvTarget_3/lvTargetArray1_phys/target_0
15,LYSO,934.227897803,0.600331549128,World/native_target/lvTarget_3/lvTargetArray2_phys/target_0
15,Polyvinyltoluene,629.159415587,2.00110516376,World/native_trig_scint/trigger_pad2_bar_volume_13
15,Polyvinyltoluene,625.15720526,2.00110516376,World/native_trig_scint/trigger_pad2_bar_volume_14
15,Polyvinyltoluene,549.915651102,2.00110516376,World/native_trig_scint/trigger_pad1_bar_volume_14
15,Polyvinyltoluene,553.91786143,2.00110516376,World/native_trig_scint/trigger_pad1_bar_volume_15
15,Silicon,690.333200443,0.320176826202,World/native_recoil/recoil_l14_sensor_vol_10/recoil_l14_active_sensor
15,Silicon,696.336515935,0.320176826202,World/native_recoil/recoil_l14_sensor_vol_20/recoil_l14_active_sensor
15,Silicon,790.388458631,0.320176826202,World/native_recoil/recoil_l14_sensor_vol_30/recoil_l14_active_sensor
15,Silicon,796.391774123,0.320176826202,World/native_recoil/recoil_l14_sensor_vol_40/recoil_l14_active_sensor
15,Aluminum,1350.12820472,0.800442065504,World/native_ecal/support_box_0/front_0_volume_0
15,Aluminum,1579.65496701,0.800442065504,World/native_ecal/support_box_0/front_1_volume_0
15,FR4,1427.67403148,0.900497323692,World/native_ecal/PCB_motherboard_volume_0
15,FR4,1432.84288611,1.66692060141,World/native_ecal/PCB_volume_0
15,Glue,1434.50980672,0.100055258188,World/native_ecal/Glue_volume_0
15,Silicon,1434.60986197,0.300165774564,World/native_ecal/Si_volume_0
15,Glue,1434.91002775,0.200110516376,World/native_ecal/GlueThick_volume_0
15,Aluminum,1437.46143683,3.20176826202,World/native_ecal/C_volume_CarbonCoolingPlane_0
15,Glue,1440.66320509,0.200110516376,World/native_ecal/GlueThick_volume_0
15,Silicon,1440.86331561,0.300165774564,World/native_ecal/Si_volume_7
15,Glue,1441.16348139,0.100055258188,World/native_ecal/Glue_volume_0
15,FR4,1441.26353664,1.66692060141,World/native_ecal/PCB_volume_0
15,FR4,1447.69909085,0.900497323692,World/native_ecal/PCB_motherboard_volume_0
15,FR4,1478.52211369,0.900497323692,World/native_ecal/PCB_motherboard_volume_0
15,FR4,1483.69096833,1.66692060141,World/native_ecal/PCB_volume_0
15,Glue,1485.35788893,0.100055258188,World/native_ecal/Glue_volume_0
15,Silicon,1485.45794418,0.300165774564,World/native_ecal/Si_volume_14
15,Glue,1485.75810996,0.200110516376,World/native_ecal/GlueThick_volume_0
15,Aluminum,1488.30951904,3.20176826202,World/native_ecal/C_volume_CarbonCoolingPlane_0
15,Glue,1491.51128731,0.200110516376,World/native_ecal/GlueThick_volume_0
15,Silicon,1491.71139782,0.300165774564,World/native_ecal/Si_volume_21
15,Glue,1492.0115636,0.100055258188,World/native_ecal/Glue_volume_0
15,FR4,1492.11161885,1.66692060141,World/native_ecal/PCB_volume_0
15,FR4,1498.04689677,0.900497323692,World/native_ecal/PCB_motherboard_volume_0
15,Scintillator,231.416813679,20.0110516376,World/hcal_top/hcal_top_layer1_strip6
15,Scintillator,254.801310423,20.0110516376,World/hcal_top/hcal_top_layer2_strip4
15,Aluminum3003,230.916537388,0.50027629094,World/hcal_top/hcal_top_cover_1_placement
15,Aluminum3003,254.301034132,0.50027629094,World/hcal_top/hcal_top_cover_2_placement
15,Scintillator,1194.31374203,20.0110516376,World/hcal_above_ecal/hcal_above_ecal_layer1_strip3
15,Scintillator,1219.72777761,20.0110516376,World/hcal_above_ecal/hcal_above_ecal_layer2_strip4
15,Scintillator,1245.1418132,20.0110516376,World/hcal_above_ecal/hcal_above_ecal_layer3_strip3
15,Scintillator,1270.55584877,20.0110516376,World/hcal_above_ecal/hcal_above_ecal_layer4_strip4
15,Aluminum3003,1193.81346574,0.50027629094,World/hcal_above_ecal/hcal_above_ecal_cover_1_placement
15,Aluminum3003,1219.22750132,0.50027629094,World/hcal_above_ecal/hcal_above_ecal_cover_2_placement
15,Aluminum3003,1244.6415369,0.50027629094,World/hcal_above_ecal/hcal_above_ecal_cover_3_placement
15,Aluminum3003,1270.05557248,0.50027629094,World/hcal_above_ecal/hcal_above_ecal_cover_4_placement
15,Scintillator,1699.43428932,20.0110516376,World/hcal_below_ecal/hcal_below_ecal_layer1_strip5
15,Scintillator,1722.97170255,20.0110516376,World/hcal_below_ecal/hcal_below_ecal_layer2_strip5
15,Scintillator,1746.50911578,20.0110516376,World/hcal_below_ecal/hcal_below_ecal_layer3_strip5
15,Scintillator,1770.046529,20.0110516376,World/hcal_below_ecal/hcal_below_ecal_layer4_strip5
15,Aluminum3003,1698.93401303,0.50027629094,World/hcal_below_ecal/hcal_below_ecal_cover_1_placement
15,Aluminum3003,1722.47142626,0.50027629094,World/hcal_below_ecal/hcal_below_ecal_cover_2_placement
15,Aluminum3003,1746.00883949,0.50027629094,World/hcal_below_ecal/hcal_below_ecal_cover_3_placement
15,Aluminum3003,1769.54625271,0.50027629094,World/hcal_below_ecal/hcal_below_ecal_cover_4_placement
16,Polyvinyltoluene,859.479082443,2.00248630497,World/native_target/trigger_pad3_bar_volume_5
16,Polyvinyltoluene,855.474109833,2.00248630497,World/native_target/trigger_pad3_bar_volume_6
16,LYSO,934.071697303,0.600745891491,World/native_target/lvTarget_3/lvTargetArray1_phys/target_0
16,LYSO,934.872691825,0.600745891491,World/native_target/lvTarget_3/lvTargetArray2_phys/target_0
16,Polyvinyltoluene,625.588682022,2.00248630497,World/native_trig_scint/trigger_pad2_bar_volume_12
16,Polyvinyltoluene,629.593654632,2.00248630497,World/native_trig_scint/trigger_pad2_bar_volume_13
16,Polyvinyltoluene,554.300169565,2.00248630497,World/native_trig_scint/trigger_pad1_bar_volume_15
16,Polyvinyltoluene,550.295196956,1.97079482204,World/native_trig_scint/trigger_pad1_bar_volume_16
16,Silicon,690.809660975,0.320397808795,World/native_recoil/recoil_l14_sensor_vol_10/recoil_l14_active_sensor
16,Silicon,696.81711989,0.320397808795,World/native_recoil/recoil_l14_sensor_vol_20/recoil_l14_active_sensor
16,Silicon,790.933976224,0.320397808795,World/native_recoil/recoil_l14_sensor_vol_30/recoil_l14_active_sensor
16,Silicon,796.941435139,0.320397808795,World/native_recoil/recoil_l14_sensor_vol_40/recoil_l14_active_sensor
16,Aluminum,1351.06004865,0.800994521987,World/native_ecal/support_box_0/front_0_volume_0
16,Aluminum,1580.74522783,0.800994521987,World/native_ecal/support_box_0/front_1_volume_0
16,FR4,1428.6593967,0.901118837236,World/native_ecal/PCB_motherboard_volume_0
16,FR4,1433.83181883,1.66807109204,World/native_ecal/PCB_volume_0
16,Glue,1435.49988992,0.100124315248,World/native_ecal/Glue_volume_0
16,Silicon,1435.60001423,0.300372945745,World/native_ecal/Si_volume_0
16,Glue,1435.90038718,0.200248630497,World/native_ecal/GlueThick_volume_0
16,Aluminum,1438.45355722,3.20397808795,World/native_ecal/C_volume_CarbonCoolingPlane_0
16,Glue,1441.6575353,0.200248630497,World/native_ecal/GlueThick_volume_0
16,Silicon,1441.85778394,0.300372945745,World/native_ecal/Si_volume_7
16,Glue,1442.15815688,0.100124315248,World/native_ecal/Glue_volume_0
16,FR4,1442.2582812,1.66807109204,World/native_ecal/PCB_volume_0
16,FR4,1448.69827715,0.901118837236,World/native_ecal/PCB_motherboard_volume_0
16,FR4,1479.54257371,0.901118837236,World/native_ecal/PCB_motherboard_volume_0
16,FR4,1484.71499583,1.66807109204,World/native_ecal/PCB_volume_0
16,Glue,1486.38306693,0.100124315248,World/native_ecal/Glue_volume_0
16,Silicon,1486.48319124,0.300372945745,World/native_ecal/Si_volume_14
16,Glue,1486.78356419,0.200248630497,World/native_ecal/GlueThick_volume_0
16,Aluminum,1489.33673423,3.20397808795,World/native_ecal/C_volume_CarbonCoolingPlane_0
16,Glue,1492.54071231,0.200248630497,World/native_ecal/GlueThick_volume_0
16,Silicon,1492.74096094,0.300372945745,World/native_ecal/Si_volume_21
16,Glue,1493.04133389,0.100124315248,World/native_ecal/Glue_volume_0
16,FR4,1493.14145821,1.66807109204,World/native_ecal/PCB_volume_0
16,FR4,1499.08083259,0.901118837236,World/native_ecal/PCB_motherboard_volume_0
16,Scintillator,231.576535069,20.0248630497,World/hcal_top/hcal_top_layer1_strip6
16,Scintillator,254.97717154,20.0248630497,World/hcal_top/hcal_top_layer2_strip4
16,Aluminum3003,231.075913493,0.500621576242,World/hcal_top/hcal_top_cover_1_placement
16,Aluminum3003,254.476549964,0.500621576242,World/hcal_top/hcal_top_cover_2_placement
16,Scintillator,1195.1380445,20.0248630497,World/hcal_above_ecal/hcal_above_ecal_layer1_strip3
16,Scintillator,1220.56962058,20.0248630497,World/hcal_above_ecal/hcal_above_ecal_layer2_strip4
16,Scintillator,1246.00119665,20.0248630497,World/hcal_above_ecal/hcal_above_ecal_layer3_strip3
16,Scintillator,1271.43277272,20.0248630497,World/hcal_above_ecal/hcal_above_ecal_layer4_strip4
16,Aluminum3003,1194.63742293,0.500621576242,World/hcal_above_ecal/hcal_above_ecal_cover_1_placement
16,Aluminum3003,1220.068999,0.500621576242,World/hcal_above_ecal/hcal_above_ecal_cover_2_placement
16,Aluminum3003,1245.50057507,0.500621576242,World/hcal_above_ecal/hcal_above_ecal_cover_3_placement
16,Aluminum3003,1270.93215115,0.500621576242,World/hcal_above_ecal/hcal_above_ecal_cover_4_placement
16,Scintillator,1700.60722055,20.0248630497,World/hcal_below_ecal/hcal_below_ecal_layer1_strip6
16,Scintillator,1724.16087904,20.0248630497,World/hcal_below_ecal/hcal_below_ecal_layer2_strip6
16,Scintillator,1747.71453754,20.0248630497,World/hcal_below_ecal/hcal_below_ecal_layer3_strip6
16,Scintillator,1771.26819603,20.0248630497,World/hcal_below_ecal/hcal_below_ecal_layer4_strip6
16,Aluminum3003,1700.10659897,0.500621576242,World/hcal_below_ecal/hcal_below_ecal_cover_1_placement
16,Aluminum3003,1723.66025746,0.500621576242,World/hcal_below_ecal/hcal_below_ecal_cover_2_placement
16,Aluminum3003,1747.21391596,0.500621576242,World/hcal_below_ecal/hcal_below_ecal_cover_3_placement
16,Aluminum3003,1770.76757446,0.500621576242,World/hcal_below_ecal/hcal_below_ecal_cover_4_placement
17,Polyvinyltoluene,862.452527938,2.00941408716,World/native_target/trigger_pad3_bar_volume_3
17,Polyvinyltoluene,858.433699764,2.00941408716,World/native_target/trigger_pad3_bar_volume_4
17,LYSO,937.303202685,0.602824226149,World/native_target/lvTarget_3/lvTargetArray1_phys/target_0
17,LYSO,938.10696832,0.602824226149,World/native_target/lvTarget_3/lvTargetArray2_phys/target_0
17,Polyvinyltoluene,633.356199941,0.425004878215,World/native_trig_scint/trigger_pad2_bar_volume_15
17,Polyvinyltoluene,627.752962558,2.00941408716,World/native_trig_scint/trigger_pad2_bar_volume_16
17,Polyvinyltoluene,552.19899288,2.00941408716,World/native_trig_scint/trigger_pad1_bar_volume_20
17,Polyvinyltoluene,556.217821055,1.23913735081,World/native_trig_scint/trigger_pad1_bar_volume_21
17,Silicon,693.199579377,0.321506253946,World/native_recoil/recoil_l14_sensor_vol_10/recoil_l14_active_sensor
17,Silicon,699.227821638,0.321506253946,World/native_recoil/recoil_l14_sensor_vol_20/recoil_l14_active_sensor
17,Silicon,793.670283735,0.321506253946,World/native_recoil/recoil_l14_sensor_vol_30/recoil_l14_active_sensor
17,Silicon,799.698525996,0.321506253946,World/native_recoil/recoil_l14_sensor_vol_40/recoil_l14_active_sensor
17,Aluminum,1355.73416289,0.803765634865,World/native_ecal/support_box_0/front_0_volume_0
17,Aluminum,1586.21395869,0.803765634865,World/native_ecal/support_box_0/front_1_volume_0
17,FR4,1433.60197289,0.904236339223,World/native_ecal/PCB_motherboard_volume_0
17,FR4,1438.79228948,1.67384193461,World/native_ecal/PCB_volume_0
17,Glue,1440.46613141,0.100470704358,World/native_ecal/Glue_volume_0
17,Silicon,1440.56660211,0.301412113074,World/native_ecal/Si_volume_0
17,Glue,1440.86801423,0.200941408716,World/native_ecal/GlueThick_volume_0
17,Aluminum,1443.43001719,3.21506253946,World/native_ecal/C_volume_CarbonCoolingPlane_0
17,Glue,1446.64507973,0.200941408716,World/native_ecal/GlueThick_volume_0
17,Silicon,1446.84602114,0.301412113074,World/native_ecal/Si_volume_7
17,Glue,1447.14743325,0.100470704358,World/native_ecal/Glue_volume_0
17,FR4,1447.24790395,1.67384193461,World/native_ecal/PCB_volume_0
17,FR4,1453.71017966,0.904236339223,World/native_ecal/PCB_motherboard_volume_0
17,FR4,1484.66118484,0.904236339223,World/native_ecal/PCB_motherboard_volume_0
17,FR4,1489.85150143,1.67384193461,World/native_ecal/PCB_volume_0
17,Glue,1491.52534336,0.100470704358,World/native_ecal/Glue_volume_0
17,Silicon,1491.62581407,0.301412113074,World/native_ecal/Si_volume_14
17,Glue,1491.92722618,0.200941408716,World/native_ecal/GlueThick_volume_0
17,Aluminum,1494.48922914,3.21506253946,World/native_ecal/C_volume_CarbonCoolingPlane_0
17,Glue,1497.70429168,0.200941408716,World/native_ecal/GlueThick_volume_0
17,Silicon,1497.90523309,0.301412113074,World/native_ecal/Si_volume_21
17,Glue,1498.2066452,0.100470704358,World/native_ecal/Glue_volume_0
17,FR4,1498.30711591,1.67384193461,World/native_ecal/PCB_volume_0
17,FR4,1504.26703809,0.904236339223,World/native_ecal/PCB_motherboard_volume_0
17,Scintillator,232.377695003,20.0941408716,World/hcal_top/hcal_top_layer1_strip5
17,Scintillator,255.859288089,20.0941408716,World/hcal_top/hcal_top_layer2_strip4
17,Aluminum3003,231.875341481,0.502353521791,World/hcal_top/hcal_top_cover_1_placement
17,Aluminum3003,255.356934567,0.502353521791,World/hcal_top/hcal_top_cover_2_placement
17,Scintillator,1199.27273249,20.0941408716,World/hcal_above_ecal/hcal_above_ecal_layer1_strip4
17,Scintillator,1224.79229139,20.0941408716,World/hcal_above_ecal/hcal_above_ecal_layer2_strip4
17,Scintillator,1250.3118503,20.0941408716,World/hcal_above_ecal/hcal_above_ecal_layer3_strip4
17,Scintillator,1275.83140921,20.0941408716,World/hcal_above_ecal/hcal_above_ecal_layer4_strip4
17,Aluminum3003,1198.77037896,0.502353521791,World/hcal_above_ecal/hcal_above_ecal_cover_1_placement
17,Aluminum3003,1224.28993787,0.502353521791,World/hcal_above_ecal/hcal_above_ecal_cover_2_placement
17,Aluminum3003,1249.80949678,0.502353521791,World/hcal_above_ecal/hcal_above_ecal_cover_3_placement
17,Aluminum3003,1275.32905569,0.502353521791,World/hcal_above_ecal/hcal_above_ecal_cover_4_placement
17,Scintillator,1706.49062479,20.0941408716,World/hcal_below_ecal/hcal_below_ecal_layer1_strip6
17,Scintillator,1730.12576929,20.0941408716,World/hcal_below_ecal/hcal_below_ecal_layer2_strip7
17,Scintillator,1753.7609138,20.0941408716,World/hcal_below_ecal/hcal_below_ecal_layer3_strip6
17,Scintillator,1777.3960583,20.0941408716,World/hcal_below_ecal/hcal_below_ecal_layer4_strip7
17,Aluminum3003,1705.98827127,0.502353521791,World/hcal_below_ecal/hcal_below_ecal_cover_1_placement
17,Aluminum3003,1729.62341577,0.502353521791,World/hcal_below_ecal/hcal_below_ecal_cover_2_placement
17,Aluminum3003,1753.25856027,0.502353521791,World/hcal_below_ecal/hcal_below_ecal_cover_3_placement
17,Aluminum3003,1776.89370478,0.502353521791,World/hcal_below_ecal/hcal_below_ecal_cover_4_placement
18,Polyvinyltoluene,857.246167622,2.00663432232,World/native_target/trigger_pad3_bar_volume_18
18,Polyvinyltoluene,861.259436266,2.00663432232,World/native_target/trigger_pad3_bar_volume_19
18,LYSO,936.006564773,0.601990296697,World/native_target/lvTarget_3/lvTargetArray1_phys/target_0
18,LYSO,936.809218502,0.601990296697,World/native_target/lvTarget_3/lvTargetArray2_phys/target_0
18,Polyvinyltoluene,555.448365544,0.511570838019,World/native_trig_scint/trigger_pad1_bar_volume_5
18,Polyvinyltoluene,551.4350969,2.00663432232,World/native_trig_scint/trigger_pad1_bar_volume_6
18,Polyvinyltoluene,626.884547419,1.70346363626,World/native_trig_scint/trigger_pad2_bar_volume_8
18,Polyvinyltoluene,630.897816064,2.00663432232,World/native_trig_scint/trigger_pad2_bar_volume_9
18,Silicon,692.240627297,0.321061491572,World/native_recoil/recoil_l14_sensor_vol_10/recoil_l14_active_sensor
18,Silicon,698.260530264,0.321061491572,World/native_recoil/recoil_l14_sensor_vol_20/recoil_l14_active_sensor
18,Silicon,792.572343413,0.321061491572,World/native_recoil/recoil_l14_sensor_vol_30/recoil_l14_active_sensor
18,Silicon,798.59224638,0.321061491572,World/native_recoil/recoil_l14_sensor_vol_40/recoil_l14_active_sensor
18,Aluminum,1353.85867979,0.802653728929,World/native_ecal/support_box_0/front_0_volume_0
18,Aluminum,1584.01963656,0.802653728929,World/native_ecal/support_box_0/front_1_volume_0
18,FR4,1431.61876973,0.902985445046,World/native_ecal/PCB_motherboard_volume_0
18,FR4,1436.80190619,1.6715263905,World/native_ecal/PCB_volume_0
18,Glue,1438.47343258,0.100331716116,World/native_ecal/Glue_volume_0
18,Silicon,1438.57376429,0.300995148348,World/native_ecal/Si_volume_0
18,Glue,1438.87475944,0.200663432232,World/native_ecal/GlueThick_volume_0
18,Aluminum,1441.4332182,3.21061491572,World/native_ecal/C_volume_CarbonCoolingPlane_0
18,Glue,1444.64383312,0.200663432232,World/native_ecal/GlueThick_volume_0
18,Silicon,1444.84449655,0.300995148348,World/native_ecal/Si_volume_7
18,Glue,1445.1454917,0.100331716116,World/native_ecal/Glue_volume_0
18,FR4,1445.24582342,1.6715263905,World/native_ecal/PCB_volume_0
18,FR4,1451.6991594,0.902985445046,World/native_ecal/PCB_motherboard_volume_0
18,FR4,1482.60734786,0.902985445046,World/native_ecal/PCB_motherboard_volume_0
18,FR4,1487.79048432,1.6715263905,World/native_ecal/PCB_volume_0
18,Glue,1489.46201071,0.100331716116,World/native_ecal/Glue_volume_0
18,Silicon,1489.56234242,0.300995148349,World/native_ecal/Si_volume_14
18,Glue,1489.86333757,0.200663432232,World/native_ecal/GlueThick_volume_0
18,Aluminum,1492.42179633,3.21061491572,World/native_ecal/C_volume_CarbonCoolingPlane_0
18,Glue,1495.63241125,0.200663432232,World/native_ecal/GlueThick_volume_0
18,Silicon,1495.83307468,0.300995148348,World/native_ecal/Si_volume_21
18,Glue,1496.13406983,0.100331716116,World/native_ecal/Glue_volume_0
18,FR4,1496.23440155,1.6715263905,World/native_ecal/PCB_volume_0
18,FR4,1502.18607895,0.902985445045,World/native_ecal/PCB_motherboard_volume_0
18,Scintillator,232.056230478,20.0663432232,World/hcal_top/hcal_top_layer1_strip6
18,Scintillator,255.505339813,20.0663432232,World/hcal_top/hcal_top_layer2_strip5
18,Aluminum3003,231.554571897,0.501658580581,World/hcal_top/hcal_top_cover_1_placement
18,Aluminum3003,255.003681232,0.501658580581,World/hcal_top/hcal_top_cover_2_placement
18,Scintillator,1197.61369357,20.0663432232,World/hcal_above_ecal/hcal_above_ecal_layer1_strip2
18,Scintillator,1223.09794946,20.0663432232,World/hcal_above_ecal/hcal_above_ecal_layer2_strip3
18,Scintillator,1248.58220536,20.0663432232,World/hcal_above_ecal/hcal_above_ecal_layer3_strip2
18,Scintillator,1274.06646125,20.0663432232,World/hcal_above_ecal/hcal_above_ecal_layer4_strip3
18,Aluminum3003,1197.11203499,0.501658580581,World/hcal_above_ecal/hcal_above_ecal_cover_1_placement
18,Aluminum3003,1222.59629088,0.501658580581,World/hcal_above_ecal/hcal_above_ecal_cover_2_placement
18,Aluminum3003,1248.08054678,0.501658580581,World/hcal_above_ecal/hcal_above_ecal_cover_3_placement
18,Aluminum3003,1273.56480267,0.501658580581,World/hcal_above_ecal/hcal_above_ecal_cover_4_placement
18,Scintillator,1704.12991543,20.0663432232,World/hcal_below_ecal/hcal_below_ecal_layer1_strip3
18,Scintillator,1727.73236377,20.0663432232,World/hcal_below_ecal/hcal_below_ecal_layer2_strip5
18,Scintillator,1751.3348121,20.0663432232,World/hcal_below_ecal/hcal_below_ecal_layer3_strip3
18,Scintillator,1774.93726043,20.0663432232,World/hcal_below_ecal/hcal_below_ecal_layer4_strip5
18,Aluminum3003,1703.62825685,0.501658580581,World/hcal_below_ecal/hcal_below_ecal_cover_1_placement
18,Aluminum3003,1727.23070518,0.501658580581,World/hcal_below_ecal/hcal_below_ecal_cover_2_placement
18,Aluminum3003,1750.83315352,0.501658580581,World/hcal_below_ecal/hcal_below_ecal_cover_3_placement
18,Aluminum3003,1774.43560185,0.501658580581,World/hcal_below_ecal/hcal_below_ecal_cover_4_placement
19,Polyvinyltoluene,859.08833134,2.00157590034,World/native_target/trigger_pad3_bar_volume_9
19,Polyvinyltoluene,855.085179539,2.00157590034,World/native_target/trigger_pad3_bar_volume_10
19,LYSO,933.647033628,0.600472770103,World/native_target/lvTarget_3/lvTargetArray1_phys/target_0
19,LYSO,934.447663988,0.600472770103,World/native_target/lvTarget_3/lvTargetArray2_phys/target_0
19,Polyvinyltoluene,550.045012327,2.00157590034,World/native_trig_scint/trigger_pad1_bar_volume_2
19,Polyvinyltoluene,554.048164127,2.00157590034,World/native_trig_scint/trigger_pad1_bar_volume_3
19,Polyvinyltoluene,625.30426618,2.00157590034,World/native_trig_scint/trigger_pad2_bar_volume_4
19,Polyvinyltoluene,629.30741798,2.00157590034,World/native_trig_scint/trigger_pad2_bar_volume_5
19,Silicon,690.495593254,0.320252144055,World/native_recoil/recoil_l14_sensor_vol_10/recoil_l14_active_sensor
19,Silicon,696.500320955,0.320252144055,World/native_recoil/recoil_l14_sensor_vol_20/recoil_l14_active_sensor
19,Silicon,790.574388271,0.320252144055,World/native_recoil/recoil_l14_sensor_vol_30/recoil_l14_active_sensor
19,Silicon,796.579115972,0.320252144055,World/native_recoil/recoil_l14_sensor_vol_40/recoil_l14_active_sensor
19,Aluminum,1350.44580659,0.800630360137,World/native_ecal/support_box_0/front_0_volume_0
19,Aluminum,1580.02656236,0.800630360137,World/native_ecal/support_box_0/front_1_volume_0
19,FR4,1428.00987509,0.900709155154,World/native_ecal/PCB_motherboard_volume_0
19,FR4,1433.17994564,1.66731272499,World/native_ecal/PCB_volume_0
19,Glue,1434.84725837,0.100078795017,World/native_ecal/Glue_volume_0
19,Silicon,1434.94733716,0.300236385051,World/native_ecal/Si_volume_0
19,Glue,1435.24757355,0.200157590034,World/native_ecal/GlueThick_volume_0
19,Aluminum,1437.79958282,3.20252144055,World/native_ecal/C_volume_CarbonCoolingPlane_0
19,Glue,1441.00210426,0.200157590034,World/native_ecal/GlueThick_volume_0
19,Silicon,1441.20226185,0.300236385051,World/native_ecal/Si_volume_7
19,Glue,1441.50249824,0.100078795017,World/native_ecal/Glue_volume_0
19,FR4,1441.60257703,1.66731272499,World/native_ecal/PCB_volume_0
19,FR4,1448.03964513,0.900709155154,World/native_ecal/PCB_motherboard_volume_0
19,FR4,1478.86991872,0.900709155154,World/native_ecal/PCB_motherboard_volume_0
19,FR4,1484.03998927,1.66731272499,World/native_ecal/PCB_volume_0
19,Glue,1485.707302,0.100078795017,World/native_ecal/Glue_volume_0
19,Silicon,1485.80738079,0.300236385051,World/native_ecal/Si_volume_14
19,Glue,1486.10761718,0.200157590034,World/native_ecal/GlueThick_volume_0
19,Aluminum,1488.65962645,3.20252144055,World/native_ecal/C_volume_CarbonCoolingPlane_0
19,Glue,1491.86214789,0.200157590034,World/native_ecal/GlueThick_volume_0
19,Silicon,1492.06230548,0.300236385052,World/native_ecal/Si_volume_21
19,Glue,1492.36254186,0.100078795017,World/native_ecal/Glue_volume_0
19,FR4,1492.46262066,1.66731272499,World/native_ecal/PCB_volume_0
19,FR4,1498.39929478,0.900709155154,World/native_ecal/PCB_motherboard_volume_0
19,Scintillator,231.471251778,20.0157590034,World/hcal_top/hcal_top_layer1_strip6
19,Scintillator,254.861249451,20.0157590034,World/hcal_top/hcal_top_layer2_strip5
19,Aluminum3003,230.970857803,0.500393975086,World/hcal_top/hcal_top_cover_1_placement
19,Aluminum3003,254.360855476,0.500393975086,World/hcal_top/hcal_top_cover_2_placement
19,Scintillator,1194.59469037,20.0157590034,World/hcal_above_ecal/hcal_above_ecal_layer1_strip3
19,Scintillator,1220.01470431,20.0157590034,World/hcal_above_ecal/hcal_above_ecal_layer2_strip4
19,Scintillator,1255.7040812,9.74639604564,World/hcal_above_ecal/hcal_above_ecal_layer3_strip2
19,Scintillator,1245.43471824,10.269362949,World/hcal_above_ecal/hcal_above_ecal_layer3_strip3
19,Scintillator,1270.85473218,20.0157590034,World/hcal_above_ecal/hcal_above_ecal_layer4_strip4
19,Aluminum3003,1194.0942964,0.500393975086,World/hcal_above_ecal/hcal_above_ecal_cover_1_placement
19,Aluminum3003,1219.51431033,0.500393975086,World/hcal_above_ecal/hcal_above_ecal_cover_2_placement
19,Aluminum3003,1244.93432427,0.500393975086,World/hcal_above_ecal/hcal_above_ecal_cover_3_placement
19,Aluminum3003,1270.3543382,0.500393975086,World/hcal_above_ecal/hcal_above_ecal_cover_4_placement
19,Scintillator,1699.83406136,20.0157590034,World/hcal_below_ecal/hcal_below_ecal_layer1_strip4
19,Scintillator,1723.37701149,20.0157590034,World/hcal_below_ecal/hcal_below_ecal_layer2_strip6
19,Scintillator,1746.91996162,20.0157590034,World/hcal_below_ecal/hcal_below_ecal_layer3_strip4
19,Scintillator,1770.46291174,20.0157590034,World/hcal_below_ecal/hcal_below_ecal_layer4_strip6
19,Aluminum3003,1699.33366738,0.500393975086,World/hcal_below_ecal/hcal_below_ecal_cover_1_placement
19,Aluminum3003,1722.87661751,0.500393975086,World/hcal_below_ecal/hcal_below_ecal_cover_2_placement
19,Aluminum3003,1746.41956764,0.500393975086,World/hcal_below_ecal/hcal_below_ecal_cover_3_placement
19,Aluminum3003,1769.96251777,0.500393975086,World/hcal_below_ecal/hcal_below_ecal_cover_4_placement
20,Polyvinyltoluene,856.945107427,1.12818619346,World/native_target/trigger_pad3_bar_volume_20
20,Polyvinyltoluene,860.956966633,2.00592960326,World/native_target/trigger_pad3_bar_volume_21
20,LYSO,935.677844355,0.601778880977,World/native_target/lvTarget_3/lvTargetArray1_phys/target_0
20,LYSO,936.480216196,0.601778880977,World/native_target/lvTarget_3/lvTargetArray2_phys/target_0
20,Polyvinyltoluene,555.253295097,2.00592960326,World/native_trig_scint/trigger_pad1_bar_volume_7
20,Polyvinyltoluene,551.241435891,2.00592960326,World/native_trig_scint/trigger_pad1_bar_volume_8
20,Polyvinyltoluene,626.664388973,2.00592960326,World/native_trig_scint/trigger_pad2_bar_volume_10
20,Polyvinyltoluene,630.67624818,2.00592960326,World/native_trig_scint/trigger_pad2_bar_volume_11
20,Silicon,691.997516151,0.320948736521,World/native_recoil/recoil_l14_sensor_vol_10/recoil_l14_active_sensor
20,Silicon,698.015304961,0.320948736521,World/native_recoil/recoil_l14_sensor_vol_20/recoil_l14_active_sensor
20,Silicon,792.293996314,0.320948736521,World/native_recoil/recoil_l14_sensor_vol_30/recoil_l14_active_sensor
20,Silicon,798.311785124,0.320948736521,World/native_recoil/recoil_l14_sensor_vol_40/recoil_l14_active_sensor
20,Aluminum,1353.38321198,0.802371841302,World/native_ecal/support_box_0/front_0_volume_0
20,Aluminum,1583.46333747,0.802371841302,World/native_ecal/support_box_0/front_1_volume_0
20,FR4,1431.115993,0.902668321465,World/native_ecal/PCB_motherboard_volume_0
20,FR4,1436.29730917,1.67093935951,World/native_ecal/PCB_volume_0
20,Glue,1437.96824853,0.100296480163,World/native_ecal/Glue_volume_0
20,Silicon,1438.06854501,0.300889440488,World/native_ecal/Si_volume_0
20,Glue,1438.36943445,0.200592960326,World/native_ecal/GlueThick_volume_0
20,Aluminum,1440.92699469,3.20948736521,World/native_ecal/C_volume_CarbonCoolingPlane_0
20,Glue,1444.13648206,0.200592960325,World/native_ecal/GlueThick_volume_0
20,Silicon,1444.33707502,0.300889440488,World/native_ecal/Si_volume_7
20,Glue,1444.63796446,0.100296480163,World/native_ecal/Glue_volume_0
20,FR4,1444.73826094,1.67093935951,World/native_ecal/PCB_volume_0
20,FR4,1451.18933054,0.902668321465,World/native_ecal/PCB_motherboard_volume_0
20,FR4,1482.08666422,0.902668321465,World/native_ecal/PCB_motherboard_volume_0
20,FR4,1487.26798039,1.67093935951,World/native_ecal/PCB_volume_0
20,Glue,1488.93891975,0.100296480163,World/native_ecal/Glue_volume_0
20,Silicon,1489.03921623,0.300889440488,World/native_ecal/Si_volume_14
20,Glue,1489.34010567,0.200592960326,World/native_ecal/GlueThick_volume_0
20,Aluminum,1491.89766591,3.20948736521,World/native_ecal/C_volume_CarbonCoolingPlane_0
20,Glue,1495.10715328,0.200592960325,World/native_ecal/GlueThick_volume_0
20,Silicon,1495.30774624,0.300889440488,World/native_ecal/Si_volume_21
20,Glue,1495.60863568,0.100296480163,World/native_ecal/Glue_volume_0
20,FR4,1495.70893216,1.67093935951,World/native_ecal/PCB_volume_0
20,FR4,1501.65851936,0.902668321465,World/native_ecal/PCB_motherboard_volume_0
20,Scintillator,231.974733591,20.0592960326,World/hcal_top/hcal_top_layer1_strip6
20,Scintillator,255.415607726,20.0592960326,World/hcal_top/hcal_top_layer2_strip5
20,Aluminum3003,231.47325119,0.501482400814,World/hcal_top/hcal_top_cover_1_placement
20,Aluminum3003,254.914125325,0.501482400814,World/hcal_top/hcal_top_cover_2_placement
20,Scintillator,1197.19309815,20.0592960326,World/hcal_above_ecal/hcal_above_ecal_layer1_strip2
20,Scintillator,1222.66840411,20.0592960326,World/hcal_above_ecal/hcal_above_ecal_layer2_strip4
20,Scintillator,1248.14371007,20.0592960326,World/hcal_above_ecal/hcal_above_ecal_layer3_strip2
20,Scintillator,1273.61901603,20.0592960326,World/hcal_above_ecal/hcal_above_ecal_layer4_strip4
20,Aluminum3003,1196.69161575,0.501482400814,World/hcal_above_ecal/hcal_above_ecal_cover_1_placement
20,Aluminum3003,1222.16692171,0.501482400814,World/hcal_above_ecal/hcal_above_ecal_cover_2_placement
20,Aluminum3003,1247.64222767,0.501482400814,World/hcal_above_ecal/hcal_above_ecal_cover_3_placement
20,Aluminum3003,1273.11753363,0.501482400814,World/hcal_above_ecal/hcal_above_ecal_cover_4_placement
20,Scintillator,1703.53143427,20.0592960326,World/hcal_below_ecal/hcal_below_ecal_layer1_strip3
20,Scintillator,1727.12559355,20.0592960326,World/hcal_below_ecal/hcal_below_ecal_layer2_strip7
20,Scintillator,1750.71975283,20.0592960326,World/hcal_below_ecal/hcal_below_ecal_layer3_strip3
20,Scintillator,1774.31391212,20.0592960326,World/hcal_below_ecal/hcal_below_ecal_layer4_strip7
20,Aluminum3003,1703.02995187,0.501482400814,World/hcal_below_ecal/hcal_below_ecal_cover_1_placement
20,Aluminum3003,1726.62411115,0.501482400814,World/hcal_below_ecal/hcal_below_ecal_cover_2_placement
20,Aluminum3003,1750.21827043,0.501482400814,World/hcal_below_ecal/hcal_below_ecal_cover_3_placement
20,Aluminum3003,1773.81242971,0.501482400814,World/hcal_below_ecal/hcal_below_ecal_cover_4_placement
21,Polyvinyltoluene,859.093674274,2.00158834876,World/native_target/trigger_pad3_bar_volume_9
21,Polyvinyltoluene,855.090497576,2.00158834876,World/native_target/trigger_pad3_bar_volume_10
21,LYSO,933.652840265,0.600476504627,World/native_target/lvTarget_3/lvTargetArray1_phys/target_0
21,LYSO,934.453475604,0.600476504627,World/native_target/lvTarget_3/lvTargetArray2_phys/target_0
21,Polyvinyltoluene,625.308155139,2.00158834876,World/native_trig_scint/trigger_pad2_bar_volume_14
21,Polyvinyltoluene,629.311331836,2.00158834876,World/native_trig_scint/trigger_pad2_bar_volume_15
21,Polyvinyltoluene,554.051609923,2.00158834876,World/native_trig_scint/trigger_pad1_bar_volume_15
21,Polyvinyltoluene,550.048433225,2.00158834876,World/native_trig_scint/trigger_pad1_bar_volume_16
21,Silicon,690.499887658,0.320254135801,World/native_recoil/recoil_l14_sensor_vol_10/recoil_l14_active_sensor
21,Silicon,696.504652704,0.320254135801,World/native_recoil/recoil_l14_sensor_vol_20/recoil_l14_active_sensor
21,Silicon,790.579305096,0.320254135801,World/native_recoil/recoil_l14_sensor_vol_30/recoil_l14_active_sensor
21,Silicon,796.584070142,0.320254135801,World/native_recoil/recoil_l14_sensor_vol_40/recoil_l14_active_sensor
21,Aluminum,1350.45420543,0.800635339503,World/native_ecal/support_box_0/front_0_volume_0
21,Aluminum,1580.03638903,0.800635339503,World/native_ecal/support_box_0/front_1_volume_0
21,FR4,1428.01875632,0.900714756941,World/native_ecal/PCB_motherboard_volume_0
21,FR4,1433.18885903,1.66732309452,World/native_ecal/PCB_volume_0
21,Glue,1434.85618212,0.100079417438,World/native_ecal/Glue_volume_0
21,Silicon,1434.95626154,0.300238252314,World/native_ecal/Si_volume_0
21,Glue,1435.25649979,0.200158834876,World/native_ecal/GlueThick_volume_0
21,Aluminum,1437.80852494,3.20254135801,World/native_ecal/C_volume_CarbonCoolingPlane_0
21,Glue,1441.0110663,0.200158834876,World/native_ecal/GlueThick_volume_0
21,Silicon,1441.21122513,0.300238252314,World/native_ecal/Si_volume_7
21,Glue,1441.51146338,0.100079417438,World/native_ecal/Glue_volume_0
21,FR4,1441.6115428,1.66732309452,World/native_ecal/PCB_volume_0
21,FR4,1448.04865093,0.900714756941,World/native_ecal/PCB_motherboard_volume_0
21,FR4,1478.87911627,0.900714756941,World/native_ecal/PCB_motherboard_volume_0
21,FR4,1484.04921897,1.66732309452,World/native_ecal/PCB_volume_0
21,Glue,1485.71654206,0.100079417438,World/native_ecal/Glue_volume_0
21,Silicon,1485.81662148,0.300238252314,World/native_ecal/Si_volume_14
21,Glue,1486.11685973,0.200158834876,World/native_ecal/GlueThick_volume_0
21,Aluminum,1488.66888488,3.20254135801,World/native_ecal/C_volume_CarbonCoolingPlane_0
21,Glue,1491.87142624,0.200158834876,World/native_ecal/GlueThick_volume_0
21,Silicon,1492.07158507,0.300238252314,World/native_ecal/Si_volume_21
21,Glue,1492.37182332,0.100079417438,World/native_ecal/Glue_volume_0
21,FR4,1492.47190274,1.66732309452,World/native_ecal/PCB_volume_0
21,FR4,1498.40861378,0.900714756941,World/native_ecal/PCB_motherboard_volume_0
21,Scintillator,231.472691368,20.0158834876,World/hcal_top/hcal_top_layer1_strip6
21,Scintillator,254.862834511,20.0158834876,World/hcal_top/hcal_top_layer2_strip4
21,Aluminum3003,230.972294281,0.500397087189,World/hcal_top/hcal_top_cover_1_placement
21,Aluminum3003,254.362437424,0.500397087189,World/hcal_top/hcal_top_cover_2_placement
21,Scintillator,1194.60211992,20.0158834876,World/hcal_above_ecal/hcal_above_ecal_layer1_strip3
21,Scintillator,1220.02229195,20.0158834876,World/hcal_above_ecal/hcal_above_ecal_layer2_strip4
21,Scintillator,1245.44246398,20.0158834876,World/hcal_above_ecal/hcal_above_ecal_layer3_strip3
21,Scintillator,1270.86263601,20.0158834876,World/hcal_above_ecal/hcal_above_ecal_layer4_strip4
21,Aluminum3003,1194.10172284,0.500397087189,World/hcal_above_ecal/hcal_above_ecal_cover_1_placement
21,Aluminum3003,1219.52189486,0.500397087189,World/hcal_above_ecal/hcal_above_ecal_cover_2_placement
21,Aluminum3003,1244.9420669,0.500397087189,World/hcal_above_ecal/hcal_above_ecal_cover_3_placement
21,Aluminum3003,1270.36223892,0.500397087189,World/hcal_above_ecal/hcal_above_ecal_cover_4_placement
21,Scintillator,1699.84463315,20.0158834876,World/hcal_below_ecal/hcal_below_ecal_layer1_strip5
21,Scintillator,1723.3877297,20.0158834876,World/hcal_below_ecal/hcal_below_ecal_layer2_strip6
21,Scintillator,1746.93082625,20.0158834876,World/hcal_below_ecal/hcal_below_ecal_layer3_strip5
21,Scintillator,1770.4739228,20.0158834876,World/hcal_below_ecal/hcal_below_ecal_layer4_strip6
21,Aluminum3003,1699.34423606,0.500397087189,World/hcal_below_ecal/hcal_below_ecal_cover_1_placement
21,Aluminum3003,1722.88733261,0.500397087189,World/hcal_below_ecal/hcal_below_ecal_cover_2_placement
21,Aluminum3003,1746.43042916,0.500397087189,World/hcal_below_ecal/hcal_below_ecal_cover_3_placement
21,Aluminum3003,1769.97352571,0.500397087189,World/hcal_below_ecal/hcal_below_ecal_cover_4_placement
22,Polyvinyltoluene,855.623171818,2.00283522796,World/native_target/trigger_pad3_bar_volume_10
22,Polyvinyltoluene,859.628842274,2.00283522796,World/native_target/trigger_pad3_bar_volume_11
22,LYSO,934.652882633,0.182422451245,World/native_target/lvTarget_3/lvTargetArray1_phys/target_0
22,LYSO,935.035588607,0.600850568388,World/native_target/lvTarget_3/lvTargetArray2_phys/target_0
22,Polyvinyltoluene,550.391083077,2.00283522796,World/native_trig_scint/trigger_pad1_bar_volume_2
22,Polyvinyltoluene,554.396753533,2.00283522796,World/native_trig_scint/trigger_pad1_bar_volume_3
22,Polyvinyltoluene,625.697687649,2.00283522796,World/native_trig_scint/trigger_pad2_bar_volume_4
22,Polyvinyltoluene,629.703358104,2.00283522796,World/native_trig_scint/trigger_pad2_bar_volume_5
22,Silicon,690.930031023,0.320453636474,World/native_recoil/recoil_l14_sensor_vol_10/recoil_l14_active_sensor
22,Silicon,696.938536707,0.320453636473,World/native_recoil/recoil_l14_sensor_vol_20/recoil_l14_active_sensor
22,Silicon,791.071792421,0.320453636473,World/native_recoil/recoil_l14_sensor_vol_30/recoil_l14_active_sensor
22,Silicon,797.080298105,0.320453636474,World/native_recoil/recoil_l14_sensor_vol_40/recoil_l14_active_sensor
22,Aluminum,1351.29546395,0.801134091184,World/native_ecal/support_box_0/front_0_volume_0
22,Aluminum,1581.0206646,0.801134091184,World/native_ecal/support_box_0/front_1_volume_0
22,FR4,1428.90833329,0.901275852582,World/native_ecal/PCB_motherboard_volume_0
22,FR4,1434.08165668,1.66836174489,World/native_ecal/PCB_volume_0
22,Glue,1435.75001843,0.100141761398,World/native_ecal/Glue_volume_0
22,Silicon,1435.85016019,0.300425284194,World/native_ecal/Si_volume_0
22,Glue,1436.15058547,0.200283522796,World/native_ecal/GlueThick_volume_0
22,Aluminum,1438.70420039,3.20453636473,World/native_ecal/C_volume_CarbonCoolingPlane_0
22,Glue,1441.90873675,0.200283522796,World/native_ecal/GlueThick_volume_0
22,Silicon,1442.10902028,0.300425284194,World/native_ecal/Si_volume_7
22,Glue,1442.40944556,0.100141761398,World/native_ecal/Glue_volume_0
22,FR4,1442.50958732,1.66836174489,World/native_ecal/PCB_volume_0
22,FR4,1448.95070541,0.901275852582,World/native_ecal/PCB_motherboard_volume_0
22,FR4,1479.80037643,0.901275852582,World/native_ecal/PCB_motherboard_volume_0
22,FR4,1484.97369982,1.66836174489,World/native_ecal/PCB_volume_0
22,Glue,1486.64206157,0.100141761398,World/native_ecal/Glue_volume_0
22,Silicon,1486.74220333,0.300425284194,World/native_ecal/Si_volume_14
22,Glue,1487.04262861,0.200283522796,World/native_ecal/GlueThick_volume_0
22,Aluminum,1489.59624353,3.20453636473,World/native_ecal/C_volume_CarbonCoolingPlane_0
22,Glue,1492.80077989,0.200283522796,World/native_ecal/GlueThick_volume_0
22,Silicon,1493.00106342,0.300425284194,World/native_ecal/Si_volume_21
22,Glue,1493.3014887,0.100141761398,World/native_ecal/Glue_volume_0
22,FR4,1493.40163046,1.66836174489,World/native_ecal/PCB_volume_0
22,FR4,1499.34203975,0.901275852582,World/native_ecal/PCB_motherboard_volume_0
22,Scintillator,231.616886095,20.0283522796,World/hcal_top/hcal_top_layer1_strip6
22,Scintillator,255.021600007,20.0283522796,World/hcal_top/hcal_top_layer2_strip5
22,Aluminum3003,231.116177288,0.50070880699,World/hcal_top/hcal_top_cover_1_placement
22,Aluminum3003,254.5208912,0.50070880699,World/hcal_top/hcal_top_cover_2_placement
22,Scintillator,1195.34629119,20.0283522796,World/hcal_above_ecal/hcal_above_ecal_layer1_strip2
22,Scintillator,1220.78229858,20.0283522796,World/hcal_above_ecal/hcal_above_ecal_layer2_strip4
22,Scintillator,1246.21830598,20.0283522796,World/hcal_above_ecal/hcal_above_ecal_layer3_strip2
22,Scintillator,1271.65431338,20.0283522796,World/hcal_above_ecal/hcal_above_ecal_layer4_strip4
22,Aluminum3003,1194.84558238,0.50070880699,World/hcal_above_ecal/hcal_above_ecal_cover_1_placement
22,Aluminum3003,1220.28158978,0.50070880699,World/hcal_above_ecal/hcal_above_ecal_cover_2_placement
22,Aluminum3003,1245.71759717,0.50070880699,World/hcal_above_ecal/hcal_above_ecal_cover_3_placement
22,Aluminum3003,1271.15360457,0.50070880699,World/hcal_above_ecal/hcal_above_ecal_cover_4_placement
22,Scintillator,1700.90354265,20.0283522796,World/hcal_below_ecal/hcal_below_ecal_layer1_strip4
22,Scintillator,1724.46130525,20.0283522796,World/hcal_below_ecal/hcal_below_ecal_layer2_strip7
22,Scintillator,1748.01906785,20.0283522796,World/hcal_below_ecal/hcal_below_ecal_layer3_strip4
22,Scintillator,1771.57683045,20.0283522796,World/hcal_below_ecal/hcal_below_ecal_layer4_strip7
22,Aluminum3003,1700.40283384,0.50070880699,World/hcal_below_ecal/hcal_below_ecal_cover_1_placement
22,Aluminum3003,1723.96059644,0.50070880699,World/hcal_below_ecal/hcal_below_ecal_cover_2_placement
22,Aluminum3003,1747.51835904,0.50070880699,World/hcal_below_ecal/hcal_below_ecal_cover_3_placement
22,Aluminum3003,1771.07612164,0.50070880699,World/hcal_below_ecal/hcal_below_ecal_cover_4_placement
23,Polyvinyltoluene,854.965497307,2.00129574922,World/native_target/trigger_pad3_bar_volume_22
23,Polyvinyltoluene,858.968088805,2.00129574922,World/native_target/trigger_pad3_bar_volume_23
23,LYSO,933.516355464,0.600388724767,World/native_target/lvTarget_3/lvTargetArray1_phys/target_0
23,LYSO,934.316873764,0.600388724767,World/native_target/lvTarget_3/lvTargetArray2_phys/target_0
23,Polyvinyltoluene,553.970616624,2.00129574922,World/native_trig_scint/trigger_pad1_bar_volume_19
23,Polyvinyltoluene,625.216745296,2.00129574922,World/native_trig_scint/trigger_pad2_bar_volume_20
23,Polyvinyltoluene,629.219336795,2.00129574922,World/native_trig_scint/trigger_pad2_bar_volume_21
23,Polyvinyltoluene,549.968025125,2.00129574922,World/native_trig_scint/trigger_pad1_bar_volume_20
23,Silicon,690.398947848,0.320207319876,World/native_recoil/recoil_l14_sensor_vol_10/recoil_l14_active_sensor
23,Silicon,696.402835096,0.320207319876,World/native_recoil/recoil_l14_sensor_vol_20/recoil_l14_active_sensor
23,Silicon,790.463735309,0.320207319876,World/native_recoil/recoil_l14_sensor_vol_30/recoil_l14_active_sensor
23,Silicon,796.467622557,0.320207319876,World/native_recoil/recoil_l14_sensor_vol_40/recoil_l14_active_sensor
23,Aluminum,1350.25679107,0.800518299689,World/native_ecal/support_box_0/front_0_volume_0
23,Aluminum,1579.80541351,0.800518299689,World/native_ecal/support_box_0/front_1_volume_0
23,FR4,1427.8100033,0.90058308715,World/native_ecal/PCB_motherboard_volume_0
23,FR4,1432.97935022,1.6670793591,World/native_ecal/PCB_volume_0
23,Glue,1434.64642958,0.100064787461,World/native_ecal/Glue_volume_0
23,Silicon,1434.74649436,0.300194362383,World/native_ecal/Si_volume_0
23,Glue,1435.04668873,0.200129574922,World/native_ecal/GlueThick_volume_0
23,Aluminum,1437.59834081,3.20207319876,World/native_ecal/C_volume_CarbonCoolingPlane_0
23,Glue,1440.80041401,0.200129574922,World/native_ecal/GlueThick_volume_0
23,Silicon,1441.00054358,0.300194362383,World/native_ecal/Si_volume_7
23,Glue,1441.30073794,0.100064787461,World/native_ecal/Glue_volume_0
23,FR4,1441.40080273,1.6670793591,World/native_ecal/PCB_volume_0
23,FR4,1447.83696986,0.90058308715,World/native_ecal/PCB_motherboard_volume_0
23,FR4,1478.66292829,0.90058308715,World/native_ecal/PCB_motherboard_volume_0
23,FR4,1483.83227521,1.6670793591,World/native_ecal/PCB_volume_0
23,Glue,1485.49935456,0.100064787461,World/native_ecal/Glue_volume_0
23,Silicon,1485.59941935,0.300194362383,World/native_ecal/Si_volume_14
23,Glue,1485.89961371,0.200129574922,World/native_ecal/GlueThick_volume_0
23,Aluminum,1488.45126579,3.20207319876,World/native_ecal/C_volume_CarbonCoolingPlane_0
23,Glue,1491.65333899,0.200129574922,World/native_ecal/GlueThick_volume_0
23,Silicon,1491.85346857,0.300194362383,World/native_ecal/Si_volume_21
23,Glue,1492.15366293,0.100064787461,World/native_ecal/Glue_volume_0
23,FR4,1492.25372772,1.6670793591,World/native_ecal/PCB_volume_0
23,FR4,1498.18957091,0.90058308715,World/native_ecal/PCB_motherboard_volume_0
23,Scintillator,231.43885384,20.0129574922,World/hcal_top/hcal_top_layer1_strip6
23,Scintillator,254.825577726,20.0129574922,World/hcal_top/hcal_top_layer2_strip4
23,Aluminum3003,230.938529903,0.500323937306,World/hcal_top/hcal_top_cover_1_placement
23,Aluminum3003,254.325253789,0.500323937306,World/hcal_top/hcal_top_cover_2_placement
23,Scintillator,1194.4274886,20.0129574922,World/hcal_above_ecal/hcal_above_ecal_layer1_strip2
23,Scintillator,1219.84394461,20.0129574922,World/hcal_above_ecal/hcal_above_ecal_layer2_strip4
23,Scintillator,1245.26040063,20.0129574922,World/hcal_above_ecal/hcal_above_ecal_layer3_strip2
23,Scintillator,1270.67685664,20.0129574922,World/hcal_above_ecal/hcal_above_ecal_layer4_strip4
23,Aluminum3003,1193.92716466,0.500323937305,World/hcal_above_ecal/hcal_above_ecal_cover_1_placement
23,Aluminum3003,1219.34362068,0.500323937305,World/hcal_above_ecal/hcal_above_ecal_cover_2_placement
23,Aluminum3003,1244.76007669,0.500323937306,World/hcal_above_ecal/hcal_above_ecal_cover_3_placement
23,Aluminum3003,1270.17653271,0.500323937305,World/hcal_above_ecal/hcal_above_ecal_cover_4_placement
23,Scintillator,1699.59614362,20.0129574922,World/hcal_below_ecal/hcal_below_ecal_layer1_strip4
23,Scintillator,1723.13579855,20.0129574922,World/hcal_below_ecal/hcal_below_ecal_layer2_strip7
23,Scintillator,1746.67545348,20.0129574922,World/hcal_below_ecal/hcal_below_ecal_layer3_strip4
23,Scintillator,1770.21510842,20.0129574922,World/hcal_below_ecal/hcal_below_ecal_layer4_strip7
23,Aluminum3003,1699.09581968,0.500323937306,World/hcal_below_ecal/hcal_below_ecal_cover_1_placement
23,Aluminum3003,1722.63547461,0.500323937305,World/hcal_below_ecal/hcal_below_ecal_cover_2_placement
23,Aluminum3003,1746.17512955,0.500323937306,World/hcal_below_ecal/hcal_below_ecal_cover_3_placement
23,Aluminum3003,1769.71478448,0.500323937305,World/hcal_below_ecal/hcal_below_ecal_cover_4_placement
24,Polyvinyltoluene,859.410400584,2.00232628423,World/native_target/trigger_pad3_bar_volume_3
24,Polyvinyltoluene,855.405748015,2.00232628423,World/native_target/trigger_pad3_bar_volume_4
24,LYSO,933.997054671,0.600697885268,World/native_target/lvTarget_3/lvTargetArray1_phys/target_0
24,LYSO,934.797985185,0.600697885268,World/native_target/lvTarget_3/lvTargetArray2_phys/target_0
24,Polyvinyltoluene,625.538690586,2.00232628423,World/native_trig_scint/trigger_pad2_bar_volume_8
24,Polyvinyltoluene,629.543343155,2.00232628423,World/native_trig_scint/trigger_pad2_bar_volume_9
24,Polyvinyltoluene,554.255874868,2.00232628423,World/native_trig_scint/trigger_pad1_bar_volume_9
24,Polyvinyltoluene,550.251222299,2.00232628423,World/native_trig_scint/trigger_pad1_bar_volume_10
24,Silicon,690.754457663,0.320372205476,World/native_recoil/recoil_l14_sensor_vol_10/recoil_l14_active_sensor
24,Silicon,696.761436516,0.320372205476,World/native_recoil/recoil_l14_sensor_vol_20/recoil_l14_active_sensor
24,Silicon,790.870771875,0.320372205476,World/native_recoil/recoil_l14_sensor_vol_30/recoil_l14_active_sensor
24,Silicon,796.877750727,0.320372205476,World/native_recoil/recoil_l14_sensor_vol_40/recoil_l14_active_sensor
24,Aluminum,1350.95208405,0.80093051369,World/native_ecal/support_box_0/front_0_volume_0
24,Aluminum,1580.61890885,0.80093051369,World/native_ecal/support_box_0/front_1_volume_0
24,FR4,1428.54523106,0.901046827901,World/native_ecal/PCB_motherboard_volume_0
24,FR4,1433.71723985,1.66793779476,World/native_ecal/PCB_volume_0
24,Glue,1435.38517764,0.100116314211,World/native_ecal/Glue_volume_0
24,Silicon,1435.48529396,0.300348942634,World/native_ecal/Si_volume_0
24,Glue,1435.7856429,0.200232628422,World/native_ecal/GlueThick_volume_0
24,Aluminum,1438.33860891,3.20372205476,World/native_ecal/C_volume_CarbonCoolingPlane_0
24,Glue,1441.54233097,0.200232628423,World/native_ecal/GlueThick_volume_0
24,Silicon,1441.74256359,0.300348942634,World/native_ecal/Si_volume_7
24,Glue,1442.04291254,0.100116314211,World/native_ecal/Glue_volume_0
24,FR4,1442.14302885,1.66793779476,World/native_ecal/PCB_volume_0
24,FR4,1448.58251018,0.901046827901,World/native_ecal/PCB_motherboard_volume_0
24,FR4,1479.42434194,0.901046827901,World/native_ecal/PCB_motherboard_volume_0
24,FR4,1484.59635073,1.66793779476,World/native_ecal/PCB_volume_0
24,Glue,1486.26428852,0.100116314211,World/native_ecal/Glue_volume_0
24,Silicon,1486.36440484,0.300348942634,World/native_ecal/Si_volume_14
24,Glue,1486.66475378,0.200232628422,World/native_ecal/GlueThick_volume_0
24,Aluminum,1489.21771979,3.20372205476,World/native_ecal/C_volume_CarbonCoolingPlane_0
24,Glue,1492.42144185,0.200232628422,World/native_ecal/GlueThick_volume_0
24,Silicon,1492.62167448,0.300348942634,World/native_ecal/Si_volume_21
24,Glue,1492.92202342,0.100116314211,World/native_ecal/Glue_volume_0
24,FR4,1493.02213973,1.66793779476,World/native_ecal/PCB_volume_0
24,FR4,1498.96103949,0.901046827901,World/native_ecal/PCB_motherboard_volume_0
24,Scintillator,231.558029549,20.0232628423,World/hcal_top/hcal_top_layer1_strip6
24,Scintillator,254.956796052,20.0232628423,World/hcal_top/hcal_top_layer2_strip4
24,Aluminum3003,231.057447978,0.500581571056,World/hcal_top/hcal_top_cover_1_placement
24,Aluminum3003,254.456214481,0.500581571056,World/hcal_top/hcal_top_cover_2_placement
24,Scintillator,1195.04253979,20.0232628423,World/hcal_above_ecal/hcal_above_ecal_layer1_strip3
24,Scintillator,1220.4720836,20.0232628423,World/hcal_above_ecal/hcal_above_ecal_layer2_strip4
24,Scintillator,1245.90162741,20.0232628423,World/hcal_above_ecal/hcal_above_ecal_layer3_strip3
24,Scintillator,1271.33117122,20.0232628423,World/hcal_above_ecal/hcal_above_ecal_layer4_strip4
24,Aluminum3003,1194.54195822,0.500581571056,World/hcal_above_ecal/hcal_above_ecal_cover_1_placement
24,Aluminum3003,1219.97150203,0.500581571056,World/hcal_above_ecal/hcal_above_ecal_cover_2_placement
24,Aluminum3003,1245.40104584,0.500581571056,World/hcal_above_ecal/hcal_above_ecal_cover_3_placement
24,Aluminum3003,1270.83058965,0.500581571056,World/hcal_above_ecal/hcal_above_ecal_cover_4_placement
24,Scintillator,1700.47132327,20.0232628423,World/hcal_below_ecal/hcal_below_ecal_layer1_strip5
24,Scintillator,1724.02309957,20.0232628423,World/hcal_below_ecal/hcal_below_ecal_layer2_strip5
24,Scintillator,1747.57487587,20.0232628423,World/hcal_below_ecal/hcal_below_ecal_layer3_strip5
24,Scintillator,1771.12665217,20.0232628423,World/hcal_below_ecal/hcal_below_ecal_layer4_strip5
24,Aluminum3003,1699.9707417,0.500581571056,World/hcal_below_ecal/hcal_below_ecal_cover_1_placement
24,Aluminum3003,1723.522518,0.500581571056,World/hcal_below_ecal/hcal_below_ecal_cover_2_placement
24,Aluminum3003,1747.0742943,0.500581571056,World/hcal_below_ecal/hcal_below_ecal_cover_3_placement
24,Aluminum3003,1770.6260706,0.500581571056,World/hcal_below_ecal/hcal_below_ecal_cover_4_placement
25,Polyvinyltoluene,861.665422718,2.00758022354,World/native_target/trigger_pad3_bar_volume_1
25,Polyvinyltoluene,857.650262271,2.00758022354,World/native_target/trigger_pad3_bar_volume_2
25,LYSO,936.447786045,0.602274067062,World/native_target/lvTarget_3/lvTargetArray1_phys/target_0
25,LYSO,937.250818134,0.602274067062,World/native_target/lvTarget_3/lvTargetArray2_phys/target_0
25,Polyvinyltoluene,627.180052609,2.00758022354,World/native_trig_scint/trigger_pad2_bar_volume_12
25,Polyvinyltoluene,631.195213056,2.00758022354,World/native_trig_scint/trigger_pad2_bar_volume_13
25,Polyvinyltoluene,551.695036204,2.00758022354,World/native_trig_scint/trigger_pad1_bar_volume_16
25,Polyvinyltoluene,555.710196651,2.00758022354,World/native_trig_scint/trigger_pad1_bar_volume_17
25,Silicon,692.566940489,0.321212835766,World/native_recoil/recoil_l14_sensor_vol_10/recoil_l14_active_sensor
25,Silicon,698.58968116,0.321212835766,World/native_recoil/recoil_l14_sensor_vol_20/recoil_l14_active_sensor
25,Silicon,792.945951666,0.321212835766,World/native_recoil/recoil_l14_sensor_vol_30/recoil_l14_active_sensor
25,Silicon,798.968692337,0.321212835766,World/native_recoil/recoil_l14_sensor_vol_40/recoil_l14_active_sensor
25,Aluminum,1354.49687109,0.803032089416,World/native_ecal/support_box_0/front_0_volume_0
25,Aluminum,1584.76632273,0.803032089416,World/native_ecal/support_box_0/front_1_volume_0
25,FR4,1432.29361613,0.903411100593,World/native_ecal/PCB_motherboard_volume_0
25,FR4,1437.47919584,1.67231432621,World/native_ecal/PCB_volume_0
25,Glue,1439.15151017,0.100379011177,World/native_ecal/Glue_volume_0
25,Silicon,1439.25188918,0.301137033531,World/native_ecal/Si_volume_0
25,Glue,1439.55302622,0.200758022354,World/native_ecal/GlueThick_volume_0
25,Aluminum,1442.112691,3.21212835766,World/native_ecal/C_volume_CarbonCoolingPlane_0
25,Glue,1445.32481936,0.200758022354,World/native_ecal/GlueThick_volume_0
25,Silicon,1445.52557738,0.301137033531,World/native_ecal/Si_volume_7
25,Glue,1445.82671441,0.100379011177,World/native_ecal/Glue_volume_0
25,FR4,1445.92709342,1.67231432621,World/native_ecal/PCB_volume_0
25,FR4,1452.38347142,0.903411100593,World/native_ecal/PCB_motherboard_volume_0
25,FR4,1483.30622961,0.903411100593,World/native_ecal/PCB_motherboard_volume_0
25,FR4,1488.49180932,1.67231432621,World/native_ecal/PCB_volume_0
25,Glue,1490.16412365,0.100379011177,World/native_ecal/Glue_volume_0
25,Silicon,1490.26450266,0.301137033531,World/native_ecal/Si_volume_14
25,Glue,1490.5656397,0.200758022354,World/native_ecal/GlueThick_volume_0
25,Aluminum,1493.12530448,3.21212835766,World/native_ecal/C_volume_CarbonCoolingPlane_0
25,Glue,1496.33743284,0.200758022354,World/native_ecal/GlueThick_volume_0
25,Silicon,1496.53819086,0.301137033531,World/native_ecal/Si_volume_21
25,Glue,1496.83932789,0.100379011177,World/native_ecal/Glue_volume_0
25,FR4,1496.93970691,1.67231432621,World/native_ecal/PCB_volume_0
25,FR4,1502.89418985,0.903411100593,World/native_ecal/PCB_motherboard_volume_0
25,Scintillator,232.165618754,20.0758022354,World/hcal_top/hcal_top_layer1_strip6
25,Scintillator,255.625781693,20.0758022354,World/hcal_top/hcal_top_layer2_strip4
25,Aluminum3003,231.663723698,0.501895055885,World/hcal_top/hcal_top_cover_1_placement
25,Aluminum3003,255.123886638,0.501895055885,World/hcal_top/hcal_top_cover_2_placement
25,Scintillator,1198.17823302,20.0758022354,World/hcal_above_ecal/hcal_above_ecal_layer1_strip4
25,Scintillator,1223.67450186,20.0758022354,World/hcal_above_ecal/hcal_above_ecal_layer2_strip3
25,Scintillator,1249.1707707,20.0758022354,World/hcal_above_ecal/hcal_above_ecal_layer3_strip4
25,Scintillator,1274.66703954,20.0758022354,World/hcal_above_ecal/hcal_above_ecal_layer4_strip3
25,Aluminum3003,1197.67633797,0.501895055885,World/hcal_above_ecal/hcal_above_ecal_cover_1_placement
25,Aluminum3003,1223.17260681,0.501895055885,World/hcal_above_ecal/hcal_above_ecal_cover_2_placement
25,Aluminum3003,1248.66887565,0.501895055885,World/hcal_above_ecal/hcal_above_ecal_cover_3_placement
25,Aluminum3003,1274.16514449,0.501895055885,World/hcal_above_ecal/hcal_above_ecal_cover_4_placement
25,Scintillator,1704.93322002,20.0758022354,World/hcal_below_ecal/hcal_below_ecal_layer1_strip6
25,Scintillator,1728.54679424,20.0758022354,World/hcal_below_ecal/hcal_below_ecal_layer2_strip5
25,Scintillator,1752.16036846,20.0758022354,World/hcal_below_ecal/hcal_below_ecal_layer3_strip6
25,Scintillator,1775.77394268,20.0758022354,World/hcal_below_ecal/hcal_below_ecal_layer4_strip5
25,Aluminum3003,1704.43132496,0.501895055885,World/hcal_below_ecal/hcal_below_ecal_cover_1_placement
25,Aluminum3003,1728.04489918,0.501895055885,World/hcal_below_ecal/hcal_below_ecal_cover_2_placement
25,Aluminum3003,1751.65847341,0.501895055885,World/hcal_below_ecal/hcal_below_ecal_cover_3_placement
25,Aluminum3003,1775.27204763,0.501895055885,World/hcal_below_ecal/hcal_below_ecal_cover_4_placement
26,Polyvinyltoluene,857.388121139,2.00696660587,World/native_target/trigger_pad3_bar_volume_16
26,Polyvinyltoluene,861.40205435,2.00696660587,World/native_target/trigger_pad3_bar_volume_17
26,LYSO,936.161560419,0.602089981762,World/native_target/lvTarget_3/lvTargetArray1_phys/target_0
26,LYSO,936.964347062,0.602089981762,World/native_target/lvTarget_3/lvTargetArray2_phys/target_0
26,Polyvinyltoluene,551.526410404,2.00696660587,World/native_trig_scint/trigger_pad1_bar_volume_0
26,Polyvinyltoluene,555.540343615,2.00696660587,World/native_trig_scint/trigger_pad1_bar_volume_1
26,Polyvinyltoluene,626.988354785,2.00696660587,World/native_trig_scint/trigger_pad2_bar_volume_4
26,Polyvinyltoluene,631.002287996,2.00696660587,World/native_trig_scint/trigger_pad2_bar_volume_5
26,Silicon,692.355257138,0.32111465694,World/native_recoil/recoil_l14_sensor_vol_10/recoil_l14_active_sensor
26,Silicon,698.376156955,0.32111465694,World/native_recoil/recoil_l14_sensor_vol_20/recoil_l14_active_sensor
26,Silicon,792.703587431,0.32111465694,World/native_recoil/recoil_l14_sensor_vol_30/recoil_l14_active_sensor
26,Silicon,798.724487249,0.32111465694,World/native_recoil/recoil_l14_sensor_vol_40/recoil_l14_active_sensor
26,Aluminum,1354.0828686,0.802786642349,World/native_ecal/support_box_0/front_0_volume_0
26,Aluminum,1584.2819383,0.802786642349,World/native_ecal/support_box_0/front_1_volume_0
26,FR4,1431.85583503,0.903134972643,World/native_ecal/PCB_motherboard_volume_0
26,FR4,1437.03982978,1.67180318269,World/native_ecal/PCB_volume_0
26,Glue,1438.71163296,0.100348330293,World/native_ecal/Glue_volume_0
26,Silicon,1438.81198129,0.301044990881,World/native_ecal/Si_volume_0
26,Glue,1439.11302628,0.200696660587,World/native_ecal/GlueThick_volume_0
26,Aluminum,1441.6719087,3.2111465694,World/native_ecal/C_volume_CarbonCoolingPlane_0
26,Glue,1444.88305527,0.200696660587,World/native_ecal/GlueThick_volume_0
26,Silicon,1445.08375193,0.301044990881,World/native_ecal/Si_volume_7
26,Glue,1445.38479692,0.100348330293,World/native_ecal/Glue_volume_0
26,FR4,1445.48514525,1.67180318269,World/native_ecal/PCB_volume_0
26,FR4,1451.93954986,0.903134972643,World/native_ecal/PCB_motherboard_volume_0
26,FR4,1482.85285649,0.903134972643,World/native_ecal/PCB_motherboard_volume_0
26,FR4,1488.03685123,1.67180318269,World/native_ecal/PCB_volume_0
26,Glue,1489.70865441,0.100348330293,World/native_ecal/Glue_volume_0
26,Silicon,1489.80900274,0.301044990881,World/native_ecal/Si_volume_14
26,Glue,1490.11004773,0.200696660587,World/native_ecal/GlueThick_volume_0
26,Aluminum,1492.66893016,3.2111465694,World/native_ecal/C_volume_CarbonCoolingPlane_0
26,Glue,1495.88007673,0.200696660587,World/native_ecal/GlueThick_volume_0
26,Silicon,1496.08077339,0.301044990881,World/native_ecal/Si_volume_21
26,Glue,1496.38181838,0.100348330293,World/native_ecal/Glue_volume_0
26,FR4,1496.48216671,1.67180318269,World/native_ecal/PCB_volume_0
26,FR4,1502.43482966,0.903134972643,World/native_ecal/PCB_motherboard_volume_0
26,Scintillator,232.094657244,20.0696660587,World/hcal_top/hcal_top_layer1_strip6
26,Scintillator,255.547649575,20.0696660587,World/hcal_top/hcal_top_layer2_strip5
26,Aluminum3003,231.592915592,0.501741651468,World/hcal_top/hcal_top_cover_1_placement
26,Aluminum3003,255.045907924,0.501741651468,World/hcal_top/hcal_top_cover_2_placement
26,Scintillator,1197.81200939,20.0696660587,World/hcal_above_ecal/hcal_above_ecal_layer1_strip2
26,Scintillator,1223.30048528,20.0696660587,World/hcal_above_ecal/hcal_above_ecal_layer2_strip4
26,Scintillator,1248.78896118,20.0696660587,World/hcal_above_ecal/hcal_above_ecal_layer3_strip2
26,Scintillator,1274.27743707,20.0696660587,World/hcal_above_ecal/hcal_above_ecal_layer4_strip4
26,Aluminum3003,1197.31026774,0.501741651468,World/hcal_above_ecal/hcal_above_ecal_cover_1_placement
26,Aluminum3003,1222.79874363,0.501741651468,World/hcal_above_ecal/hcal_above_ecal_cover_2_placement
26,Aluminum3003,1248.28721953,0.501741651468,World/hcal_above_ecal/hcal_above_ecal_cover_3_placement
26,Aluminum3003,1273.77569542,0.501741651468,World/hcal_above_ecal/hcal_above_ecal_cover_4_placement
26,Scintillator,1704.41210653,20.0696660587,World/hcal_below_ecal/hcal_below_ecal_layer1_strip3
26,Scintillator,1728.01846325,20.0696660587,World/hcal_below_ecal/hcal_below_ecal_layer2_strip6
26,Scintillator,1751.62481997,20.0696660587,World/hcal_below_ecal/hcal_below_ecal_layer3_strip3
26,Scintillator,1775.23117669,20.0696660587,World/hcal_below_ecal/hcal_below_ecal_layer4_strip6
26,Aluminum3003,1703.91036487,0.501741651468,World/hcal_below_ecal/hcal_below_ecal_cover_1_placement
26,Aluminum3003,1727.5167216,0.501741651468,World/hcal_below_ecal/hcal_below_ecal_cover_2_placement
26,Aluminum3003,1751.12307832,0.501741651468,World/hcal_below_ecal/hcal_below_ecal_cover_3_placement
26,Aluminum3003,1774.72943504,0.501741651468,World/hcal_below_ecal/hcal_below_ecal_cover_4_placement
27,Polyvinyltoluene,860.604602471,2.00510863574,World/native_target/trigger_pad3_bar_volume_7
27,Polyvinyltoluene,856.594385199,2.00510863574,World/native_target/trigger_pad3_bar_volume_8
27,LYSO,935.294899152,0.601532590721,World/native_target/lvTarget_3/lvTargetArray1_phys/target_0
27,LYSO,936.096942606,0.601532590721,World/native_target/lvTarget_3/lvTargetArray2_phys/target_0
27,Polyvinyltoluene,631.559316898,0.863922825604,World/native_trig_scint/trigger_pad2_bar_volume_17
27,Polyvinyltoluene,626.407913817,2.00510863574,World/native_trig_scint/trigger_pad2_bar_volume_18
27,Polyvinyltoluene,555.026046384,2.00510863574,World/native_trig_scint/trigger_pad1_bar_volume_21
27,Polyvinyltoluene,551.015829113,2.00510863574,World/native_trig_scint/trigger_pad1_bar_volume_22
27,Silicon,691.714302082,0.320817381718,World/native_recoil/recoil_l14_sensor_vol_10/recoil_l14_active_sensor
27,Silicon,697.72962799,0.320817381718,World/native_recoil/recoil_l14_sensor_vol_20/recoil_l14_active_sensor
27,Silicon,791.969733869,0.320817381718,World/native_recoil/recoil_l14_sensor_vol_30/recoil_l14_active_sensor
27,Silicon,797.985059777,0.320817381718,World/native_recoil/recoil_l14_sensor_vol_40/recoil_l14_active_sensor
27,Aluminum,1352.82931235,0.802043454295,World/native_ecal/support_box_0/front_0_volume_0
27,Aluminum,1582.81527287,0.802043454295,World/native_ecal/support_box_0/front_1_volume_0
27,FR4,1430.53027965,0.902298886081,World/native_ecal/PCB_motherboard_volume_0
27,FR4,1435.70947526,1.67025549357,World/native_ecal/PCB_volume_0
27,Glue,1437.37973075,0.100255431787,World/native_ecal/Glue_volume_0
27,Silicon,1437.47998618,0.30076629536,World/native_ecal/Si_volume_0
27,Glue,1437.78075248,0.200510863573,World/native_ecal/GlueThick_volume_0
27,Aluminum,1440.33726599,3.20817381718,World/native_ecal/C_volume_CarbonCoolingPlane_0
27,Glue,1443.54543981,0.200510863574,World/native_ecal/GlueThick_volume_0
27,Silicon,1443.74595067,0.30076629536,World/native_ecal/Si_volume_7
27,Glue,1444.04671697,0.100255431787,World/native_ecal/Glue_volume_0
27,FR4,1444.1469724,1.67025549357,World/native_ecal/PCB_volume_0
27,FR4,1450.59540177,0.902298886081,World/native_ecal/PCB_motherboard_volume_0
27,FR4,1481.48009009,0.902298886081,World/native_ecal/PCB_motherboard_volume_0
27,FR4,1486.65928569,1.67025549357,World/native_ecal/PCB_volume_0
27,Glue,1488.32954119,0.100255431787,World/native_ecal/Glue_volume_0
27,Silicon,1488.42979662,0.30076629536,World/native_ecal/Si_volume_14
27,Glue,1488.73056291,0.200510863574,World/native_ecal/GlueThick_volume_0
27,Aluminum,1491.28707642,3.20817381718,World/native_ecal/C_volume_CarbonCoolingPlane_0
27,Glue,1494.49525024,0.200510863573,World/native_ecal/GlueThick_volume_0
27,Silicon,1494.6957611,0.30076629536,World/native_ecal/Si_volume_21
27,Glue,1494.9965274,0.100255431787,World/native_ecal/Glue_volume_0
27,FR4,1495.09678283,1.67025549357,World/native_ecal/PCB_volume_0
27,FR4,1501.04393505,0.902298886081,World/native_ecal/PCB_motherboard_volume_0
27,Scintillator,231.879793209,20.0510863574,World/hcal_top/hcal_top_layer1_strip6
27,Scintillator,255.31107369,20.0510863574,World/hcal_top/hcal_top_layer2_strip4
27,Aluminum3003,231.37851605,0.501277158934,World/hcal_top/hcal_top_cover_1_placement
27,Aluminum3003,254.809796531,0.501277158934,World/hcal_top/hcal_top_cover_2_placement
27,Scintillator,1196.7031225,20.0510863574,World/hcal_above_ecal/hcal_above_ecal_layer1_strip3
27,Scintillator,1222.16800218,20.0510863574,World/hcal_above_ecal/hcal_above_ecal_layer2_strip4
27,Scintillator,1247.63288185,20.0510863574,World/hcal_above_ecal/hcal_above_ecal_layer3_strip3
27,Scintillator,1273.09776153,20.0510863574,World/hcal_above_ecal/hcal_above_ecal_layer4_strip4
27,Aluminum3003,1196.20184535,0.501277158934,World/hcal_above_ecal/hcal_above_ecal_cover_1_placement
27,Aluminum3003,1221.66672502,0.501277158934,World/hcal_above_ecal/hcal_above_ecal_cover_2_placement
27,Aluminum3003,1247.13160469,0.501277158934,World/hcal_above_ecal/hcal_above_ecal_cover_3_placement
27,Aluminum3003,1272.59648437,0.501277158934,World/hcal_above_ecal/hcal_above_ecal_cover_4_placement
27,Scintillator,1702.83422935,20.0510863574,World/hcal_below_ecal/hcal_below_ecal_layer1_strip6
27,Scintillator,1726.41873225,20.0510863574,World/hcal_below_ecal/hcal_below_ecal_layer2_strip6
27,Scintillator,1750.00323514,20.0510863574,World/hcal_below_ecal/hcal_below_ecal_layer3_strip6
27,Scintillator,1773.58773803,20.0510863574,World/hcal_below_ecal/hcal_below_ecal_layer4_strip6
27,Aluminum3003,1702.33295219,0.501277158934,World/hcal_below_ecal/hcal_below_ecal_cover_1_placement
27,Aluminum3003,1725.91745509,0.501277158934,World/hcal_below_ecal/hcal_below_ecal_cover_2_placement
27,Aluminum3003,1749.50195798,0.501277158934,World/hcal_below_ecal/hcal_below_ecal_cover_3_placement
27,Aluminum3003,1773.08646087,0.501277158934,World/hcal_below_ecal/hcal_below_ecal_cover_4_placement
28,Polyvinyltoluene,855.141145372,0.713772535605,World/native_target/trigger_pad3_bar_volume_14
28,Polyvinyltoluene,859.144559181,2.00170690468,World/native_target/trigger_pad3_bar_volume_15
28,LYSO,933.708141381,0.600512071402,World/native_target/lvTarget_3/lvTargetArray1_phys/target_0
28,LYSO,934.508824142,0.600512071403,World/native_target/lvTarget_3/lvTargetArray2_phys/target_0
28,Polyvinyltoluene,554.084426909,2.00170690468,World/native_trig_scint/trigger_pad1_bar_volume_7
28,Polyvinyltoluene,629.348606525,2.00170690468,World/native_trig_scint/trigger_pad2_bar_volume_9
28,Polyvinyltoluene,550.0810131,2.00170690468,World/native_trig_scint/trigger_pad1_bar_volume_8
28,Polyvinyltoluene,625.345192715,2.00170690468,World/native_trig_scint/trigger_pad2_bar_volume_10
28,Silicon,690.540786601,0.320273104748,World/native_recoil/recoil_l14_sensor_vol_10/recoil_l14_active_sensor
28,Silicon,696.545907315,0.320273104748,World/native_recoil/recoil_l14_sensor_vol_20/recoil_l14_active_sensor
28,Silicon,790.626131834,0.320273104748,World/native_recoil/recoil_l14_sensor_vol_30/recoil_l14_active_sensor
28,Silicon,796.631252548,0.320273104748,World/native_recoil/recoil_l14_sensor_vol_40/recoil_l14_active_sensor
28,Aluminum,1350.53419407,0.80068276187,World/native_ecal/support_box_0/front_0_volume_0
28,Aluminum,1580.12997604,0.80068276187,World/native_ecal/support_box_0/front_1_volume_0
28,FR4,1428.10333919,0.900768107104,World/native_ecal/PCB_motherboard_volume_0
28,FR4,1433.27374812,1.66742185159,World/native_ecal/PCB_volume_0
28,Glue,1434.94116997,0.100085345234,World/native_ecal/Glue_volume_0
28,Silicon,1435.04125532,0.300256035701,World/native_ecal/Si_volume_0
28,Glue,1435.34151135,0.200170690467,World/native_ecal/GlueThick_volume_0
28,Aluminum,1437.89368766,3.20273104748,World/native_ecal/C_volume_CarbonCoolingPlane_0
28,Glue,1441.09641871,0.200170690467,World/native_ecal/GlueThick_volume_0
28,Silicon,1441.2965894,0.300256035701,World/native_ecal/Si_volume_7
28,Glue,1441.59684543,0.100085345234,World/native_ecal/Glue_volume_0
28,FR4,1441.69693078,1.66742185159,World/native_ecal/PCB_volume_0
28,FR4,1448.13442018,0.900768107104,World/native_ecal/PCB_motherboard_volume_0
28,FR4,1478.96671163,0.900768107104,World/native_ecal/PCB_motherboard_volume_0
28,FR4,1484.13712057,1.66742185159,World/native_ecal/PCB_volume_0
28,Glue,1485.80454242,0.100085345234,World/native_ecal/Glue_volume_0
28,Silicon,1485.90462777,0.300256035701,World/native_ecal/Si_volume_14
28,Glue,1486.2048838,0.200170690467,World/native_ecal/GlueThick_volume_0
28,Aluminum,1488.75706011,3.20273104748,World/native_ecal/C_volume_CarbonCoolingPlane_0
28,Glue,1491.95979115,0.200170690468,World/native_ecal/GlueThick_volume_0
28,Silicon,1492.15996184,0.300256035701,World/native_ecal/Si_volume_21
28,Glue,1492.46021788,0.100085345234,World/native_ecal/Glue_volume_0
28,FR4,1492.56030322,1.66742185159,World/native_ecal/PCB_volume_0
28,FR4,1498.4973659,0.900768107104,World/native_ecal/PCB_motherboard_volume_0
28,Scintillator,231.486401709,20.0170690468,World/hcal_top/hcal_top_layer1_strip6
28,Scintillator,254.877930271,20.0170690468,World/hcal_top/hcal_top_layer2_strip5
28,Aluminum3003,230.985974982,0.500426726169,World/hcal_top/hcal_top_cover_1_placement
28,Aluminum3003,254.377503545,0.500426726169,World/hcal_top/hcal_top_cover_2_placement
28,Scintillator,1194.6728773,20.0170690468,World/hcal_above_ecal/hcal_above_ecal_layer1_strip2
28,Scintillator,1220.09455499,20.0170690468,World/hcal_above_ecal/hcal_above_ecal_layer2_strip4
28,Scintillator,1245.51623268,20.0170690468,World/hcal_above_ecal/hcal_above_ecal_layer3_strip2
28,Scintillator,1270.93791037,20.0170690468,World/hcal_above_ecal/hcal_above_ecal_layer4_strip4
28,Aluminum3003,1194.17245058,0.500426726169,World/hcal_above_ecal/hcal_above_ecal_cover_1_placement
28,Aluminum3003,1219.59412827,0.500426726169,World/hcal_above_ecal/hcal_above_ecal_cover_2_placement
28,Aluminum3003,1245.01580596,0.500426726169,World/hcal_above_ecal/hcal_above_ecal_cover_3_placement
28,Aluminum3003,1270.43748365,0.500426726169,World/hcal_above_ecal/hcal_above_ecal_cover_4_placement
28,Scintillator,1699.94531651,20.0170690468,World/hcal_below_ecal/hcal_below_ecal_layer1_strip4
28,Scintillator,1723.48980754,20.0170690468,World/hcal_below_ecal/hcal_below_ecal_layer2_strip6
28,Scintillator,1747.03429857,20.0170690468,World/hcal_below_ecal/hcal_below_ecal_layer3_strip4
28,Scintillator,1770.57878959,20.0170690467,World/hcal_below_ecal/hcal_below_ecal_layer4_strip6
28,Aluminum3003,1699.44488978,0.500426726169,World/hcal_below_ecal/hcal_below_ecal_cover_1_placement
28,Aluminum3003,1722.98938081,0.500426726169,World/hcal_below_ecal/hcal_below_ecal_cover_2_placement
28,Aluminum3003,1746.53387184,0.500426726169,World/hcal_below_ecal/hcal_below_ecal_cover_3_placement
28,Aluminum3003,1770.07836287,0.500426726169,World/hcal_below_ecal/hcal_below_ecal_cover_4_placement
29,Polyvinyltoluene,860.143156465,0.754091371172,World/native_target/trigger_pad3_bar_volume_19
29,Polyvinyltoluene,856.135089425,2.00403352021,World/native_target/trigger_pad3_bar_volume_20
29,LYSO,934.793405093,0.601210056063,World/native_target/lvTarget_3/lvTargetArray1_phys/target_0
29,LYSO,935.595018501,0.601210056063,World/native_target/lvTarget_3/lvTargetArray2_phys/target_0
29,Polyvinyltoluene,554.728447985,2.00403352021,World/native_trig_scint/trigger_pad1_bar_volume_11
29,Polyvinyltoluene,630.080108345,2.00403352021,World/native_trig_scint/trigger_pad2_bar_volume_13
29,Polyvinyltoluene,550.720380945,2.00403352021,World/native_trig_scint/trigger_pad1_bar_volume_12
29,Polyvinyltoluene,626.072041305,2.00403352021,World/native_trig_scint/trigger_pad2_bar_volume_14
29,Silicon,691.343413058,0.320645363234,World/native_recoil/recoil_l14_sensor_vol_10/recoil_l14_active_sensor
29,Silicon,697.355513619,0.320645363234,World/native_recoil/recoil_l14_sensor_vol_20/recoil_l14_active_sensor
29,Silicon,791.545089069,0.320645363234,World/native_recoil/recoil_l14_sensor_vol_30/recoil_l14_active_sensor
29,Silicon,797.557189629,0.320645363234,World/native_recoil/recoil_l14_sensor_vol_40/recoil_l14_active_sensor
29,Aluminum,1352.10394128,0.801613408084,World/native_ecal/support_box_0/front_0_volume_0
29,Aluminum,1581.96658605,0.801613408084,World/native_ecal/support_box_0/front_1_volume_0
29,FR4,1429.76324624,0.901815084095,World/native_ecal/PCB_motherboard_volume_0
29,FR4,1434.93966483,1.66935992233,World/native_ecal/PCB_volume_0
29,Glue,1436.60902475,0.10020167601,World/native_ecal/Glue_volume_0
29,Silicon,1436.70922642,0.300605028031,World/native_ecal/Si_volume_0
29,Glue,1437.00983145,0.200403352021,World/native_ecal/GlueThick_volume_0
29,Aluminum,1439.56497419,3.20645363234,World/native_ecal/C_volume_CarbonCoolingPlane_0
29,Glue,1442.77142782,0.200403352021,World/native_ecal/GlueThick_volume_0
29,Silicon,1442.97183117,0.300605028031,World/native_ecal/Si_volume_7
29,Glue,1443.2724362,0.10020167601,World/native_ecal/Glue_volume_0
29,FR4,1443.37263788,1.66935992233,World/native_ecal/PCB_volume_0
29,FR4,1449.81760968,0.901815084095,World/native_ecal/PCB_motherboard_volume_0
29,FR4,1480.68573799,0.901815084094,World/native_ecal/PCB_motherboard_volume_0
29,FR4,1485.86215657,1.66935992233,World/native_ecal/PCB_volume_0
29,Glue,1487.5315165,0.10020167601,World/native_ecal/Glue_volume_0
29,Silicon,1487.63171817,0.300605028031,World/native_ecal/Si_volume_14
29,Glue,1487.9323232,0.200403352021,World/native_ecal/GlueThick_volume_0
29,Aluminum,1490.48746594,3.20645363234,World/native_ecal/C_volume_CarbonCoolingPlane_0
29,Glue,1493.69391957,0.200403352021,World/native_ecal/GlueThick_volume_0
29,Silicon,1493.89432292,0.300605028031,World/native_ecal/Si_volume_21
29,Glue,1494.19492795,0.10020167601,World/native_ecal/Glue_volume_0
29,FR4,1494.29512963,1.66935992233,World/native_ecal/PCB_volume_0
29,FR4,1500.23909305,0.901815084095,World/native_ecal/PCB_motherboard_volume_0
29,Scintillator,231.755462008,20.0403352021,World/hcal_top/hcal_top_layer1_strip7
29,Scintillator,255.174178913,20.0403352021,World/hcal_top/hcal_top_layer2_strip5
29,Aluminum3003,231.254453628,0.501008380053,World/hcal_top/hcal_top_cover_1_placement
29,Aluminum3003,254.673170533,0.501008380053,World/hcal_top/hcal_top_cover_2_placement
29,Scintillator,1196.06146445,20.0403352021,World/hcal_above_ecal/hcal_above_ecal_layer1_strip2
29,Scintillator,1221.51269016,20.0403352021,World/hcal_above_ecal/hcal_above_ecal_layer2_strip4
29,Scintillator,1246.96391586,20.0403352021,World/hcal_above_ecal/hcal_above_ecal_layer3_strip2
29,Scintillator,1272.41514157,20.0403352021,World/hcal_above_ecal/hcal_above_ecal_layer4_strip4
29,Aluminum3003,1195.56045607,0.501008380052,World/hcal_above_ecal/hcal_above_ecal_cover_1_placement
29,Aluminum3003,1221.01168178,0.501008380052,World/hcal_above_ecal/hcal_above_ecal_cover_2_placement
29,Aluminum3003,1246.46290748,0.501008380052,World/hcal_above_ecal/hcal_above_ecal_cover_3_placement
29,Aluminum3003,1271.91413319,0.501008380053,World/hcal_above_ecal/hcal_above_ecal_cover_4_placement
29,Scintillator,1701.92118979,20.0403352021,World/hcal_below_ecal/hcal_below_ecal_layer1_strip4
29,Scintillator,1725.49304695,20.0403352021,World/hcal_below_ecal/hcal_below_ecal_layer2_strip5
29,Scintillator,1764.37499272,4.73024658886,World/hcal_below_ecal/hcal_below_ecal_layer3_strip3
29,Scintillator,1749.06490411,15.3100886223,World/hcal_below_ecal/hcal_below_ecal_layer3_strip4
29,Scintillator,1772.63676127,20.0403352021,World/hcal_below_ecal/hcal_below_ecal_layer4_strip5
29,Aluminum3003,1701.42018141,0.501008380052,World/hcal_below_ecal/hcal_below_ecal_cover_1_placement
29,Aluminum3003,1724.99203857,0.501008380052,World/hcal_below_ecal/hcal_below_ecal_cover_2_placement
29,Aluminum3003,1748.56389573,0.501008380052,World/hcal_below_ecal/hcal_below_ecal_cover_3_placement
29,Aluminum3003,1772.13575289,0.501008380052,World/hcal_below_ecal/hcal_below_ecal_cover_4_placement
30,Polyvinyltoluene,859.156213983,2.00173405901,World/native_target/trigger_pad3_bar_volume_1
30,Polyvinyltoluene,855.152745865,2.00173405901,World/native_target/trigger_pad3_bar_volume_2
30,LYSO,933.720807681,0.600520217702,World/native_target/lvTarget_3/lvTargetArray1_phys/target_0
30,LYSO,934.521501305,0.600520217702,World/native_target/lvTarget_3/lvTargetArray2_phys/target_0
30,Polyvinyltoluene,625.353675891,2.00173405901,World/native_trig_scint/trigger_pad2_bar_volume_2
30,Polyvinyltoluene,629.357144009,2.00173405901,World/native_trig_scint/trigger_pad2_bar_volume_3
30,Polyvinyltoluene,550.088475272,2.00173405901,World/native_trig_scint/trigger_pad1_bar_volume_2
30,Polyvinyltoluene,554.09194339,2.00173405901,World/native_trig_scint/trigger_pad1_bar_volume_3
30,Silicon,690.550154193,0.320277449441,World/native_recoil/recoil_l14_sensor_vol_10/recoil_l14_active_sensor
30,Silicon,696.55535637,0.320277449441,World/native_recoil/recoil_l14_sensor_vol_20/recoil_l14_active_sensor
30,Silicon,790.636857143,0.320277449441,World/native_recoil/recoil_l14_sensor_vol_30/recoil_l14_active_sensor
30,Silicon,796.64205932,0.320277449441,World/native_recoil/recoil_l14_sensor_vol_40/recoil_l14_active_sensor
30,Aluminum,1350.55251486,0.800693623603,World/native_ecal/support_box_0/front_0_volume_0
30,Aluminum,1580.15141143,0.800693623603,World/native_ecal/support_box_0/front_1_volume_0
30,FR4,1428.12271225,0.900780326553,World/native_ecal/PCB_motherboard_volume_0
30,FR4,1433.29319132,1.66744447115,World/native_ecal/PCB_volume_0
30,Glue,1434.96063579,0.10008670295,World/native_ecal/Glue_volume_0
30,Silicon,1435.0607225,0.300260108851,World/native_ecal/Si_volume_0
30,Glue,1435.36098261,0.200173405901,World/native_ecal/GlueThick_volume_0
30,Aluminum,1437.91319353,3.20277449441,World/native_ecal/C_volume_CarbonCoolingPlane_0
30,Glue,1441.11596803,0.200173405901,World/native_ecal/GlueThick_volume_0
30,Silicon,1441.31614143,0.300260108851,World/native_ecal/Si_volume_7
30,Glue,1441.61640154,0.10008670295,World/native_ecal/Glue_volume_0
30,FR4,1441.71648824,1.66744447115,World/native_ecal/PCB_volume_0
30,FR4,1448.15406498,0.900780326553,World/native_ecal/PCB_motherboard_volume_0
30,FR4,1478.98677469,0.900780326553,World/native_ecal/PCB_motherboard_volume_0
30,FR4,1484.15725376,1.66744447115,World/native_ecal/PCB_volume_0
30,Glue,1485.82469823,0.10008670295,World/native_ecal/Glue_volume_0
30,Silicon,1485.92478494,0.300260108851,World/native_ecal/Si_volume_14
30,Glue,1486.22504505,0.200173405901,World/native_ecal/GlueThick_volume_0
30,Aluminum,1488.77725597,3.20277449441,World/native_ecal/C_volume_CarbonCoolingPlane_0
30,Glue,1491.98003047,0.200173405901,World/native_ecal/GlueThick_volume_0
30,Silicon,1492.18020387,0.300260108851,World/native_ecal/Si_volume_21
30,Glue,1492.48046398,0.10008670295,World/native_ecal/Glue_volume_0
30,FR4,1492.58055068,1.66744447115,World/native_ecal/PCB_volume_0
30,FR4,1498.5176939,0.900780326553,World/native_ecal/PCB_motherboard_volume_0
30,Scintillator,231.489541958,20.0173405901,World/hcal_top/hcal_top_layer1_strip6
30,Scintillator,254.88138784,20.0173405901,World/hcal_top/hcal_top_layer2_strip5
30,Aluminum3003,230.989108443,0.500433514752,World/hcal_top/hcal_top_cover_1_placement
30,Aluminum3003,254.380954325,0.500433514752,World/hcal_top/hcal_top_cover_2_placement
30,Scintillator,1194.68908375,20.0173405901,World/hcal_above_ecal/hcal_above_ecal_layer1_strip3
30,Scintillator,1220.11110629,20.0173405901,World/hcal_above_ecal/hcal_above_ecal_layer2_strip4
30,Scintillator,1245.53312884,20.0173405901,World/hcal_above_ecal/hcal_above_ecal_layer3_strip3
30,Scintillator,1270.95515139,20.0173405901,World/hcal_above_ecal/hcal_above_ecal_layer4_strip4
30,Aluminum3003,1194.18865023,0.500433514752,World/hcal_above_ecal/hcal_above_ecal_cover_1_placement
30,Aluminum3003,1219.61067278,0.500433514752,World/hcal_above_ecal/hcal_above_ecal_cover_2_placement
30,Aluminum3003,1245.03269533,0.500433514752,World/hcal_above_ecal/hcal_above_ecal_cover_3_placement
30,Aluminum3003,1270.45471788,0.500433514752,World/hcal_above_ecal/hcal_above_ecal_cover_4_placement
30,Scintillator,1699.96837727,20.0173405901,World/hcal_below_ecal/hcal_below_ecal_layer1_strip5
30,Scintillator,1723.51318769,20.0173405901,World/hcal_below_ecal/hcal_below_ecal_layer2_strip7
30,Scintillator,1747.05799811,20.0173405901,World/hcal_below_ecal/hcal_below_ecal_layer3_strip5
30,Scintillator,1770.60280854,20.0173405901,World/hcal_below_ecal/hcal_below_ecal_layer4_strip7
30,Aluminum3003,1699.46794375,0.500433514752,World/hcal_below_ecal/hcal_below_ecal_cover_1_placement
30,Aluminum3003,1723.01275418,0.500433514752,World/hcal_below_ecal/hcal_below_ecal_cover_2_placement
30,Aluminum3003,1746.5575646,0.500433514752,World/hcal_below_ecal/hcal_below_ecal_cover_3_placement
30,Aluminum3003,1770.10237502,0.500433514752,World/hcal_below_ecal/hcal_below_ecal_cover_4_placement
31,Polyvinyltoluene,860.074051739,2.00387251423,World/native_target/trigger_pad3_bar_volume_9
31,Polyvinyltoluene,856.06630671,2.00387251423,World/native_target/trigger_pad3_bar_volume_10
31,LYSO,934.718302894,0.60116175427,World/native_target/lvTarget_3/lvTargetArray1_phys/target_0
31,LYSO,935.5198519,0.60116175427,World/native_target/lvTarget_3/lvTargetArray2_phys/target_0
31,Polyvinyltoluene,626.021742076,2.00387251423,World/native_trig_scint/trigger_pad2_bar_volume_18
31,Polyvinyltoluene,630.029487105,2.00387251423,World/native_trig_scint/trigger_pad2_bar_volume_19
31,Polyvinyltoluene,554.68388057,2.00387251423,World/native_trig_scint/trigger_pad1_bar_volume_21
31,Polyvinyltoluene,550.676135541,2.00387251423,World/native_trig_scint/trigger_pad1_bar_volume_22
31,Silicon,691.287869865,0.320619602278,World/native_recoil/recoil_l14_sensor_vol_10/recoil_l14_active_sensor
31,Silicon,697.299487408,0.320619602277,World/native_recoil/recoil_l14_sensor_vol_20/recoil_l14_active_sensor
31,Silicon,791.481495577,0.320619602277,World/native_recoil/recoil_l14_sensor_vol_30/recoil_l14_active_sensor
31,Silicon,797.493113119,0.320619602278,World/native_recoil/recoil_l14_sensor_vol_40/recoil_l14_active_sensor
31,Aluminum,1351.99531196,0.801549005694,World/native_ecal/support_box_0/front_0_volume_0
31,Aluminum,1581.83948934,0.801549005694,World/native_ecal/support_box_0/front_1_volume_0
31,FR4,1429.64837769,0.901742631405,World/native_ecal/PCB_motherboard_volume_0
31,FR4,1434.8243804,1.66922580436,World/native_ecal/PCB_volume_0
31,Glue,1436.4936062,0.100193625712,World/native_ecal/Glue_volume_0
31,Silicon,1436.59379983,0.300580877135,World/native_ecal/Si_volume_0
31,Glue,1436.8943807,0.200387251423,World/native_ecal/GlueThick_volume_0
31,Aluminum,1439.44931816,3.20619602277,World/native_ecal/C_volume_CarbonCoolingPlane_0
31,Glue,1442.65551418,0.200387251423,World/native_ecal/GlueThick_volume_0
31,Silicon,1442.85590143,0.300580877135,World/native_ecal/Si_volume_7
31,Glue,1443.15648231,0.100193625712,World/native_ecal/Glue_volume_0
31,FR4,1443.25667594,1.66922580436,World/native_ecal/PCB_volume_0
31,FR4,1449.70112994,0.901742631405,World/native_ecal/PCB_motherboard_volume_0
31,FR4,1480.56677828,0.901742631405,World/native_ecal/PCB_motherboard_volume_0
31,FR4,1485.74278098,1.66922580436,World/native_ecal/PCB_volume_0
31,Glue,1487.41200679,0.100193625712,World/native_ecal/Glue_volume_0
31,Silicon,1487.51220041,0.300580877135,World/native_ecal/Si_volume_14
31,Glue,1487.81278129,0.200387251423,World/native_ecal/GlueThick_volume_0
31,Aluminum,1490.36771875,3.20619602277,World/native_ecal/C_volume_CarbonCoolingPlane_0
31,Glue,1493.57391477,0.200387251423,World/native_ecal/GlueThick_volume_0
31,Silicon,1493.77430202,0.300580877135,World/native_ecal/Si_volume_21
31,Glue,1494.0748829,0.100193625712,World/native_ecal/Glue_volume_0
31,FR4,1494.17507652,1.66922580436,World/native_ecal/PCB_volume_0
31,FR4,1500.1185624,0.901742631405,World/native_ecal/PCB_motherboard_volume_0
31,Scintillator,231.736842552,20.0387251423,World/hcal_top/hcal_top_layer1_strip6
31,Scintillator,255.153677975,20.0387251423,World/hcal_top/hcal_top_layer2_strip4
31,Aluminum3003,231.235874423,0.500968128559,World/hcal_top/hcal_top_cover_1_placement
31,Aluminum3003,254.652709846,0.500968128559,World/hcal_top/hcal_top_cover_2_placement
31,Scintillator,1195.96537172,20.0387251423,World/hcal_above_ecal/hcal_above_ecal_layer1_strip3
31,Scintillator,1221.41455265,20.0387251423,World/hcal_above_ecal/hcal_above_ecal_layer2_strip4
31,Scintillator,1246.86373359,20.0387251423,World/hcal_above_ecal/hcal_above_ecal_layer3_strip3
31,Scintillator,1272.31291452,20.0387251423,World/hcal_above_ecal/hcal_above_ecal_layer4_strip4
31,Aluminum3003,1195.46440359,0.500968128558,World/hcal_above_ecal/hcal_above_ecal_cover_1_placement
31,Aluminum3003,1220.91358453,0.500968128558,World/hcal_above_ecal/hcal_above_ecal_cover_2_placement
31,Aluminum3003,1246.36276546,0.500968128559,World/hcal_above_ecal/hcal_above_ecal_cover_3_placement
31,Aluminum3003,1271.81194639,0.500968128559,World/hcal_above_ecal/hcal_above_ecal_cover_4_placement
31,Scintillator,1701.78445581,20.0387251423,World/hcal_below_ecal/hcal_below_ecal_layer1_strip6
31,Scintillator,1725.35441918,20.0387251423,World/hcal_below_ecal/hcal_below_ecal_layer2_strip6
31,Scintillator,1748.92438256,20.0387251423,World/hcal_below_ecal/hcal_below_ecal_layer3_strip6
31,Scintillator,1772.49434593,20.0387251423,World/hcal_below_ecal/hcal_below_ecal_layer4_strip6
31,Aluminum3003,1701.28348768,0.500968128558,World/hcal_below_ecal/hcal_below_ecal_cover_1_placement
31,Aluminum3003,1724.85345105,0.500968128559,World/hcal_below_ecal/hcal_below_ecal_cover_2_placement
31,Aluminum3003,1748.42341443,0.500968128558,World/hcal_below_ecal/hcal_below_ecal_cover_3_placement
31,Aluminum3003,1771.99337781,0.500968128559,World/hcal_below_ecal/hcal_below_ecal_cover_4_placement
32,Polyvinyltoluene,854.95180605,2.00126370085,World/native_target/trigger_pad3_bar_volume_10
32,Polyvinyltoluene,858.954333452,2.00126370085,World/native_target/trigger_pad3_bar_volume_11
32,LYSO,933.501406309,0.600379110255,World/native_target/lvTarget_3/lvTargetArray1_phys/target_0
32,LYSO,934.301911789,0.600379110255,World/native_target/lvTarget_3/lvTargetArray2_phys/target_0
32,Polyvinyltoluene,553.961745443,2.00126370085,World/native_trig_scint/trigger_pad1_bar_volume_5
32,Polyvinyltoluene,625.206733193,2.00126370085,World/native_trig_scint/trigger_pad2_bar_volume_6
32,Polyvinyltoluene,629.209260595,2.00126370085,World/native_trig_scint/trigger_pad2_bar_volume_7
32,Polyvinyltoluene,549.959218041,2.00126370085,World/native_trig_scint/trigger_pad1_bar_volume_6
32,Silicon,690.387891929,0.320202192136,World/native_recoil/recoil_l14_sensor_vol_10/recoil_l14_active_sensor
32,Silicon,696.391683032,0.320202192136,World/native_recoil/recoil_l14_sensor_vol_20/recoil_l14_active_sensor
32,Silicon,790.451076972,0.320202192136,World/native_recoil/recoil_l14_sensor_vol_30/recoil_l14_active_sensor
32,Silicon,796.454868074,0.320202192136,World/native_recoil/recoil_l14_sensor_vol_40/recoil_l14_active_sensor
32,Aluminum,1350.23516831,0.800505480339,World/native_ecal/support_box_0/front_0_volume_0
32,Aluminum,1579.7801148,0.80050548034,World/native_ecal/support_box_0/front_1_volume_0
32,FR4,1427.78713862,0.900568665382,World/native_ecal/PCB_motherboard_volume_0
32,FR4,1432.95640276,1.66705266281,World/native_ecal/PCB_volume_0
32,Glue,1434.62345542,0.100063185042,World/native_ecal/Glue_volume_0
32,Silicon,1434.7235186,0.300189555127,World/native_ecal/Si_volume_0
32,Glue,1435.02370816,0.200126370085,World/native_ecal/GlueThick_volume_0
32,Aluminum,1437.57531938,3.20202192136,World/native_ecal/C_volume_CarbonCoolingPlane_0
32,Glue,1440.7773413,0.200126370085,World/native_ecal/GlueThick_volume_0
32,Silicon,1440.97746767,0.300189555127,World/native_ecal/Si_volume_7
32,Glue,1441.27765722,0.100063185042,World/native_ecal/Glue_volume_0
32,FR4,1441.37772041,1.66705266281,World/native_ecal/PCB_volume_0
32,FR4,1447.81378447,0.900568665382,World/native_ecal/PCB_motherboard_volume_0
32,FR4,1478.63924926,0.900568665382,World/native_ecal/PCB_motherboard_volume_0
32,FR4,1483.80851339,1.66705266281,World/native_ecal/PCB_volume_0
32,Glue,1485.47556606,0.100063185042,World/native_ecal/Glue_volume_0
32,Silicon,1485.57562924,0.300189555127,World/native_ecal/Si_volume_14
32,Glue,1485.8758188,0.200126370085,World/native_ecal/GlueThick_volume_0
32,Aluminum,1488.42743002,3.20202192136,World/native_ecal/C_volume_CarbonCoolingPlane_0
32,Glue,1491.62945194,0.200126370085,World/native_ecal/GlueThick_volume_0
32,Silicon,1491.82957831,0.300189555127,World/native_ecal/Si_volume_21
32,Glue,1492.12976786,0.100063185042,World/native_ecal/Glue_volume_0
32,FR4,1492.22983105,1.66705266281,World/native_ecal/PCB_volume_0
32,FR4,1498.16557918,0.900568665382,World/native_ecal/PCB_motherboard_volume_0
32,Scintillator,231.435147622,20.0126370085,World/hcal_top/hcal_top_layer1_strip6
32,Scintillator,254.821496997,20.0126370085,World/hcal_top/hcal_top_layer2_strip5
32,Aluminum3003,230.934831697,0.500315925212,World/hcal_top/hcal_top_cover_1_placement
32,Aluminum3003,254.321181072,0.500315925212,World/hcal_top/hcal_top_cover_2_placement
32,Scintillator,1194.40836126,20.0126370085,World/hcal_above_ecal/hcal_above_ecal_layer1_strip3
32,Scintillator,1219.82441026,20.0126370085,World/hcal_above_ecal/hcal_above_ecal_layer2_strip4
32,Scintillator,1245.24045926,20.0126370085,World/hcal_above_ecal/hcal_above_ecal_layer3_strip3
32,Scintillator,1270.65650826,20.0126370085,World/hcal_above_ecal/hcal_above_ecal_layer4_strip4
32,Aluminum3003,1193.90804534,0.500315925212,World/hcal_above_ecal/hcal_above_ecal_cover_1_placement
32,Aluminum3003,1219.32409434,0.500315925212,World/hcal_above_ecal/hcal_above_ecal_cover_2_placement
32,Aluminum3003,1244.74014334,0.500315925212,World/hcal_above_ecal/hcal_above_ecal_cover_3_placement
32,Aluminum3003,1270.15619234,0.500315925212,World/hcal_above_ecal/hcal_above_ecal_cover_4_placement
32,Scintillator,1699.56892661,20.0126370085,World/hcal_below_ecal/hcal_below_ecal_layer1_strip4
32,Scintillator,1723.10820458,20.0126370085,World/hcal_below_ecal/hcal_below_ecal_layer2_strip6
32,Scintillator,1746.64748255,20.0126370085,World/hcal_below_ecal/hcal_below_ecal_layer3_strip4
32,Scintillator,1770.18676052,20.0126370085,World/hcal_below_ecal/hcal_below_ecal_layer4_strip6
32,Aluminum3003,1699.06861068,0.500315925212,World/hcal_below_ecal/hcal_below_ecal_cover_1_placement
32,Aluminum3003,1722.60788865,0.500315925212,World/hcal_below_ecal/hcal_below_ecal_cover_2_placement
32,Aluminum3003,1746.14716663,0.500315925212,World/hcal_below_ecal/hcal_below_ecal_cover_3_placement
32,Aluminum3003,1769.6864446,0.500315925212,World/hcal_below_ecal/hcal_below_ecal_cover_4_placement
33,Polyvinyltoluene,857.451923786,2.00711595455,World/native_target/trigger_pad3_bar_volume_18
33,Polyvinyltoluene,861.466155695,2.00711595455,World/native_target/trigger_pad3_bar_volume_19
33,LYSO,936.231225002,0.602134786365,World/native_target/lvTarget_3/lvTargetArray1_phys/target_0
33,LYSO,937.034071384,0.602134786365,World/native_target/lvTarget_3/lvTargetArray2_phys/target_0
33,Polyvinyltoluene,551.567452312,2.00711595455,World/native_trig_scint/trigger_pad1_bar_volume_2
33,Polyvinyltoluene,555.581684221,2.00711595455,World/native_trig_scint/trigger_pad1_bar_volume_3
33,Polyvinyltoluene,627.035012203,2.00711595455,World/native_trig_scint/trigger_pad2_bar_volume_6
33,Polyvinyltoluene,631.049244112,2.00711595455,World/native_trig_scint/trigger_pad2_bar_volume_7
33,Silicon,692.406778843,0.321138552728,World/native_recoil/recoil_l14_sensor_vol_10/recoil_l14_active_sensor
33,Silicon,698.428126707,0.321138552728,World/native_recoil/recoil_l14_sensor_vol_20/recoil_l14_active_sensor
33,Silicon,792.762576571,0.321138552728,World/native_recoil/recoil_l14_sensor_vol_30/recoil_l14_active_sensor
33,Silicon,798.783924434,0.321138552728,World/native_recoil/recoil_l14_sensor_vol_40/recoil_l14_active_sensor
33,Aluminum,1354.18363286,0.80284638182,World/native_ecal/support_box_0/front_0_volume_0
33,Aluminum,1584.39983284,0.80284638182,World/native_ecal/support_box_0/front_1_volume_0
33,FR4,1431.96238677,0.903202179548,World/native_ecal/PCB_motherboard_volume_0
33,FR4,1437.14676728,1.67192759014,World/native_ecal/PCB_volume_0
33,Glue,1438.81869487,0.100355797728,World/native_ecal/Glue_volume_0
33,Silicon,1438.91905067,0.301067393182,World/native_ecal/Si_volume_0
33,Glue,1439.22011806,0.200711595455,World/native_ecal/GlueThick_volume_0
33,Aluminum,1441.7791909,3.21138552728,World/native_ecal/C_volume_CarbonCoolingPlane_0
33,Glue,1444.99057643,0.200711595455,World/native_ecal/GlueThick_volume_0
33,Silicon,1445.19128802,0.301067393182,World/native_ecal/Si_volume_7
33,Glue,1445.49235542,0.100355797727,World/native_ecal/Glue_volume_0
33,FR4,1445.59271122,1.67192759014,World/native_ecal/PCB_volume_0
33,FR4,1452.04759613,0.903202179547,World/native_ecal/PCB_motherboard_volume_0
33,FR4,1482.96320317,0.903202179548,World/native_ecal/PCB_motherboard_volume_0
33,FR4,1488.14758368,1.67192759014,World/native_ecal/PCB_volume_0
33,Glue,1489.81951127,0.100355797727,World/native_ecal/Glue_volume_0
33,Silicon,1489.91986707,0.301067393182,World/native_ecal/Si_volume_14
33,Glue,1490.22093446,0.200711595455,World/native_ecal/GlueThick_volume_0
33,Aluminum,1492.78000731,3.21138552728,World/native_ecal/C_volume_CarbonCoolingPlane_0
33,Glue,1495.99139283,0.200711595455,World/native_ecal/GlueThick_volume_0
33,Silicon,1496.19210443,0.301067393182,World/native_ecal/Si_volume_21
33,Glue,1496.49317182,0.100355797727,World/native_ecal/Glue_volume_0
33,FR4,1496.59352762,1.67192759014,World/native_ecal/PCB_volume_0
33,FR4,1502.54663354,0.903202179547,World/native_ecal/PCB_motherboard_volume_0
33,Scintillator,232.111928597,20.0711595455,World/hcal_top/hcal_top_layer1_strip6
33,Scintillator,255.566666186,20.0711595455,World/hcal_top/hcal_top_layer2_strip5
33,Aluminum3003,231.610149609,0.501778988638,World/hcal_top/hcal_top_cover_1_placement
33,Aluminum3003,255.064887198,0.501778988638,World/hcal_top/hcal_top_cover_2_placement
33,Scintillator,1197.90114472,20.0711595455,World/hcal_above_ecal/hcal_above_ecal_layer1_strip2
33,Scintillator,1223.39151734,20.0711595455,World/hcal_above_ecal/hcal_above_ecal_layer2_strip4
33,Scintillator,1248.88188997,20.0711595455,World/hcal_above_ecal/hcal_above_ecal_layer3_strip2
33,Scintillator,1274.37226259,20.0711595455,World/hcal_above_ecal/hcal_above_ecal_layer4_strip4
33,Aluminum3003,1197.39936573,0.501778988637,World/hcal_above_ecal/hcal_above_ecal_cover_1_placement
33,Aluminum3003,1222.88973836,0.501778988637,World/hcal_above_ecal/hcal_above_ecal_cover_2_placement
33,Aluminum3003,1248.38011098,0.501778988638,World/hcal_above_ecal/hcal_above_ecal_cover_3_placement
33,Aluminum3003,1273.8704836,0.501778988637,World/hcal_above_ecal/hcal_above_ecal_cover_4_placement
33,Scintillator,1704.53894057,20.0711595455,World/hcal_below_ecal/hcal_below_ecal_layer1_strip3
33,Scintillator,1728.14705396,20.0711595455,World/hcal_below_ecal/hcal_below_ecal_layer2_strip5
33,Scintillator,1751.75516736,20.0711595455,World/hcal_below_ecal/hcal_below_ecal_layer3_strip3
33,Scintillator,1775.36328075,20.0711595455,World/hcal_below_ecal/hcal_below_ecal_layer4_strip5
33,Aluminum3003,1704.03716158,0.501778988637,World/hcal_below_ecal/hcal_below_ecal_cover_1_placement
33,Aluminum3003,1727.64527497,0.501778988638,World/hcal_below_ecal/hcal_below_ecal_cover_2_placement
33,Aluminum3003,1751.25338837,0.501778988638,World/hcal_below_ecal/hcal_below_ecal_cover_3_placement
33,Aluminum3003,1774.86150176,0.501778988638,World/hcal_below_ecal/hcal_below_ecal_cover_4_placement
34,Polyvinyltoluene,859.415551817,2.002338286,World/native_target/trigger_pad3_bar_volume_17
34,Polyvinyltoluene,855.410875245,2.002338286,World/native_target/trigger_pad3_bar_volume_18
34,LYSO,934.002652971,0.6007014858,World/native_target/lvTarget_3/lvTargetArray1_phys/target_0
34,LYSO,934.803588285,0.6007014858,World/native_target/lvTarget_3/lvTargetArray2_phys/target_0
34,Polyvinyltoluene,554.259197031,2.002338286,World/native_trig_scint/trigger_pad1_bar_volume_9
34,Polyvinyltoluene,629.547116584,2.002338286,World/native_trig_scint/trigger_pad2_bar_volume_11
34,Polyvinyltoluene,550.254520459,2.002338286,World/native_trig_scint/trigger_pad1_bar_volume_10
34,Polyvinyltoluene,625.542440012,2.002338286,World/native_trig_scint/trigger_pad2_bar_volume_12
34,Silicon,690.758597987,0.32037412576,World/native_recoil/recoil_l14_sensor_vol_10/recoil_l14_active_sensor
34,Silicon,696.765612845,0.32037412576,World/native_recoil/recoil_l14_sensor_vol_20/recoil_l14_active_sensor
34,Silicon,790.875512287,0.32037412576,World/native_recoil/recoil_l14_sensor_vol_30/recoil_l14_active_sensor
34,Silicon,796.882527145,0.32037412576,World/native_recoil/recoil_l14_sensor_vol_40/recoil_l14_active_sensor
34,Aluminum,1350.96018154,0.8009353144,World/native_ecal/support_box_0/front_0_volume_0
34,Aluminum,1580.62838295,0.8009353144,World/native_ecal/support_box_0/front_1_volume_0
34,FR4,1428.55379363,0.9010522287,World/native_ecal/PCB_motherboard_volume_0
34,FR4,1433.72583343,1.66794779224,World/native_ecal/PCB_volume_0
34,Glue,1435.39378122,0.1001169143,World/native_ecal/Glue_volume_0
34,Silicon,1435.49389813,0.3003507429,World/native_ecal/Si_volume_0
34,Glue,1435.79424888,0.2002338286,World/native_ecal/GlueThick_volume_0
34,Aluminum,1438.34723019,3.2037412576,World/native_ecal/C_volume_CarbonCoolingPlane_0
34,Glue,1441.55097145,0.2002338286,World/native_ecal/GlueThick_volume_0
34,Silicon,1441.75120528,0.3003507429,World/native_ecal/Si_volume_7
34,Glue,1442.05155602,0.1001169143,World/native_ecal/Glue_volume_0
34,FR4,1442.15167293,1.66794779224,World/native_ecal/PCB_volume_0
34,FR4,1448.59119286,0.9010522287,World/native_ecal/PCB_motherboard_volume_0
34,FR4,1479.43320948,0.9010522287,World/native_ecal/PCB_motherboard_volume_0
34,FR4,1484.60524927,1.66794779224,World/native_ecal/PCB_volume_0
34,Glue,1486.27319707,0.1001169143,World/native_ecal/Glue_volume_0
34,Silicon,1486.37331398,0.3003507429,World/native_ecal/Si_volume_14
34,Glue,1486.67366472,0.2002338286,World/native_ecal/GlueThick_volume_0
34,Aluminum,1489.22664604,3.2037412576,World/native_ecal/C_volume_CarbonCoolingPlane_0
34,Glue,1492.4303873,0.2002338286,World/native_ecal/GlueThick_volume_0
34,Silicon,1492.63062112,0.3003507429,World/native_ecal/Si_volume_21
34,Glue,1492.93097187,0.1001169143,World/native_ecal/Glue_volume_0
34,FR4,1493.03108878,1.66794779224,World/native_ecal/PCB_volume_0
34,FR4,1498.97002414,0.9010522287,World/native_ecal/PCB_motherboard_volume_0
34,Scintillator,231.559417489,20.02338286,World/hcal_top/hcal_top_layer1_strip6
34,Scintillator,254.958324241,20.02338286,World/hcal_top/hcal_top_layer2_strip5
34,Aluminum3003,231.058832917,0.5005845715,World/hcal_top/hcal_top_cover_1_placement
34,Aluminum3003,254.45773967,0.5005845715,World/hcal_top/hcal_top_cover_2_placement
34,Scintillator,1195.04970277,20.02338286,World/hcal_above_ecal/hcal_above_ecal_layer1_strip2
34,Scintillator,1220.47939901,20.02338286,World/hcal_above_ecal/hcal_above_ecal_layer2_strip4
34,Scintillator,1245.90909524,20.02338286,World/hcal_above_ecal/hcal_above_ecal_layer3_strip2
34,Scintillator,1271.33879147,20.02338286,World/hcal_above_ecal/hcal_above_ecal_layer4_strip4
34,Aluminum3003,1194.5491182,0.5005845715,World/hcal_above_ecal/hcal_above_ecal_cover_1_placement
34,Aluminum3003,1219.97881443,0.5005845715,World/hcal_above_ecal/hcal_above_ecal_cover_2_placement
34,Aluminum3003,1245.40851067,0.5005845715,World/hcal_above_ecal/hcal_above_ecal_cover_3_placement
34,Aluminum3003,1270.8382069,0.5005845715,World/hcal_above_ecal/hcal_above_ecal_cover_4_placement
34,Scintillator,1700.48151575,20.02338286,World/hcal_below_ecal/hcal_below_ecal_layer1_strip4
34,Scintillator,1724.03343322,20.02338286,World/hcal_below_ecal/hcal_below_ecal_layer2_strip6
34,Scintillator,1747.58535068,20.02338286,World/hcal_below_ecal/hcal_below_ecal_layer3_strip4
34,Scintillator,1771.13726815,20.02338286,World/hcal_below_ecal/hcal_below_ecal_layer4_strip5
34,Aluminum3003,1699.98093118,0.5005845715,World/hcal_below_ecal/hcal_below_ecal_cover_1_placement
34,Aluminum3003,1723.53284865,0.5005845715,World/hcal_below_ecal/hcal_below_ecal_cover_2_placement
34,Aluminum3003,1747.08476611,0.5005845715,World/hcal_below_ecal/hcal_below_ecal_cover_3_placement
34,Aluminum3003,1770.63668358,0.5005845715,World/hcal_below_ecal/hcal_below_ecal_cover_4_placement
35,Polyvinyltoluene,854.905852986,2.00115613432,World/native_target/trigger_pad3_bar_volume_6
35,Polyvinyltoluene,858.908165254,2.00115613432,World/native_target/trigger_pad3_bar_volume_7
35,LYSO,933.451231258,0.600346840295,World/native_target/lvTarget_3/lvTargetArray1_phys/target_0
35,LYSO,934.251693711,0.600346840295,World/native_target/lvTarget_3/lvTargetArray2_phys/target_0
35,Polyvinyltoluene,625.173128766,2.00115613432,World/native_trig_scint/trigger_pad2_bar_volume_6
35,Polyvinyltoluene,629.175441035,2.00115613432,World/native_trig_scint/trigger_pad2_bar_volume_7
35,Polyvinyltoluene,549.929658116,2.00115613432,World/native_trig_scint/trigger_pad1_bar_volume_6
35,Polyvinyltoluene,553.931970384,2.00115613432,World/native_trig_scint/trigger_pad1_bar_volume_7
35,Silicon,690.350784061,0.320184981491,World/native_recoil/recoil_l14_sensor_vol_10/recoil_l14_active_sensor
35,Silicon,696.354252464,0.320184981491,World/native_recoil/recoil_l14_sensor_vol_20/recoil_l14_active_sensor
35,Silicon,790.408590777,0.320184981491,World/native_recoil/recoil_l14_sensor_vol_30/recoil_l14_active_sensor
35,Silicon,796.412059179,0.320184981491,World/native_recoil/recoil_l14_sensor_vol_40/recoil_l14_active_sensor
35,Aluminum,1350.16259411,0.800462453727,World/native_ecal/support_box_0/front_0_volume_0
35,Aluminum,1579.69520272,0.800462453727,World/native_ecal/support_box_0/front_1_volume_0
35,FR4,1427.71039605,0.900520260443,World/native_ecal/PCB_motherboard_volume_0
35,FR4,1432.87938235,1.66696305989,World/native_ecal/PCB_volume_0
35,Glue,1434.54634541,0.100057806716,World/native_ecal/Glue_volume_0
35,Silicon,1434.64640321,0.300173420147,World/native_ecal/Si_volume_0
35,Glue,1434.94657663,0.200115613432,World/native_ecal/GlueThick_volume_0
35,Aluminum,1437.4980507,3.20184981491,World/native_ecal/C_volume_CarbonCoolingPlane_0
35,Glue,1440.69990052,0.200115613432,World/native_ecal/GlueThick_volume_0
35,Silicon,1440.90001613,0.300173420147,World/native_ecal/Si_volume_7
35,Glue,1441.20018955,0.100057806716,World/native_ecal/Glue_volume_0
35,FR4,1441.30024736,1.66696305989,World/native_ecal/PCB_volume_0
35,FR4,1447.73596549,0.900520260443,World/native_ecal/PCB_motherboard_volume_0
35,FR4,1478.55977342,0.900520260443,World/native_ecal/PCB_motherboard_volume_0
35,FR4,1483.72875972,1.66696305989,World/native_ecal/PCB_volume_0
35,Glue,1485.39572278,0.100057806716,World/native_ecal/Glue_volume_0
35,Silicon,1485.49578059,0.300173420148,World/native_ecal/Si_volume_14
35,Glue,1485.79595401,0.200115613432,World/native_ecal/GlueThick_volume_0
35,Aluminum,1488.34742808,3.20184981491,World/native_ecal/C_volume_CarbonCoolingPlane_0
35,Glue,1491.54927789,0.200115613432,World/native_ecal/GlueThick_volume_0
35,Silicon,1491.74939351,0.300173420148,World/native_ecal/Si_volume_21
35,Glue,1492.04956693,0.100057806716,World/native_ecal/Glue_volume_0
35,FR4,1492.14962473,1.66696305989,World/native_ecal/PCB_volume_0
35,FR4,1498.08505383,0.900520260443,World/native_ecal/PCB_motherboard_volume_0
35,Scintillator,231.422708144,20.0115613432,World/hcal_top/hcal_top_layer1_strip6
35,Scintillator,254.807800519,20.0115613432,World/hcal_top/hcal_top_layer2_strip5
35,Aluminum3003,230.92241911,0.500289033579,World/hcal_top/hcal_top_cover_1_placement
35,Aluminum3003,254.307511485,0.500289033579,World/hcal_top/hcal_top_cover_2_placement
35,Scintillator,1194.34416264,20.0115613432,World/hcal_above_ecal/hcal_above_ecal_layer1_strip3
35,Scintillator,1219.75884555,20.0115613432,World/hcal_above_ecal/hcal_above_ecal_layer2_strip4
35,Scintillator,1245.17352846,20.0115613432,World/hcal_above_ecal/hcal_above_ecal_layer3_strip3
35,Scintillator,1270.58821136,20.0115613432,World/hcal_above_ecal/hcal_above_ecal_layer4_strip4
35,Aluminum3003,1193.84387361,0.500289033579,World/hcal_above_ecal/hcal_above_ecal_cover_1_placement
35,Aluminum3003,1219.25855651,0.500289033579,World/hcal_above_ecal/hcal_above_ecal_cover_2_placement
35,Aluminum3003,1244.67323942,0.500289033579,World/hcal_above_ecal/hcal_above_ecal_cover_3_placement
35,Aluminum3003,1270.08792233,0.500289033579,World/hcal_above_ecal/hcal_above_ecal_cover_4_placement
35,Scintillator,1699.47757596,20.0115613432,World/hcal_below_ecal/hcal_below_ecal_layer1_strip5
35,Scintillator,1723.01558871,20.0115613432,World/hcal_below_ecal/hcal_below_ecal_layer2_strip7
35,Scintillator,1746.55360146,20.0115613432,World/hcal_below_ecal/hcal_below_ecal_layer3_strip5
35,Scintillator,1770.09161422,20.0115613432,World/hcal_below_ecal/hcal_below_ecal_layer4_strip7
35,Aluminum3003,1698.97728692,0.500289033579,World/hcal_below_ecal/hcal_below_ecal_cover_1_placement
35,Aluminum3003,1722.51529968,0.500289033579,World/hcal_below_ecal/hcal_below_ecal_cover_2_placement
35,Aluminum3003,1746.05331243,0.500289033579,World/hcal_below_ecal/hcal_below_ecal_cover_3_placement
35,Aluminum3003,1769.59132518,0.500289033579,World/hcal_below_ecal/hcal_below_ecal_cover_4_placement
36,Polyvinyltoluene,860.548689462,2.00497836493,World/native_target/trigger_pad3_bar_volume_11
36,Polyvinyltoluene,856.538732732,2.00497836493,World/native_target/trigger_pad3_bar_volume_12
36,LYSO,935.234133556,0.601493509479,World/native_target/lvTarget_3/lvTargetArray1_phys/target_0
36,LYSO,936.036124902,0.601493509479,World/native_target/lvTarget_3/lvTargetArray2_phys/target_0
36,Polyvinyltoluene,630.377173168,2.00497836493,World/native_trig_scint/trigger_pad2_bar_volume_17
36,Polyvinyltoluene,626.367216438,2.00497836493,World/native_trig_scint/trigger_pad2_bar_volume_18
36,Polyvinyltoluene,554.989986647,2.00497836493,World/native_trig_scint/trigger_pad1_bar_volume_19
36,Polyvinyltoluene,550.980029917,2.00497836493,World/native_trig_scint/trigger_pad1_bar_volume_20
36,Silicon,691.669361784,0.320796538389,World/native_recoil/recoil_l14_sensor_vol_10/recoil_l14_active_sensor
36,Silicon,697.684296879,0.320796538389,World/native_recoil/recoil_l14_sensor_vol_20/recoil_l14_active_sensor
36,Silicon,791.918280031,0.320796538389,World/native_recoil/recoil_l14_sensor_vol_30/recoil_l14_active_sensor
36,Silicon,797.933215125,0.320796538389,World/native_recoil/recoil_l14_sensor_vol_40/recoil_l14_active_sensor
36,Aluminum,1352.74141978,0.801991345971,World/native_ecal/support_box_0/front_0_volume_0
36,Aluminum,1582.71243823,0.801991345972,World/native_ecal/support_box_0/front_1_volume_0
36,FR4,1430.43733889,0.902240264218,World/native_ecal/PCB_motherboard_volume_0
36,FR4,1435.616198,1.67014697799,World/native_ecal/PCB_volume_0
36,Glue,1437.28634498,0.100248918246,World/native_ecal/Glue_volume_0
36,Silicon,1437.3865939,0.300746754739,World/native_ecal/Si_volume_0
36,Glue,1437.68734065,0.200497836493,World/native_ecal/GlueThick_volume_0
36,Aluminum,1440.24368807,3.20796538389,World/native_ecal/C_volume_CarbonCoolingPlane_0
36,Glue,1443.45165345,0.200497836493,World/native_ecal/GlueThick_volume_0
36,Silicon,1443.65215129,0.300746754739,World/native_ecal/Si_volume_7
36,Glue,1443.95289804,0.100248918246,World/native_ecal/Glue_volume_0
36,FR4,1444.05314696,1.67014697799,World/native_ecal/PCB_volume_0
36,FR4,1450.50115738,0.902240264218,World/native_ecal/PCB_motherboard_volume_0
36,FR4,1481.38383914,0.902240264218,World/native_ecal/PCB_motherboard_volume_0
36,FR4,1486.56269826,1.67014697799,World/native_ecal/PCB_volume_0
36,Glue,1488.23284523,0.100248918246,World/native_ecal/Glue_volume_0
36,Silicon,1488.33309415,0.300746754739,World/native_ecal/Si_volume_14
36,Glue,1488.63384091,0.200497836493,World/native_ecal/GlueThick_volume_0
36,Aluminum,1491.19018832,3.20796538389,World/native_ecal/C_volume_CarbonCoolingPlane_0
36,Glue,1494.39815371,0.200497836493,World/native_ecal/GlueThick_volume_0
36,Silicon,1494.59865154,0.300746754739,World/native_ecal/Si_volume_21
36,Glue,1494.8993983,0.100248918246,World/native_ecal/Glue_volume_0
36,FR4,1494.99964721,1.67014697799,World/native_ecal/PCB_volume_0
36,FR4,1500.94641305,0.902240264218,World/native_ecal/PCB_motherboard_volume_0
36,Scintillator,231.864728106,20.0497836493,World/hcal_top/hcal_top_layer1_strip7
36,Scintillator,255.29448627,20.0497836493,World/hcal_top/hcal_top_layer2_strip4
36,Aluminum3003,231.363483515,0.501244591232,World/hcal_top/hcal_top_cover_1_placement
36,Aluminum3003,254.793241678,0.501244591232,World/hcal_top/hcal_top_cover_2_placement
36,Scintillator,1196.62537336,20.0497836493,World/hcal_above_ecal/hcal_above_ecal_layer1_strip3
36,Scintillator,1224.90974165,17.2286405915,World/hcal_above_ecal/hcal_above_ecal_layer2_strip3
36,Scintillator,1222.08859859,2.82114305777,World/hcal_above_ecal/hcal_above_ecal_layer2_strip4
36,Scintillator,1247.55182383,20.0497836493,World/hcal_above_ecal/hcal_above_ecal_layer3_strip3
36,Scintillator,1273.01504906,20.0497836493,World/hcal_above_ecal/hcal_above_ecal_layer4_strip3
36,Aluminum3003,1196.12412877,0.501244591232,World/hcal_above_ecal/hcal_above_ecal_cover_1_placement
36,Aluminum3003,1221.587354,0.501244591232,World/hcal_above_ecal/hcal_above_ecal_cover_2_placement
36,Aluminum3003,1247.05057924,0.501244591232,World/hcal_above_ecal/hcal_above_ecal_cover_3_placement
36,Aluminum3003,1272.51380447,0.501244591232,World/hcal_above_ecal/hcal_above_ecal_cover_4_placement
36,Scintillator,1702.72359715,20.0497836493,World/hcal_below_ecal/hcal_below_ecal_layer1_strip5
36,Scintillator,1726.30656777,20.0497836493,World/hcal_below_ecal/hcal_below_ecal_layer2_strip5
36,Scintillator,1749.88953839,20.0497836493,World/hcal_below_ecal/hcal_below_ecal_layer3_strip5
36,Scintillator,1773.47250901,20.0497836493,World/hcal_below_ecal/hcal_below_ecal_layer4_strip5
36,Aluminum3003,1702.22235256,0.501244591232,World/hcal_below_ecal/hcal_below_ecal_cover_1_placement
36,Aluminum3003,1725.80532318,0.501244591232,World/hcal_below_ecal/hcal_below_ecal_cover_2_placement
36,Aluminum3003,1749.3882938,0.501244591232,World/hcal_below_ecal/hcal_below_ecal_cover_3_placement
36,Aluminum3003,1772.97126442,0.501244591232,World/hcal_below_ecal/hcal_below_ecal_cover_4_placement
37,Polyvinyltoluene,855.062386574,2.00152254677,World/native_target/trigger_pad3_bar_volume_12
37,Polyvinyltoluene,859.065431667,2.00152254677,World/native_target/trigger_pad3_bar_volume_13
37,LYSO,933.622146535,0.600456764031,World/native_target/lvTarget_3/lvTargetArray1_phys/target_0
37,LYSO,934.422755553,0.600456764031,World/native_target/lvTarget_3/lvTargetArray2_phys/target_0
37,Polyvinyltoluene,554.03339554,2.00152254677,World/native_trig_scint/trigger_pad1_bar_volume_9
37,Polyvinyltoluene,625.287598205,2.00152254677,World/native_trig_scint/trigger_pad2_bar_volume_10
37,Polyvinyltoluene,629.290643298,2.00152254677,World/native_trig_scint/trigger_pad2_bar_volume_11
37,Polyvinyltoluene,550.030350446,2.00152254677,World/native_trig_scint/trigger_pad1_bar_volume_10
37,Silicon,690.477187553,0.320243607483,World/native_recoil/recoil_l14_sensor_vol_10/recoil_l14_active_sensor
37,Silicon,696.481755193,0.320243607483,World/native_recoil/recoil_l14_sensor_vol_20/recoil_l14_active_sensor
37,Silicon,790.553314891,0.320243607483,World/native_recoil/recoil_l14_sensor_vol_30/recoil_l14_active_sensor
37,Silicon,796.557882532,0.320243607483,World/native_recoil/recoil_l14_sensor_vol_40/recoil_l14_active_sensor
37,Aluminum,1350.4098094,0.800609018708,World/native_ecal/support_box_0/front_0_volume_0
37,Aluminum,1579.98444551,0.800609018708,World/native_ecal/support_box_0/front_1_volume_0
37,FR4,1427.97181037,0.900685146046,World/native_ecal/PCB_motherboard_volume_0
37,FR4,1433.14174311,1.66726828146,World/native_ecal/PCB_volume_0
37,Glue,1434.80901139,0.100076127338,World/native_ecal/Glue_volume_0
37,Silicon,1434.90908752,0.300228382015,World/native_ecal/Si_volume_0
37,Glue,1435.2093159,0.200152254677,World/native_ecal/GlueThick_volume_0
37,Aluminum,1437.76125715,3.20243607483,World/native_ecal/C_volume_CarbonCoolingPlane_0
37,Glue,1440.96369322,0.200152254677,World/native_ecal/GlueThick_volume_0
37,Silicon,1441.16384548,0.300228382015,World/native_ecal/Si_volume_7
37,Glue,1441.46407386,0.100076127338,World/native_ecal/Glue_volume_0
37,FR4,1441.56414999,1.66726828146,World/native_ecal/PCB_volume_0
37,FR4,1448.0010465,0.900685146046,World/native_ecal/PCB_motherboard_volume_0
37,FR4,1478.83049828,0.900685146046,World/native_ecal/PCB_motherboard_volume_0
37,FR4,1484.00043102,1.66726828146,World/native_ecal/PCB_volume_0
37,Glue,1485.6676993,0.100076127338,World/native_ecal/Glue_volume_0
37,Silicon,1485.76777543,0.300228382015,World/native_ecal/Si_volume_14
37,Glue,1486.06800381,0.200152254677,World/native_ecal/GlueThick_volume_0
37,Aluminum,1488.61994506,3.20243607483,World/native_ecal/C_volume_CarbonCoolingPlane_0
37,Glue,1491.82238113,0.200152254677,World/native_ecal/GlueThick_volume_0
37,Silicon,1492.02253339,0.300228382015,World/native_ecal/Si_volume_21
37,Glue,1492.32276177,0.100076127338,World/native_ecal/Glue_volume_0
37,FR4,1492.4228379,1.66726828146,World/native_ecal/PCB_volume_0
37,FR4,1498.35935377,0.900685146046,World/native_ecal/PCB_motherboard_volume_0
37,Scintillator,231.46508173,20.0152254677,World/hcal_top/hcal_top_layer1_strip6
37,Scintillator,254.854455925,20.0152254677,World/hcal_top/hcal_top_layer2_strip5
37,Aluminum3003,230.964701093,0.500380636692,World/hcal_top/hcal_top_cover_1_placement
37,Aluminum3003,254.354075288,0.500380636692,World/hcal_top/hcal_top_cover_2_placement
37,Scintillator,1194.56284751,20.0152254677,World/hcal_above_ecal/hcal_above_ecal_layer1_strip3
37,Scintillator,1219.98218386,20.0152254677,World/hcal_above_ecal/hcal_above_ecal_layer2_strip4
37,Scintillator,1245.4015202,20.0152254677,World/hcal_above_ecal/hcal_above_ecal_layer3_strip3
37,Scintillator,1270.82085655,20.0152254677,World/hcal_above_ecal/hcal_above_ecal_layer4_strip4
37,Aluminum3003,1194.06246688,0.500380636692,World/hcal_above_ecal/hcal_above_ecal_cover_1_placement
37,Aluminum3003,1219.48180322,0.500380636692,World/hcal_above_ecal/hcal_above_ecal_cover_2_placement
37,Aluminum3003,1244.90113957,0.500380636692,World/hcal_above_ecal/hcal_above_ecal_cover_3_placement
37,Aluminum3003,1270.32047591,0.500380636692,World/hcal_above_ecal/hcal_above_ecal_cover_4_placement
37,Scintillator,1699.78875095,20.0152254677,World/hcal_below_ecal/hcal_below_ecal_layer1_strip4
37,Scintillator,1723.33107352,20.0152254677,World/hcal_below_ecal/hcal_below_ecal_layer2_strip7
37,Scintillator,1746.8733961,20.0152254677,World/hcal_below_ecal/hcal_below_ecal_layer3_strip4
37,Scintillator,1770.41571867,20.0152254677,World/hcal_below_ecal/hcal_below_ecal_layer4_strip7
37,Aluminum3003,1699.28837031,0.500380636692,World/hcal_below_ecal/hcal_below_ecal_cover_1_placement
37,Aluminum3003,1722.83069289,0.500380636692,World/hcal_below_ecal/hcal_below_ecal_cover_2_placement
37,Aluminum3003,1746.37301546,0.500380636692,World/hcal_below_ecal/hcal_below_ecal_cover_3_placement
37,Aluminum3003,1769.91533803,0.500380636692,World/hcal_below_ecal/hcal_below_ecal_cover_4_placement
38,Polyvinyltoluene,856.313149146,2.00445032085,World/native_target/trigger_pad3_bar_volume_0
38,Polyvinyltoluene,860.322049788,1.25653429101,World/native_target/trigger_pad3_bar_volume_1
38,LYSO,934.987824239,0.601335096254,World/native_target/lvTarget_3/lvTargetArray1_phys/target_0
38,LYSO,935.789604367,0.601335096254,World/native_target/lvTarget_3/lvTargetArray2_phys/target_0
38,Polyvinyltoluene,630.211152954,2.00445032085,World/native_trig_scint/trigger_pad2_bar_volume_9
38,Polyvinyltoluene,626.202252313,2.00445032085,World/native_trig_scint/trigger_pad2_bar_volume_10
38,Polyvinyltoluene,550.834920249,2.00445032085,World/native_trig_scint/trigger_pad1_bar_volume_12
38,Polyvinyltoluene,554.843820891,2.00445032085,World/native_trig_scint/trigger_pad1_bar_volume_13
38,Silicon,691.487199263,0.320712051335,World/native_recoil/recoil_l14_sensor_vol_10/recoil_l14_active_sensor
38,Silicon,697.500550225,0.320712051335,World/native_recoil/recoil_l14_sensor_vol_20/recoil_l14_active_sensor
38,Silicon,791.709715305,0.320712051335,World/native_recoil/recoil_l14_sensor_vol_30/recoil_l14_active_sensor
38,Silicon,797.723066268,0.320712051335,World/native_recoil/recoil_l14_sensor_vol_40/recoil_l14_active_sensor
38,Aluminum,1352.38515304,0.801780128338,World/native_ecal/support_box_0/front_0_volume_0
38,Aluminum,1582.29560484,0.801780128338,World/native_ecal/support_box_0/front_1_volume_0
38,FR4,1430.06060965,0.90200264438,World/native_ecal/PCB_motherboard_volume_0
38,FR4,1435.23810483,1.66970711726,World/native_ecal/PCB_volume_0
38,Glue,1436.90781194,0.100222516042,World/native_ecal/Glue_volume_0
38,Silicon,1437.00803446,0.300667548127,World/native_ecal/Si_volume_0
38,Glue,1437.30870201,0.200445032085,World/native_ecal/GlueThick_volume_0
38,Aluminum,1439.86437617,3.20712051335,World/native_ecal/C_volume_CarbonCoolingPlane_0
38,Glue,1443.07149668,0.200445032084,World/native_ecal/GlueThick_volume_0
38,Silicon,1443.27194171,0.300667548127,World/native_ecal/Si_volume_7
38,Glue,1443.57260926,0.100222516042,World/native_ecal/Glue_volume_0
38,FR4,1443.67283178,1.66970711726,World/native_ecal/PCB_volume_0
38,FR4,1450.11914401,0.90200264438,World/native_ecal/PCB_motherboard_volume_0
38,FR4,1480.9936923,0.902002644381,World/native_ecal/PCB_motherboard_volume_0
38,FR4,1486.17118748,1.66970711726,World/native_ecal/PCB_volume_0
38,Glue,1487.8408946,0.100222516042,World/native_ecal/Glue_volume_0
38,Silicon,1487.94111711,0.300667548127,World/native_ecal/Si_volume_14
38,Glue,1488.24178466,0.200445032085,World/native_ecal/GlueThick_volume_0
38,Aluminum,1490.79745882,3.20712051335,World/native_ecal/C_volume_CarbonCoolingPlane_0
38,Glue,1494.00457933,0.200445032084,World/native_ecal/GlueThick_volume_0
38,Silicon,1494.20502436,0.300667548127,World/native_ecal/Si_volume_21
38,Glue,1494.50569191,0.100222516042,World/native_ecal/Glue_volume_0
38,FR4,1494.60591443,1.66970711726,World/native_ecal/PCB_volume_0
38,FR4,1500.55111408,0.90200264438,World/native_ecal/PCB_motherboard_volume_0
38,Scintillator,231.80366271,20.0445032085,World/hcal_top/hcal_top_layer1_strip6
38,Scintillator,255.227250261,20.0445032085,World/hcal_top/hcal_top_layer2_strip4
38,Aluminum3003,231.30255013,0.501112580211,World/hcal_top/hcal_top_cover_1_placement
38,Aluminum3003,254.72613768,0.501112580211,World/hcal_top/hcal_top_cover_2_placement
38,Scintillator,1196.31022235,7.81248360329,World/hcal_above_ecal/hcal_above_ecal_layer1_strip3
38,Scintillator,1204.12270596,12.2320196052,World/hcal_above_ecal/hcal_above_ecal_layer1_strip4
38,Scintillator,1221.76674143,20.0445032085,World/hcal_above_ecal/hcal_above_ecal_layer2_strip4
38,Scintillator,1247.2232605,20.0445032085,World/hcal_above_ecal/hcal_above_ecal_layer3_strip4
38,Scintillator,1272.67977958,20.0445032085,World/hcal_above_ecal/hcal_above_ecal_layer4_strip4
38,Aluminum3003,1195.80910977,0.501112580211,World/hcal_above_ecal/hcal_above_ecal_cover_1_placement
38,Aluminum3003,1221.26562885,0.501112580211,World/hcal_above_ecal/hcal_above_ecal_cover_2_placement
38,Aluminum3003,1246.72214792,0.501112580211,World/hcal_above_ecal/hcal_above_ecal_cover_3_placement
38,Aluminum3003,1272.178667,0.501112580211,World/hcal_above_ecal/hcal_above_ecal_cover_4_placement
38,Scintillator,1702.27515684,20.0445032085,World/hcal_below_ecal/hcal_below_ecal_layer1_strip6
38,Scintillator,1725.85191649,20.0445032085,World/hcal_below_ecal/hcal_below_ecal_layer2_strip5
38,Scintillator,1749.42867615,20.0445032085,World/hcal_below_ecal/hcal_below_ecal_layer3_strip6
38,Scintillator,1773.00543581,20.0445032085,World/hcal_below_ecal/hcal_below_ecal_layer4_strip5
38,Aluminum3003,1701.77404426,0.501112580211,World/hcal_below_ecal/hcal_below_ecal_cover_1_placement
38,Aluminum3003,1725.35080391,0.501112580211,World/hcal_below_ecal/hcal_below_ecal_cover_2_placement
38,Aluminum3003,1748.92756357,0.501112580211,World/hcal_below_ecal/hcal_below_ecal_cover_3_placement
38,Aluminum3003,1772.50432323,0.501112580211,World/hcal_below_ecal/hcal_below_ecal_cover_4_placement
39,Polyvinyltoluene,855.311391762,2.00210541593,World/native_target/trigger_pad3_bar_volume_4
39,Polyvinyltoluene,859.315602593,2.00210541593,World/native_target/trigger_pad3_bar_volume_5
39,LYSO,933.894029337,0.60063162478,World/native_target/lvTarget_3/lvTargetArray1_phys/target_0
39,LYSO,934.694871503,0.60063162478,World/native_target/lvTarget_3/lvTargetArray2_phys/target_0
39,Polyvinyltoluene,625.469690013,2.00210541593,World/native_trig_scint/trigger_pad2_bar_volume_6
39,Polyvinyltoluene,629.473900844,2.00210541593,World/native_trig_scint/trigger_pad2_bar_volume_7
39,Polyvinyltoluene,550.190526373,2.00210541593,World/native_trig_scint/trigger_pad1_bar_volume_6
39,Polyvinyltoluene,554.194737205,2.00210541593,World/native_trig_scint/trigger_pad1_bar_volume_7
39,Silicon,690.678263409,0.320336866549,World/native_recoil/recoil_l14_sensor_vol_10/recoil_l14_active_sensor
39,Silicon,696.684579657,0.320336866549,World/native_recoil/recoil_l14_sensor_vol_20/recoil_l14_active_sensor
39,Silicon,790.783534206,0.320336866549,World/native_recoil/recoil_l14_sensor_vol_30/recoil_l14_active_sensor
39,Silicon,796.789850454,0.320336866549,World/native_recoil/recoil_l14_sensor_vol_40/recoil_l14_active_sensor
39,Aluminum,1350.80306614,0.800842166373,World/native_ecal/support_box_0/front_0_volume_0
39,Aluminum,1580.44455735,0.800842166373,World/native_ecal/support_box_0/front_1_volume_0
39,FR4,1428.38765417,0.90094743717,World/native_ecal/PCB_motherboard_volume_0
39,FR4,1433.55909246,1.66775381147,World/native_ecal/PCB_volume_0
39,Glue,1435.22684627,0.100105270797,World/native_ecal/Glue_volume_0
39,Silicon,1435.32695154,0.30031581239,World/native_ecal/Si_volume_0
39,Glue,1435.62726735,0.200210541593,World/native_ecal/GlueThick_volume_0
39,Aluminum,1438.17995176,3.20336866549,World/native_ecal/C_volume_CarbonCoolingPlane_0
39,Glue,1441.38332042,0.200210541593,World/native_ecal/GlueThick_volume_0
39,Silicon,1441.58353096,0.30031581239,World/native_ecal/Si_volume_7
39,Glue,1441.88384678,0.100105270796,World/native_ecal/Glue_volume_0
39,FR4,1441.98395205,1.66775381147,World/native_ecal/PCB_volume_0
39,FR4,1448.42272306,0.90094743717,World/native_ecal/PCB_motherboard_volume_0
39,FR4,1479.26115279,0.90094743717,World/native_ecal/PCB_motherboard_volume_0
39,FR4,1484.43259107,1.66775381147,World/native_ecal/PCB_volume_0
39,Glue,1486.10034489,0.100105270796,World/native_ecal/Glue_volume_0
39,Silicon,1486.20045016,0.30031581239,World/native_ecal/Si_volume_14
39,Glue,1486.50076597,0.200210541593,World/native_ecal/GlueThick_volume_0
39,Aluminum,1489.05345037,3.20336866549,World/native_ecal/C_volume_CarbonCoolingPlane_0
39,Glue,1492.25681904,0.200210541593,World/native_ecal/GlueThick_volume_0
39,Silicon,1492.45702958,0.30031581239,World/native_ecal/Si_volume_21
39,Glue,1492.75734539,0.100105270797,World/native_ecal/Glue_volume_0
39,FR4,1492.85745066,1.66775381147,World/native_ecal/PCB_volume_0
39,FR4,1498.79569533,0.90094743717,World/native_ecal/PCB_motherboard_volume_0
39,Scintillator,231.532487345,20.0210541593,World/hcal_top/hcal_top_layer1_strip6
39,Scintillator,254.928672827,20.0210541593,World/hcal_top/hcal_top_layer2_strip5
39,Aluminum3003,231.031960991,0.500526353983,World/hcal_top/hcal_top_cover_1_placement
39,Aluminum3003,254.428146473,0.500526353983,World/hcal_top/hcal_top_cover_2_placement
39,Scintillator,1194.91071961,20.0210541593,World/hcal_above_ecal/hcal_above_ecal_layer1_strip3
39,Scintillator,1220.3374584,20.0210541593,World/hcal_above_ecal/hcal_above_ecal_layer2_strip4
39,Scintillator,1245.76419718,20.0210541593,World/hcal_above_ecal/hcal_above_ecal_layer3_strip3
39,Scintillator,1286.16868261,5.04330750609,World/hcal_above_ecal/hcal_above_ecal_layer4_strip3
39,Scintillator,1271.19093596,14.9777466532,World/hcal_above_ecal/hcal_above_ecal_layer4_strip4
39,Aluminum3003,1194.41019326,0.500526353983,World/hcal_above_ecal/hcal_above_ecal_cover_1_placement
39,Aluminum3003,1219.83693204,0.500526353983,World/hcal_above_ecal/hcal_above_ecal_cover_2_placement
39,Aluminum3003,1245.26367082,0.500526353983,World/hcal_above_ecal/hcal_above_ecal_cover_3_placement
39,Aluminum3003,1270.69040961,0.500526353983,World/hcal_above_ecal/hcal_above_ecal_cover_4_placement
39,Scintillator,1700.28375134,20.0210541593,World/hcal_below_ecal/hcal_below_ecal_layer1_strip5
39,Scintillator,1723.83292974,20.0210541593,World/hcal_below_ecal/hcal_below_ecal_layer2_strip5
39,Scintillator,1747.38210814,20.0210541593,World/hcal_below_ecal/hcal_below_ecal_layer3_strip5
39,Scintillator,1770.93128654,20.0210541593,World/hcal_below_ecal/hcal_below_ecal_layer4_strip5
39,Aluminum3003,1699.78322499,0.500526353983,World/hcal_below_ecal/hcal_below_ecal_cover_1_placement
39,Aluminum3003,1723.33240339,0.500526353983,World/hcal_below_ecal/hcal_below_ecal_cover_2_placement
39,Aluminum3003,1746.88158179,0.500526353983,World/hcal_below_ecal/hcal_below_ecal_cover_3_placement
39,Aluminum3003,1770.43076019,0.500526353983,World/hcal_below_ecal/hcal_below_ecal_cover_4_placement
40,Polyvinyltoluene,859.189722677,2.00181213037,World/native_target/trigger_pad3_bar_volume_13
40,Polyvinyltoluene,855.186098416,2.00181213037,World/native_target/trigger_pad3_bar_volume_14
40,LYSO,933.757224533,0.60054363911,World/native_target/lvTarget_3/lvTargetArray1_phys/target_0
40,LYSO,934.557949385,0.60054363911,World/native_target/lvTarget_3/lvTargetArray2_phys/target_0
40,Polyvinyltoluene,629.381690111,2.00181213037,World/native_trig_scint/trigger_pad2_bar_volume_15
40,Polyvinyltoluene,625.37806585,2.00181213037,World/native_trig_scint/trigger_pad2_bar_volume_16
40,Polyvinyltoluene,550.109929748,2.00181213037,World/native_trig_scint/trigger_pad1_bar_volume_16
40,Polyvinyltoluene,554.113554009,2.00181213037,World/native_trig_scint/trigger_pad1_bar_volume_17
40,Silicon,690.577086936,0.320289940859,World/native_recoil/recoil_l14_sensor_vol_10/recoil_l14_active_sensor
40,Silicon,696.582523327,0.320289940859,World/native_recoil/recoil_l14_sensor_vol_20/recoil_l14_active_sensor
40,Silicon,790.667693454,0.320289940859,World/native_recoil/recoil_l14_sensor_vol_30/recoil_l14_active_sensor
40,Silicon,796.673129845,0.320289940859,World/native_recoil/recoil_l14_sensor_vol_40/recoil_l14_active_sensor
40,Aluminum,1350.60518893,0.800724852147,World/native_ecal/support_box_0/front_0_volume_0
40,Aluminum,1580.21304028,0.800724852147,World/native_ecal/support_box_0/front_1_volume_0
40,FR4,1428.1784117,0.900815458665,World/native_ecal/PCB_motherboard_volume_0
40,FR4,1433.34909243,1.6675095046,World/native_ecal/PCB_volume_0
40,Glue,1435.01660193,0.100090606518,World/native_ecal/Glue_volume_0
40,Silicon,1435.11669254,0.300271819555,World/native_ecal/Si_volume_0
40,Glue,1435.41696436,0.200181213037,World/native_ecal/GlueThick_volume_0
40,Aluminum,1437.96927483,3.20289940859,World/native_ecal/C_volume_CarbonCoolingPlane_0
40,Glue,1441.17217423,0.200181213037,World/native_ecal/GlueThick_volume_0
40,Silicon,1441.37235545,0.300271819555,World/native_ecal/Si_volume_7
40,Glue,1441.67262727,0.100090606518,World/native_ecal/Glue_volume_0
40,FR4,1441.77271787,1.6675095046,World/native_ecal/PCB_volume_0
40,FR4,1448.21054569,0.900815458665,World/native_ecal/PCB_motherboard_volume_0
40,FR4,1479.04445793,0.900815458665,World/native_ecal/PCB_motherboard_volume_0
40,FR4,1484.21513866,1.6675095046,World/native_ecal/PCB_volume_0
40,Glue,1485.88264817,0.100090606518,World/native_ecal/Glue_volume_0
40,Silicon,1485.98273877,0.300271819555,World/native_ecal/Si_volume_14
40,Glue,1486.28301059,0.200181213037,World/native_ecal/GlueThick_volume_0
40,Aluminum,1488.83532106,3.20289940859,World/native_ecal/C_volume_CarbonCoolingPlane_0
40,Glue,1492.03822047,0.200181213037,World/native_ecal/GlueThick_volume_0
40,Silicon,1492.23840168,0.300271819555,World/native_ecal/Si_volume_21
40,Glue,1492.5386735,0.100090606518,World/native_ecal/Glue_volume_0
40,FR4,1492.63876411,1.6675095046,World/native_ecal/PCB_volume_0
40,FR4,1498.57613889,0.900815458665,World/native_ecal/PCB_motherboard_volume_0
40,Scintillator,231.498570482,20.0181213037,World/hcal_top/hcal_top_layer1_strip5
40,Scintillator,254.891328689,20.0181213037,World/hcal_top/hcal_top_layer2_strip4
40,Aluminum3003,230.998117449,0.500453032592,World/hcal_top/hcal_top_cover_1_placement
40,Aluminum3003,254.390875657,0.500453032592,World/hcal_top/hcal_top_cover_2_placement
40,Scintillator,1194.73567885,20.0181213037,World/hcal_above_ecal/hcal_above_ecal_layer1_strip3
40,Scintillator,1220.1586929,20.0181213037,World/hcal_above_ecal/hcal_above_ecal_layer2_strip4
40,Scintillator,1245.58170696,20.0181213037,World/hcal_above_ecal/hcal_above_ecal_layer3_strip3
40,Scintillator,1271.00472101,20.0181213037,World/hcal_above_ecal/hcal_above_ecal_layer4_strip4
40,Aluminum3003,1194.23522581,0.500453032592,World/hcal_above_ecal/hcal_above_ecal_cover_1_placement
40,Aluminum3003,1219.65823987,0.500453032592,World/hcal_above_ecal/hcal_above_ecal_cover_2_placement
40,Aluminum3003,1245.08125393,0.500453032592,World/hcal_above_ecal/hcal_above_ecal_cover_3_placement
40,Aluminum3003,1270.50426798,0.500453032592,World/hcal_above_ecal/hcal_above_ecal_cover_4_placement
40,Scintillator,1700.0346792,20.0181213037,World/hcal_below_ecal/hcal_below_ecal_layer1_strip5
40,Scintillator,1723.58040792,20.0181213037,World/hcal_below_ecal/hcal_below_ecal_layer2_strip7
40,Scintillator,1747.12613663,20.0181213037,World/hcal_below_ecal/hcal_below_ecal_layer3_strip5
40,Scintillator,1770.67186535,20.0181213037,World/hcal_below_ecal/hcal_below_ecal_layer4_strip7
40,Aluminum3003,1699.53422617,0.500453032592,World/hcal_below_ecal/hcal_below_ecal_cover_1_placement
40,Aluminum3003,1723.07995488,0.500453032592,World/hcal_below_ecal/hcal_below_ecal_cover_2_placement
40,Aluminum3003,1746.6256836,0.500453032592,World/hcal_below_ecal/hcal_below_ecal_cover_3_placement
40,Aluminum3003,1770.17141231,0.500453032591,World/hcal_below_ecal/hcal_below_ecal_cover_4_placement
41,Polyvinyltoluene,855.731272042,2.00308826802,World/native_target/trigger_pad3_bar_volume_6
41,Polyvinyltoluene,859.737448578,2.00308826802,World/native_target/trigger_pad3_bar_volume_7
41,LYSO,934.352486561,0.600926480405,World/native_target/lvTarget_3/lvTargetArray1_phys/target_0
41,LYSO,935.153721868,0.600926480405,World/native_target/lvTarget_3/lvTargetArray2_phys/target_0
41,Polyvinyltoluene,550.460619996,2.00308826802,World/native_trig_scint/trigger_pad1_bar_volume_0
41,Polyvinyltoluene,554.466796532,2.00308826802,World/native_trig_scint/trigger_pad1_bar_volume_1
41,Polyvinyltoluene,625.776738873,2.00308826802,World/native_trig_scint/trigger_pad2_bar_volume_2
41,Polyvinyltoluene,629.78291541,2.00308826802,World/native_trig_scint/trigger_pad2_bar_volume_3
41,Silicon,691.017323763,0.320494122883,World/native_recoil/recoil_l14_sensor_vol_10/recoil_l14_active_sensor
41,Silicon,697.026588567,0.320494122882,World/native_recoil/recoil_l14_sensor_vol_20/recoil_l14_active_sensor
41,Silicon,791.171737164,0.320494122882,World/native_recoil/recoil_l14_sensor_vol_30/recoil_l14_active_sensor
41,Silicon,797.181001968,0.320494122883,World/native_recoil/recoil_l14_sensor_vol_40/recoil_l14_active_sensor
41,Aluminum,1351.46618787,0.801235307206,World/native_ecal/support_box_0/front_0_volume_0
41,Aluminum,1581.22041221,0.801235307206,World/native_ecal/support_box_0/front_1_volume_0
41,FR4,1429.08886289,0.901389720607,World/native_ecal/PCB_motherboard_volume_0
41,FR4,1434.26283989,1.66857252726,World/native_ecal/PCB_volume_0
41,Glue,1435.93141241,0.100154413401,World/native_ecal/Glue_volume_0
41,Silicon,1436.03156683,0.300463240202,World/native_ecal/Si_volume_0
41,Glue,1436.33203007,0.200308826802,World/native_ecal/GlueThick_volume_0
41,Aluminum,1438.88596761,3.20494122882,World/native_ecal/C_volume_CarbonCoolingPlane_0
41,Glue,1442.09090884,0.200308826801,World/native_ecal/GlueThick_volume_0
41,Silicon,1442.29121766,0.300463240202,World/native_ecal/Si_volume_7
41,Glue,1442.5916809,0.100154413401,World/native_ecal/Glue_volume_0
41,FR4,1442.69183532,1.66857252726,World/native_ecal/PCB_volume_0
41,FR4,1449.13376719,0.901389720607,World/native_ecal/PCB_motherboard_volume_0
41,FR4,1479.98733578,0.901389720607,World/native_ecal/PCB_motherboard_volume_0
41,FR4,1485.16131278,1.66857252726,World/native_ecal/PCB_volume_0
41,Glue,1486.8298853,0.100154413401,World/native_ecal/Glue_volume_0
41,Silicon,1486.93003972,0.300463240202,World/native_ecal/Si_volume_14
41,Glue,1487.23050296,0.200308826802,World/native_ecal/GlueThick_volume_0
41,Aluminum,1489.7844405,3.20494122882,World/native_ecal/C_volume_CarbonCoolingPlane_0
41,Glue,1492.98938173,0.200308826801,World/native_ecal/GlueThick_volume_0
41,Silicon,1493.18969055,0.300463240202,World/native_ecal/Si_volume_21
41,Glue,1493.49015379,0.100154413401,World/native_ecal/Glue_volume_0
41,FR4,1493.59030821,1.66857252726,World/native_ecal/PCB_volume_0
41,FR4,1499.53146801,0.901389720607,World/native_ecal/PCB_motherboard_volume_0
41,Scintillator,231.646148787,20.0308826802,World/hcal_top/hcal_top_layer1_strip6
41,Scintillator,255.053819672,20.0308826802,World/hcal_top/hcal_top_layer2_strip5
41,Aluminum3003,231.14537672,0.500772067004,World/hcal_top/hcal_top_cover_1_placement
41,Aluminum3003,254.553047605,0.500772067004,World/hcal_top/hcal_top_cover_2_placement
41,Scintillator,1195.49731235,20.0308826802,World/hcal_above_ecal/hcal_above_ecal_layer1_strip3
41,Scintillator,1220.93653335,20.0308826802,World/hcal_above_ecal/hcal_above_ecal_layer2_strip3
41,Scintillator,1246.37575436,20.0308826802,World/hcal_above_ecal/hcal_above_ecal_layer3_strip3
41,Scintillator,1271.81497536,20.0308826802,World/hcal_above_ecal/hcal_above_ecal_layer4_strip3
41,Aluminum3003,1194.99654028,0.500772067004,World/hcal_above_ecal/hcal_above_ecal_cover_1_placement
41,Aluminum3003,1220.43576128,0.500772067004,World/hcal_above_ecal/hcal_above_ecal_cover_2_placement
41,Aluminum3003,1245.87498229,0.500772067004,World/hcal_above_ecal/hcal_above_ecal_cover_3_placement
41,Aluminum3003,1271.31420329,0.500772067004,World/hcal_above_ecal/hcal_above_ecal_cover_4_placement
41,Scintillator,1701.11843638,20.0308826802,World/hcal_below_ecal/hcal_below_ecal_layer1_strip4
41,Scintillator,1724.67917529,20.0308826802,World/hcal_below_ecal/hcal_below_ecal_layer2_strip5
41,Scintillator,1748.2399142,20.0308826802,World/hcal_below_ecal/hcal_below_ecal_layer3_strip4
41,Scintillator,1771.80065311,20.0308826802,World/hcal_below_ecal/hcal_below_ecal_layer4_strip5
41,Aluminum3003,1700.61766431,0.500772067004,World/hcal_below_ecal/hcal_below_ecal_cover_1_placement
41,Aluminum3003,1724.17840322,0.500772067004,World/hcal_below_ecal/hcal_below_ecal_cover_2_placement
41,Aluminum3003,1747.73914213,0.500772067004,World/hcal_below_ecal/hcal_below_ecal_cover_3_placement
41,Aluminum3003,1771.29988104,0.500772067004,World/hcal_below_ecal/hcal_below_ecal_cover_4_placement
42,Polyvinyltoluene,855.063587287,2.00152535739,World/native_target/trigger_pad3_bar_volume_6
42,Polyvinyltoluene,859.066638002,2.00152535739,World/native_target/trigger_pad3_bar_volume_7
42,LYSO,933.623457565,0.600457607217,World/native_target/lvTarget_3/lvTargetArray1_phys/target_0
42,LYSO,934.424067707,0.600457607217,World/native_target/lvTarget_3/lvTargetArray2_phys/target_0
42,Polyvinyltoluene,630.758460299,0.534592032165,World/native_trig_scint/trigger_pad2_bar_volume_11
42,Polyvinyltoluene,625.288476259,2.00152535739,World/native_trig_scint/trigger_pad2_bar_volume_12
42,Polyvinyltoluene,554.034173536,2.00152535739,World/native_trig_scint/trigger_pad1_bar_volume_13
42,Polyvinyltoluene,550.031122821,2.00152535739,World/native_trig_scint/trigger_pad1_bar_volume_14
42,Silicon,690.478157149,0.320244057182,World/native_recoil/recoil_l14_sensor_vol_10/recoil_l14_active_sensor
42,Silicon,696.482733221,0.320244057182,World/native_recoil/recoil_l14_sensor_vol_20/recoil_l14_active_sensor
42,Silicon,790.554425018,0.320244057182,World/native_recoil/recoil_l14_sensor_vol_30/recoil_l14_active_sensor
42,Silicon,796.559001091,0.320244057182,World/native_recoil/recoil_l14_sensor_vol_40/recoil_l14_active_sensor
42,Aluminum,1350.4117057,0.800610142956,World/native_ecal/support_box_0/front_0_volume_0
42,Aluminum,1579.98666419,0.800610142956,World/native_ecal/support_box_0/front_1_volume_0
42,FR4,1427.97381559,0.900686410825,World/native_ecal/PCB_motherboard_volume_0
42,FR4,1433.14375558,1.6672706227,World/native_ecal/PCB_volume_0
42,Glue,1434.81102621,0.100076267869,World/native_ecal/Glue_volume_0
42,Silicon,1434.91110247,0.300228803608,World/native_ecal/Si_volume_0
42,Glue,1435.21133128,0.200152535739,World/native_ecal/GlueThick_volume_0
42,Aluminum,1437.76327611,3.20244057182,World/native_ecal/C_volume_CarbonCoolingPlane_0
42,Glue,1440.96571668,0.200152535739,World/native_ecal/GlueThick_volume_0
42,Silicon,1441.16586922,0.300228803608,World/native_ecal/Si_volume_7
42,Glue,1441.46609802,0.100076267869,World/native_ecal/Glue_volume_0
42,FR4,1441.56617429,1.6672706227,World/native_ecal/PCB_volume_0
42,FR4,1448.00307984,0.900686410825,World/native_ecal/PCB_motherboard_volume_0
42,FR4,1478.83257492,0.900686410825,World/native_ecal/PCB_motherboard_volume_0
42,FR4,1484.00251492,1.6672706227,World/native_ecal/PCB_volume_0
42,Glue,1485.66978554,0.100076267869,World/native_ecal/Glue_volume_0
42,Silicon,1485.76986181,0.300228803608,World/native_ecal/Si_volume_14
42,Glue,1486.07009061,0.200152535739,World/native_ecal/GlueThick_volume_0
42,Aluminum,1488.62203544,3.20244057182,World/native_ecal/C_volume_CarbonCoolingPlane_0
42,Glue,1491.82447601,0.200152535739,World/native_ecal/GlueThick_volume_0
42,Silicon,1492.02462855,0.300228803608,World/native_ecal/Si_volume_21
42,Glue,1492.32485735,0.100076267869,World/native_ecal/Glue_volume_0
42,FR4,1492.42493362,1.6672706227,World/native_ecal/PCB_volume_0
42,FR4,1498.36145783,0.900686410825,World/native_ecal/PCB_motherboard_volume_0
42,Scintillator,231.465406763,20.0152535739,World/hcal_top/hcal_top_layer1_strip6
42,Scintillator,254.854813801,20.0152535739,World/hcal_top/hcal_top_layer2_strip4
42,Aluminum3003,230.965025423,0.500381339347,World/hcal_top/hcal_top_cover_1_placement
42,Aluminum3003,254.354432462,0.500381339347,World/hcal_top/hcal_top_cover_2_placement
42,Scintillator,1194.56452497,20.0152535739,World/hcal_above_ecal/hcal_above_ecal_layer1_strip3
42,Scintillator,1219.98389701,20.0152535739,World/hcal_above_ecal/hcal_above_ecal_layer2_strip4
42,Scintillator,1245.40326905,20.0152535739,World/hcal_above_ecal/hcal_above_ecal_layer3_strip3
42,Scintillator,1270.82264109,20.0152535739,World/hcal_above_ecal/hcal_above_ecal_layer4_strip4
42,Aluminum3003,1194.06414363,0.500381339347,World/hcal_above_ecal/hcal_above_ecal_cover_1_placement
42,Aluminum3003,1219.48351567,0.500381339347,World/hcal_above_ecal/hcal_above_ecal_cover_2_placement
42,Aluminum3003,1244.90288771,0.500381339347,World/hcal_above_ecal/hcal_above_ecal_cover_3_placement
42,Aluminum3003,1270.32225975,0.500381339347,World/hcal_above_ecal/hcal_above_ecal_cover_4_placement
42,Scintillator,1699.79113786,20.0152535739,World/hcal_below_ecal/hcal_below_ecal_layer1_strip5
42,Scintillator,1723.3334935,20.0152535739,World/hcal_below_ecal/hcal_below_ecal_layer2_strip6
42,Scintillator,1746.87584913,20.0152535739,World/hcal_below_ecal/hcal_below_ecal_layer3_strip5
42,Scintillator,1770.41820476,20.0152535739,World/hcal_below_ecal/hcal_below_ecal_layer4_strip6
42,Aluminum3003,1699.29075652,0.500381339347,World/hcal_below_ecal/hcal_below_ecal_cover_1_placement
42,Aluminum3003,1722.83311216,0.500381339347,World/hcal_below_ecal/hcal_below_ecal_cover_2_placement
42,Aluminum3003,1746.37546779,0.500381339347,World/hcal_below_ecal/hcal_below_ecal_cover_3_placement
42,Aluminum3003,1769.91782342,0.500381339347,World/hcal_below_ecal/hcal_below_ecal_cover_4_placement
43,Polyvinyltoluene,861.503956818,2.00720402677,World/native_target/trigger_pad3_bar_volume_15
43,Polyvinyltoluene,857.489548765,2.00720402677,World/native_target/trigger_pad3_bar_volume_16
43,LYSO,936.272306816,0.602161208032,World/native_target/lvTarget_3/lvTargetArray1_phys/target_0
43,LYSO,937.075188426,0.602161208031,World/native_target/lvTarget_3/lvTargetArray2_phys/target_0
43,Polyvinyltoluene,551.591655085,2.00720402677,World/native_trig_scint/trigger_pad1_bar_volume_4
43,Polyvinyltoluene,555.606063138,2.00720402677,World/native_trig_scint/trigger_pad1_bar_volume_5
43,Polyvinyltoluene,627.062526491,2.00720402677,World/native_trig_scint/trigger_pad2_bar_volume_6
43,Polyvinyltoluene,631.076934545,2.00720402677,World/native_trig_scint/trigger_pad2_bar_volume_7
43,Silicon,692.437161643,0.321152644283,World/native_recoil/recoil_l14_sensor_vol_10/recoil_l14_active_sensor
43,Silicon,698.458773724,0.321152644284,World/native_recoil/recoil_l14_sensor_vol_20/recoil_l14_active_sensor
43,Silicon,792.797362982,0.321152644283,World/native_recoil/recoil_l14_sensor_vol_30/recoil_l14_active_sensor
43,Silicon,798.818975062,0.321152644283,World/native_recoil/recoil_l14_sensor_vol_40/recoil_l14_active_sensor
43,Aluminum,1354.24305442,0.802881610709,World/native_ecal/support_box_0/front_0_volume_0
43,Aluminum,1584.46935629,0.802881610709,World/native_ecal/support_box_0/front_1_volume_0
43,FR4,1432.02522126,0.903241812047,World/native_ecal/PCB_motherboard_volume_0
43,FR4,1437.20982926,1.6720009543,World/native_ecal/PCB_volume_0
43,Glue,1438.88183021,0.100360201339,World/native_ecal/Glue_volume_0
43,Silicon,1438.98219042,0.301080604016,World/native_ecal/Si_volume_0
43,Glue,1439.28327102,0.200720402677,World/native_ecal/GlueThick_volume_0
43,Aluminum,1441.84245615,3.21152644283,World/native_ecal/C_volume_CarbonCoolingPlane_0
43,Glue,1445.0539826,0.200720402677,World/native_ecal/GlueThick_volume_0
43,Silicon,1445.254703,0.301080604016,World/native_ecal/Si_volume_7
43,Glue,1445.5557836,0.100360201338,World/native_ecal/Glue_volume_0
43,FR4,1445.6561438,1.6720009543,World/native_ecal/PCB_volume_0
43,FR4,1452.11131195,0.903241812047,World/native_ecal/PCB_motherboard_volume_0
43,FR4,1483.02827558,0.903241812047,World/native_ecal/PCB_motherboard_volume_0
43,FR4,1488.21288358,1.6720009543,World/native_ecal/PCB_volume_0
43,Glue,1489.88488453,0.100360201338,World/native_ecal/Glue_volume_0
43,Silicon,1489.98524474,0.301080604016,World/native_ecal/Si_volume_14
43,Glue,1490.28632534,0.200720402677,World/native_ecal/GlueThick_volume_0
43,Aluminum,1492.84551047,3.21152644283,World/native_ecal/C_volume_CarbonCoolingPlane_0
43,Glue,1496.05703692,0.200720402677,World/native_ecal/GlueThick_volume_0
43,Silicon,1496.25775732,0.301080604016,World/native_ecal/Si_volume_21
43,Glue,1496.55883792,0.100360201339,World/native_ecal/Glue_volume_0
43,FR4,1496.65919812,1.6720009543,World/native_ecal/PCB_volume_0
43,FR4,1502.61256527,0.903241812047,World/native_ecal/PCB_motherboard_volume_0
43,Scintillator,232.122113666,20.0720402677,World/hcal_top/hcal_top_layer1_strip5
43,Scintillator,255.577880448,20.0720402677,World/hcal_top/hcal_top_layer2_strip5
43,Aluminum3003,231.620312659,0.501801006693,World/hcal_top/hcal_top_cover_1_placement
43,Aluminum3003,255.076079441,0.501801006693,World/hcal_top/hcal_top_cover_2_placement
43,Scintillator,1197.95370861,20.0720402677,World/hcal_above_ecal/hcal_above_ecal_layer1_strip2
43,Scintillator,1223.44519975,20.0720402677,World/hcal_above_ecal/hcal_above_ecal_layer2_strip5
43,Scintillator,1248.93669089,20.0720402677,World/hcal_above_ecal/hcal_above_ecal_layer3_strip2
43,Scintillator,1274.42818203,20.0720402677,World/hcal_above_ecal/hcal_above_ecal_layer4_strip5
43,Aluminum3003,1197.4519076,0.501801006693,World/hcal_above_ecal/hcal_above_ecal_cover_1_placement
43,Aluminum3003,1222.94339874,0.501801006693,World/hcal_above_ecal/hcal_above_ecal_cover_2_placement
43,Aluminum3003,1248.43488988,0.501801006693,World/hcal_above_ecal/hcal_above_ecal_cover_3_placement
43,Aluminum3003,1273.92638102,0.501801006693,World/hcal_above_ecal/hcal_above_ecal_cover_4_placement
43,Scintillator,1704.61373572,20.0720402677,World/hcal_below_ecal/hcal_below_ecal_layer1_strip3
43,Scintillator,1728.22288503,20.0720402677,World/hcal_below_ecal/hcal_below_ecal_layer2_strip7
43,Scintillator,1751.83203435,20.0720402677,World/hcal_below_ecal/hcal_below_ecal_layer3_strip3
43,Scintillator,1775.44118367,20.0720402677,World/hcal_below_ecal/hcal_below_ecal_layer4_strip7
43,Aluminum3003,1704.11193471,0.501801006693,World/hcal_below_ecal/hcal_below_ecal_cover_1_placement
43,Aluminum3003,1727.72108403,0.501801006693,World/hcal_below_ecal/hcal_below_ecal_cover_2_placement
43,Aluminum3003,1751.33023334,0.501801006693,World/hcal_below_ecal/hcal_below_ecal_cover_3_placement
43,Aluminum3003,1774.93938266,0.501801006693,World/hcal_below_ecal/hcal_below_ecal_cover_4_placement
44,Polyvinyltoluene,860.590304425,2.00507532295,World/native_target/trigger_pad3_bar_volume_5
44,Polyvinyltoluene,856.580153779,2.00507532295,World/native_target/trigger_pad3_bar_volume_6
44,LYSO,935.279360205,0.601522596886,World/native_target/lvTarget_3/lvTargetArray1_phys/target_0
44,LYSO,936.081390334,0.601522596886,World/native_target/lvTarget_3/lvTargetArray2_phys/target_0
44,Polyvinyltoluene,630.40765735,2.00507532295,World/native_trig_scint/trigger_pad2_bar_volume_15
44,Polyvinyltoluene,626.397506704,2.00507532295,World/native_trig_scint/trigger_pad2_bar_volume_16
44,Polyvinyltoluene,555.016825207,2.00507532295,World/native_trig_scint/trigger_pad1_bar_volume_19
44,Polyvinyltoluene,551.006674561,2.00507532295,World/native_trig_scint/trigger_pad1_bar_volume_20
44,Silicon,691.702809973,0.320812051672,World/native_recoil/recoil_l14_sensor_vol_10/recoil_l14_active_sensor
44,Silicon,697.718035942,0.320812051673,World/native_recoil/recoil_l14_sensor_vol_20/recoil_l14_active_sensor
44,Silicon,791.95657612,0.320812051673,World/native_recoil/recoil_l14_sensor_vol_30/recoil_l14_active_sensor
44,Silicon,797.971802089,0.320812051672,World/native_recoil/recoil_l14_sensor_vol_40/recoil_l14_active_sensor
44,Aluminum,1352.80683651,0.802030129181,World/native_ecal/support_box_0/front_0_volume_0
44,Aluminum,1582.78897605,0.802030129181,World/native_ecal/support_box_0/front_1_volume_0
44,FR4,1430.50651289,0.902283895329,World/native_ecal/PCB_motherboard_volume_0
44,FR4,1435.68562245,1.67022774402,World/native_ecal/PCB_volume_0
44,Glue,1437.35585019,0.100253766147,World/native_ecal/Glue_volume_0
44,Silicon,1437.45610396,0.300761298443,World/native_ecal/Si_volume_0
44,Glue,1437.75686526,0.200507532295,World/native_ecal/GlueThick_volume_0
44,Aluminum,1440.31333629,3.20812051672,World/native_ecal/C_volume_CarbonCoolingPlane_0
44,Glue,1443.52145681,0.200507532295,World/native_ecal/GlueThick_volume_0
44,Silicon,1443.72196434,0.300761298443,World/native_ecal/Si_volume_7
44,Glue,1444.02272564,0.100253766148,World/native_ecal/Glue_volume_0
44,FR4,1444.12297941,1.67022774402,World/native_ecal/PCB_volume_0
44,FR4,1450.57130164,0.902283895329,World/native_ecal/PCB_motherboard_volume_0
44,FR4,1481.45547684,0.902283895329,World/native_ecal/PCB_motherboard_volume_0
44,FR4,1486.6345864,1.67022774402,World/native_ecal/PCB_volume_0
44,Glue,1488.30481415,0.100253766148,World/native_ecal/Glue_volume_0
44,Silicon,1488.40506791,0.300761298443,World/native_ecal/Si_volume_14
44,Glue,1488.70582921,0.200507532295,World/native_ecal/GlueThick_volume_0
44,Aluminum,1491.26230025,3.20812051672,World/native_ecal/C_volume_CarbonCoolingPlane_0
44,Glue,1494.47042077,0.200507532295,World/native_ecal/GlueThick_volume_0
44,Silicon,1494.6709283,0.300761298443,World/native_ecal/Si_volume_21
44,Glue,1494.9716896,0.100253766148,World/native_ecal/Glue_volume_0
44,FR4,1495.07194336,1.67022774402,World/native_ecal/PCB_volume_0
44,FR4,1501.01899677,0.902283895329,World/native_ecal/PCB_motherboard_volume_0
44,Scintillator,231.875940769,20.0507532295,World/hcal_top/hcal_top_layer1_strip6
44,Scintillator,255.306831963,20.0507532295,World/hcal_top/hcal_top_layer2_strip4
44,Aluminum3003,231.374671938,0.501268830738,World/hcal_top/hcal_top_cover_1_placement
44,Aluminum3003,254.805563133,0.501268830738,World/hcal_top/hcal_top_cover_2_placement
44,Scintillator,1196.68324053,20.0507532295,World/hcal_above_ecal/hcal_above_ecal_layer1_strip3
44,Scintillator,1222.14769713,20.0507532295,World/hcal_above_ecal/hcal_above_ecal_layer2_strip4
44,Scintillator,1247.61215374,20.0507532295,World/hcal_above_ecal/hcal_above_ecal_layer3_strip3
44,Scintillator,1273.07661034,20.0507532295,World/hcal_above_ecal/hcal_above_ecal_layer4_strip4
44,Aluminum3003,1196.1819717,0.501268830738,World/hcal_above_ecal/hcal_above_ecal_cover_1_placement
44,Aluminum3003,1221.6464283,0.501268830738,World/hcal_above_ecal/hcal_above_ecal_cover_2_placement
44,Aluminum3003,1247.11088491,0.501268830738,World/hcal_above_ecal/hcal_above_ecal_cover_3_placement
44,Aluminum3003,1272.57534151,0.501268830738,World/hcal_above_ecal/hcal_above_ecal_cover_4_placement
44,Scintillator,1702.80593854,20.0507532295,World/hcal_below_ecal/hcal_below_ecal_layer1_strip6
44,Scintillator,1726.3900496,20.0507532295,World/hcal_below_ecal/hcal_below_ecal_layer2_strip6
44,Scintillator,1749.97416067,20.0507532295,World/hcal_below_ecal/hcal_below_ecal_layer3_strip6
44,Scintillator,1773.55827173,20.0507532295,World/hcal_below_ecal/hcal_below_ecal_layer4_strip6
44,Aluminum3003,1702.30466971,0.501268830738,World/hcal_below_ecal/hcal_below_ecal_cover_1_placement
44,Aluminum3003,1725.88878077,0.501268830738,World/hcal_below_ecal/hcal_below_ecal_cover_2_placement
44,Aluminum3003,1749.47289183,0.501268830738,World/hcal_below_ecal/hcal_below_ecal_cover_3_placement
44,Aluminum3003,1773.0570029,0.501268830738,World/hcal_below_ecal/hcal_below_ecal_cover_4_placement
45,Polyvinyltoluene,855.661751271,2.0029255344,World/native_target/trigger_pad3_bar_volume_20
45,Polyvinyltoluene,859.667602339,2.0029255344,World/native_target/trigger_pad3_bar_volume_21
45,LYSO,934.401154964,0.476301191789,World/native_target/lvTarget_3/lvTargetArray1_phys/target_0
45,LYSO,935.07774871,0.600877660321,World/native_target/lvTarget_3/lvTargetArray2_phys/target_0
45,Polyvinyltoluene,550.415899827,2.0029255344,World/native_trig_scint/trigger_pad1_bar_volume_10
45,Polyvinyltoluene,554.421750896,2.0029255344,World/native_trig_scint/trigger_pad1_bar_volume_11
45,Polyvinyltoluene,629.73175099,2.0029255344,World/native_trig_scint/trigger_pad2_bar_volume_13
45,Polyvinyltoluene,625.725899921,2.0029255344,World/native_trig_scint/trigger_pad2_bar_volume_14
45,Silicon,690.961184577,0.320468085504,World/native_recoil/recoil_l14_sensor_vol_10/recoil_l14_active_sensor
45,Silicon,696.96996118,0.320468085504,World/native_recoil/recoil_l14_sensor_vol_20/recoil_l14_active_sensor
45,Silicon,791.107461297,0.320468085504,World/native_recoil/recoil_l14_sensor_vol_30/recoil_l14_active_sensor
45,Silicon,797.1162379,0.320468085505,World/native_recoil/recoil_l14_sensor_vol_40/recoil_l14_active_sensor
45,Aluminum,1351.35639292,0.801170213761,World/native_ecal/support_box_0/front_0_volume_0
45,Aluminum,1581.09195172,0.801170213761,World/native_ecal/support_box_0/front_1_volume_0
45,FR4,1428.97276177,0.901316490481,World/native_ecal/PCB_motherboard_volume_0
45,FR4,1434.14631842,1.66843697016,World/native_ecal/PCB_volume_0
45,Glue,1435.81475539,0.10014627672,World/native_ecal/Glue_volume_0
45,Silicon,1435.91490167,0.30043883016,World/native_ecal/Si_volume_0
45,Glue,1436.2153405,0.20029255344,World/native_ecal/GlueThick_volume_0
45,Aluminum,1438.76907056,3.20468085504,World/native_ecal/C_volume_CarbonCoolingPlane_0
45,Glue,1441.97375141,0.20029255344,World/native_ecal/GlueThick_volume_0
45,Silicon,1442.17404397,0.30043883016,World/native_ecal/Si_volume_7
45,Glue,1442.4744828,0.10014627672,World/native_ecal/Glue_volume_0
45,FR4,1442.57462907,1.66843697016,World/native_ecal/PCB_volume_0
45,FR4,1449.01603759,0.901316490481,World/native_ecal/PCB_motherboard_volume_0
45,FR4,1479.8670996,0.901316490481,World/native_ecal/PCB_motherboard_volume_0
45,FR4,1485.04065625,1.66843697016,World/native_ecal/PCB_volume_0
45,Glue,1486.70909322,0.10014627672,World/native_ecal/Glue_volume_0
45,Silicon,1486.8092395,0.30043883016,World/native_ecal/Si_volume_14
45,Glue,1487.10967833,0.20029255344,World/native_ecal/GlueThick_volume_0
45,Aluminum,1489.66340839,3.20468085505,World/native_ecal/C_volume_CarbonCoolingPlane_0
45,Glue,1492.86808924,0.20029255344,World/native_ecal/GlueThick_volume_0
45,Silicon,1493.06838179,0.30043883016,World/native_ecal/Si_volume_21
45,Glue,1493.36882062,0.10014627672,World/native_ecal/Glue_volume_0
45,FR4,1493.4689669,1.66843697016,World/native_ecal/PCB_volume_0
45,FR4,1499.40964404,0.901316490481,World/native_ecal/PCB_motherboard_volume_0
45,Scintillator,231.627329539,20.029255344,World/hcal_top/hcal_top_layer1_strip6
45,Scintillator,255.033098753,20.029255344,World/hcal_top/hcal_top_layer2_strip5
45,Aluminum3003,231.126598155,0.500731383601,World/hcal_top/hcal_top_cover_1_placement
45,Aluminum3003,254.53236737,0.500731383601,World/hcal_top/hcal_top_cover_2_placement
45,Scintillator,1195.40018852,20.029255344,World/hcal_above_ecal/hcal_above_ecal_layer1_strip2
45,Scintillator,1220.83734281,20.029255344,World/hcal_above_ecal/hcal_above_ecal_layer2_strip4
45,Scintillator,1246.2744971,20.029255344,World/hcal_above_ecal/hcal_above_ecal_layer3_strip2
45,Scintillator,1271.71165138,20.029255344,World/hcal_above_ecal/hcal_above_ecal_layer4_strip4
45,Aluminum3003,1194.89945714,0.500731383601,World/hcal_above_ecal/hcal_above_ecal_cover_1_placement
45,Aluminum3003,1220.33661142,0.500731383601,World/hcal_above_ecal/hcal_above_ecal_cover_2_placement
45,Aluminum3003,1245.77376571,0.500731383601,World/hcal_above_ecal/hcal_above_ecal_cover_3_placement
45,Aluminum3003,1271.21092,0.500731383601,World/hcal_above_ecal/hcal_above_ecal_cover_4_placement
45,Scintillator,1700.9802352,20.029255344,World/hcal_below_ecal/hcal_below_ecal_layer1_strip3
45,Scintillator,1724.53906001,20.029255344,World/hcal_below_ecal/hcal_below_ecal_layer2_strip6
45,Scintillator,1748.09788481,20.029255344,World/hcal_below_ecal/hcal_below_ecal_layer3_strip3
45,Scintillator,1771.65670961,20.029255344,World/hcal_below_ecal/hcal_below_ecal_layer4_strip6
45,Aluminum3003,1700.47950382,0.500731383601,World/hcal_below_ecal/hcal_below_ecal_cover_1_placement
45,Aluminum3003,1724.03832862,0.500731383601,World/hcal_below_ecal/hcal_below_ecal_cover_2_placement
45,Aluminum3003,1747.59715343,0.500731383601,World/hcal_below_ecal/hcal_below_ecal_cover_3_placement
45,Aluminum3003,1771.15597823,0.500731383601,World/hcal_below_ecal/hcal_below_ecal_cover_4_placement
46,Polyvinyltoluene,859.918163335,2.00350931238,World/native_target/trigger_pad3_bar_volume_15
46,Polyvinyltoluene,855.911144711,2.00350931238,World/native_target/trigger_pad3_bar_volume_16
46,LYSO,934.548885222,0.601052793715,World/native_target/lvTarget_3/lvTargetArray1_phys/target_0
46,LYSO,935.350288947,0.601052793715,World/native_target/lvTarget_3/lvTargetArray2_phys/target_0
46,Polyvinyltoluene,625.908275649,2.00350931238,World/native_trig_scint/trigger_pad2_bar_volume_14
46,Polyvinyltoluene,629.915294274,2.00350931238,World/native_trig_scint/trigger_pad2_bar_volume_15
46,Polyvinyltoluene,550.576325503,2.00350931238,World/native_trig_scint/trigger_pad1_bar_volume_14
46,Polyvinyltoluene,554.583344128,2.00350931238,World/native_trig_scint/trigger_pad1_bar_volume_15
46,Silicon,691.162573953,0.320561489981,World/native_recoil/recoil_l14_sensor_vol_10/recoil_l14_active_sensor
46,Silicon,697.17310189,0.320561489981,World/native_recoil/recoil_l14_sensor_vol_20/recoil_l14_active_sensor
46,Silicon,791.338039572,0.320561489981,World/native_recoil/recoil_l14_sensor_vol_30/recoil_l14_active_sensor
46,Silicon,797.34856751,0.320561489981,World/native_recoil/recoil_l14_sensor_vol_40/recoil_l14_active_sensor
46,Aluminum,1351.75026283,0.801403724954,World/native_ecal/support_box_0/front_0_volume_0
46,Aluminum,1581.55278097,0.801403724953,World/native_ecal/support_box_0/front_1_volume_0
46,FR4,1429.38925395,0.901579190573,World/native_ecal/PCB_motherboard_volume_0
46,FR4,1434.56431851,1.66892325722,World/native_ecal/PCB_volume_0
46,Glue,1436.23324176,0.100175465619,World/native_ecal/Glue_volume_0
46,Silicon,1436.33341723,0.300526396858,World/native_ecal/Si_volume_0
46,Glue,1436.63394363,0.200350931238,World/native_ecal/GlueThick_volume_0
46,Aluminum,1439.188418,3.20561489981,World/native_ecal/C_volume_CarbonCoolingPlane_0
46,Glue,1442.3940329,0.200350931238,World/native_ecal/GlueThick_volume_0
46,Silicon,1442.59438383,0.300526396858,World/native_ecal/Si_volume_7
46,Glue,1442.89491023,0.100175465619,World/native_ecal/Glue_volume_0
46,FR4,1442.99508569,1.66892325722,World/native_ecal/PCB_volume_0
46,FR4,1449.43837164,0.901579190573,World/native_ecal/PCB_motherboard_volume_0
46,FR4,1480.29842558,0.901579190573,World/native_ecal/PCB_motherboard_volume_0
46,FR4,1485.47349014,1.66892325722,World/native_ecal/PCB_volume_0
46,Glue,1487.14241339,0.100175465619,World/native_ecal/Glue_volume_0
46,Silicon,1487.24258886,0.300526396858,World/native_ecal/Si_volume_14
46,Glue,1487.54311525,0.200350931238,World/native_ecal/GlueThick_volume_0
46,Aluminum,1490.09758963,3.20561489981,World/native_ecal/C_volume_CarbonCoolingPlane_0
46,Glue,1493.30320453,0.200350931238,World/native_ecal/GlueThick_volume_0
46,Silicon,1493.50355546,0.300526396858,World/native_ecal/Si_volume_21
46,Glue,1493.80408186,0.100175465619,World/native_ecal/Glue_volume_0
46,FR4,1493.90425732,1.66892325722,World/native_ecal/PCB_volume_0
46,FR4,1499.84666594,0.901579190573,World/native_ecal/PCB_motherboard_volume_0
46,Scintillator,231.694840254,20.0350931238,World/hcal_top/hcal_top_layer1_strip7
46,Scintillator,255.107431376,20.0350931238,World/hcal_top/hcal_top_layer2_strip4
46,Aluminum3003,231.193962926,0.500877328096,World/hcal_top/hcal_top_cover_1_placement
46,Aluminum3003,254.606554048,0.500877328096,World/hcal_top/hcal_top_cover_2_placement
46,Scintillator,1195.74860303,20.0350931238,World/hcal_above_ecal/hcal_above_ecal_layer1_strip3
46,Scintillator,1221.19317129,20.0350931238,World/hcal_above_ecal/hcal_above_ecal_layer2_strip3
46,Scintillator,1246.63773956,20.0350931238,World/hcal_above_ecal/hcal_above_ecal_layer3_strip3
46,Scintillator,1272.08230783,20.0350931238,World/hcal_above_ecal/hcal_above_ecal_layer4_strip3
46,Aluminum3003,1195.2477257,0.500877328096,World/hcal_above_ecal/hcal_above_ecal_cover_1_placement
46,Aluminum3003,1220.69229396,0.500877328096,World/hcal_above_ecal/hcal_above_ecal_cover_2_placement
46,Aluminum3003,1246.13686223,0.500877328096,World/hcal_above_ecal/hcal_above_ecal_cover_3_placement
46,Aluminum3003,1271.5814305,0.500877328096,World/hcal_above_ecal/hcal_above_ecal_cover_4_placement
46,Scintillator,1701.47600741,20.0350931238,World/hcal_below_ecal/hcal_below_ecal_layer1_strip4
46,Scintillator,1725.04169873,20.0350931238,World/hcal_below_ecal/hcal_below_ecal_layer2_strip5
46,Scintillator,1748.60739005,20.0350931238,World/hcal_below_ecal/hcal_below_ecal_layer3_strip4
46,Scintillator,1772.17308137,20.0350931238,World/hcal_below_ecal/hcal_below_ecal_layer4_strip5
46,Aluminum3003,1700.97513008,0.500877328096,World/hcal_below_ecal/hcal_below_ecal_cover_1_placement
46,Aluminum3003,1724.5408214,0.500877328096,World/hcal_below_ecal/hcal_below_ecal_cover_2_placement
46,Aluminum3003,1748.10651272,0.500877328096,World/hcal_below_ecal/hcal_below_ecal_cover_3_placement
46,Aluminum3003,1771.67220404,0.500877328096,World/hcal_below_ecal/hcal_below_ecal_cover_4_placement
47,Polyvinyltoluene,858.584257487,2.00040146689,World/native_target/trigger_pad3_bar_volume_21
47,Polyvinyltoluene,854.583454553,2.00040146689,World/native_target/trigger_pad3_bar_volume_22
47,LYSO,933.099212129,0.600120440067,World/native_target/lvTarget_3/lvTargetArray1_phys/target_0
47,LYSO,933.899372715,0.600120440067,World/native_target/lvTarget_3/lvTargetArray2_phys/target_0
47,Polyvinyltoluene,628.938169088,2.00040146689,World/native_trig_scint/trigger_pad2_bar_volume_21
47,Polyvinyltoluene,553.723073933,2.00040146689,World/native_trig_scint/trigger_pad1_bar_volume_21
47,Polyvinyltoluene,624.937366154,2.00040146689,World/native_trig_scint/trigger_pad2_bar_volume_22
47,Polyvinyltoluene,549.722270999,2.00040146689,World/native_trig_scint/trigger_pad1_bar_volume_22
47,Silicon,690.090441931,0.320064234702,World/native_recoil/recoil_l14_sensor_vol_10/recoil_l14_active_sensor
47,Silicon,696.091646332,0.320064234702,World/native_recoil/recoil_l14_sensor_vol_20/recoil_l14_active_sensor
47,Silicon,790.110515275,0.320064234702,World/native_recoil/recoil_l14_sensor_vol_30/recoil_l14_active_sensor
47,Silicon,796.111719676,0.320064234702,World/native_recoil/recoil_l14_sensor_vol_40/recoil_l14_active_sensor
47,Aluminum,1349.65342658,0.800160586756,World/native_ecal/support_box_0/front_0_volume_0
47,Aluminum,1579.09947483,0.800160586756,World/native_ecal/support_box_0/front_1_volume_0
47,FR4,1427.17198402,0.9001806601,World/native_ecal/PCB_motherboard_volume_0
47,FR4,1432.33902101,1.66633442192,World/native_ecal/PCB_volume_0
47,Glue,1434.00535544,0.100020073344,World/native_ecal/Glue_volume_0
47,Silicon,1434.10537551,0.300060220033,World/native_ecal/Si_volume_0
47,Glue,1434.40543573,0.200040146689,World/native_ecal/GlueThick_volume_0
47,Aluminum,1436.9559476,3.20064234702,World/native_ecal/C_volume_CarbonCoolingPlane_0
47,Glue,1440.15658995,0.200040146689,World/native_ecal/GlueThick_volume_0
47,Silicon,1440.35663009,0.300060220033,World/native_ecal/Si_volume_7
47,Glue,1440.65669031,0.100020073345,World/native_ecal/Glue_volume_0
47,FR4,1440.75671039,1.66633442192,World/native_ecal/PCB_volume_0
47,FR4,1447.1900015,0.9001806601,World/native_ecal/PCB_motherboard_volume_0
47,FR4,1478.0021853,0.900180660101,World/native_ecal/PCB_motherboard_volume_0
47,FR4,1483.16922229,1.66633442192,World/native_ecal/PCB_volume_0
47,Glue,1484.83555671,0.100020073344,World/native_ecal/Glue_volume_0
47,Silicon,1484.93557678,0.300060220033,World/native_ecal/Si_volume_14
47,Glue,1485.235637,0.200040146689,World/native_ecal/GlueThick_volume_0
47,Aluminum,1487.78614887,3.20064234702,World/native_ecal/C_volume_CarbonCoolingPlane_0
47,Glue,1490.98679122,0.200040146689,World/native_ecal/GlueThick_volume_0
47,Silicon,1491.18683137,0.300060220034,World/native_ecal/Si_volume_21
47,Glue,1491.48689159,0.100020073344,World/native_ecal/Glue_volume_0
47,FR4,1491.58691166,1.66633442192,World/native_ecal/PCB_volume_0
47,FR4,1497.52010241,0.900180660101,World/native_ecal/PCB_motherboard_volume_0
47,Scintillator,231.335435004,20.0040146689,World/hcal_top/hcal_top_layer1_strip6
47,Scintillator,254.711708493,20.0040146689,World/hcal_top/hcal_top_layer2_strip4
47,Aluminum3003,230.835334637,0.500100366723,World/hcal_top/hcal_top_cover_1_placement
47,Aluminum3003,254.211608126,0.500100366722,World/hcal_top/hcal_top_cover_2_placement
47,Scintillator,1193.89375669,20.0040146689,World/hcal_above_ecal/hcal_above_ecal_layer1_strip2
47,Scintillator,1219.29885532,20.0040146689,World/hcal_above_ecal/hcal_above_ecal_layer2_strip4
47,Scintillator,1244.70395395,20.0040146689,World/hcal_above_ecal/hcal_above_ecal_layer3_strip2
47,Scintillator,1270.10905258,20.0040146689,World/hcal_above_ecal/hcal_above_ecal_layer4_strip4
47,Aluminum3003,1193.39365632,0.500100366722,World/hcal_above_ecal/hcal_above_ecal_cover_1_placement
47,Aluminum3003,1218.79875495,0.500100366722,World/hcal_above_ecal/hcal_above_ecal_cover_2_placement
47,Aluminum3003,1244.20385358,0.500100366722,World/hcal_above_ecal/hcal_above_ecal_cover_3_placement
47,Aluminum3003,1269.60895221,0.500100366722,World/hcal_above_ecal/hcal_above_ecal_cover_4_placement
47,Scintillator,1698.83667626,20.0040146689,World/hcal_below_ecal/hcal_below_ecal_layer1_strip4
47,Scintillator,1722.36581245,20.0040146689,World/hcal_below_ecal/hcal_below_ecal_layer2_strip6
47,Scintillator,1745.89494865,20.0040146689,World/hcal_below_ecal/hcal_below_ecal_layer3_strip4
47,Scintillator,1769.42408485,20.0040146689,World/hcal_below_ecal/hcal_below_ecal_layer4_strip6
47,Aluminum3003,1698.33657589,0.500100366722,World/hcal_below_ecal/hcal_below_ecal_cover_1_placement
47,Aluminum3003,1721.86571209,0.500100366722,World/hcal_below_ecal/hcal_below_ecal_cover_2_placement
47,Aluminum3003,1745.39484829,0.500100366722,World/hcal_below_ecal/hcal_below_ecal_cover_3_placement
47,Aluminum3003,1768.92398449,0.500100366722,World/hcal_below_ecal/hcal_below_ecal_cover_4_placement
48,Polyvinyltoluene,855.131517928,2.00168436884,World/native_target/trigger_pad3_bar_volume_0
48,Polyvinyltoluene,859.134886666,2.00168436884,World/native_target/trigger_pad3_bar_volume_1
48,LYSO,933.697629405,0.600505310651,World/native_target/lvTarget_3/lvTargetArray1_phys/target_0
48,LYSO,934.498303152,0.600505310651,World/native_target/lvTarget_3/lvTargetArray2_phys/target_0
48,Polyvinyltoluene,625.338152385,2.00168436884,World/native_trig_scint/trigger_pad2_bar_volume_4
48,Polyvinyltoluene,629.341521123,2.00168436884,World/native_trig_scint/trigger_pad2_bar_volume_5
48,Polyvinyltoluene,554.078188855,2.00168436884,World/native_trig_scint/trigger_pad1_bar_volume_5
48,Polyvinyltoluene,550.074820117,2.00168436884,World/native_trig_scint/trigger_pad1_bar_volume_6
48,Silicon,690.533012278,0.320269499014,World/native_recoil/recoil_l14_sensor_vol_10/recoil_l14_active_sensor
48,Silicon,696.538065385,0.320269499014,World/native_recoil/recoil_l14_sensor_vol_20/recoil_l14_active_sensor
48,Silicon,790.61723072,0.320269499014,World/native_recoil/recoil_l14_sensor_vol_30/recoil_l14_active_sensor
48,Silicon,796.622283827,0.320269499014,World/native_recoil/recoil_l14_sensor_vol_40/recoil_l14_active_sensor
48,Aluminum,1350.51898934,0.800673747535,World/native_ecal/support_box_0/front_0_volume_0
48,Aluminum,1580.11218644,0.800673747535,World/native_ecal/support_box_0/front_1_volume_0
48,FR4,1428.08726116,0.900757965977,World/native_ecal/PCB_motherboard_volume_0
48,FR4,1433.25761188,1.66740307924,World/native_ecal/PCB_volume_0
48,Glue,1434.92501496,0.100084218442,World/native_ecal/Glue_volume_0
48,Silicon,1435.02509918,0.300252655326,World/native_ecal/Si_volume_0
48,Glue,1435.32535183,0.200168436884,World/native_ecal/GlueThick_volume_0
48,Aluminum,1437.8774994,3.20269499014,World/native_ecal/C_volume_CarbonCoolingPlane_0
48,Glue,1441.08019439,0.200168436884,World/native_ecal/GlueThick_volume_0
48,Silicon,1441.28036283,0.300252655326,World/native_ecal/Si_volume_7
48,Glue,1441.58061549,0.100084218442,World/native_ecal/Glue_volume_0
48,FR4,1441.68069971,1.66740307924,World/native_ecal/PCB_volume_0
48,FR4,1448.11811664,0.900757965977,World/native_ecal/PCB_motherboard_volume_0
48,FR4,1478.95006097,0.900757965977,World/native_ecal/PCB_motherboard_volume_0
48,FR4,1484.12041169,1.66740307924,World/native_ecal/PCB_volume_0
48,Glue,1485.78781477,0.100084218442,World/native_ecal/Glue_volume_0
48,Silicon,1485.88789899,0.300252655326,World/native_ecal/Si_volume_14
48,Glue,1486.18815165,0.200168436884,World/native_ecal/GlueThick_volume_0
48,Aluminum,1488.74029922,3.20269499014,World/native_ecal/C_volume_CarbonCoolingPlane_0
48,Glue,1491.94299421,0.200168436884,World/native_ecal/GlueThick_volume_0
48,Silicon,1492.14316264,0.300252655326,World/native_ecal/Si_volume_21
48,Glue,1492.4434153,0.100084218442,World/native_ecal/Glue_volume_0
48,FR4,1492.54349952,1.66740307924,World/native_ecal/PCB_volume_0
48,FR4,1498.48049536,0.900757965977,World/native_ecal/PCB_motherboard_volume_0
48,Scintillator,231.483795563,20.0168436884,World/hcal_top/hcal_top_layer1_strip6
48,Scintillator,254.875060776,20.0168436884,World/hcal_top/hcal_top_layer2_strip5
48,Aluminum3003,230.983374471,0.500421092209,World/hcal_top/hcal_top_cover_1_placement
48,Aluminum3003,254.374639684,0.500421092209,World/hcal_top/hcal_top_cover_2_placement
48,Scintillator,1194.65942731,20.0168436884,World/hcal_above_ecal/hcal_above_ecal_layer1_strip3
48,Scintillator,1220.08081879,20.0168436884,World/hcal_above_ecal/hcal_above_ecal_layer2_strip4
48,Scintillator,1245.50221028,20.0168436884,World/hcal_above_ecal/hcal_above_ecal_layer3_strip3
48,Scintillator,1270.92360176,20.0168436884,World/hcal_above_ecal/hcal_above_ecal_layer4_strip4
48,Aluminum3003,1194.15900621,0.500421092209,World/hcal_above_ecal/hcal_above_ecal_cover_1_placement
48,Aluminum3003,1219.5803977,0.500421092209,World/hcal_above_ecal/hcal_above_ecal_cover_2_placement
48,Aluminum3003,1245.00178918,0.500421092209,World/hcal_above_ecal/hcal_above_ecal_cover_3_placement
48,Aluminum3003,1270.42318067,0.500421092209,World/hcal_above_ecal/hcal_above_ecal_cover_4_placement
48,Scintillator,1699.926178,20.0168436884,World/hcal_below_ecal/hcal_below_ecal_layer1_strip5
48,Scintillator,1723.47040395,20.0168436884,World/hcal_below_ecal/hcal_below_ecal_layer2_strip7
48,Scintillator,1747.01462991,20.0168436884,World/hcal_below_ecal/hcal_below_ecal_layer3_strip5
48,Scintillator,1770.55885587,20.0168436884,World/hcal_below_ecal/hcal_below_ecal_layer4_strip7
48,Aluminum3003,1699.42575691,0.500421092209,World/hcal_below_ecal/hcal_below_ecal_cover_1_placement
48,Aluminum3003,1722.96998286,0.500421092209,World/hcal_below_ecal/hcal_below_ecal_cover_2_placement
48,Aluminum3003,1746.51420882,0.500421092209,World/hcal_below_ecal/hcal_below_ecal_cover_3_placement
48,Aluminum3003,1770.05843478,0.500421092209,World/hcal_below_ecal/hcal_below_ecal_cover_4_placement
49,Polyvinyltoluene,857.914742713,2.00819931704,World/native_target/trigger_pad3_bar_volume_0
49,Polyvinyltoluene,861.931141347,2.00819931704,World/native_target/trigger_pad3_bar_volume_1
49,LYSO,936.736565907,0.602459795112,World/native_target/lvTarget_3/lvTargetArray1_phys/target_0
49,LYSO,937.539845633,0.602459795113,World/native_target/lvTarget_3/lvTargetArray2_phys/target_0
49,Polyvinyltoluene,631.38985975,2.00819931704,World/native_trig_scint/trigger_pad2_bar_volume_13
49,Polyvinyltoluene,627.373461116,2.00819931704,World/native_trig_scint/trigger_pad2_bar_volume_14
49,Polyvinyltoluene,555.88156543,2.00819931704,World/native_trig_scint/trigger_pad1_bar_volume_17
49,Polyvinyltoluene,551.865166796,2.00819931704,World/native_trig_scint/trigger_pad1_bar_volume_18
49,Silicon,692.780512872,0.321311890727,World/native_recoil/recoil_l14_sensor_vol_10/recoil_l14_active_sensor
49,Silicon,698.805110824,0.321311890727,World/native_recoil/recoil_l14_sensor_vol_20/recoil_l14_active_sensor
49,Silicon,793.190478724,0.321311890727,World/native_recoil/recoil_l14_sensor_vol_30/recoil_l14_active_sensor
49,Silicon,799.215076676,0.321311890727,World/native_recoil/recoil_l14_sensor_vol_40/recoil_l14_active_sensor
49,Aluminum,1354.91456808,0.803279726817,World/native_ecal/support_box_0/front_0_volume_0
49,Aluminum,1585.25502975,0.803279726817,World/native_ecal/support_box_0/front_1_volume_0
49,FR4,1432.73530392,0.903689692669,World/native_ecal/PCB_motherboard_volume_0
49,FR4,1437.92248275,1.6728300311,World/native_ecal/PCB_volume_0
49,Glue,1439.59531278,0.100409965852,World/native_ecal/Glue_volume_0
49,Silicon,1439.69572275,0.301229897556,World/native_ecal/Si_volume_0
49,Glue,1439.99695265,0.200819931704,World/native_ecal/GlueThick_volume_0
49,Aluminum,1442.55740678,3.21311890727,World/native_ecal/C_volume_CarbonCoolingPlane_0
49,Glue,1445.77052568,0.200819931704,World/native_ecal/GlueThick_volume_0
49,Silicon,1445.97134561,0.301229897556,World/native_ecal/Si_volume_7
49,Glue,1446.27257551,0.100409965852,World/native_ecal/Glue_volume_0
49,FR4,1446.37298548,1.6728300311,World/native_ecal/PCB_volume_0
49,FR4,1452.83135448,0.903689692669,World/native_ecal/PCB_motherboard_volume_0
49,FR4,1483.76364856,0.903689692669,World/native_ecal/PCB_motherboard_volume_0
49,FR4,1488.9508274,1.6728300311,World/native_ecal/PCB_volume_0
49,Glue,1490.62365743,0.100409965852,World/native_ecal/Glue_volume_0
49,Silicon,1490.72406739,0.301229897556,World/native_ecal/Si_volume_14
49,Glue,1491.02529729,0.200819931704,World/native_ecal/GlueThick_volume_0
49,Aluminum,1493.58575142,3.21311890727,World/native_ecal/C_volume_CarbonCoolingPlane_0
49,Glue,1496.79887033,0.200819931704,World/native_ecal/GlueThick_volume_0
49,Silicon,1496.99969026,0.301229897556,World/native_ecal/Si_volume_21
49,Glue,1497.30092016,0.100409965852,World/native_ecal/Glue_volume_0
49,FR4,1497.40133012,1.6728300311,World/native_ecal/PCB_volume_0
49,FR4,1503.3576493,0.903689692669,World/native_ecal/PCB_motherboard_volume_0
49,Scintillator,232.237213515,20.0819931704,World/hcal_top/hcal_top_layer1_strip6
49,Scintillator,255.704611052,20.0819931704,World/hcal_top/hcal_top_layer2_strip4
49,Aluminum3003,231.735163686,0.50204982926,World/hcal_top/hcal_top_cover_1_placement
49,Aluminum3003,255.202561222,0.50204982926,World/hcal_top/hcal_top_cover_2_placement
49,Scintillator,1198.54772479,20.0819931704,World/hcal_above_ecal/hcal_above_ecal_layer1_strip4
49,Scintillator,1224.05185611,20.0819931704,World/hcal_above_ecal/hcal_above_ecal_layer2_strip4
49,Scintillator,1249.55598744,20.0819931704,World/hcal_above_ecal/hcal_above_ecal_layer3_strip4
49,Scintillator,1275.06011877,20.0819931704,World/hcal_above_ecal/hcal_above_ecal_layer4_strip4
49,Aluminum3003,1198.04567496,0.50204982926,World/hcal_above_ecal/hcal_above_ecal_cover_1_placement
49,Aluminum3003,1223.54980629,0.50204982926,World/hcal_above_ecal/hcal_above_ecal_cover_2_placement
49,Aluminum3003,1249.05393761,0.50204982926,World/hcal_above_ecal/hcal_above_ecal_cover_3_placement
49,Aluminum3003,1274.55806894,0.50204982926,World/hcal_above_ecal/hcal_above_ecal_cover_4_placement
49,Scintillator,1705.45898385,20.0819931704,World/hcal_below_ecal/hcal_below_ecal_layer1_strip6
49,Scintillator,1729.07983998,20.0819931704,World/hcal_below_ecal/hcal_below_ecal_layer2_strip6
49,Scintillator,1752.70069611,20.0819931704,World/hcal_below_ecal/hcal_below_ecal_layer3_strip7
49,Scintillator,1776.32155223,20.0819931704,World/hcal_below_ecal/hcal_below_ecal_layer4_strip6
49,Aluminum3003,1704.95693403,0.50204982926,World/hcal_below_ecal/hcal_below_ecal_cover_1_placement
49,Aluminum3003,1728.57779015,0.50204982926,World/hcal_below_ecal/hcal_below_ecal_cover_2_placement
49,Aluminum3003,1752.19864628,0.50204982926,World/hcal_below_ecal/hcal_below_ecal_cover_3_placement
49,Aluminum3003,1775.81950241,0.50204982926,World/hcal_below_ecal/hcal_below_ecal_cover_4_placement
50,Polyvinyltoluene,856.424349394,2.00471061741,World/native_target/trigger_pad3_bar_volume_22
50,Polyvinyltoluene,860.433770628,2.00471061741,World/native_target/trigger_pad3_bar_volume_23
50,LYSO,935.109241127,0.601413185223,World/native_target/lvTarget_3/lvTargetArray1_phys/target_0
50,LYSO,935.911125374,0.451869035187,World/native_target/lvTarget_3/lvTargetArray2_phys/target_0
50,Polyvinyltoluene,554.915872535,2.00471061741,World/native_trig_scint/trigger_pad1_bar_volume_17
50,Polyvinyltoluene,626.283570515,2.00471061741,World/native_trig_scint/trigger_pad2_bar_volume_18
50,Polyvinyltoluene,630.29299175,2.00471061741,World/native_trig_scint/trigger_pad2_bar_volume_19
50,Polyvinyltoluene,550.9064513,2.00471061741,World/native_trig_scint/trigger_pad1_bar_volume_18
50,Silicon,691.576995324,0.320753698786,World/native_recoil/recoil_l14_sensor_vol_10/recoil_l14_active_sensor
50,Silicon,697.591127176,0.320753698786,World/native_recoil/recoil_l14_sensor_vol_20/recoil_l14_active_sensor
50,Silicon,791.812526194,0.320753698786,World/native_recoil/recoil_l14_sensor_vol_30/recoil_l14_active_sensor
50,Silicon,797.826658047,0.320753698786,World/native_recoil/recoil_l14_sensor_vol_40/recoil_l14_active_sensor
50,Aluminum,1352.56077286,0.801884246965,World/native_ecal/support_box_0/front_0_volume_0
50,Aluminum,1582.50108068,0.801884246965,World/native_ecal/support_box_0/front_1_volume_0
50,FR4,1430.24631635,0.902119777835,World/native_ecal/PCB_motherboard_volume_0
50,FR4,1435.42448388,1.6699239443,World/native_ecal/PCB_volume_0
50,Glue,1437.09440782,0.10023553087,World/native_ecal/Glue_volume_0
50,Silicon,1437.19464335,0.300706592612,World/native_ecal/Si_volume_0
50,Glue,1437.49534995,0.200471061741,World/native_ecal/GlueThick_volume_0
50,Aluminum,1440.05135598,3.20753698786,World/native_ecal/C_volume_CarbonCoolingPlane_0
50,Glue,1443.25889297,0.200471061741,World/native_ecal/GlueThick_volume_0
50,Silicon,1443.45936403,0.300706592612,World/native_ecal/Si_volume_7
50,Glue,1443.76007062,0.100235530871,World/native_ecal/Glue_volume_0
50,FR4,1443.86030616,1.6699239443,World/native_ecal/PCB_volume_0
50,FR4,1450.3074555,0.902119777835,World/native_ecal/PCB_motherboard_volume_0
50,FR4,1481.18601314,0.902119777835,World/native_ecal/PCB_motherboard_volume_0
50,FR4,1486.36418067,1.6699239443,World/native_ecal/PCB_volume_0
50,Glue,1488.03410461,0.10023553087,World/native_ecal/Glue_volume_0
50,Silicon,1488.13434014,0.300706592612,World/native_ecal/Si_volume_14
50,Glue,1488.43504673,0.200471061741,World/native_ecal/GlueThick_volume_0
50,Aluminum,1490.99105277,3.20753698786,World/native_ecal/C_volume_CarbonCoolingPlane_0
50,Glue,1494.19858976,0.200471061741,World/native_ecal/GlueThick_volume_0
50,Silicon,1494.39906082,0.300706592612,World/native_ecal/Si_volume_21
50,Glue,1494.69976741,0.100235530871,World/native_ecal/Glue_volume_0
50,FR4,1494.80000294,1.6699239443,World/native_ecal/PCB_volume_0
50,FR4,1500.74597464,0.902119777835,World/native_ecal/PCB_motherboard_volume_0
50,Scintillator,231.833764578,20.0471061741,World/hcal_top/hcal_top_layer1_strip7
50,Scintillator,255.260393899,20.0471061741,World/hcal_top/hcal_top_layer2_strip5
50,Aluminum3003,231.332586923,0.501177654353,World/hcal_top/hcal_top_cover_1_placement
50,Aluminum3003,254.759216245,0.501177654353,World/hcal_top/hcal_top_cover_2_placement
50,Scintillator,1196.46557439,20.0471061741,World/hcal_above_ecal/hcal_above_ecal_layer1_strip2
50,Scintillator,1221.92539923,20.0471061741,World/hcal_above_ecal/hcal_above_ecal_layer2_strip3
50,Scintillator,1247.38522407,20.0471061741,World/hcal_above_ecal/hcal_above_ecal_layer3_strip2
50,Scintillator,1272.84504892,20.0471061741,World/hcal_above_ecal/hcal_above_ecal_layer4_strip3
50,Aluminum3003,1195.96439674,0.501177654353,World/hcal_above_ecal/hcal_above_ecal_cover_1_placement
50,Aluminum3003,1221.42422158,0.501177654353,World/hcal_above_ecal/hcal_above_ecal_cover_2_placement
50,Aluminum3003,1246.88404642,0.501177654353,World/hcal_above_ecal/hcal_above_ecal_cover_3_placement
50,Aluminum3003,1272.34387126,0.501177654353,World/hcal_above_ecal/hcal_above_ecal_cover_4_placement
50,Scintillator,1702.49621314,20.0471061741,World/hcal_below_ecal/hcal_below_ecal_layer1_strip4
50,Scintillator,1726.07603446,20.0471061741,World/hcal_below_ecal/hcal_below_ecal_layer2_strip5
50,Scintillator,1749.65585578,20.0471061741,World/hcal_below_ecal/hcal_below_ecal_layer3_strip4
50,Scintillator,1773.2356771,20.0471061741,World/hcal_below_ecal/hcal_below_ecal_layer4_strip5
50,Aluminum3003,1701.99503549,0.501177654353,World/hcal_below_ecal/hcal_below_ecal_cover_1_placement
50,Aluminum3003,1725.5748568,0.501177654353,World/hcal_below_ecal/hcal_below_ecal_cover_2_placement
50,Aluminum3003,1749.15467812,0.501177654353,World/hcal_below_ecal/hcal_below_ecal_cover_3_placement
50,Aluminum3003,1772.73449944,0.501177654353,World/hcal_below_ecal/hcal_below_ecal_cover_4_placement
51,Polyvinyltoluene,858.793076033,2.00088798982,World/native_target/trigger_pad3_bar_volume_3
51,Polyvinyltoluene,854.791300054,2.00088798982,World/native_target/trigger_pad3_bar_volume_4
51,LYSO,933.326153654,0.600266396945,World/native_target/lvTarget_3/lvTargetArray1_phys/target_0
51,LYSO,934.383272269,0.343502977505,World/native_target/lvTarget_3/lvTargetArray2_phys/target_0
51,Polyvinyltoluene,629.091134802,2.00088798982,World/native_trig_scint/trigger_pad2_bar_volume_7
51,Polyvinyltoluene,625.089358823,2.00088798982,World/native_trig_scint/trigger_pad2_bar_volume_8
51,Polyvinyltoluene,549.855970406,2.00088798982,World/native_trig_scint/trigger_pad1_bar_volume_8
51,Polyvinyltoluene,553.857746385,2.00088798982,World/native_trig_scint/trigger_pad1_bar_volume_9
51,Silicon,690.258280651,0.320142078371,World/native_recoil/recoil_l14_sensor_vol_10/recoil_l14_active_sensor
51,Silicon,696.26094462,0.320142078371,World/native_recoil/recoil_l14_sensor_vol_20/recoil_l14_active_sensor
51,Silicon,790.302680142,0.320142078371,World/native_recoil/recoil_l14_sensor_vol_30/recoil_l14_active_sensor
51,Silicon,796.305344111,0.320142078371,World/native_recoil/recoil_l14_sensor_vol_40/recoil_l14_active_sensor
51,Aluminum,1349.98167936,0.800355195927,World/native_ecal/support_box_0/front_0_volume_0
51,Aluminum,1579.48353179,0.800355195927,World/native_ecal/support_box_0/front_1_volume_0
51,FR4,1427.51909029,0.900399595418,World/native_ecal/PCB_motherboard_volume_0
51,FR4,1432.68738397,1.66673969552,World/native_ecal/PCB_volume_0
51,Glue,1434.35412367,0.100044399491,World/native_ecal/Glue_volume_0
51,Silicon,1434.45416807,0.300133198473,World/native_ecal/Si_volume_0
51,Glue,1434.75430127,0.200088798982,World/native_ecal/GlueThick_volume_0
51,Aluminum,1437.30543345,3.20142078371,World/native_ecal/C_volume_CarbonCoolingPlane_0
51,Glue,1440.50685424,0.200088798982,World/native_ecal/GlueThick_volume_0
51,Silicon,1440.70694303,0.300133198473,World/native_ecal/Si_volume_7
51,Glue,1441.00707623,0.100044399491,World/native_ecal/Glue_volume_0
51,FR4,1441.10712063,1.66673969552,World/native_ecal/PCB_volume_0
51,FR4,1447.54197641,0.900399595418,World/native_ecal/PCB_motherboard_volume_0
51,FR4,1478.36165412,0.900399595418,World/native_ecal/PCB_motherboard_volume_0
51,FR4,1483.52994779,1.66673969552,World/native_ecal/PCB_volume_0
51,Glue,1485.19668749,0.100044399491,World/native_ecal/Glue_volume_0
51,Silicon,1485.29673189,0.300133198472,World/native_ecal/Si_volume_14
51,Glue,1485.59686509,0.200088798982,World/native_ecal/GlueThick_volume_0
51,Aluminum,1488.14799727,3.20142078371,World/native_ecal/C_volume_CarbonCoolingPlane_0
51,Glue,1491.34941806,0.200088798982,World/native_ecal/GlueThick_volume_0
51,Silicon,1491.54950686,0.300133198472,World/native_ecal/Si_volume_21
51,Glue,1491.84964005,0.100044399491,World/native_ecal/Glue_volume_0
51,FR4,1491.94968445,1.66673969552,World/native_ecal/PCB_volume_0
51,FR4,1497.88431823,0.900399595418,World/native_ecal/PCB_motherboard_volume_0
51,Scintillator,231.391698706,20.0088798982,World/hcal_top/hcal_top_layer1_strip6
51,Scintillator,254.773657601,20.0088798982,World/hcal_top/hcal_top_layer2_strip4
51,Aluminum3003,230.891476709,0.500221997454,World/hcal_top/hcal_top_cover_1_placement
51,Aluminum3003,254.273435603,0.500221997454,World/hcal_top/hcal_top_cover_2_placement
51,Scintillator,1194.18412674,20.0088798982,World/hcal_above_ecal/hcal_above_ecal_layer1_strip3
51,Scintillator,1219.59540422,20.0088798982,World/hcal_above_ecal/hcal_above_ecal_layer2_strip4
51,Scintillator,1245.00668169,20.0088798982,World/hcal_above_ecal/hcal_above_ecal_layer3_strip3
51,Scintillator,1270.41795916,20.0088798982,World/hcal_above_ecal/hcal_above_ecal_layer4_strip4
51,Aluminum3003,1193.68390475,0.500221997454,World/hcal_above_ecal/hcal_above_ecal_cover_1_placement
51,Aluminum3003,1219.09518222,0.500221997454,World/hcal_above_ecal/hcal_above_ecal_cover_2_placement
51,Aluminum3003,1244.50645969,0.500221997454,World/hcal_above_ecal/hcal_above_ecal_cover_3_placement
51,Aluminum3003,1269.91773716,0.500221997454,World/hcal_above_ecal/hcal_above_ecal_cover_4_placement
51,Scintillator,1699.24985481,20.0088798982,World/hcal_below_ecal/hcal_below_ecal_layer1_strip5
51,Scintillator,1722.7847136,20.0088798982,World/hcal_below_ecal/hcal_below_ecal_layer2_strip6
51,Scintillator,1746.31957238,20.0088798982,World/hcal_below_ecal/hcal_below_ecal_layer3_strip5
51,Scintillator,1769.85443116,20.0088798982,World/hcal_below_ecal/hcal_below_ecal_layer4_strip6
51,Aluminum3003,1698.74963282,0.500221997454,World/hcal_below_ecal/hcal_below_ecal_cover_1_placement
51,Aluminum3003,1722.2844916,0.500221997454,World/hcal_below_ecal/hcal_below_ecal_cover_2_placement
51,Aluminum3003,1745.81935038,0.500221997454,World/hcal_below_ecal/hcal_below_ecal_cover_3_placement
51,Aluminum3003,1769.35420916,0.500221997454,World/hcal_below_ecal/hcal_below_ecal_cover_4_placement
52,Polyvinyltoluene,854.725191287,2.00073324299,World/native_target/trigger_pad3_bar_volume_16
52,Polyvinyltoluene,858.726657773,2.00073324299,World/native_target/trigger_pad3_bar_volume_17
52,LYSO,933.253971074,0.600219972898,World/native_target/lvTarget_3/lvTargetArray1_phys/target_0
52,LYSO,934.054264371,0.600219972898,World/native_target/lvTarget_3/lvTargetArray2_phys/target_0
52,Polyvinyltoluene,629.042481477,2.00073324299,World/native_trig_scint/trigger_pad2_bar_volume_13
52,Polyvinyltoluene,549.813445054,2.00073324299,World/native_trig_scint/trigger_pad1_bar_volume_12
52,Polyvinyltoluene,553.81491154,2.00073324299,World/native_trig_scint/trigger_pad1_bar_volume_13
52,Polyvinyltoluene,625.041014991,2.00073324299,World/native_trig_scint/trigger_pad2_bar_volume_14
52,Silicon,690.204896715,0.320117318879,World/native_recoil/recoil_l14_sensor_vol_10/recoil_l14_active_sensor
52,Silicon,696.207096444,0.320117318879,World/native_recoil/recoil_l14_sensor_vol_20/recoil_l14_active_sensor
52,Silicon,790.241558865,0.320117318879,World/native_recoil/recoil_l14_sensor_vol_30/recoil_l14_active_sensor
52,Silicon,796.243758594,0.320117318879,World/native_recoil/recoil_l14_sensor_vol_40/recoil_l14_active_sensor
52,Aluminum,1349.87727302,0.800293297198,World/native_ecal/support_box_0/front_0_volume_0
52,Aluminum,1579.361376,0.800293297198,World/native_ecal/support_box_0/front_1_volume_0
52,FR4,1427.40868729,0.900329959347,World/native_ecal/PCB_motherboard_volume_0
52,FR4,1432.57658126,1.66661079141,World/native_ecal/PCB_volume_0
52,Glue,1434.24319205,0.10003666215,World/native_ecal/Glue_volume_0
52,Silicon,1434.34322871,0.300109986449,World/native_ecal/Si_volume_0
52,Glue,1434.6433387,0.200073324299,World/native_ecal/GlueThick_volume_0
52,Aluminum,1437.19427358,3.20117318879,World/native_ecal/C_volume_CarbonCoolingPlane_0
52,Glue,1440.39544677,0.200073324299,World/native_ecal/GlueThick_volume_0
52,Silicon,1440.59552009,0.300109986449,World/native_ecal/Si_volume_7
52,Glue,1440.89563008,0.10003666215,World/native_ecal/Glue_volume_0
52,FR4,1440.99566674,1.66661079141,World/native_ecal/PCB_volume_0
52,FR4,1447.43002485,0.900329959347,World/native_ecal/PCB_motherboard_volume_0
52,FR4,1478.24731899,0.900329959347,World/native_ecal/PCB_motherboard_volume_0
52,FR4,1483.41521296,1.66661079141,World/native_ecal/PCB_volume_0
52,Glue,1485.08182375,0.10003666215,World/native_ecal/Glue_volume_0
52,Silicon,1485.18186041,0.300109986449,World/native_ecal/Si_volume_14
52,Glue,1485.4819704,0.200073324299,World/native_ecal/GlueThick_volume_0
52,Aluminum,1488.03290529,3.20117318879,World/native_ecal/C_volume_CarbonCoolingPlane_0
52,Glue,1491.23407848,0.200073324299,World/native_ecal/GlueThick_volume_0
52,Silicon,1491.4341518,0.300109986449,World/native_ecal/Si_volume_21
52,Glue,1491.73426179,0.10003666215,World/native_ecal/Glue_volume_0
52,FR4,1491.83429845,1.66661079141,World/native_ecal/PCB_volume_0
52,FR4,1497.76847325,0.900329959347,World/native_ecal/PCB_motherboard_volume_0
52,Scintillator,231.373803087,20.0073324299,World/hcal_top/hcal_top_layer1_strip6
52,Scintillator,254.753953642,20.0073324299,World/hcal_top/hcal_top_layer2_strip5
52,Aluminum3003,230.873619776,0.500183310749,World/hcal_top/hcal_top_cover_1_placement
52,Aluminum3003,254.253770331,0.500183310749,World/hcal_top/hcal_top_cover_2_placement
52,Scintillator,1194.09176965,20.0073324299,World/hcal_above_ecal/hcal_above_ecal_layer1_strip2
52,Scintillator,1219.50108184,20.0073324299,World/hcal_above_ecal/hcal_above_ecal_layer2_strip4
52,Scintillator,1244.91039402,20.0073324299,World/hcal_above_ecal/hcal_above_ecal_layer3_strip2
52,Scintillator,1270.31970621,20.0073324299,World/hcal_above_ecal/hcal_above_ecal_layer4_strip4
52,Aluminum3003,1193.59158634,0.500183310749,World/hcal_above_ecal/hcal_above_ecal_cover_1_placement
52,Aluminum3003,1219.00089853,0.500183310748,World/hcal_above_ecal/hcal_above_ecal_cover_2_placement
52,Aluminum3003,1244.41021071,0.500183310748,World/hcal_above_ecal/hcal_above_ecal_cover_3_placement
52,Aluminum3003,1269.8195229,0.500183310749,World/hcal_above_ecal/hcal_above_ecal_cover_4_placement
52,Scintillator,1699.1184364,20.0073324299,World/hcal_below_ecal/hcal_below_ecal_layer1_strip4
52,Scintillator,1722.65147502,20.0073324299,World/hcal_below_ecal/hcal_below_ecal_layer2_strip6
52,Scintillator,1746.18451364,20.0073324299,World/hcal_below_ecal/hcal_below_ecal_layer3_strip4
52,Scintillator,1769.71755226,20.0073324299,World/hcal_below_ecal/hcal_below_ecal_layer4_strip6
52,Aluminum3003,1698.61825309,0.500183310749,World/hcal_below_ecal/hcal_below_ecal_cover_1_placement
52,Aluminum3003,1722.15129171,0.500183310748,World/hcal_below_ecal/hcal_below_ecal_cover_2_placement
52,Aluminum3003,1745.68433033,0.500183310748,World/hcal_below_ecal/hcal_below_ecal_cover_3_placement
52,Aluminum3003,1769.21736895,0.500183310749,World/hcal_below_ecal/hcal_below_ecal_cover_4_placement
53,Polyvinyltoluene,854.526083983,2.00026717436,World/native_target/trigger_pad3_bar_volume_4
53,Polyvinyltoluene,858.526618331,2.00026717436,World/native_target/trigger_pad3_bar_volume_5
53,LYSO,933.036570576,0.600080152308,World/native_target/lvTarget_3/lvTargetArray1_phys/target_0
53,LYSO,933.836677446,0.600080152308,World/native_target/lvTarget_3/lvTargetArray2_phys/target_0
53,Polyvinyltoluene,624.895412366,2.00026717436,World/native_trig_scint/trigger_pad2_bar_volume_2
53,Polyvinyltoluene,628.895946715,2.00026717436,World/native_trig_scint/trigger_pad2_bar_volume_3
53,Polyvinyltoluene,549.68536661,2.00026717436,World/native_trig_scint/trigger_pad1_bar_volume_2
53,Polyvinyltoluene,553.685900959,2.00026717436,World/native_trig_scint/trigger_pad1_bar_volume_3
53,Silicon,690.044114235,0.320042747898,World/native_recoil/recoil_l14_sensor_vol_10/recoil_l14_active_sensor
53,Silicon,696.044915758,0.320042747898,World/native_recoil/recoil_l14_sensor_vol_20/recoil_l14_active_sensor
53,Silicon,790.057472953,0.320042747898,World/native_recoil/recoil_l14_sensor_vol_30/recoil_l14_active_sensor
53,Silicon,796.058274476,0.320042747898,World/native_recoil/recoil_l14_sensor_vol_40/recoil_l14_active_sensor
53,Aluminum,1349.56282058,0.800106869744,World/native_ecal/support_box_0/front_0_volume_0
53,Aluminum,1578.99346548,0.800106869744,World/native_ecal/support_box_0/front_1_volume_0
53,FR4,1427.07617399,0.900120228462,World/native_ecal/PCB_motherboard_volume_0
53,FR4,1432.2428641,1.66622255624,World/native_ecal/PCB_volume_0
53,Glue,1433.90908666,0.100013358718,World/native_ecal/Glue_volume_0
53,Silicon,1434.00910001,0.300040076154,World/native_ecal/Si_volume_0
53,Glue,1434.30914009,0.200026717436,World/native_ecal/GlueThick_volume_0
53,Aluminum,1436.85948074,3.20042747898,World/native_ecal/C_volume_CarbonCoolingPlane_0
53,Glue,1440.05990822,0.200026717436,World/native_ecal/GlueThick_volume_0
53,Silicon,1440.25993493,0.300040076154,World/native_ecal/Si_volume_7
53,Glue,1440.55997501,0.100013358718,World/native_ecal/Glue_volume_0
53,FR4,1440.65998837,1.66622255624,World/native_ecal/PCB_volume_0
53,FR4,1447.0928476,0.900120228462,World/native_ecal/PCB_motherboard_volume_0
53,FR4,1477.90296289,0.900120228462,World/native_ecal/PCB_motherboard_volume_0
53,FR4,1483.069653,1.66622255624,World/native_ecal/PCB_volume_0
53,Glue,1484.73587556,0.100013358718,World/native_ecal/Glue_volume_0
53,Silicon,1484.83588892,0.300040076154,World/native_ecal/Si_volume_14
53,Glue,1485.13592899,0.200026717436,World/native_ecal/GlueThick_volume_0
53,Aluminum,1487.68626964,3.20042747898,World/native_ecal/C_volume_CarbonCoolingPlane_0
53,Glue,1490.88669712,0.200026717436,World/native_ecal/GlueThick_volume_0
53,Silicon,1491.08672384,0.300040076154,World/native_ecal/Si_volume_21
53,Glue,1491.38676391,0.100013358718,World/native_ecal/Glue_volume_0
53,FR4,1491.48677727,1.66622255624,World/native_ecal/PCB_volume_0
53,FR4,1497.41956971,0.900120228462,World/native_ecal/PCB_motherboard_volume_0
53,Scintillator,231.319904811,20.0026717436,World/hcal_top/hcal_top_layer1_strip6
53,Scintillator,254.694608986,20.0026717436,World/hcal_top/hcal_top_layer2_strip5
53,Aluminum3003,230.819838017,0.50006679359,World/hcal_top/hcal_top_cover_1_placement
53,Aluminum3003,254.194542192,0.50006679359,World/hcal_top/hcal_top_cover_2_placement
53,Scintillator,1193.81360727,20.0026717436,World/hcal_above_ecal/hcal_above_ecal_layer1_strip3
53,Scintillator,1219.21700039,20.0026717436,World/hcal_above_ecal/hcal_above_ecal_layer2_strip4
53,Scintillator,1244.6203935,20.0026717436,World/hcal_above_ecal/hcal_above_ecal_layer3_strip3
53,Scintillator,1270.02378662,20.0026717436,World/hcal_above_ecal/hcal_above_ecal_layer4_strip4
53,Aluminum3003,1193.31354048,0.50006679359,World/hcal_above_ecal/hcal_above_ecal_cover_1_placement
53,Aluminum3003,1218.71693359,0.50006679359,World/hcal_above_ecal/hcal_above_ecal_cover_2_placement
53,Aluminum3003,1244.12032671,0.50006679359,World/hcal_above_ecal/hcal_above_ecal_cover_3_placement
53,Aluminum3003,1269.52371982,0.50006679359,World/hcal_above_ecal/hcal_above_ecal_cover_4_placement
53,Scintillator,1698.72262861,20.0026717436,World/hcal_below_ecal/hcal_below_ecal_layer1_strip5
53,Scintillator,1722.25018523,20.0026717436,World/hcal_below_ecal/hcal_below_ecal_layer2_strip6
53,Scintillator,1745.77774186,20.0026717436,World/hcal_below_ecal/hcal_below_ecal_layer3_strip5
53,Scintillator,1769.30529848,20.0026717436,World/hcal_below_ecal/hcal_below_ecal_layer4_strip6
53,Aluminum3003,1698.22256182,0.50006679359,World/hcal_below_ecal/hcal_below_ecal_cover_1_placement
53,Aluminum3003,1721.75011844,0.50006679359,World/hcal_below_ecal/hcal_below_ecal_cover_2_placement
53,Aluminum3003,1745.27767506,0.50006679359,World/hcal_below_ecal/hcal_below_ecal_cover_3_placement
53,Aluminum3003,1768.80523169,0.50006679359,World/hcal_below_ecal/hcal_below_ecal_cover_4_placement
54,Polyvinyltoluene,854.449445424,2.00008777949,World/native_target/trigger_pad3_bar_volume_14
54,Polyvinyltoluene,858.449620983,2.00008777949,World/native_target/trigger_pad3_bar_volume_15
54,LYSO,932.952890769,0.600026333848,World/native_target/lvTarget_3/lvTargetArray1_phys/target_0
54,LYSO,933.752925881,0.600026333848,World/native_target/lvTarget_3/lvTargetArray2_phys/target_0
54,Polyvinyltoluene,628.839543897,2.00008777949,World/native_trig_scint/trigger_pad2_bar_volume_13
54,Polyvinyltoluene,549.636067829,2.00008777949,World/native_trig_scint/trigger_pad1_bar_volume_12
54,Polyvinyltoluene,553.636243388,2.00008777949,World/native_trig_scint/trigger_pad1_bar_volume_13
54,Polyvinyltoluene,624.839368338,2.00008777949,World/native_trig_scint/trigger_pad2_bar_volume_14
54,Silicon,689.982227316,0.320014044719,World/native_recoil/recoil_l14_sensor_vol_10/recoil_l14_active_sensor
54,Silicon,695.982490655,0.320014044719,World/native_recoil/recoil_l14_sensor_vol_20/recoil_l14_active_sensor
54,Silicon,789.986616291,0.320014044719,World/native_recoil/recoil_l14_sensor_vol_30/recoil_l14_active_sensor
54,Silicon,795.986879629,0.320014044719,World/native_recoil/recoil_l14_sensor_vol_40/recoil_l14_active_sensor
54,Aluminum,1349.44178443,0.800035111798,World/native_ecal/support_box_0/front_0_volume_0
54,Aluminum,1578.85185274,0.800035111798,World/native_ecal/support_box_0/front_1_volume_0
54,FR4,1426.94818602,0.900039500772,World/native_ecal/PCB_motherboard_volume_0
54,FR4,1432.11441275,1.66607312032,World/native_ecal/PCB_volume_0
54,Glue,1433.78048587,0.100004388975,World/native_ecal/Glue_volume_0
54,Silicon,1433.88049026,0.300013166924,World/native_ecal/Si_volume_0
54,Glue,1434.18050343,0.200008777949,World/native_ecal/GlueThick_volume_0
54,Aluminum,1436.73061535,3.20014044719,World/native_ecal/C_volume_CarbonCoolingPlane_0
54,Glue,1439.93075579,0.200008777949,World/native_ecal/GlueThick_volume_0
54,Silicon,1440.13076457,0.300013166924,World/native_ecal/Si_volume_7
54,Glue,1440.43077774,0.100004388975,World/native_ecal/Glue_volume_0
54,FR4,1440.53078213,1.66607312032,World/native_ecal/PCB_volume_0
54,FR4,1446.96306443,0.900039500772,World/native_ecal/PCB_motherboard_volume_0
54,FR4,1477.77041649,0.900039500772,World/native_ecal/PCB_motherboard_volume_0
54,FR4,1482.93664323,1.66607312032,World/native_ecal/PCB_volume_0
54,Glue,1484.60271635,0.100004388975,World/native_ecal/Glue_volume_0
54,Silicon,1484.70272074,0.300013166924,World/native_ecal/Si_volume_14
54,Glue,1485.0027339,0.200008777949,World/native_ecal/GlueThick_volume_0
54,Aluminum,1487.55284582,3.20014044719,World/native_ecal/C_volume_CarbonCoolingPlane_0
54,Glue,1490.75298627,0.200008777949,World/native_ecal/GlueThick_volume_0
54,Silicon,1490.95299505,0.300013166924,World/native_ecal/Si_volume_21
54,Glue,1491.25300821,0.100004388975,World/native_ecal/Glue_volume_0
54,FR4,1491.3530126,1.66607312032,World/native_ecal/PCB_volume_0
54,FR4,1497.28527296,0.900039500772,World/native_ecal/PCB_motherboard_volume_0
54,Scintillator,231.299158781,20.0008777949,World/hcal_top/hcal_top_layer1_strip6
54,Scintillator,254.671766584,20.0008777949,World/hcal_top/hcal_top_layer2_strip5
54,Aluminum3003,230.799136836,0.500021944873,World/hcal_top/hcal_top_cover_1_placement
54,Aluminum3003,254.171744639,0.500021944873,World/hcal_top/hcal_top_cover_2_placement
54,Scintillator,1193.70653956,20.0008777949,World/hcal_above_ecal/hcal_above_ecal_layer1_strip3
54,Scintillator,1219.10765436,20.0008777949,World/hcal_above_ecal/hcal_above_ecal_layer2_strip4
54,Scintillator,1244.50876916,20.0008777949,World/hcal_above_ecal/hcal_above_ecal_layer3_strip3
54,Scintillator,1269.90988396,20.0008777949,World/hcal_above_ecal/hcal_above_ecal_layer4_strip4
54,Aluminum3003,1193.20651761,0.500021944873,World/hcal_above_ecal/hcal_above_ecal_cover_1_placement
54,Aluminum3003,1218.60763241,0.500021944873,World/hcal_above_ecal/hcal_above_ecal_cover_2_placement
54,Aluminum3003,1244.00874721,0.500021944873,World/hcal_above_ecal/hcal_above_ecal_cover_3_placement
54,Aluminum3003,1269.40986201,0.500021944873,World/hcal_above_ecal/hcal_above_ecal_cover_4_placement
54,Scintillator,1698.5702779,20.0008777949,World/hcal_below_ecal/hcal_below_ecal_layer1_strip4
54,Scintillator,1722.09572445,20.0008777949,World/hcal_below_ecal/hcal_below_ecal_layer2_strip6
54,Scintillator,1745.62117099,20.0008777949,World/hcal_below_ecal/hcal_below_ecal_layer3_strip4
54,Scintillator,1769.14661753,20.0008777949,World/hcal_below_ecal/hcal_below_ecal_layer4_strip6
54,Aluminum3003,1698.07025596,0.500021944873,World/hcal_below_ecal/hcal_below_ecal_cover_1_placement
54,Aluminum3003,1721.5957025,0.500021944873,World/hcal_below_ecal/hcal_below_ecal_cover_2_placement
54,Aluminum3003,1745.12114905,0.500021944873,World/hcal_below_ecal/hcal_below_ecal_cover_3_placement
54,Aluminum3003,1768.64659559,0.500021944873,World/hcal_below_ecal/hcal_below_ecal_cover_4_placement
55,Polyvinyltoluene,857.741195859,2.00779308009,World/native_target/trigger_pad3_bar_volume_18
55,Polyvinyltoluene,861.756782019,2.00779308009,World/native_target/trigger_pad3_bar_volume_19
55,LYSO,936.547074252,0.602337924026,World/native_target/lvTarget_3/lvTargetArray1_phys/target_0
55,LYSO,937.350191484,0.602337924026,World/native_target/lvTarget_3/lvTargetArray2_phys/target_0
55,Polyvinyltoluene,551.753530454,2.00779308009,World/native_trig_scint/trigger_pad1_bar_volume_6
55,Polyvinyltoluene,555.769116614,2.00779308009,World/native_trig_scint/trigger_pad1_bar_volume_7
55,Polyvinyltoluene,631.262136425,2.00779308009,World/native_trig_scint/trigger_pad2_bar_volume_9
55,Polyvinyltoluene,627.246550265,2.00779308009,World/native_trig_scint/trigger_pad2_bar_volume_10
55,Silicon,692.640370883,0.321246892814,World/native_recoil/recoil_l14_sensor_vol_10/recoil_l14_active_sensor
55,Silicon,698.663750123,0.321246892814,World/native_recoil/recoil_l14_sensor_vol_20/recoil_l14_active_sensor
55,Silicon,793.030024887,0.321246892814,World/native_recoil/recoil_l14_sensor_vol_30/recoil_l14_active_sensor
55,Silicon,799.053404128,0.321246892814,World/native_recoil/recoil_l14_sensor_vol_40/recoil_l14_active_sensor
55,Aluminum,1354.64048355,0.803117232034,World/native_ecal/support_box_0/front_0_volume_0
55,Aluminum,1584.93434984,0.803117232034,World/native_ecal/support_box_0/front_1_volume_0
55,FR4,1432.44547709,0.903506886038,World/native_ecal/PCB_motherboard_volume_0
55,FR4,1437.63160662,1.67249163571,World/native_ecal/PCB_volume_0
55,Glue,1439.30409825,0.100389654004,World/native_ecal/Glue_volume_0
55,Silicon,1439.40448791,0.301168962013,World/native_ecal/Si_volume_0
55,Glue,1439.70565687,0.200779308008,World/native_ecal/GlueThick_volume_0
55,Aluminum,1442.26559305,3.21246892814,World/native_ecal/C_volume_CarbonCoolingPlane_0
55,Glue,1445.47806198,0.200779308009,World/native_ecal/GlueThick_volume_0
55,Silicon,1445.67884128,0.301168962013,World/native_ecal/Si_volume_7
55,Glue,1445.98001025,0.100389654004,World/native_ecal/Glue_volume_0
55,FR4,1446.0803999,1.67249163571,World/native_ecal/PCB_volume_0
55,FR4,1452.53746244,0.903506886038,World/native_ecal/PCB_motherboard_volume_0
55,FR4,1483.46349926,0.903506886038,World/native_ecal/PCB_motherboard_volume_0
55,FR4,1488.64962878,1.67249163571,World/native_ecal/PCB_volume_0
55,Glue,1490.32212042,0.100389654004,World/native_ecal/Glue_volume_0
55,Silicon,1490.42251007,0.301168962013,World/native_ecal/Si_volume_14
55,Glue,1490.72367903,0.200779308008,World/native_ecal/GlueThick_volume_0
55,Aluminum,1493.28361521,3.21246892814,World/native_ecal/C_volume_CarbonCoolingPlane_0
55,Glue,1496.49608414,0.200779308008,World/native_ecal/GlueThick_volume_0
55,Silicon,1496.69686345,0.301168962013,World/native_ecal/Si_volume_21
55,Glue,1496.99803241,0.100389654004,World/native_ecal/Glue_volume_0
55,FR4,1497.09842206,1.67249163571,World/native_ecal/PCB_volume_0
55,FR4,1503.05353634,0.903506886038,World/native_ecal/PCB_motherboard_volume_0
55,Scintillator,232.190234444,20.0779308009,World/hcal_top/hcal_top_layer1_strip5
55,Scintillator,255.65288478,20.0779308009,World/hcal_top/hcal_top_layer2_strip5
55,Aluminum3003,231.688286174,0.501948270021,World/hcal_top/hcal_top_cover_1_placement
55,Aluminum3003,255.15093651,0.501948270021,World/hcal_top/hcal_top_cover_2_placement
55,Scintillator,1198.30527157,20.0779308009,World/hcal_above_ecal/hcal_above_ecal_layer1_strip2
55,Scintillator,1223.80424369,20.0779308009,World/hcal_above_ecal/hcal_above_ecal_layer2_strip5
55,Scintillator,1249.30321581,20.0779308009,World/hcal_above_ecal/hcal_above_ecal_layer3_strip2
55,Scintillator,1274.80218793,20.0779308009,World/hcal_above_ecal/hcal_above_ecal_layer4_strip5
55,Aluminum3003,1197.8033233,0.501948270021,World/hcal_above_ecal/hcal_above_ecal_cover_1_placement
55,Aluminum3003,1223.30229542,0.501948270021,World/hcal_above_ecal/hcal_above_ecal_cover_2_placement
55,Aluminum3003,1248.80126754,0.501948270021,World/hcal_above_ecal/hcal_above_ecal_cover_3_placement
55,Aluminum3003,1274.30023966,0.501948270021,World/hcal_above_ecal/hcal_above_ecal_cover_4_placement
55,Scintillator,1705.11398799,20.0779308009,World/hcal_below_ecal/hcal_below_ecal_layer1_strip3
55,Scintillator,1728.73006587,20.0779308009,World/hcal_below_ecal/hcal_below_ecal_layer2_strip7
55,Scintillator,1752.34614375,20.0779308009,World/hcal_below_ecal/hcal_below_ecal_layer3_strip3
55,Scintillator,1775.96222164,20.0779308009,World/hcal_below_ecal/hcal_below_ecal_layer4_strip7
55,Aluminum3003,1704.61203972,0.501948270021,World/hcal_below_ecal/hcal_below_ecal_cover_1_placement
55,Aluminum3003,1728.2281176,0.501948270021,World/hcal_below_ecal/hcal_below_ecal_cover_2_placement
55,Aluminum3003,1751.84419548,0.501948270021,World/hcal_below_ecal/hcal_below_ecal_cover_3_placement
55,Aluminum3003,1775.46027337,0.501948270021,World/hcal_below_ecal/hcal_below_ecal_cover_4_placement
56,Polyvinyltoluene,859.921027587,2.00351598576,World/native_target/trigger_pad3_bar_volume_5
56,Polyvinyltoluene,855.913995615,2.00351598576,World/native_target/trigger_pad3_bar_volume_6
56,LYSO,934.551998056,0.601054795727,World/native_target/lvTarget_3/lvTargetArray1_phys/target_0
56,LYSO,935.353404451,0.601054795727,World/native_target/lvTarget_3/lvTargetArray2_phys/target_0
56,Polyvinyltoluene,629.917392422,2.00351598576,World/native_trig_scint/trigger_pad2_bar_volume_13
56,Polyvinyltoluene,625.91036045,1.54386094057,World/native_trig_scint/trigger_pad2_bar_volume_14
56,Polyvinyltoluene,554.585191358,2.00351598576,World/native_trig_scint/trigger_pad1_bar_volume_15
56,Polyvinyltoluene,550.578159386,2.00351598576,World/native_trig_scint/trigger_pad1_bar_volume_16
56,Silicon,691.164876107,0.320562557721,World/native_recoil/recoil_l14_sensor_vol_10/recoil_l14_active_sensor
56,Silicon,697.175424064,0.320562557721,World/native_recoil/recoil_l14_sensor_vol_20/recoil_l14_active_sensor
56,Silicon,791.340675394,0.320562557721,World/native_recoil/recoil_l14_sensor_vol_30/recoil_l14_active_sensor
56,Silicon,797.351223352,0.320562557721,World/native_recoil/recoil_l14_sensor_vol_40/recoil_l14_active_sensor
56,Aluminum,1351.7547653,0.801406394303,World/native_ecal/support_box_0/front_0_volume_0
56,Aluminum,1581.55804887,0.801406394303,World/native_ecal/support_box_0/front_1_volume_0
56,FR4,1429.39401502,0.90158219359,World/native_ecal/PCB_motherboard_volume_0
56,FR4,1434.56909681,1.66892881614,World/native_ecal/PCB_volume_0
56,Glue,1436.23802563,0.100175799288,World/native_ecal/Glue_volume_0
56,Silicon,1436.33820143,0.300527397863,World/native_ecal/Si_volume_0
56,Glue,1436.63872883,0.200351598575,World/native_ecal/GlueThick_volume_0
56,Aluminum,1439.19321171,3.20562557721,World/native_ecal/C_volume_CarbonCoolingPlane_0
56,Glue,1442.39883729,0.200351598576,World/native_ecal/GlueThick_volume_0
56,Silicon,1442.59918889,0.300527397863,World/native_ecal/Si_volume_7
56,Glue,1442.89971628,0.100175799288,World/native_ecal/Glue_volume_0
56,FR4,1442.99989208,1.66892881614,World/native_ecal/PCB_volume_0
56,FR4,1449.44319949,0.901582193591,World/native_ecal/PCB_motherboard_volume_0
56,FR4,1480.30335622,0.901582193591,World/native_ecal/PCB_motherboard_volume_0
56,FR4,1485.47843801,1.66892881614,World/native_ecal/PCB_volume_0
56,Glue,1487.14736683,0.100175799288,World/native_ecal/Glue_volume_0
56,Silicon,1487.24754263,0.300527397863,World/native_ecal/Si_volume_14
56,Glue,1487.54807003,0.200351598576,World/native_ecal/GlueThick_volume_0
56,Aluminum,1490.10255291,3.20562557721,World/native_ecal/C_volume_CarbonCoolingPlane_0
56,Glue,1493.30817848,0.200351598576,World/native_ecal/GlueThick_volume_0
56,Silicon,1493.50853008,0.300527397863,World/native_ecal/Si_volume_21
56,Glue,1493.80905748,0.100175799288,World/native_ecal/Glue_volume_0
56,FR4,1493.90923328,1.66892881614,World/native_ecal/PCB_volume_0
56,FR4,1499.85166169,0.901582193591,World/native_ecal/PCB_motherboard_volume_0
56,Scintillator,231.695611993,20.0351598576,World/hcal_top/hcal_top_layer1_strip6
56,Scintillator,255.108281098,20.0351598576,World/hcal_top/hcal_top_layer2_strip4
56,Aluminum3003,231.194732996,0.500878996439,World/hcal_top/hcal_top_cover_1_placement
56,Aluminum3003,254.607402102,0.500878996439,World/hcal_top/hcal_top_cover_2_placement
56,Scintillator,1195.75258588,20.0351598576,World/hcal_above_ecal/hcal_above_ecal_layer1_strip3
56,Scintillator,1221.19723889,20.0351598576,World/hcal_above_ecal/hcal_above_ecal_layer2_strip4
56,Scintillator,1246.64189191,20.0351598576,World/hcal_above_ecal/hcal_above_ecal_layer3_strip3
56,Scintillator,1272.08654493,20.0351598576,World/hcal_above_ecal/hcal_above_ecal_layer4_strip4
56,Aluminum3003,1195.25170688,0.500878996439,World/hcal_above_ecal/hcal_above_ecal_cover_1_placement
56,Aluminum3003,1220.6963599,0.500878996439,World/hcal_above_ecal/hcal_above_ecal_cover_2_placement
56,Aluminum3003,1246.14101292,0.500878996439,World/hcal_above_ecal/hcal_above_ecal_cover_3_placement
56,Aluminum3003,1271.58566594,0.500878996439,World/hcal_above_ecal/hcal_above_ecal_cover_4_placement
56,Scintillator,1701.48167476,20.0351598576,World/hcal_below_ecal/hcal_below_ecal_layer1_strip6
56,Scintillator,1725.04744457,20.0351598576,World/hcal_below_ecal/hcal_below_ecal_layer2_strip5
56,Scintillator,1748.61321439,20.0351598576,World/hcal_below_ecal/hcal_below_ecal_layer3_strip6
56,Scintillator,1772.1789842,20.0351598576,World/hcal_below_ecal/hcal_below_ecal_layer4_strip5
56,Aluminum3003,1700.98079576,0.500878996439,World/hcal_below_ecal/hcal_below_ecal_cover_1_placement
56,Aluminum3003,1724.54656557,0.500878996439,World/hcal_below_ecal/hcal_below_ecal_cover_2_placement
56,Aluminum3003,1748.11233539,0.500878996439,World/hcal_below_ecal/hcal_below_ecal_cover_3_placement
56,Aluminum3003,1771.6781052,0.500878996439,World/hcal_below_ecal/hcal_below_ecal_cover_4_placement
57,Polyvinyltoluene,860.031375666,2.00377308395,World/native_target/trigger_pad3_bar_volume_13
57,Polyvinyltoluene,856.023829498,2.00377308395,World/native_target/trigger_pad3_bar_volume_14
57,LYSO,934.671923043,0.601131925184,World/native_target/lvTarget_3/lvTargetArray1_phys/target_0
57,LYSO,935.473432277,0.601131925185,World/native_target/lvTarget_3/lvTargetArray2_phys/target_0
57,Polyvinyltoluene,554.656357673,2.00377308395,World/native_trig_scint/trigger_pad1_bar_volume_1
57,Polyvinyltoluene,550.648811505,2.00377308395,World/native_trig_scint/trigger_pad1_bar_volume_2
57,Polyvinyltoluene,625.990679461,2.00377308395,World/native_trig_scint/trigger_pad2_bar_volume_4
57,Polyvinyltoluene,629.998225629,2.00377308395,World/native_trig_scint/trigger_pad2_bar_volume_5
57,Silicon,691.253568805,0.320603693432,World/native_recoil/recoil_l14_sensor_vol_10/recoil_l14_active_sensor
57,Silicon,697.264888057,0.320603693432,World/native_recoil/recoil_l14_sensor_vol_20/recoil_l14_active_sensor
57,Silicon,791.442223003,0.320603693432,World/native_recoil/recoil_l14_sensor_vol_30/recoil_l14_active_sensor
57,Silicon,797.453542255,0.320603693432,World/native_recoil/recoil_l14_sensor_vol_40/recoil_l14_active_sensor
57,Aluminum,1351.92822721,0.801509233579,World/native_ecal/support_box_0/front_0_volume_0
57,Aluminum,1581.76099994,0.801509233579,World/native_ecal/support_box_0/front_1_volume_0
57,FR4,1429.57743987,0.901697887777,World/native_ecal/PCB_motherboard_volume_0
57,FR4,1434.75318575,1.66914297893,World/native_ecal/PCB_volume_0
57,Glue,1436.42232873,0.100188654197,World/native_ecal/Glue_volume_0
57,Silicon,1436.52251738,0.300565962592,World/native_ecal/Si_volume_0
57,Glue,1436.82308334,0.200377308395,World/native_ecal/GlueThick_volume_0
57,Aluminum,1439.37789403,3.20603693432,World/native_ecal/C_volume_CarbonCoolingPlane_0
57,Glue,1442.58393096,0.200377308395,World/native_ecal/GlueThick_volume_0
57,Silicon,1442.78430827,0.300565962592,World/native_ecal/Si_volume_7
57,Glue,1443.08487423,0.100188654197,World/native_ecal/Glue_volume_0
57,FR4,1443.18506289,1.66914297893,World/native_ecal/PCB_volume_0
57,FR4,1449.62919712,0.901697887777,World/native_ecal/PCB_motherboard_volume_0
57,FR4,1480.49331394,0.901697887777,World/native_ecal/PCB_motherboard_volume_0
57,FR4,1485.66905981,1.66914297893,World/native_ecal/PCB_volume_0
57,Glue,1487.33820279,0.100188654197,World/native_ecal/Glue_volume_0
57,Silicon,1487.43839144,0.300565962592,World/native_ecal/Si_volume_14
57,Glue,1487.73895741,0.200377308395,World/native_ecal/GlueThick_volume_0
57,Aluminum,1490.29376809,3.20603693432,World/native_ecal/C_volume_CarbonCoolingPlane_0
57,Glue,1493.49980502,0.200377308395,World/native_ecal/GlueThick_volume_0
57,Silicon,1493.70018233,0.300565962592,World/native_ecal/Si_volume_21
57,Glue,1494.00074829,0.100188654197,World/native_ecal/Glue_volume_0
57,FR4,1494.10093695,1.66914297893,World/native_ecal/PCB_volume_0
57,FR4,1500.04412792,0.901697887777,World/native_ecal/PCB_motherboard_volume_0
57,Scintillator,231.725343985,20.0377308395,World/hcal_top/hcal_top_layer1_strip6
57,Scintillator,255.141017487,20.0377308395,World/hcal_top/hcal_top_layer2_strip5
57,Aluminum3003,231.224400714,0.500943270987,World/hcal_top/hcal_top_cover_1_placement
57,Aluminum3003,254.640074216,0.500943270987,World/hcal_top/hcal_top_cover_2_placement
57,Scintillator,1195.90602904,20.0377308395,World/hcal_above_ecal/hcal_above_ecal_layer1_strip2
57,Scintillator,1221.3539472,20.0377308395,World/hcal_above_ecal/hcal_above_ecal_layer2_strip4
57,Scintillator,1246.80186537,20.0377308395,World/hcal_above_ecal/hcal_above_ecal_layer3_strip2
57,Scintillator,1272.24978354,20.0377308395,World/hcal_above_ecal/hcal_above_ecal_layer4_strip4
57,Aluminum3003,1195.40508577,0.500943270987,World/hcal_above_ecal/hcal_above_ecal_cover_1_placement
57,Aluminum3003,1220.85300393,0.500943270987,World/hcal_above_ecal/hcal_above_ecal_cover_2_placement
57,Aluminum3003,1246.3009221,0.500943270987,World/hcal_above_ecal/hcal_above_ecal_cover_3_placement
57,Aluminum3003,1271.74884027,0.500943270987,World/hcal_above_ecal/hcal_above_ecal_cover_4_placement
57,Scintillator,1701.70001485,20.0377308395,World/hcal_below_ecal/hcal_below_ecal_layer1_strip3
57,Scintillator,1725.2688087,20.0377308395,World/hcal_below_ecal/hcal_below_ecal_layer2_strip6
57,Scintillator,1748.83760256,20.0377308395,World/hcal_below_ecal/hcal_below_ecal_layer3_strip3
57,Scintillator,1772.40639642,20.0377308395,World/hcal_below_ecal/hcal_below_ecal_layer4_strip6
57,Aluminum3003,1701.19907158,0.500943270987,World/hcal_below_ecal/hcal_below_ecal_cover_1_placement
57,Aluminum3003,1724.76786543,0.500943270987,World/hcal_below_ecal/hcal_below_ecal_cover_2_placement
57,Aluminum3003,1748.33665929,0.500943270987,World/hcal_below_ecal/hcal_below_ecal_cover_3_placement
57,Aluminum3003,1771.90545315,0.500943270987,World/hcal_below_ecal/hcal_below_ecal_cover_4_placement
58,Polyvinyltoluene,855.951605236,2.00360402203,World/native_target/trigger_pad3_bar_volume_10
58,Polyvinyltoluene,859.95881328,2.00360402203,World/native_target/trigger_pad3_bar_volume_11
58,LYSO,934.5930631,0.601081206608,World/native_target/lvTarget_3/lvTargetArray1_phys/target_0
58,LYSO,935.394504709,0.601081206608,World/native_target/lvTarget_3/lvTargetArray2_phys/target_0
58,Polyvinyltoluene,629.945071551,2.00360402203,World/native_trig_scint/trigger_pad2_bar_volume_19
58,Polyvinyltoluene,625.937863507,2.00360402203,World/native_trig_scint/trigger_pad2_bar_volume_20
58,Polyvinyltoluene,554.609560323,2.00360402203,World/native_trig_scint/trigger_pad1_bar_volume_21
58,Polyvinyltoluene,550.602352279,2.00360402203,World/native_trig_scint/trigger_pad1_bar_volume_22
58,Silicon,691.195246504,0.320576643524,World/native_recoil/recoil_l14_sensor_vol_10/recoil_l14_active_sensor
58,Silicon,697.20605857,0.320576643524,World/native_recoil/recoil_l14_sensor_vol_20/recoil_l14_active_sensor
58,Silicon,791.375447606,0.320576643524,World/native_recoil/recoil_l14_sensor_vol_30/recoil_l14_active_sensor
58,Silicon,797.386259672,0.320576643524,World/native_recoil/recoil_l14_sensor_vol_40/recoil_l14_active_sensor
58,Aluminum,1351.8141626,0.801441608811,World/native_ecal/support_box_0/front_0_volume_0
58,Aluminum,1581.62754393,0.801441608811,World/native_ecal/support_box_0/front_1_volume_0
58,FR4,1429.45682386,0.901621809912,World/native_ecal/PCB_motherboard_volume_0
58,FR4,1434.63213305,1.66900215035,World/native_ecal/PCB_volume_0
58,Glue,1436.3011352,0.100180201101,World/native_ecal/Glue_volume_0
58,Silicon,1436.4013154,0.300540603304,World/native_ecal/Si_volume_0
58,Glue,1436.70185601,0.200360402202,World/native_ecal/GlueThick_volume_0
58,Aluminum,1439.25645114,3.20576643524,World/native_ecal/C_volume_CarbonCoolingPlane_0
58,Glue,1442.46221757,0.200360402203,World/native_ecal/GlueThick_volume_0
58,Silicon,1442.66257797,0.300540603304,World/native_ecal/Si_volume_7
58,Glue,1442.96311858,0.100180201101,World/native_ecal/Glue_volume_0
58,FR4,1443.06329878,1.66900215035,World/native_ecal/PCB_volume_0
58,FR4,1449.50688931,0.901621809912,World/native_ecal/PCB_motherboard_volume_0
58,FR4,1480.36840206,0.901621809912,World/native_ecal/PCB_motherboard_volume_0
58,FR4,1485.54371125,1.66900215035,World/native_ecal/PCB_volume_0
58,Glue,1487.2127134,0.100180201101,World/native_ecal/Glue_volume_0
58,Silicon,1487.3128936,0.300540603304,World/native_ecal/Si_volume_14
58,Glue,1487.61343421,0.200360402203,World/native_ecal/GlueThick_volume_0
58,Aluminum,1490.16802934,3.20576643524,World/native_ecal/C_volume_CarbonCoolingPlane_0
58,Glue,1493.37379577,0.200360402203,World/native_ecal/GlueThick_volume_0
58,Silicon,1493.57415617,0.300540603304,World/native_ecal/Si_volume_21
58,Glue,1493.87469678,0.100180201101,World/native_ecal/Glue_volume_0
58,FR4,1493.97487698,1.66900215035,World/native_ecal/PCB_volume_0
58,FR4,1499.91756651,0.901621809912,World/native_ecal/PCB_motherboard_volume_0
58,Scintillator,231.705792903,20.0360402203,World/hcal_top/hcal_top_layer1_strip6
58,Scintillator,255.119490783,20.0360402203,World/hcal_top/hcal_top_layer2_strip4
58,Aluminum3003,231.204891898,0.500901005507,World/hcal_top/hcal_top_cover_1_placement
58,Aluminum3003,254.618589777,0.500901005507,World/hcal_top/hcal_top_cover_2_placement
58,Scintillator,1195.8051283,20.0360402203,World/hcal_above_ecal/hcal_above_ecal_layer1_strip3
58,Scintillator,1221.25089938,20.0360402203,World/hcal_above_ecal/hcal_above_ecal_layer2_strip4
58,Scintillator,1246.69667046,20.0360402203,World/hcal_above_ecal/hcal_above_ecal_layer3_strip3
58,Scintillator,1272.14244154,20.0360402203,World/hcal_above_ecal/hcal_above_ecal_layer4_strip4
58,Aluminum3003,1195.3042273,0.500901005507,World/hcal_above_ecal/hcal_above_ecal_cover_1_placement
58,Aluminum3003,1220.74999838,0.500901005507,World/hcal_above_ecal/hcal_above_ecal_cover_2_placement
58,Aluminum3003,1246.19576946,0.500901005507,World/hcal_above_ecal/hcal_above_ecal_cover_3_placement
58,Aluminum3003,1271.64154054,0.500901005507,World/hcal_above_ecal/hcal_above_ecal_cover_4_placement
58,Scintillator,1701.55643937,20.0360402203,World/hcal_below_ecal/hcal_below_ecal_layer1_strip6
58,Scintillator,1725.12324469,20.0360402203,World/hcal_below_ecal/hcal_below_ecal_layer2_strip6
58,Scintillator,1748.69005,20.0360402203,World/hcal_below_ecal/hcal_below_ecal_layer3_strip6
58,Scintillator,1772.25685532,20.0360402203,World/hcal_below_ecal/hcal_below_ecal_layer4_strip6
58,Aluminum3003,1701.05553837,0.500901005506,World/hcal_below_ecal/hcal_below_ecal_cover_1_placement
58,Aluminum3003,1724.62234368,0.500901005506,World/hcal_below_ecal/hcal_below_ecal_cover_2_placement
58,Aluminum3003,1748.189149,0.500901005507,World/hcal_below_ecal/hcal_below_ecal_cover_3_placement
58,Aluminum3003,1771.75595431,0.500901005507,World/hcal_below_ecal/hcal_below_ecal_cover_4_placement
59,Polyvinyltoluene,854.500900093,2.00020822413,World/native_target/trigger_pad3_bar_volume_10
59,Polyvinyltoluene,858.501316541,2.00020822413,World/native_target/trigger_pad3_bar_volume_11
59,LYSO,933.00907289,0.60006246724,World/native_target/lvTarget_3/lvTargetArray1_phys/target_0
59,LYSO,933.80915618,0.60006246724,World/native_target/lvTarget_3/lvTargetArray2_phys/target_0
59,Polyvinyltoluene,553.669583183,2.00020822413,World/native_trig_scint/trigger_pad1_bar_volume_7
59,Polyvinyltoluene,624.876995962,2.00020822413,World/native_trig_scint/trigger_pad2_bar_volume_8
59,Polyvinyltoluene,628.877412411,2.00020822413,World/native_trig_scint/trigger_pad2_bar_volume_9
59,Polyvinyltoluene,549.669166735,2.00020822413,World/native_trig_scint/trigger_pad1_bar_volume_8
59,Silicon,690.023777822,0.320033315861,World/native_recoil/recoil_l14_sensor_vol_10/recoil_l14_active_sensor
59,Silicon,696.024402495,0.320033315861,World/native_recoil/recoil_l14_sensor_vol_20/recoil_l14_active_sensor
59,Silicon,790.034189029,0.320033315861,World/native_recoil/recoil_l14_sensor_vol_30/recoil_l14_active_sensor
59,Silicon,796.034813701,0.320033315861,World/native_recoil/recoil_l14_sensor_vol_40/recoil_l14_active_sensor
59,Aluminum,1349.52304738,0.800083289653,World/native_ecal/support_box_0/front_0_volume_0
59,Aluminum,1578.94693068,0.800083289653,World/native_ecal/support_box_0/front_1_volume_0
59,FR4,1427.03411637,0.900093700859,World/native_ecal/PCB_motherboard_volume_0
59,FR4,1432.20065422,1.6661734507,World/native_ecal/PCB_volume_0
59,Glue,1433.86682767,0.100010411207,World/native_ecal/Glue_volume_0
59,Silicon,1433.96683808,0.30003123362,World/native_ecal/Si_volume_0
59,Glue,1434.26686931,0.200020822413,World/native_ecal/GlueThick_volume_0
59,Aluminum,1436.8171348,3.20033315861,World/native_ecal/C_volume_CarbonCoolingPlane_0
59,Glue,1440.01746796,0.200020822413,World/native_ecal/GlueThick_volume_0
59,Silicon,1440.21748878,0.30003123362,World/native_ecal/Si_volume_7
59,Glue,1440.51752001,0.100010411206,World/native_ecal/Glue_volume_0
59,FR4,1440.61753042,1.6661734507,World/native_ecal/PCB_volume_0
59,FR4,1447.05020007,0.900093700859,World/native_ecal/PCB_motherboard_volume_0
59,FR4,1477.85940735,0.900093700859,World/native_ecal/PCB_motherboard_volume_0
59,FR4,1483.02594519,1.6661734507,World/native_ecal/PCB_volume_0
59,Glue,1484.69211864,0.100010411206,World/native_ecal/Glue_volume_0
59,Silicon,1484.79212905,0.30003123362,World/native_ecal/Si_volume_14
59,Glue,1485.09216029,0.200020822413,World/native_ecal/GlueThick_volume_0
59,Aluminum,1487.64242577,3.20033315861,World/native_ecal/C_volume_CarbonCoolingPlane_0
59,Glue,1490.84275893,0.200020822413,World/native_ecal/GlueThick_volume_0
59,Silicon,1491.04277975,0.30003123362,World/native_ecal/Si_volume_21
59,Glue,1491.34281099,0.100010411207,World/native_ecal/Glue_volume_0
59,FR4,1491.4428214,1.6661734507,World/native_ecal/PCB_volume_0
59,FR4,1497.37543899,0.900093700859,World/native_ecal/PCB_motherboard_volume_0
59,Scintillator,231.313087541,20.0020822413,World/hcal_top/hcal_top_layer1_strip6
59,Scintillator,254.687102836,20.0020822413,World/hcal_top/hcal_top_layer2_strip5
59,Aluminum3003,230.813035485,0.500052056033,World/hcal_top/hcal_top_cover_1_placement
59,Aluminum3003,254.18705078,0.500052056033,World/hcal_top/hcal_top_cover_2_placement
59,Scintillator,1193.77842418,20.0020822413,World/hcal_above_ecal/hcal_above_ecal_layer1_strip3
59,Scintillator,1219.18106863,20.0020822413,World/hcal_above_ecal/hcal_above_ecal_layer2_strip4
59,Scintillator,1244.58371307,20.0020822413,World/hcal_above_ecal/hcal_above_ecal_layer3_strip3
59,Scintillator,1269.98635752,20.0020822413,World/hcal_above_ecal/hcal_above_ecal_layer4_strip4
59,Aluminum3003,1193.27837212,0.500052056033,World/hcal_above_ecal/hcal_above_ecal_cover_1_placement
59,Aluminum3003,1218.68101657,0.500052056033,World/hcal_above_ecal/hcal_above_ecal_cover_2_placement
59,Aluminum3003,1244.08366102,0.500052056033,World/hcal_above_ecal/hcal_above_ecal_cover_3_placement
59,Aluminum3003,1269.48630546,0.500052056033,World/hcal_above_ecal/hcal_above_ecal_cover_4_placement
59,Scintillator,1698.67256526,20.0020822413,World/hcal_below_ecal/hcal_below_ecal_layer1_strip4
59,Scintillator,1722.19942849,20.0020822413,World/hcal_below_ecal/hcal_below_ecal_layer2_strip6
59,Scintillator,1745.72629173,20.0020822413,World/hcal_below_ecal/hcal_below_ecal_layer3_strip4
59,Scintillator,1769.25315497,20.0020822413,World/hcal_below_ecal/hcal_below_ecal_layer4_strip6
59,Aluminum3003,1698.1725132,0.500052056033,World/hcal_below_ecal/hcal_below_ecal_cover_1_placement
59,Aluminum3003,1721.69937644,0.500052056033,World/hcal_below_ecal/hcal_below_ecal_cover_2_placement
59,Aluminum3003,1745.22623968,0.500052056033,World/hcal_below_ecal/hcal_below_ecal_cover_3_placement
59,Aluminum3003,1768.75310291,0.500052056033,World/hcal_below_ecal/hcal_below_ecal_cover_4_placement
60,Polyvinyltoluene,854.533222241,2.00028388353,World/native_target/trigger_pad3_bar_volume_18
60,Polyvinyltoluene,858.533790008,2.00028388353,World/native_target/trigger_pad3_bar_volume_19
60,LYSO,933.044364669,0.60008516506,World/native_target/lvTarget_3/lvTargetArray1_phys/target_0
60,LYSO,933.844478223,0.60008516506,World/native_target/lvTarget_3/lvTargetArray2_phys/target_0
60,Polyvinyltoluene,624.900632411,2.00028388353,World/native_trig_scint/trigger_pad2_bar_volume_18
60,Polyvinyltoluene,628.901200178,2.00028388353,World/native_trig_scint/trigger_pad2_bar_volume_19
60,Polyvinyltoluene,549.68995839,2.00028388353,World/native_trig_scint/trigger_pad1_bar_volume_18
60,Polyvinyltoluene,553.690526157,2.00028388353,World/native_trig_scint/trigger_pad1_bar_volume_19
60,Silicon,690.049878498,0.320045421365,World/native_recoil/recoil_l14_sensor_vol_10/recoil_l14_active_sensor
60,Silicon,696.050730148,0.320045421365,World/native_recoil/recoil_l14_sensor_vol_20/recoil_l14_active_sensor
60,Silicon,790.064072674,0.320045421365,World/native_recoil/recoil_l14_sensor_vol_30/recoil_l14_active_sensor
60,Silicon,796.064924325,0.320045421365,World/native_recoil/recoil_l14_sensor_vol_40/recoil_l14_active_sensor
60,Aluminum,1349.57409411,0.800113553413,World/native_ecal/support_box_0/front_0_volume_0
60,Aluminum,1579.00665555,0.800113553413,World/native_ecal/support_box_0/front_1_volume_0
60,FR4,1427.08809503,0.90012774759,World/native_ecal/PCB_motherboard_volume_0
60,FR4,1432.2548283,1.66623647498,World/native_ecal/PCB_volume_0
60,Glue,1433.92106477,0.100014194177,World/native_ecal/Glue_volume_0
60,Silicon,1434.02107897,0.30004258253,World/native_ecal/Si_volume_0
60,Glue,1434.32112155,0.200028388353,World/native_ecal/GlueThick_volume_0
60,Aluminum,1436.8714835,3.20045421365,World/native_ecal/C_volume_CarbonCoolingPlane_0
60,Glue,1440.07193771,0.200028388353,World/native_ecal/GlueThick_volume_0
60,Silicon,1440.2719661,0.30004258253,World/native_ecal/Si_volume_7
60,Glue,1440.57200869,0.100014194177,World/native_ecal/Glue_volume_0
60,FR4,1440.67202288,1.66623647498,World/native_ecal/PCB_volume_0
60,FR4,1447.10493585,0.90012774759,World/native_ecal/PCB_motherboard_volume_0
60,FR4,1477.91530851,0.900127747589,World/native_ecal/PCB_motherboard_volume_0
60,FR4,1483.08204178,1.66623647498,World/native_ecal/PCB_volume_0
60,Glue,1484.74827825,0.100014194176,World/native_ecal/Glue_volume_0
60,Silicon,1484.84829245,0.30004258253,World/native_ecal/Si_volume_14
60,Glue,1485.14833503,0.200028388353,World/native_ecal/GlueThick_volume_0
60,Aluminum,1487.69869698,3.20045421365,World/native_ecal/C_volume_CarbonCoolingPlane_0
60,Glue,1490.8991512,0.200028388353,World/native_ecal/GlueThick_volume_0
60,Silicon,1491.09917958,0.30004258253,World/native_ecal/Si_volume_21
60,Glue,1491.39922217,0.100014194177,World/native_ecal/Glue_volume_0
60,FR4,1491.49923636,1.66623647498,World/native_ecal/PCB_volume_0
60,FR4,1497.43207836,0.90012774759,World/native_ecal/PCB_motherboard_volume_0
60,Scintillator,231.321837135,20.0028388353,World/hcal_top/hcal_top_layer1_strip6
60,Scintillator,254.696736569,20.0028388353,World/hcal_top/hcal_top_layer2_strip4
60,Aluminum3003,230.821766164,0.500070970883,World/hcal_top/hcal_top_cover_1_placement
60,Aluminum3003,254.196665598,0.500070970883,World/hcal_top/hcal_top_cover_2_placement
60,Scintillator,1193.82357976,20.0028388353,World/hcal_above_ecal/hcal_above_ecal_layer1_strip2
60,Scintillator,1219.22718508,20.0028388353,World/hcal_above_ecal/hcal_above_ecal_layer2_strip4
60,Scintillator,1244.6307904,20.0028388353,World/hcal_above_ecal/hcal_above_ecal_layer3_strip2
60,Scintillator,1270.03439572,20.0028388353,World/hcal_above_ecal/hcal_above_ecal_layer4_strip4
60,Aluminum3003,1193.32350879,0.500070970883,World/hcal_above_ecal/hcal_above_ecal_cover_1_placement
60,Aluminum3003,1218.72711411,0.500070970883,World/hcal_above_ecal/hcal_above_ecal_cover_2_placement
60,Aluminum3003,1244.13071943,0.500070970883,World/hcal_above_ecal/hcal_above_ecal_cover_3_placement
60,Aluminum3003,1269.53432475,0.500070970883,World/hcal_above_ecal/hcal_above_ecal_cover_4_placement
60,Scintillator,1698.73681884,20.0028388353,World/hcal_below_ecal/hcal_below_ecal_layer1_strip4
60,Scintillator,1722.264572,20.0028388353,World/hcal_below_ecal/hcal_below_ecal_layer2_strip6
60,Scintillator,1745.79232516,20.0028388353,World/hcal_below_ecal/hcal_below_ecal_layer3_strip4
60,Scintillator,1769.32007832,20.0028388353,World/hcal_below_ecal/hcal_below_ecal_layer4_strip6
60,Aluminum3003,1698.23674787,0.500070970883,World/hcal_below_ecal/hcal_below_ecal_cover_1_placement
60,Aluminum3003,1721.76450103,0.500070970883,World/hcal_below_ecal/hcal_below_ecal_cover_2_placement
60,Aluminum3003,1745.29225419,0.500070970883,World/hcal_below_ecal/hcal_below_ecal_cover_3_placement
60,Aluminum3003,1768.82000735,0.500070970883,World/hcal_below_ecal/hcal_below_ecal_cover_4_placement
61,Polyvinyltoluene,858.574763726,2.00037934753,World/native_target/trigger_pad3_bar_volume_7
61,Polyvinyltoluene,854.574005031,2.00037934753,World/native_target/trigger_pad3_bar_volume_8
61,LYSO,933.088894421,0.600113804259,World/native_target/lvTarget_3/lvTargetArray1_phys/target_0
61,LYSO,933.88904616,0.600113804259,World/native_target/lvTarget_3/lvTargetArray2_phys/target_0
61,Polyvinyltoluene,628.931214629,2.00037934753,World/native_trig_scint/trigger_pad2_bar_volume_9
61,Polyvinyltoluene,624.930455934,2.00037934753,World/native_trig_scint/trigger_pad2_bar_volume_10
61,Polyvinyltoluene,549.716192467,2.00037934753,World/native_trig_scint/trigger_pad1_bar_volume_10
61,Polyvinyltoluene,553.716951162,2.00037934753,World/native_trig_scint/trigger_pad1_bar_volume_11
61,Silicon,690.082811283,0.320060695605,World/native_recoil/recoil_l14_sensor_vol_10/recoil_l14_active_sensor
61,Silicon,696.083949326,0.320060695605,World/native_recoil/recoil_l14_sensor_vol_20/recoil_l14_active_sensor
61,Silicon,790.10177866,0.320060695605,World/native_recoil/recoil_l14_sensor_vol_30/recoil_l14_active_sensor
61,Silicon,796.102916703,0.320060695605,World/native_recoil/recoil_l14_sensor_vol_40/recoil_l14_active_sensor
61,Aluminum,1349.63850284,0.800151739012,World/native_ecal/support_box_0/front_0_volume_0
61,Aluminum,1579.082014,0.800151739012,World/native_ecal/support_box_0/front_1_volume_0
61,FR4,1427.15620313,0.900170706389,World/native_ecal/PCB_motherboard_volume_0
61,FR4,1432.32318298,1.66631599649,World/native_ecal/PCB_volume_0
61,Glue,1433.98949898,0.100018967377,World/native_ecal/Glue_volume_0
61,Silicon,1434.08951795,0.300056902129,World/native_ecal/Si_volume_0
61,Glue,1434.38957485,0.200037934753,World/native_ecal/GlueThick_volume_0
61,Aluminum,1436.94005852,3.20060695605,World/native_ecal/C_volume_CarbonCoolingPlane_0
61,Glue,1440.14066547,0.200037934753,World/native_ecal/GlueThick_volume_0
61,Silicon,1440.34070341,0.30005690213,World/native_ecal/Si_volume_7
61,Glue,1440.64076031,0.100018967376,World/native_ecal/Glue_volume_0
61,FR4,1440.74077928,1.66631599649,World/native_ecal/PCB_volume_0
61,FR4,1447.17399926,0.900170706389,World/native_ecal/PCB_motherboard_volume_0
61,FR4,1477.98584235,0.900170706389,World/native_ecal/PCB_motherboard_volume_0
61,FR4,1483.1528222,1.66631599649,World/native_ecal/PCB_volume_0
61,Glue,1484.8191382,0.100018967376,World/native_ecal/Glue_volume_0
61,Silicon,1484.91915717,0.30005690213,World/native_ecal/Si_volume_14
61,Glue,1485.21921407,0.200037934753,World/native_ecal/GlueThick_volume_0
61,Aluminum,1487.76969774,3.20060695605,World/native_ecal/C_volume_CarbonCoolingPlane_0
61,Glue,1490.97030469,0.200037934753,World/native_ecal/GlueThick_volume_0
61,Silicon,1491.17034263,0.30005690213,World/native_ecal/Si_volume_21
61,Glue,1491.47039953,0.100018967376,World/native_ecal/Glue_volume_0
61,FR4,1491.5704185,1.66631599649,World/native_ecal/PCB_volume_0
61,FR4,1497.50354364,0.900170706389,World/native_ecal/PCB_motherboard_volume_0
61,Scintillator,231.332877021,20.0037934753,World/hcal_top/hcal_top_layer1_strip6
61,Scintillator,254.708892028,10.2397437322,World/hcal_top/hcal_top_layer2_strip4
61,Scintillator,264.948635761,9.76404974307,World/hcal_top/hcal_top_layer2_strip5
61,Aluminum3003,230.832782185,0.500094836883,World/hcal_top/hcal_top_cover_1_placement
61,Aluminum3003,254.208797192,0.500094836883,World/hcal_top/hcal_top_cover_2_placement
61,Scintillator,1193.88055526,20.0037934753,World/hcal_above_ecal/hcal_above_ecal_layer1_strip3
61,Scintillator,1219.28537297,20.0037934753,World/hcal_above_ecal/hcal_above_ecal_layer2_strip4
61,Scintillator,1244.69019068,20.0037934753,World/hcal_above_ecal/hcal_above_ecal_layer3_strip3
61,Scintillator,1270.0950084,20.0037934753,World/hcal_above_ecal/hcal_above_ecal_layer4_strip4
61,Aluminum3003,1193.38046042,0.500094836883,World/hcal_above_ecal/hcal_above_ecal_cover_1_placement
61,Aluminum3003,1218.78527813,0.500094836882,World/hcal_above_ecal/hcal_above_ecal_cover_2_placement
61,Aluminum3003,1244.19009585,0.500094836883,World/hcal_above_ecal/hcal_above_ecal_cover_3_placement
61,Aluminum3003,1269.59491356,0.500094836883,World/hcal_above_ecal/hcal_above_ecal_cover_4_placement
61,Scintillator,1698.81789144,20.0037934753,World/hcal_below_ecal/hcal_below_ecal_layer1_strip5
61,Scintillator,1722.34676746,20.0037934753,World/hcal_below_ecal/hcal_below_ecal_layer2_strip6
61,Scintillator,1745.87564349,20.0037934753,World/hcal_below_ecal/hcal_below_ecal_layer3_strip5
61,Scintillator,1769.40451952,20.0037934753,World/hcal_below_ecal/hcal_below_ecal_layer4_strip6
61,Aluminum3003,1698.3177966,0.500094836883,World/hcal_below_ecal/hcal_below_ecal_cover_1_placement
61,Aluminum3003,1721.84667263,0.500094836883,World/hcal_below_ecal/hcal_below_ecal_cover_2_placement
61,Aluminum3003,1745.37554865,0.500094836883,World/hcal_below_ecal/hcal_below_ecal_cover_3_placement
61,Aluminum3003,1768.90442468,0.500094836883,World/hcal_below_ecal/hcal_below_ecal_cover_4_placement
62,Polyvinyltoluene,855.12477624,2.00166858796,World/native_target/trigger_pad3_bar_volume_20
62,Polyvinyltoluene,859.128113416,2.00166858796,World/native_target/trigger_pad3_bar_volume_21
62,LYSO,933.690268318,0.600500576386,World/native_target/lvTarget_3/lvTargetArray1_phys/target_0
62,LYSO,934.490935753,0.600500576387,World/native_target/lvTarget_3/lvTargetArray2_phys/target_0
62,Polyvinyltoluene,554.073820612,2.00166858796,World/native_trig_scint/trigger_pad1_bar_volume_13
62,Polyvinyltoluene,629.336559519,2.00166858796,World/native_trig_scint/trigger_pad2_bar_volume_15
62,Polyvinyltoluene,550.070483436,2.00166858796,World/native_trig_scint/trigger_pad1_bar_volume_14
62,Polyvinyltoluene,626.425753196,0.90913773528,World/native_trig_scint/trigger_pad2_bar_volume_16
62,Silicon,690.527568253,0.320266974073,World/native_recoil/recoil_l14_sensor_vol_10/recoil_l14_active_sensor
62,Silicon,696.532574017,0.320266974073,World/native_recoil/recoil_l14_sensor_vol_20/recoil_l14_active_sensor
62,Silicon,790.610997651,0.320266974073,World/native_recoil/recoil_l14_sensor_vol_30/recoil_l14_active_sensor
62,Silicon,796.616003415,0.320266974073,World/native_recoil/recoil_l14_sensor_vol_40/recoil_l14_active_sensor
62,Aluminum,1350.50834211,0.800667435182,World/native_ecal/support_box_0/front_0_volume_0
62,Aluminum,1580.09972915,0.800667435182,World/native_ecal/support_box_0/front_1_volume_0
62,FR4,1428.0760024,0.90075086458,World/native_ecal/PCB_motherboard_volume_0
62,FR4,1433.24631236,1.66738993377,World/native_ecal/PCB_volume_0
62,Glue,1434.9137023,0.100083429398,World/native_ecal/Glue_volume_0
62,Silicon,1435.01378573,0.300250288193,World/native_ecal/Si_volume_0
62,Glue,1435.31403601,0.200166858795,World/native_ecal/GlueThick_volume_0
62,Aluminum,1437.86616346,3.20266974073,World/native_ecal/C_volume_CarbonCoolingPlane_0
62,Glue,1441.0688332,0.200166858795,World/native_ecal/GlueThick_volume_0
62,Silicon,1441.26900006,0.300250288193,World/native_ecal/Si_volume_7
62,Glue,1441.56925035,0.100083429398,World/native_ecal/Glue_volume_0
62,FR4,1441.66933378,1.66738993377,World/native_ecal/PCB_volume_0
62,FR4,1448.10669996,0.90075086458,World/native_ecal/PCB_motherboard_volume_0
62,FR4,1478.93840122,0.90075086458,World/native_ecal/PCB_motherboard_volume_0
62,FR4,1484.10871118,1.66738993377,World/native_ecal/PCB_volume_0
62,Glue,1485.77610112,0.100083429398,World/native_ecal/Glue_volume_0
62,Silicon,1485.87618455,0.300250288193,World/native_ecal/Si_volume_14
62,Glue,1486.17643483,0.200166858796,World/native_ecal/GlueThick_volume_0
62,Aluminum,1488.72856228,3.20266974073,World/native_ecal/C_volume_CarbonCoolingPlane_0
62,Glue,1491.93123202,0.200166858795,World/native_ecal/GlueThick_volume_0
62,Silicon,1492.13139888,0.300250288193,World/native_ecal/Si_volume_21
62,Glue,1492.43164917,0.100083429398,World/native_ecal/Glue_volume_0
62,FR4,1492.5317326,1.66738993377,World/native_ecal/PCB_volume_0
62,FR4,1498.46868163,0.90075086458,World/native_ecal/PCB_motherboard_volume_0
62,Scintillator,231.481970591,20.0166858796,World/hcal_top/hcal_top_layer1_strip6
62,Scintillator,254.873051392,20.0166858796,World/hcal_top/hcal_top_layer2_strip5
62,Aluminum3003,230.981553444,0.500417146989,World/hcal_top/hcal_top_cover_1_placement
62,Aluminum3003,254.372634245,0.500417146989,World/hcal_top/hcal_top_cover_2_placement
62,Scintillator,1194.65000885,20.0166858796,World/hcal_above_ecal/hcal_above_ecal_layer1_strip2
62,Scintillator,1220.07119992,20.0166858796,World/hcal_above_ecal/hcal_above_ecal_layer2_strip4
62,Scintillator,1245.49239098,20.0166858796,World/hcal_above_ecal/hcal_above_ecal_layer3_strip2
62,Scintillator,1270.91358205,20.0166858796,World/hcal_above_ecal/hcal_above_ecal_layer4_strip4
62,Aluminum3003,1194.1495917,0.500417146989,World/hcal_above_ecal/hcal_above_ecal_cover_1_placement
62,Aluminum3003,1219.57078277,0.500417146989,World/hcal_above_ecal/hcal_above_ecal_cover_2_placement
62,Aluminum3003,1244.99197384,0.500417146989,World/hcal_above_ecal/hcal_above_ecal_cover_3_placement
62,Aluminum3003,1270.4131649,0.500417146989,World/hcal_above_ecal/hcal_above_ecal_cover_4_placement
62,Scintillator,1699.91277612,20.0166858796,World/hcal_below_ecal/hcal_below_ecal_layer1_strip4
62,Scintillator,1723.45681646,20.0166858796,World/hcal_below_ecal/hcal_below_ecal_layer2_strip6
62,Scintillator,1747.00085679,20.0166858796,World/hcal_below_ecal/hcal_below_ecal_layer3_strip4
62,Scintillator,1770.54489713,20.0166858796,World/hcal_below_ecal/hcal_below_ecal_layer4_strip6
62,Aluminum3003,1699.41235897,0.500417146989,World/hcal_below_ecal/hcal_below_ecal_cover_1_placement
62,Aluminum3003,1722.95639931,0.500417146989,World/hcal_below_ecal/hcal_below_ecal_cover_2_placement
62,Aluminum3003,1746.50043965,0.500417146989,World/hcal_below_ecal/hcal_below_ecal_cover_3_placement
62,Aluminum3003,1770.04447999,0.500417146989,World/hcal_below_ecal/hcal_below_ecal_cover_4_placement
63,Polyvinyltoluene,860.470699985,2.00479665852,World/native_target/trigger_pad3_bar_volume_1
63,Polyvinyltoluene,856.461106668,2.00479665852,World/native_target/trigger_pad3_bar_volume_2
63,LYSO,935.149375515,0.601438997555,World/native_target/lvTarget_3/lvTargetArray1_phys/target_0
63,LYSO,935.951294178,0.601438997555,World/native_target/lvTarget_3/lvTargetArray2_phys/target_0
63,Polyvinyltoluene,630.320043587,2.00479665852,World/native_trig_scint/trigger_pad2_bar_volume_3
63,Polyvinyltoluene,554.939689227,2.00479665852,World/native_trig_scint/trigger_pad1_bar_volume_3
63,Polyvinyltoluene,626.31045027,2.00479665852,World/native_trig_scint/trigger_pad2_bar_volume_4
63,Polyvinyltoluene,550.93009591,2.00479665852,World/native_trig_scint/trigger_pad1_bar_volume_4
63,Silicon,691.606677438,0.320767465363,World/native_recoil/recoil_l14_sensor_vol_10/recoil_l14_active_sensor
63,Silicon,697.621067414,0.320767465363,World/native_recoil/recoil_l14_sensor_vol_20/recoil_l14_active_sensor
63,Silicon,791.846510364,0.320767465363,World/native_recoil/recoil_l14_sensor_vol_30/recoil_l14_active_sensor
63,Silicon,797.860900339,0.320767465363,World/native_recoil/recoil_l14_sensor_vol_40/recoil_l14_active_sensor
63,Aluminum,1352.61882405,0.801918663407,World/native_ecal/support_box_0/front_0_volume_0
63,Aluminum,1582.56900078,0.801918663407,World/native_ecal/support_box_0/front_1_volume_0
63,FR4,1430.30770176,0.902158496333,World/native_ecal/PCB_motherboard_volume_0
63,FR4,1435.48609153,1.66999561654,World/native_ecal/PCB_volume_0
63,Glue,1437.15608714,0.100239832926,World/native_ecal/Glue_volume_0
63,Silicon,1437.25632698,0.300719498777,World/native_ecal/Si_volume_0
63,Glue,1437.55704648,0.200479665852,World/native_ecal/GlueThick_volume_0
63,Aluminum,1440.11316221,3.20767465363,World/native_ecal/C_volume_CarbonCoolingPlane_0
63,Glue,1443.32083687,0.200479665852,World/native_ecal/GlueThick_volume_0
63,Silicon,1443.52131653,0.300719498777,World/native_ecal/Si_volume_7
63,Glue,1443.82203603,0.100239832926,World/native_ecal/Glue_volume_0
63,FR4,1443.92227587,1.66999561654,World/native_ecal/PCB_volume_0
63,FR4,1450.36970192,0.902158496333,World/native_ecal/PCB_motherboard_volume_0
63,FR4,1481.24958485,0.902158496333,World/native_ecal/PCB_motherboard_volume_0
63,FR4,1486.42797462,1.66999561654,World/native_ecal/PCB_volume_0
63,Glue,1488.09797024,0.100239832926,World/native_ecal/Glue_volume_0
63,Silicon,1488.19821007,0.300719498778,World/native_ecal/Si_volume_14
63,Glue,1488.49892957,0.200479665852,World/native_ecal/GlueThick_volume_0
63,Aluminum,1491.05504531,3.20767465363,World/native_ecal/C_volume_CarbonCoolingPlane_0
63,Glue,1494.26271996,0.200479665852,World/native_ecal/GlueThick_volume_0
63,Silicon,1494.46319963,0.300719498778,World/native_ecal/Si_volume_21
63,Glue,1494.76391913,0.100239832926,World/native_ecal/Glue_volume_0
63,FR4,1494.86415896,1.66999561654,World/native_ecal/PCB_volume_0
63,FR4,1500.81038585,0.902158496333,World/native_ecal/PCB_motherboard_volume_0
63,Scintillator,231.843714759,20.0479665852,World/hcal_top/hcal_top_layer1_strip7
63,Scintillator,255.271349539,20.0479665852,World/hcal_top/hcal_top_layer2_strip5
63,Aluminum3003,231.342515594,0.501199164629,World/hcal_top/hcal_top_cover_1_placement
63,Aluminum3003,254.770150374,0.501199164629,World/hcal_top/hcal_top_cover_2_placement
63,Scintillator,1196.51692605,20.0479665852,World/hcal_above_ecal/hcal_above_ecal_layer1_strip3
63,Scintillator,1221.97784362,20.0479665852,World/hcal_above_ecal/hcal_above_ecal_layer2_strip3
63,Scintillator,1247.43876118,20.0479665852,World/hcal_above_ecal/hcal_above_ecal_layer3_strip3
63,Scintillator,1272.89967874,20.0479665852,World/hcal_above_ecal/hcal_above_ecal_layer4_strip3
63,Aluminum3003,1196.01572689,0.501199164629,World/hcal_above_ecal/hcal_above_ecal_cover_1_placement
63,Aluminum3003,1221.47664445,0.501199164629,World/hcal_above_ecal/hcal_above_ecal_cover_2_placement
63,Aluminum3003,1246.93756202,0.501199164629,World/hcal_above_ecal/hcal_above_ecal_cover_3_placement
63,Aluminum3003,1272.39847958,0.501199164629,World/hcal_above_ecal/hcal_above_ecal_cover_4_placement
63,Scintillator,1702.56928337,20.0479665852,World/hcal_below_ecal/hcal_below_ecal_layer1_strip5
63,Scintillator,1726.15011672,20.0479665852,World/hcal_below_ecal/hcal_below_ecal_layer2_strip5
63,Scintillator,1749.73095007,20.0479665852,World/hcal_below_ecal/hcal_below_ecal_layer3_strip5
63,Scintillator,1773.31178342,20.0479665852,World/hcal_below_ecal/hcal_below_ecal_layer4_strip5
63,Aluminum3003,1702.0680842,0.501199164629,World/hcal_below_ecal/hcal_below_ecal_cover_1_placement
63,Aluminum3003,1725.64891755,0.501199164629,World/hcal_below_ecal/hcal_below_ecal_cover_2_placement
63,Aluminum3003,1749.22975091,0.501199164629,World/hcal_below_ecal/hcal_below_ecal_cover_3_placement
63,Aluminum3003,1772.81058426,0.501199164629,World/hcal_below_ecal/hcal_below_ecal_cover_4_placement
64,Polyvinyltoluene,860.989062461,2.0060043828,World/native_target/trigger_pad3_bar_volume_7
64,Polyvinyltoluene,856.977053696,2.0060043828,World/native_target/trigger_pad3_bar_volume_8
64,LYSO,935.71272572,0.60180131484,World/native_target/lvTarget_3/lvTargetArray1_phys/target_0
64,LYSO,936.515127474,0.601801314841,World/native_target/lvTarget_3/lvTargetArray2_phys/target_0
64,Polyvinyltoluene,630.699759315,2.0060043828,World/native_trig_scint/trigger_pad2_bar_volume_17
64,Polyvinyltoluene,626.68775055,2.0060043828,World/native_trig_scint/trigger_pad2_bar_volume_18
64,Polyvinyltoluene,553.082539568,0.18545057151,World/native_trig_scint/trigger_pad1_bar_volume_20
64,Polyvinyltoluene,555.273994522,2.0060043828,World/native_trig_scint/trigger_pad1_bar_volume_21
64,Silicon,692.023313298,0.320960701248,World/native_recoil/recoil_l14_sensor_vol_10/recoil_l14_active_sensor
64,Silicon,698.041326446,0.320960701248,World/native_recoil/recoil_l14_sensor_vol_20/recoil_l14_active_sensor
64,Silicon,792.323532438,0.320960701248,World/native_recoil/recoil_l14_sensor_vol_30/recoil_l14_active_sensor
64,Silicon,798.341545586,0.320960701248,World/native_recoil/recoil_l14_sensor_vol_40/recoil_l14_active_sensor
64,Aluminum,1353.43366509,0.802401753121,World/native_ecal/support_box_0/front_0_volume_0
64,Aluminum,1583.5223678,0.802401753121,World/native_ecal/support_box_0/front_1_volume_0
64,FR4,1431.16934393,0.902701972261,World/native_ecal/PCB_motherboard_volume_0
64,FR4,1436.35085325,1.67100165087,World/native_ecal/PCB_volume_0
64,Glue,1438.0218549,0.10030021914,World/native_ecal/Glue_volume_0
64,Silicon,1438.12215512,0.30090065742,World/native_ecal/Si_volume_0
64,Glue,1438.42305578,0.20060043828,World/native_ecal/GlueThick_volume_0
64,Aluminum,1440.98071137,3.20960701248,World/native_ecal/C_volume_CarbonCoolingPlane_0
64,Glue,1444.19031838,0.20060043828,World/native_ecal/GlueThick_volume_0
64,Silicon,1444.39091882,0.30090065742,World/native_ecal/Si_volume_7
64,Glue,1444.69181947,0.10030021914,World/native_ecal/Glue_volume_0
64,FR4,1444.79211969,1.67100165087,World/native_ecal/PCB_volume_0
64,FR4,1451.24342979,0.902701972261,World/native_ecal/PCB_motherboard_volume_0
64,FR4,1482.1419153,0.902701972261,World/native_ecal/PCB_motherboard_volume_0
64,FR4,1487.32342462,1.67100165087,World/native_ecal/PCB_volume_0
64,Glue,1488.99442627,0.10030021914,World/native_ecal/Glue_volume_0
64,Silicon,1489.09472649,0.30090065742,World/native_ecal/Si_volume_14
64,Glue,1489.39562714,0.20060043828,World/native_ecal/GlueThick_volume_0
64,Aluminum,1491.95328273,3.20960701248,World/native_ecal/C_volume_CarbonCoolingPlane_0
64,Glue,1495.16288974,0.20060043828,World/native_ecal/GlueThick_volume_0
64,Silicon,1495.36349018,0.30090065742,World/native_ecal/Si_volume_21
64,Glue,1495.66439084,0.10030021914,World/native_ecal/Glue_volume_0
64,FR4,1495.76469106,1.67100165087,World/native_ecal/PCB_volume_0
64,FR4,1501.71450006,0.902701972261,World/native_ecal/PCB_motherboard_volume_0
64,Scintillator,231.983381434,20.060043828,World/hcal_top/hcal_top_layer1_strip6
64,Scintillator,255.425129428,20.060043828,World/hcal_top/hcal_top_layer2_strip4
64,Aluminum3003,231.481880338,0.5015010957,World/hcal_top/hcal_top_cover_1_placement
64,Aluminum3003,254.923628332,0.5015010957,World/hcal_top/hcal_top_cover_2_placement
64,Scintillator,1197.23772861,20.060043828,World/hcal_above_ecal/hcal_above_ecal_layer1_strip3
64,Scintillator,1222.71398427,20.060043828,World/hcal_above_ecal/hcal_above_ecal_layer2_strip4
64,Scintillator,1248.19023993,20.060043828,World/hcal_above_ecal/hcal_above_ecal_layer3_strip3
64,Scintillator,1273.66649559,20.060043828,World/hcal_above_ecal/hcal_above_ecal_layer4_strip4
64,Aluminum3003,1196.73622751,0.5015010957,World/hcal_above_ecal/hcal_above_ecal_cover_1_placement
64,Aluminum3003,1222.21248317,0.5015010957,World/hcal_above_ecal/hcal_above_ecal_cover_2_placement
64,Aluminum3003,1247.68873883,0.5015010957,World/hcal_above_ecal/hcal_above_ecal_cover_3_placement
64,Aluminum3003,1273.1649945,0.5015010957,World/hcal_above_ecal/hcal_above_ecal_cover_4_placement
64,Scintillator,1703.59494064,20.060043828,World/hcal_below_ecal/hcal_below_ecal_layer1_strip6
64,Scintillator,1727.18997949,20.060043828,World/hcal_below_ecal/hcal_below_ecal_layer2_strip5
64,Scintillator,1750.78501835,20.060043828,World/hcal_below_ecal/hcal_below_ecal_layer3_strip6
64,Scintillator,1774.3800572,20.060043828,World/hcal_below_ecal/hcal_below_ecal_layer4_strip5
64,Aluminum3003,1703.09343954,0.5015010957,World/hcal_below_ecal/hcal_below_ecal_cover_1_placement
64,Aluminum3003,1726.6884784,0.5015010957,World/hcal_below_ecal/hcal_below_ecal_cover_2_placement
64,Aluminum3003,1750.28351725,0.5015010957,World/hcal_below_ecal/hcal_below_ecal_cover_3_placement
64,Aluminum3003,1773.87855611,0.5015010957,World/hcal_below_ecal/hcal_below_ecal_cover_4_placement
65,Polyvinyltoluene,855.63951909,2.00287349351,World/native_target/trigger_pad3_bar_volume_14
65,Polyvinyltoluene,859.645266077,2.00287349351,World/native_target/trigger_pad3_bar_volume_15
65,LYSO,934.25230371,0.600862048053,World/native_target/lvTarget_3/lvTargetArray1_phys/target_0
65,LYSO,935.053453107,0.600862048053,World/native_target/lvTarget_3/lvTargetArray2_phys/target_0
65,Polyvinyltoluene,554.407345666,2.00287349351,World/native_trig_scint/trigger_pad1_bar_volume_5
65,Polyvinyltoluene,629.715389022,2.00287349351,World/native_trig_scint/trigger_pad2_bar_volume_7
65,Polyvinyltoluene,550.861237611,1.54323456135,World/native_trig_scint/trigger_pad1_bar_volume_6
65,Polyvinyltoluene,625.709642035,2.00287349351,World/native_trig_scint/trigger_pad2_bar_volume_8
65,Silicon,690.943231718,0.320459758961,World/native_recoil/recoil_l14_sensor_vol_10/recoil_l14_active_sensor
65,Silicon,696.951852199,0.320459758961,World/native_recoil/recoil_l14_sensor_vol_20/recoil_l14_active_sensor
65,Silicon,791.086906394,0.320459758961,World/native_recoil/recoil_l14_sensor_vol_30/recoil_l14_active_sensor
65,Silicon,797.095526874,0.320459758961,World/native_recoil/recoil_l14_sensor_vol_40/recoil_l14_active_sensor
65,Aluminum,1351.32128138,0.801149397403,World/native_ecal/support_box_0/front_0_volume_0
65,Aluminum,1581.05087109,0.801149397403,World/native_ecal/support_box_0/front_1_volume_0
65,FR4,1428.93563357,0.901293072079,World/native_ecal/PCB_motherboard_volume_0
65,FR4,1434.1090558,1.66839362009,World/native_ecal/PCB_volume_0
65,Glue,1435.77744942,0.100143674675,World/native_ecal/Glue_volume_0
65,Silicon,1435.8775931,0.300431024026,World/native_ecal/Si_volume_0
65,Glue,1436.17802412,0.200287349351,World/native_ecal/GlueThick_volume_0
65,Aluminum,1438.73168782,3.20459758961,World/native_ecal/C_volume_CarbonCoolingPlane_0
65,Glue,1441.93628541,0.200287349351,World/native_ecal/GlueThick_volume_0
65,Silicon,1442.13657276,0.300431024026,World/native_ecal/Si_volume_7
65,Glue,1442.43700379,0.100143674675,World/native_ecal/Glue_volume_0
65,FR4,1442.53714746,1.66839362009,World/native_ecal/PCB_volume_0
65,FR4,1448.97838862,0.901293072079,World/native_ecal/PCB_motherboard_volume_0
65,FR4,1479.82864904,0.901293072079,World/native_ecal/PCB_motherboard_volume_0
65,FR4,1485.00207127,1.66839362009,World/native_ecal/PCB_volume_0
65,Glue,1486.67046489,0.100143674675,World/native_ecal/Glue_volume_0
65,Silicon,1486.77060857,0.300431024026,World/native_ecal/Si_volume_14
65,Glue,1487.07103959,0.200287349351,World/native_ecal/GlueThick_volume_0
65,Aluminum,1489.62470329,3.20459758961,World/native_ecal/C_volume_CarbonCoolingPlane_0
65,Glue,1492.82930088,0.200287349351,World/native_ecal/GlueThick_volume_0
65,Silicon,1493.02958823,0.300431024026,World/native_ecal/Si_volume_21
65,Glue,1493.33001926,0.100143674675,World/native_ecal/Glue_volume_0
65,FR4,1493.43016293,1.66839362009,World/native_ecal/PCB_volume_0
65,FR4,1499.37068571,0.901293072079,World/native_ecal/PCB_motherboard_volume_0
65,Scintillator,231.621311295,20.0287349351,World/hcal_top/hcal_top_layer1_strip6
65,Scintillator,255.026472371,20.0287349351,World/hcal_top/hcal_top_layer2_strip5
65,Aluminum3003,231.120592922,0.500718373377,World/hcal_top/hcal_top_cover_1_placement
65,Aluminum3003,254.525753998,0.500718373377,World/hcal_top/hcal_top_cover_2_placement
65,Scintillator,1195.36912911,20.0287349351,World/hcal_above_ecal/hcal_above_ecal_layer1_strip2
65,Scintillator,1220.80562247,20.0287349351,World/hcal_above_ecal/hcal_above_ecal_layer2_strip4
65,Scintillator,1246.24211584,20.0287349351,World/hcal_above_ecal/hcal_above_ecal_layer3_strip2
65,Scintillator,1271.67860921,20.0287349351,World/hcal_above_ecal/hcal_above_ecal_layer4_strip4
65,Aluminum3003,1194.86841073,0.500718373377,World/hcal_above_ecal/hcal_above_ecal_cover_1_placement
65,Aluminum3003,1220.3049041,0.500718373377,World/hcal_above_ecal/hcal_above_ecal_cover_2_placement
65,Aluminum3003,1245.74139747,0.500718373377,World/hcal_above_ecal/hcal_above_ecal_cover_3_placement
65,Aluminum3003,1271.17789084,0.500718373377,World/hcal_above_ecal/hcal_above_ecal_cover_4_placement
65,Scintillator,1700.93603959,20.0287349351,World/hcal_below_ecal/hcal_below_ecal_layer1_strip4
65,Scintillator,1724.49425227,20.0287349351,World/hcal_below_ecal/hcal_below_ecal_layer2_strip5
65,Scintillator,1748.05246496,20.0287349351,World/hcal_below_ecal/hcal_below_ecal_layer3_strip4
65,Scintillator,1771.61067765,20.0287349351,World/hcal_below_ecal/hcal_below_ecal_layer4_strip5
65,Aluminum3003,1700.43532121,0.500718373377,World/hcal_below_ecal/hcal_below_ecal_cover_1_placement
65,Aluminum3003,1723.9935339,0.500718373377,World/hcal_below_ecal/hcal_below_ecal_cover_2_placement
65,Aluminum3003,1747.55174659,0.500718373377,World/hcal_below_ecal/hcal_below_ecal_cover_3_placement
65,Aluminum3003,1771.10995928,0.500718373377,World/hcal_below_ecal/hcal_below_ecal_cover_4_placement
66,Polyvinyltoluene,861.270304145,1.8120972001,World/native_target/trigger_pad3_bar_volume_1
66,Polyvinyltoluene,857.063779178,2.00620738905,World/native_target/trigger_pad3_bar_volume_2
66,LYSO,935.807419198,0.601862216715,World/native_target/lvTarget_3/lvTargetArray1_phys/target_0
66,LYSO,936.609902154,0.601862216715,World/native_target/lvTarget_3/lvTargetArray2_phys/target_0
66,Polyvinyltoluene,630.763585693,2.00620738905,World/native_trig_scint/trigger_pad2_bar_volume_11
66,Polyvinyltoluene,626.751170915,2.00620738905,World/native_trig_scint/trigger_pad2_bar_volume_12
66,Polyvinyltoluene,551.317773087,2.00620738905,World/native_trig_scint/trigger_pad1_bar_volume_14
66,Polyvinyltoluene,555.330187865,1.96559484821,World/native_trig_scint/trigger_pad1_bar_volume_15
66,Silicon,692.093345576,0.320993182248,World/native_recoil/recoil_l14_sensor_vol_10/recoil_l14_active_sensor
66,Silicon,698.111967743,0.320993182248,World/native_recoil/recoil_l14_sensor_vol_20/recoil_l14_active_sensor
66,Silicon,792.403715029,0.320993182248,World/native_recoil/recoil_l14_sensor_vol_30/recoil_l14_active_sensor
66,Silicon,798.422337196,0.320993182248,World/native_recoil/recoil_l14_sensor_vol_40/recoil_l14_active_sensor
66,Aluminum,1353.57063164,0.802482955621,World/native_ecal/support_box_0/front_0_volume_0
66,Aluminum,1583.68261916,0.802482955621,World/native_ecal/support_box_0/front_1_volume_0
66,FR4,1431.31417727,0.902793325073,World/native_ecal/PCB_motherboard_volume_0
66,FR4,1436.49621096,1.67117075508,World/native_ecal/PCB_volume_0
66,Glue,1438.16738171,0.100310369453,World/native_ecal/Glue_volume_0
66,Silicon,1438.26769208,0.300931108358,World/native_ecal/Si_volume_0
66,Glue,1438.56862319,0.200620738905,World/native_ecal/GlueThick_volume_0
66,Aluminum,1441.12653761,3.20993182248,World/native_ecal/C_volume_CarbonCoolingPlane_0
66,Glue,1444.33646943,0.200620738905,World/native_ecal/GlueThick_volume_0
66,Silicon,1444.53709017,0.300931108358,World/native_ecal/Si_volume_7
66,Glue,1444.83802128,0.100310369453,World/native_ecal/Glue_volume_0
66,FR4,1444.93833165,1.67117075508,World/native_ecal/PCB_volume_0
66,FR4,1451.39029461,0.902793325073,World/native_ecal/PCB_motherboard_volume_0
66,FR4,1482.29190703,0.902793325073,World/native_ecal/PCB_motherboard_volume_0
66,FR4,1487.47394071,1.67117075508,World/native_ecal/PCB_volume_0
66,Glue,1489.14511147,0.100310369453,World/native_ecal/Glue_volume_0
66,Silicon,1489.24542184,0.300931108358,World/native_ecal/Si_volume_14
66,Glue,1489.54635295,0.200620738905,World/native_ecal/GlueThick_volume_0
66,Aluminum,1492.10426737,3.20993182248,World/native_ecal/C_volume_CarbonCoolingPlane_0
66,Glue,1495.31419919,0.200620738905,World/native_ecal/GlueThick_volume_0
66,Silicon,1495.51481993,0.300931108358,World/native_ecal/Si_volume_21
66,Glue,1495.81575104,0.100310369453,World/native_ecal/Glue_volume_0
66,FR4,1495.91606141,1.67117075508,World/native_ecal/PCB_volume_0
66,FR4,1501.86647252,0.902793325073,World/native_ecal/PCB_motherboard_volume_0
66,Scintillator,232.006857991,15.2634777506,World/hcal_top/hcal_top_layer1_strip5
66,Scintillator,247.270335742,4.7985961399,World/hcal_top/hcal_top_layer1_strip6
66,Scintillator,255.450978273,20.0620738905,World/hcal_top/hcal_top_layer2_strip4
66,Aluminum3003,231.505306144,0.501551847263,World/hcal_top/hcal_top_cover_1_placement
66,Aluminum3003,254.949426426,0.501551847263,World/hcal_top/hcal_top_cover_2_placement
66,Scintillator,1197.35888823,20.0620738905,World/hcal_above_ecal/hcal_above_ecal_layer1_strip3
66,Scintillator,1222.83772207,20.0620738905,World/hcal_above_ecal/hcal_above_ecal_layer2_strip4
66,Scintillator,1248.31655591,8.13205827755,World/hcal_above_ecal/hcal_above_ecal_layer3_strip3
66,Scintillator,1256.44861419,11.930015613,World/hcal_above_ecal/hcal_above_ecal_layer3_strip4
66,Scintillator,1273.79538976,20.0620738905,World/hcal_above_ecal/hcal_above_ecal_layer4_strip4
66,Aluminum3003,1196.85733638,0.501551847263,World/hcal_above_ecal/hcal_above_ecal_cover_1_placement
66,Aluminum3003,1222.33617023,0.501551847263,World/hcal_above_ecal/hcal_above_ecal_cover_2_placement
66,Aluminum3003,1247.81500407,0.501551847263,World/hcal_above_ecal/hcal_above_ecal_cover_3_placement
66,Aluminum3003,1273.29383791,0.501551847263,World/hcal_above_ecal/hcal_above_ecal_cover_4_placement
66,Scintillator,1703.76734326,20.0620738905,World/hcal_below_ecal/hcal_below_ecal_layer1_strip6
66,Scintillator,1727.36476992,20.0620738905,World/hcal_below_ecal/hcal_below_ecal_layer2_strip7
66,Scintillator,1750.96219657,20.0620738905,World/hcal_below_ecal/hcal_below_ecal_layer3_strip6
66,Scintillator,1774.55962323,20.0620738905,World/hcal_below_ecal/hcal_below_ecal_layer4_strip7
66,Aluminum3003,1703.26579141,0.501551847263,World/hcal_below_ecal/hcal_below_ecal_cover_1_placement
66,Aluminum3003,1726.86321807,0.501551847263,World/hcal_below_ecal/hcal_below_ecal_cover_2_placement
66,Aluminum3003,1750.46064473,0.501551847263,World/hcal_below_ecal/hcal_below_ecal_cover_3_placement
66,Aluminum3003,1774.05807138,0.501551847263,World/hcal_below_ecal/hcal_below_ecal_cover_4_placement
67,Polyvinyltoluene,857.472758203,2.00716472357,World/native_target/trigger_pad3_bar_volume_16
67,Polyvinyltoluene,862.676134795,0.818117578954,World/native_target/trigger_pad3_bar_volume_17
67,LYSO,936.253973603,0.602149417071,World/native_target/lvTarget_3/lvTargetArray1_phys/target_0
67,LYSO,937.056839492,0.602149417071,World/native_target/lvTarget_3/lvTargetArray2_phys/target_0
67,Polyvinyltoluene,551.580854331,2.00716472357,World/native_trig_scint/trigger_pad1_bar_volume_0
67,Polyvinyltoluene,555.595183778,2.00716472357,World/native_trig_scint/trigger_pad1_bar_volume_1
67,Polyvinyltoluene,627.050247937,2.00716472357,World/native_trig_scint/trigger_pad2_bar_volume_4
67,Polyvinyltoluene,631.980948764,1.09079334308,World/native_trig_scint/trigger_pad2_bar_volume_5
67,Silicon,692.423602984,0.321146355772,World/native_recoil/recoil_l14_sensor_vol_10/recoil_l14_active_sensor
67,Silicon,698.445097154,0.321146355771,World/native_recoil/recoil_l14_sensor_vol_20/recoil_l14_active_sensor
67,Silicon,792.781839162,0.321146355771,World/native_recoil/recoil_l14_sensor_vol_30/recoil_l14_active_sensor
67,Silicon,798.803333333,0.321146355771,World/native_recoil/recoil_l14_sensor_vol_40/recoil_l14_active_sensor
67,Aluminum,1354.21653689,0.802865889429,World/native_ecal/support_box_0/front_0_volume_0
67,Aluminum,1584.43833068,0.802865889429,World/native_ecal/support_box_0/front_1_volume_0
67,FR4,1431.99718067,0.903224125607,World/native_ecal/PCB_motherboard_volume_0
67,FR4,1437.18168716,1.67196821474,World/native_ecal/PCB_volume_0
67,Glue,1438.85365537,0.100358236178,World/native_ecal/Glue_volume_0
67,Silicon,1438.95401361,0.301074708536,World/native_ecal/Si_volume_0
67,Glue,1439.25508831,0.200716472357,World/native_ecal/GlueThick_volume_0
67,Aluminum,1441.81422334,3.21146355771,World/native_ecal/C_volume_CarbonCoolingPlane_0
67,Glue,1445.02568689,0.200716472357,World/native_ecal/GlueThick_volume_0
67,Silicon,1445.22640337,0.301074708536,World/native_ecal/Si_volume_7
67,Glue,1445.52747808,0.100358236179,World/native_ecal/Glue_volume_0
67,FR4,1445.62783631,1.67196821474,World/native_ecal/PCB_volume_0
67,FR4,1452.08287806,0.903224125607,World/native_ecal/PCB_motherboard_volume_0
67,FR4,1482.9992363,0.903224125607,World/native_ecal/PCB_motherboard_volume_0
67,FR4,1488.18374278,1.67196821473,World/native_ecal/PCB_volume_0
67,Glue,1489.855711,0.100358236178,World/native_ecal/Glue_volume_0
67,Silicon,1489.95606923,0.301074708536,World/native_ecal/Si_volume_14
67,Glue,1490.25714394,0.200716472357,World/native_ecal/GlueThick_volume_0
67,Aluminum,1492.81627896,3.21146355771,World/native_ecal/C_volume_CarbonCoolingPlane_0
67,Glue,1496.02774252,0.200716472357,World/native_ecal/GlueThick_volume_0
67,Silicon,1496.22845899,0.301074708536,World/native_ecal/Si_volume_21
67,Glue,1496.5295337,0.100358236179,World/native_ecal/Glue_volume_0
67,FR4,1496.62989194,1.67196821473,World/native_ecal/PCB_volume_0
67,FR4,1502.58314251,0.903224125607,World/native_ecal/PCB_motherboard_volume_0
67,Scintillator,232.117568467,20.0716472357,World/hcal_top/hcal_top_layer1_strip6
67,Scintillator,255.57287596,20.0716472357,World/hcal_top/hcal_top_layer2_strip5
67,Aluminum3003,231.615777286,0.501791180893,World/hcal_top/hcal_top_cover_1_placement
67,Aluminum3003,255.071084779,0.501791180893,World/hcal_top/hcal_top_cover_2_placement
67,Scintillator,1197.93025139,20.0716472357,World/hcal_above_ecal/hcal_above_ecal_layer1_strip2
67,Scintillator,1223.42124338,20.0716472357,World/hcal_above_ecal/hcal_above_ecal_layer2_strip4
67,Scintillator,1248.91223537,20.0716472357,World/hcal_above_ecal/hcal_above_ecal_layer3_strip2
67,Scintillator,1274.40322736,20.0716472357,World/hcal_above_ecal/hcal_above_ecal_layer4_strip4
67,Aluminum3003,1197.42846021,0.501791180893,World/hcal_above_ecal/hcal_above_ecal_cover_1_placement
67,Aluminum3003,1222.9194522,0.501791180893,World/hcal_above_ecal/hcal_above_ecal_cover_2_placement
67,Aluminum3003,1248.41044419,0.501791180893,World/hcal_above_ecal/hcal_above_ecal_cover_3_placement
67,Aluminum3003,1273.90143618,0.501791180893,World/hcal_above_ecal/hcal_above_ecal_cover_4_placement
67,Scintillator,1704.58035756,20.0716472357,World/hcal_below_ecal/hcal_below_ecal_layer1_strip3
67,Scintillator,1728.18904458,20.0716472357,World/hcal_below_ecal/hcal_below_ecal_layer2_strip6
67,Scintillator,1751.79773161,20.0716472357,World/hcal_below_ecal/hcal_below_ecal_layer3_strip3
67,Scintillator,1775.40641863,20.0716472357,World/hcal_below_ecal/hcal_below_ecal_layer4_strip5
67,Aluminum3003,1704.07856638,0.501791180893,World/hcal_below_ecal/hcal_below_ecal_cover_1_placement
67,Aluminum3003,1727.6872534,0.501791180893,World/hcal_below_ecal/hcal_below_ecal_cover_2_placement
67,Aluminum3003,1751.29594043,0.501791180893,World/hcal_below_ecal/hcal_below_ecal_cover_3_placement
67,Aluminum3003,1774.90462745,0.501791180893,World/hcal_below_ecal/hcal_below_ecal_cover_4_placement
68,Polyvinyltoluene,854.573058391,2.00037713164,World/native_target/trigger_pad3_bar_volume_14
68,Polyvinyltoluene,858.573812654,2.00037713164,World/native_target/trigger_pad3_bar_volume_15
68,LYSO,933.087860808,0.600113139493,World/native_target/lvTarget_3/lvTargetArray1_phys/target_0
68,LYSO,933.888011661,0.600113139493,World/native_target/lvTarget_3/lvTargetArray2_phys/target_0
68,Polyvinyltoluene,628.930517941,2.00037713164,World/native_trig_scint/trigger_pad2_bar_volume_17
68,Polyvinyltoluene,624.929763678,2.00037713164,World/native_trig_scint/trigger_pad2_bar_volume_18
68,Polyvinyltoluene,549.715583528,2.00037713164,World/native_trig_scint/trigger_pad1_bar_volume_18
68,Polyvinyltoluene,553.716337792,2.00037713164,World/native_trig_scint/trigger_pad1_bar_volume_19
68,Silicon,690.082046856,0.320060341063,World/native_recoil/recoil_l14_sensor_vol_10/recoil_l14_active_sensor
68,Silicon,696.083178251,0.320060341063,World/native_recoil/recoil_l14_sensor_vol_20/recoil_l14_active_sensor
68,Silicon,790.100903438,0.320060341063,World/native_recoil/recoil_l14_sensor_vol_30/recoil_l14_active_sensor
68,Silicon,796.102034833,0.320060341063,World/native_recoil/recoil_l14_sensor_vol_40/recoil_l14_active_sensor
68,Aluminum,1349.6370078,0.800150852658,World/native_ecal/support_box_0/front_0_volume_0
68,Aluminum,1579.0802648,0.800150852658,World/native_ecal/support_box_0/front_1_volume_0
68,FR4,1427.15462222,0.90016970924,World/native_ecal/PCB_motherboard_volume_0
68,FR4,1432.32159635,1.66631415066,World/native_ecal/PCB_volume_0
68,Glue,1433.9879105,0.100018856582,World/native_ecal/Glue_volume_0
68,Silicon,1434.08792936,0.300056569747,World/native_ecal/Si_volume_0
68,Glue,1434.38798593,0.200037713164,World/native_ecal/GlueThick_volume_0
68,Aluminum,1436.93846677,3.20060341063,World/native_ecal/C_volume_CarbonCoolingPlane_0
68,Glue,1440.13907018,0.200037713164,World/native_ecal/GlueThick_volume_0
68,Silicon,1440.33910789,0.300056569746,World/native_ecal/Si_volume_7
68,Glue,1440.63916446,0.100018856582,World/native_ecal/Glue_volume_0
68,FR4,1440.73918332,1.66631415066,World/native_ecal/PCB_volume_0
68,FR4,1447.17239618,0.90016970924,World/native_ecal/PCB_motherboard_volume_0
68,FR4,1477.98420513,0.90016970924,World/native_ecal/PCB_motherboard_volume_0
68,FR4,1483.15117926,1.66631415066,World/native_ecal/PCB_volume_0
68,Glue,1484.81749342,0.100018856582,World/native_ecal/Glue_volume_0
68,Silicon,1484.91751227,0.300056569747,World/native_ecal/Si_volume_14
68,Glue,1485.21756884,0.200037713164,World/native_ecal/GlueThick_volume_0
68,Aluminum,1487.76804968,3.20060341063,World/native_ecal/C_volume_CarbonCoolingPlane_0
68,Glue,1490.9686531,0.200037713164,World/native_ecal/GlueThick_volume_0
68,Silicon,1491.16869081,0.300056569746,World/native_ecal/Si_volume_21
68,Glue,1491.46874738,0.100018856582,World/native_ecal/Glue_volume_0
68,FR4,1491.56876623,1.66631415066,World/native_ecal/PCB_volume_0
68,FR4,1497.50188481,0.90016970924,World/native_ecal/PCB_motherboard_volume_0
68,Scintillator,231.332620766,20.0037713164,World/hcal_top/hcal_top_layer1_strip6
68,Scintillator,254.708609879,20.0037713164,World/hcal_top/hcal_top_layer2_strip4
68,Aluminum3003,230.832526483,0.500094282911,World/hcal_top/hcal_top_cover_1_placement
68,Aluminum3003,254.208515596,0.500094282911,World/hcal_top/hcal_top_cover_2_placement
68,Scintillator,1193.87923276,20.0037713164,World/hcal_above_ecal/hcal_above_ecal_layer1_strip3
68,Scintillator,1219.28402233,20.0037713164,World/hcal_above_ecal/hcal_above_ecal_layer2_strip4
68,Scintillator,1244.6888119,20.0037713164,World/hcal_above_ecal/hcal_above_ecal_layer3_strip3
68,Scintillator,1270.09360147,20.0037713164,World/hcal_above_ecal/hcal_above_ecal_layer4_strip4
68,Aluminum3003,1193.37913847,0.500094282911,World/hcal_above_ecal/hcal_above_ecal_cover_1_placement
68,Aluminum3003,1218.78392804,0.500094282911,World/hcal_above_ecal/hcal_above_ecal_cover_2_placement
68,Aluminum3003,1244.18871762,0.500094282911,World/hcal_above_ecal/hcal_above_ecal_cover_3_placement
68,Aluminum3003,1269.59350719,0.500094282911,World/hcal_above_ecal/hcal_above_ecal_cover_4_placement
68,Scintillator,1698.8160096,20.0037713164,World/hcal_below_ecal/hcal_below_ecal_layer1_strip5
68,Scintillator,1722.34485956,20.0037713164,World/hcal_below_ecal/hcal_below_ecal_layer2_strip6
68,Scintillator,1745.87370953,20.0037713164,World/hcal_below_ecal/hcal_below_ecal_layer3_strip5
68,Scintillator,1769.40255949,20.0037713164,World/hcal_below_ecal/hcal_below_ecal_layer4_strip6
68,Aluminum3003,1698.31591532,0.500094282911,World/hcal_below_ecal/hcal_below_ecal_cover_1_placement
68,Aluminum3003,1721.84476528,0.500094282911,World/hcal_below_ecal/hcal_below_ecal_cover_2_placement
68,Aluminum3003,1745.37361524,0.500094282911,World/hcal_below_ecal/hcal_below_ecal_cover_3_placement
68,Aluminum3003,1768.90246521,0.500094282911,World/hcal_below_ecal/hcal_below_ecal_cover_4_placement
69,Polyvinyltoluene,858.461385578,2.00011518963,World/native_target/trigger_pad3_bar_volume_9
69,Polyvinyltoluene,854.461155199,2.00011518963,World/native_target/trigger_pad3_bar_volume_10
69,LYSO,932.965676392,0.60003455689,World/native_target/lvTarget_3/lvTargetArray1_phys/target_0
69,LYSO,933.765722468,0.60003455689,World/native_target/lvTarget_3/lvTargetArray2_phys/target_0
69,Polyvinyltoluene,624.847931429,2.00011518963,World/native_trig_scint/trigger_pad2_bar_volume_8
69,Polyvinyltoluene,628.848161808,2.00011518963,World/native_trig_scint/trigger_pad2_bar_volume_9
69,Polyvinyltoluene,549.643600299,2.00011518963,World/native_trig_scint/trigger_pad1_bar_volume_8
69,Polyvinyltoluene,553.643830678,2.00011518963,World/native_trig_scint/trigger_pad1_bar_volume_9
69,Silicon,689.991683156,0.320018430341,World/native_recoil/recoil_l14_sensor_vol_10/recoil_l14_active_sensor
69,Silicon,695.992028724,0.320018430341,World/native_recoil/recoil_l14_sensor_vol_20/recoil_l14_active_sensor
69,Silicon,789.997442637,0.320018430341,World/native_recoil/recoil_l14_sensor_vol_30/recoil_l14_active_sensor
69,Silicon,795.997788206,0.320018430341,World/native_recoil/recoil_l14_sensor_vol_40/recoil_l14_active_sensor
69,Aluminum,1349.46027781,0.800046075853,World/native_ecal/support_box_0/front_0_volume_0
69,Aluminum,1578.87349006,0.800046075853,World/native_ecal/support_box_0/front_1_volume_0
69,FR4,1426.96774158,0.900051835335,World/native_ecal/PCB_motherboard_volume_0
69,FR4,1432.13403912,1.66609595296,World/native_ecal/PCB_volume_0
69,Glue,1433.80013507,0.100005759482,World/native_ecal/Glue_volume_0
69,Silicon,1433.90014083,0.300017278445,World/native_ecal/Si_volume_0
69,Glue,1434.20015811,0.200011518963,World/native_ecal/GlueThick_volume_0
69,Aluminum,1436.75030497,3.20018430341,World/native_ecal/C_volume_CarbonCoolingPlane_0
69,Glue,1439.95048928,0.200011518963,World/native_ecal/GlueThick_volume_0
69,Silicon,1440.1505008,0.300017278445,World/native_ecal/Si_volume_7
69,Glue,1440.45051807,0.100005759481,World/native_ecal/Glue_volume_0
69,FR4,1440.55052383,1.66609595296,World/native_ecal/PCB_volume_0
69,FR4,1446.98289428,0.900051835335,World/native_ecal/PCB_motherboard_volume_0
69,FR4,1477.79066855,0.900051835335,World/native_ecal/PCB_motherboard_volume_0
69,FR4,1482.95696609,1.66609595296,World/native_ecal/PCB_volume_0
69,Glue,1484.62306204,0.100005759481,World/native_ecal/Glue_volume_0
69,Silicon,1484.7230678,0.300017278445,World/native_ecal/Si_volume_14
69,Glue,1485.02308508,0.200011518963,World/native_ecal/GlueThick_volume_0
69,Aluminum,1487.57323194,3.20018430341,World/native_ecal/C_volume_CarbonCoolingPlane_0
69,Glue,1490.77341625,0.200011518963,World/native_ecal/GlueThick_volume_0
69,Silicon,1490.97342777,0.300017278445,World/native_ecal/Si_volume_21
69,Glue,1491.27344504,0.100005759481,World/native_ecal/Glue_volume_0
69,FR4,1491.3734508,1.66609595296,World/native_ecal/PCB_volume_0
69,FR4,1497.30579246,0.900051835335,World/native_ecal/PCB_motherboard_volume_0
69,Scintillator,231.302328612,20.0011518963,World/hcal_top/hcal_top_layer1_strip6
69,Scintillator,254.675256725,20.0011518963,World/hcal_top/hcal_top_layer2_strip5
69,Aluminum3003,230.802299815,0.500028797408,World/hcal_top/hcal_top_cover_1_placement
69,Aluminum3003,254.175227928,0.500028797408,World/hcal_top/hcal_top_cover_2_placement
69,Scintillator,1193.72289867,20.0011518963,World/hcal_above_ecal/hcal_above_ecal_layer1_strip3
69,Scintillator,1219.12436158,20.0011518963,World/hcal_above_ecal/hcal_above_ecal_layer2_strip4
69,Scintillator,1244.52582449,20.0011518963,World/hcal_above_ecal/hcal_above_ecal_layer3_strip3
69,Scintillator,1269.9272874,20.0011518963,World/hcal_above_ecal/hcal_above_ecal_layer4_strip4
69,Aluminum3003,1193.22286987,0.500028797408,World/hcal_above_ecal/hcal_above_ecal_cover_1_placement
69,Aluminum3003,1218.62433278,0.500028797408,World/hcal_above_ecal/hcal_above_ecal_cover_2_placement
69,Aluminum3003,1244.02579569,0.500028797408,World/hcal_above_ecal/hcal_above_ecal_cover_3_placement
69,Aluminum3003,1269.4272586,0.500028797408,World/hcal_above_ecal/hcal_above_ecal_cover_4_placement
69,Scintillator,1698.59355591,20.0011518963,World/hcal_below_ecal/hcal_below_ecal_layer1_strip5
69,Scintillator,1722.11932485,20.0011518963,World/hcal_below_ecal/hcal_below_ecal_layer2_strip6
69,Scintillator,1745.6450938,20.0011518963,World/hcal_below_ecal/hcal_below_ecal_layer3_strip5
69,Scintillator,1769.17086275,20.0011518963,World/hcal_below_ecal/hcal_below_ecal_layer4_strip6
69,Aluminum3003,1698.09352711,0.500028797408,World/hcal_below_ecal/hcal_below_ecal_cover_1_placement
69,Aluminum3003,1721.61929606,0.500028797408,World/hcal_below_ecal/hcal_below_ecal_cover_2_placement
69,Aluminum3003,1745.145065,0.500028797408,World/hcal_below_ecal/hcal_below_ecal_cover_3_placement
69,Aluminum3003,1768.67083395,0.500028797408,World/hcal_below_ecal/hcal_below_ecal_cover_4_placement
70,Polyvinyltoluene,859.283296611,2.00203014675,World/native_target/trigger_pad3_bar_volume_7
70,Polyvinyltoluene,855.279236318,2.00203014675,World/native_target/trigger_pad3_bar_volume_8
70,LYSO,933.858919578,0.600609044025,World/native_target/lvTarget_3/lvTargetArray1_phys/target_0
70,LYSO,934.659731637,0.600609044025,World/native_target/lvTarget_3/lvTargetArray2_phys/target_0
70,Polyvinyltoluene,629.450235764,2.00203014675,World/native_trig_scint/trigger_pad2_bar_volume_11
70,Polyvinyltoluene,625.446175471,2.00203014675,World/native_trig_scint/trigger_pad2_bar_volume_12
70,Polyvinyltoluene,550.169841953,2.00203014675,World/native_trig_scint/trigger_pad1_bar_volume_12
70,Polyvinyltoluene,554.173902246,2.00203014675,World/native_trig_scint/trigger_pad1_bar_volume_13
70,Silicon,690.65229735,0.32032482348,World/native_recoil/recoil_l14_sensor_vol_10/recoil_l14_active_sensor
70,Silicon,696.658387791,0.32032482348,World/native_recoil/recoil_l14_sensor_vol_20/recoil_l14_active_sensor
70,Silicon,790.753804688,0.32032482348,World/native_recoil/recoil_l14_sensor_vol_30/recoil_l14_active_sensor
70,Silicon,796.759895128,0.32032482348,World/native_recoil/recoil_l14_sensor_vol_40/recoil_l14_active_sensor
70,Aluminum,1350.75228268,0.800812058701,World/native_ecal/support_box_0/front_0_volume_0
70,Aluminum,1580.38514051,0.800812058701,World/native_ecal/support_box_0/front_1_volume_0
70,FR4,1428.33395391,0.900913566038,World/native_ecal/PCB_motherboard_volume_0
70,FR4,1433.50519778,1.66769111224,World/native_ecal/PCB_volume_0
70,Glue,1435.17288889,0.100101507338,World/native_ecal/Glue_volume_0
70,Silicon,1435.2729904,0.300304522013,World/native_ecal/Si_volume_0
70,Glue,1435.57329492,0.200203014675,World/native_ecal/GlueThick_volume_0
70,Aluminum,1438.12588336,3.2032482348,World/native_ecal/C_volume_CarbonCoolingPlane_0
70,Glue,1441.3291316,0.200203014675,World/native_ecal/GlueThick_volume_0
70,Silicon,1441.52933461,0.300304522013,World/native_ecal/Si_volume_7
70,Glue,1441.82963913,0.100101507338,World/native_ecal/Glue_volume_0
70,FR4,1441.92974064,1.66769111224,World/native_ecal/PCB_volume_0
70,FR4,1448.36826959,0.900913566038,World/native_ecal/PCB_motherboard_volume_0
70,FR4,1479.20553994,0.900913566038,World/native_ecal/PCB_motherboard_volume_0
70,FR4,1484.37678381,1.66769111224,World/native_ecal/PCB_volume_0
70,Glue,1486.04447492,0.100101507338,World/native_ecal/Glue_volume_0
70,Silicon,1486.14457643,0.300304522013,World/native_ecal/Si_volume_14
70,Glue,1486.44488095,0.200203014675,World/native_ecal/GlueThick_volume_0
70,Aluminum,1488.99746939,3.2032482348,World/native_ecal/C_volume_CarbonCoolingPlane_0
70,Glue,1492.20071762,0.200203014675,World/native_ecal/GlueThick_volume_0
70,Silicon,1492.40092064,0.300304522013,World/native_ecal/Si_volume_21
70,Glue,1492.70122516,0.100101507338,World/native_ecal/Glue_volume_0
70,FR4,1492.80132667,1.66769111224,World/native_ecal/PCB_volume_0
70,FR4,1498.73934808,0.900913566038,World/native_ecal/PCB_motherboard_volume_0
70,Scintillator,231.523782878,20.0203014675,World/hcal_top/hcal_top_layer1_strip6
70,Scintillator,254.91908878,20.0203014675,World/hcal_top/hcal_top_layer2_strip4
70,Aluminum3003,231.023275342,0.500507536688,World/hcal_top/hcal_top_cover_1_placement
70,Aluminum3003,254.418581243,0.500507536688,World/hcal_top/hcal_top_cover_2_placement
70,Scintillator,1194.86579693,20.0203014675,World/hcal_above_ecal/hcal_above_ecal_layer1_strip3
70,Scintillator,1220.29157979,20.0203014675,World/hcal_above_ecal/hcal_above_ecal_layer2_strip4
70,Scintillator,1245.71736266,20.0203014675,World/hcal_above_ecal/hcal_above_ecal_layer3_strip3
70,Scintillator,1271.14314552,20.0203014675,World/hcal_above_ecal/hcal_above_ecal_layer4_strip4
70,Aluminum3003,1194.36528939,0.500507536688,World/hcal_above_ecal/hcal_above_ecal_cover_1_placement
70,Aluminum3003,1219.79107225,0.500507536688,World/hcal_above_ecal/hcal_above_ecal_cover_2_placement
70,Aluminum3003,1245.21685512,0.500507536688,World/hcal_above_ecal/hcal_above_ecal_cover_3_placement
70,Aluminum3003,1270.64263798,0.500507536688,World/hcal_above_ecal/hcal_above_ecal_cover_4_placement
70,Scintillator,1700.21982915,20.0203014675,World/hcal_below_ecal/hcal_below_ecal_layer1_strip5
70,Scintillator,1723.76812222,20.0203014675,World/hcal_below_ecal/hcal_below_ecal_layer2_strip7
70,Scintillator,1747.31641529,20.0203014675,World/hcal_below_ecal/hcal_below_ecal_layer3_strip5
70,Scintillator,1770.86470836,20.0203014675,World/hcal_below_ecal/hcal_below_ecal_layer4_strip7
70,Aluminum3003,1699.71932162,0.500507536688,World/hcal_below_ecal/hcal_below_ecal_cover_1_placement
70,Aluminum3003,1723.26761468,0.500507536688,World/hcal_below_ecal/hcal_below_ecal_cover_2_placement
70,Aluminum3003,1746.81590775,0.500507536688,World/hcal_below_ecal/hcal_below_ecal_cover_3_placement
70,Aluminum3003,1770.36420082,0.500507536688,World/hcal_below_ecal/hcal_below_ecal_cover_4_placement
71,Polyvinyltoluene,856.949270836,2.00593934893,World/native_target/trigger_pad3_bar_volume_16
71,Polyvinyltoluene,860.961149534,2.00593934893,World/native_target/trigger_pad3_bar_volume_17
71,LYSO,935.682390281,0.601781804678,World/native_target/lvTarget_3/lvTargetArray1_phys/target_0
71,LYSO,936.484766021,0.601781804678,World/native_target/lvTarget_3/lvTargetArray2_phys/target_0
71,Polyvinyltoluene,551.244114059,2.00593934893,World/native_trig_scint/trigger_pad1_bar_volume_4
71,Polyvinyltoluene,555.255992757,2.00593934893,World/native_trig_scint/trigger_pad1_bar_volume_5
71,Polyvinyltoluene,630.679312277,2.00593934893,World/native_trig_scint/trigger_pad2_bar_volume_7
71,Polyvinyltoluene,626.667433579,2.00593934893,World/native_trig_scint/trigger_pad2_bar_volume_8
71,Silicon,692.000878174,0.320950295828,World/native_recoil/recoil_l14_sensor_vol_10/recoil_l14_active_sensor
71,Silicon,698.01869622,0.320950295828,World/native_recoil/recoil_l14_sensor_vol_20/recoil_l14_active_sensor
71,Silicon,792.29784562,0.320950295828,World/native_recoil/recoil_l14_sensor_vol_30/recoil_l14_active_sensor
71,Silicon,798.315663667,0.320950295828,World/native_recoil/recoil_l14_sensor_vol_40/recoil_l14_active_sensor
71,Aluminum,1353.3897873,0.802375739571,World/native_ecal/support_box_0/front_0_volume_0
71,Aluminum,1583.47103062,0.802375739571,World/native_ecal/support_box_0/front_1_volume_0
71,FR4,1431.12294598,0.902672707017,World/native_ecal/PCB_motherboard_volume_0
71,FR4,1436.30428732,1.67094747766,World/native_ecal/PCB_volume_0
71,Glue,1437.9752348,0.100296967446,World/native_ecal/Glue_volume_0
71,Silicon,1438.07553176,0.300890902339,World/native_ecal/Si_volume_0
71,Glue,1438.37642267,0.200593934893,World/native_ecal/GlueThick_volume_0
71,Aluminum,1440.93399534,3.20950295828,World/native_ecal/C_volume_CarbonCoolingPlane_0
71,Glue,1444.14349829,0.200593934893,World/native_ecal/GlueThick_volume_0
71,Silicon,1444.34409223,0.300890902339,World/native_ecal/Si_volume_7
71,Glue,1444.64498313,0.100296967446,World/native_ecal/Glue_volume_0
71,FR4,1444.7452801,1.67094747766,World/native_ecal/PCB_volume_0
71,FR4,1451.19638105,0.902672707017,World/native_ecal/PCB_motherboard_volume_0
71,FR4,1482.09386484,0.902672707017,World/native_ecal/PCB_motherboard_volume_0
71,FR4,1487.27520618,1.67094747766,World/native_ecal/PCB_volume_0
71,Glue,1488.94615365,0.100296967446,World/native_ecal/Glue_volume_0
71,Silicon,1489.04645062,0.300890902339,World/native_ecal/Si_volume_14
71,Glue,1489.34734152,0.200593934893,World/native_ecal/GlueThick_volume_0
71,Aluminum,1491.90491419,3.20950295828,World/native_ecal/C_volume_CarbonCoolingPlane_0
71,Glue,1495.11441715,0.200593934893,World/native_ecal/GlueThick_volume_0
71,Silicon,1495.31501109,0.300890902339,World/native_ecal/Si_volume_21
71,Glue,1495.61590199,0.100296967446,World/native_ecal/Glue_volume_0
71,FR4,1495.71619896,1.67094747766,World/native_ecal/PCB_volume_0
71,FR4,1501.66581506,0.902672707017,World/native_ecal/PCB_motherboard_volume_0
71,Scintillator,231.975860624,20.0593934893,World/hcal_top/hcal_top_layer1_strip7
71,Scintillator,255.416848645,20.0593934893,World/hcal_top/hcal_top_layer2_strip5
71,Aluminum3003,231.474375787,0.501484837232,World/hcal_top/hcal_top_cover_1_placement
71,Aluminum3003,254.915363808,0.501484837232,World/hcal_top/hcal_top_cover_2_placement
71,Scintillator,1197.19891463,20.0593934893,World/hcal_above_ecal/hcal_above_ecal_layer1_strip2
71,Scintillator,1222.67434436,20.0593934893,World/hcal_above_ecal/hcal_above_ecal_layer2_strip4
71,Scintillator,1248.14977409,20.0593934893,World/hcal_above_ecal/hcal_above_ecal_layer3_strip2
71,Scintillator,1292.67044634,1.01415097499,World/hcal_above_ecal/hcal_above_ecal_layer4_strip3
71,Scintillator,1273.62520382,19.0452425143,World/hcal_above_ecal/hcal_above_ecal_layer4_strip4
71,Aluminum3003,1196.69742979,0.501484837232,World/hcal_above_ecal/hcal_above_ecal_cover_1_placement
71,Aluminum3003,1222.17285952,0.501484837232,World/hcal_above_ecal/hcal_above_ecal_cover_2_placement
71,Aluminum3003,1247.64828925,0.501484837232,World/hcal_above_ecal/hcal_above_ecal_cover_3_placement
71,Aluminum3003,1273.12371899,0.501484837232,World/hcal_above_ecal/hcal_above_ecal_cover_4_placement
71,Scintillator,1703.53971076,20.0593934893,World/hcal_below_ecal/hcal_below_ecal_layer1_strip3
71,Scintillator,1727.13398467,20.0593934893,World/hcal_below_ecal/hcal_below_ecal_layer2_strip5
71,Scintillator,1750.72825858,20.0593934893,World/hcal_below_ecal/hcal_below_ecal_layer3_strip3
71,Scintillator,1774.3225325,20.0593934893,World/hcal_below_ecal/hcal_below_ecal_layer4_strip5
71,Aluminum3003,1703.03822592,0.501484837232,World/hcal_below_ecal/hcal_below_ecal_cover_1_placement
71,Aluminum3003,1726.63249983,0.501484837232,World/hcal_below_ecal/hcal_below_ecal_cover_2_placement
71,Aluminum3003,1750.22677375,0.501484837232,World/hcal_below_ecal/hcal_below_ecal_cover_3_placement
71,Aluminum3003,1773.82104766,0.501484837232,World/hcal_below_ecal/hcal_below_ecal_cover_4_placement
72,Polyvinyltoluene,858.47641099,2.00015019709,World/native_target/trigger_pad3_bar_volume_19
72,Polyvinyltoluene,854.476110596,2.00015019709,World/native_target/trigger_pad3_bar_volume_20
72,LYSO,932.982005832,0.600045059128,World/native_target/lvTarget_3/lvTargetArray1_phys/target_0
72,LYSO,933.782065911,0.600045059128,World/native_target/lvTarget_3/lvTargetArray2_phys/target_0
72,Polyvinyltoluene,624.858867969,2.00015019709,World/native_trig_scint/trigger_pad2_bar_volume_20
72,Polyvinyltoluene,628.859168364,2.00015019709,World/native_trig_scint/trigger_pad2_bar_volume_21
72,Polyvinyltoluene,549.653220559,2.00015019709,World/native_trig_scint/trigger_pad1_bar_volume_20
72,Polyvinyltoluene,553.653520953,2.00015019709,World/native_trig_scint/trigger_pad1_bar_volume_21
72,Silicon,690.003759889,0.320024031535,World/native_recoil/recoil_l14_sensor_vol_10/recoil_l14_active_sensor
72,Silicon,696.00421048,0.320024031535,World/native_recoil/recoil_l14_sensor_vol_20/recoil_l14_active_sensor
72,Silicon,790.011269744,0.320024031535,World/native_recoil/recoil_l14_sensor_vol_30/recoil_l14_active_sensor
72,Silicon,796.011720335,0.320024031535,World/native_recoil/recoil_l14_sensor_vol_40/recoil_l14_active_sensor
72,Aluminum,1349.48389704,0.800060078838,World/native_ecal/support_box_0/front_0_volume_0
72,Aluminum,1578.90112465,0.800060078838,World/native_ecal/support_box_0/front_1_volume_0
72,FR4,1426.9927174,0.900067588693,World/native_ecal/PCB_motherboard_volume_0
72,FR4,1432.15910536,1.66612511418,World/native_ecal/PCB_volume_0
72,Glue,1433.82523048,0.100007509855,World/native_ecal/Glue_volume_0
72,Silicon,1433.92523799,0.300022529564,World/native_ecal/Si_volume_0
72,Glue,1434.22526052,0.200015019709,World/native_ecal/GlueThick_volume_0
72,Aluminum,1436.77545202,3.20024031535,World/native_ecal/C_volume_CarbonCoolingPlane_0
72,Glue,1439.97569233,0.200015019709,World/native_ecal/GlueThick_volume_0
72,Silicon,1440.17570735,0.300022529564,World/native_ecal/Si_volume_7
72,Glue,1440.47572988,0.100007509855,World/native_ecal/Glue_volume_0
72,FR4,1440.57573739,1.66612511418,World/native_ecal/PCB_volume_0
72,FR4,1447.00822043,0.900067588693,World/native_ecal/PCB_motherboard_volume_0
72,FR4,1477.81653391,0.900067588693,World/native_ecal/PCB_motherboard_volume_0
72,FR4,1482.98292187,1.66612511418,World/native_ecal/PCB_volume_0
72,Glue,1484.64904698,0.100007509855,World/native_ecal/Glue_volume_0
72,Silicon,1484.74905449,0.300022529564,World/native_ecal/Si_volume_14
72,Glue,1485.04907702,0.200015019709,World/native_ecal/GlueThick_volume_0
72,Aluminum,1487.59926852,3.20024031535,World/native_ecal/C_volume_CarbonCoolingPlane_0
72,Glue,1490.79950884,0.200015019709,World/native_ecal/GlueThick_volume_0
72,Silicon,1490.99952386,0.300022529564,World/native_ecal/Si_volume_21
72,Glue,1491.29954639,0.100007509855,World/native_ecal/Glue_volume_0
72,FR4,1491.3995539,1.66612511418,World/native_ecal/PCB_volume_0
72,FR4,1497.33199938,0.900067588692,World/native_ecal/PCB_motherboard_volume_0
72,Scintillator,231.306377033,20.0015019709,World/hcal_top/hcal_top_layer1_strip6
72,Scintillator,254.679714236,20.0015019709,World/hcal_top/hcal_top_layer2_strip4
72,Aluminum3003,230.806339484,0.500037549274,World/hcal_top/hcal_top_cover_1_placement
72,Aluminum3003,254.179676687,0.500037549274,World/hcal_top/hcal_top_cover_2_placement
72,Scintillator,1193.74379207,20.0015019709,World/hcal_above_ecal/hcal_above_ecal_layer1_strip2
72,Scintillator,1219.14569958,20.0015019709,World/hcal_above_ecal/hcal_above_ecal_layer2_strip4
72,Scintillator,1244.54760708,20.0015019709,World/hcal_above_ecal/hcal_above_ecal_layer3_strip2
72,Scintillator,1269.94951458,20.0015019709,World/hcal_above_ecal/hcal_above_ecal_layer4_strip4
72,Aluminum3003,1193.24375452,0.500037549274,World/hcal_above_ecal/hcal_above_ecal_cover_1_placement
72,Aluminum3003,1218.64566203,0.500037549274,World/hcal_above_ecal/hcal_above_ecal_cover_2_placement
72,Aluminum3003,1244.04756953,0.500037549274,World/hcal_above_ecal/hcal_above_ecal_cover_3_placement
72,Aluminum3003,1269.44947703,0.500037549274,World/hcal_above_ecal/hcal_above_ecal_cover_4_placement
72,Scintillator,1698.62328592,20.0015019709,World/hcal_below_ecal/hcal_below_ecal_layer1_strip4
72,Scintillator,1722.14946663,20.0015019709,World/hcal_below_ecal/hcal_below_ecal_layer2_strip6
72,Scintillator,1745.67564734,20.0015019709,World/hcal_below_ecal/hcal_below_ecal_layer3_strip4
72,Scintillator,1769.20182805,20.0015019709,World/hcal_below_ecal/hcal_below_ecal_layer4_strip6
72,Aluminum3003,1698.12324837,0.500037549274,World/hcal_below_ecal/hcal_below_ecal_cover_1_placement
72,Aluminum3003,1721.64942908,0.500037549274,World/hcal_below_ecal/hcal_below_ecal_cover_2_placement
72,Aluminum3003,1745.17560979,0.500037549274,World/hcal_below_ecal/hcal_below_ecal_cover_3_placement
72,Aluminum3003,1768.7017905,0.500037549274,World/hcal_below_ecal/hcal_below_ecal_cover_4_placement
73,Polyvinyltoluene,854.761455457,2.00081812985,World/native_target/trigger_pad3_bar_volume_0
73,Polyvinyltoluene,858.763091717,2.00081812985,World/native_target/trigger_pad3_bar_volume_1
73,LYSO,933.293567053,0.600245438954,World/native_target/lvTarget_3/lvTargetArray1_phys/target_0
73,LYSO,934.093894305,0.600245438954,World/native_target/lvTarget_3/lvTargetArray2_phys/target_0
73,Polyvinyltoluene,625.067534151,2.00081812985,World/native_trig_scint/trigger_pad2_bar_volume_4
73,Polyvinyltoluene,629.06917041,2.00081812985,World/native_trig_scint/trigger_pad2_bar_volume_5
73,Polyvinyltoluene,553.838408728,2.00081812985,World/native_trig_scint/trigger_pad1_bar_volume_5
73,Polyvinyltoluene,549.836772468,2.00081812985,World/native_trig_scint/trigger_pad1_bar_volume_6
73,Silicon,690.23418064,0.320130900775,World/native_recoil/recoil_l14_sensor_vol_10/recoil_l14_active_sensor
73,Silicon,696.236635029,0.320130900775,World/native_recoil/recoil_l14_sensor_vol_20/recoil_l14_active_sensor
73,Silicon,790.275087132,0.320130900775,World/native_recoil/recoil_l14_sensor_vol_30/recoil_l14_active_sensor
73,Silicon,796.277541522,0.320130900775,World/native_recoil/recoil_l14_sensor_vol_40/recoil_l14_active_sensor
73,Aluminum,1349.93454544,0.800327251939,World/native_ecal/support_box_0/front_0_volume_0
73,Aluminum,1579.42838494,0.800327251939,World/native_ecal/support_box_0/front_1_volume_0
73,FR4,1427.4692492,0.900368158431,World/native_ecal/PCB_motherboard_volume_0
73,FR4,1432.63736243,1.66668150216,World/native_ecal/PCB_volume_0
73,Glue,1434.30404393,0.100040906492,World/native_ecal/Glue_volume_0
73,Silicon,1434.40408484,0.300122719477,World/native_ecal/Si_volume_0
73,Glue,1434.70420756,0.200081812985,World/native_ecal/GlueThick_volume_0
73,Aluminum,1437.25525068,3.20130900775,World/native_ecal/C_volume_CarbonCoolingPlane_0
73,Glue,1440.45655968,0.200081812985,World/native_ecal/GlueThick_volume_0
73,Silicon,1440.6566415,0.300122719477,World/native_ecal/Si_volume_7
73,Glue,1440.95676422,0.100040906492,World/native_ecal/Glue_volume_0
73,FR4,1441.05680512,1.66668150216,World/native_ecal/PCB_volume_0
73,FR4,1447.49143623,0.900368158431,World/native_ecal/PCB_motherboard_volume_0
73,FR4,1478.31003788,0.900368158431,World/native_ecal/PCB_motherboard_volume_0
73,FR4,1483.47815111,1.66668150216,World/native_ecal/PCB_volume_0
73,Glue,1485.14483261,0.100040906492,World/native_ecal/Glue_volume_0
73,Silicon,1485.24487352,0.300122719477,World/native_ecal/Si_volume_14
73,Glue,1485.54499624,0.200081812985,World/native_ecal/GlueThick_volume_0
73,Aluminum,1488.09603935,3.20130900775,World/native_ecal/C_volume_CarbonCoolingPlane_0
73,Glue,1491.29734836,0.200081812985,World/native_ecal/GlueThick_volume_0
73,Silicon,1491.49743018,0.300122719477,World/native_ecal/Si_volume_21
73,Glue,1491.7975529,0.100040906492,World/native_ecal/Glue_volume_0
73,FR4,1491.8975938,1.66668150216,World/native_ecal/PCB_volume_0
73,FR4,1497.83202037,0.900368158431,World/native_ecal/PCB_motherboard_volume_0
73,Scintillator,231.383619785,20.0081812985,World/hcal_top/hcal_top_layer1_strip6
73,Scintillator,254.76476231,20.0081812985,World/hcal_top/hcal_top_layer2_strip5
73,Aluminum3003,230.883415252,0.500204532462,World/hcal_top/hcal_top_cover_1_placement
73,Aluminum3003,254.264557778,0.500204532462,World/hcal_top/hcal_top_cover_2_placement
73,Scintillator,1194.14243242,20.0081812985,World/hcal_above_ecal/hcal_above_ecal_layer1_strip3
73,Scintillator,1219.55282267,20.0081812985,World/hcal_above_ecal/hcal_above_ecal_layer2_strip4
73,Scintillator,1244.96321292,20.0081812985,World/hcal_above_ecal/hcal_above_ecal_layer3_strip3
73,Scintillator,1270.37360317,20.0081812985,World/hcal_above_ecal/hcal_above_ecal_layer4_strip4
73,Aluminum3003,1193.64222789,0.500204532462,World/hcal_above_ecal/hcal_above_ecal_cover_1_placement
73,Aluminum3003,1219.05261814,0.500204532462,World/hcal_above_ecal/hcal_above_ecal_cover_2_placement
73,Aluminum3003,1244.46300839,0.500204532462,World/hcal_above_ecal/hcal_above_ecal_cover_3_placement
73,Aluminum3003,1269.87339864,0.500204532461,World/hcal_above_ecal/hcal_above_ecal_cover_4_placement
73,Scintillator,1699.19052638,20.0081812985,World/hcal_below_ecal/hcal_below_ecal_layer1_strip5
73,Scintillator,1722.72456346,20.0081812985,World/hcal_below_ecal/hcal_below_ecal_layer2_strip6
73,Scintillator,1746.25860053,20.0081812985,World/hcal_below_ecal/hcal_below_ecal_layer3_strip5
73,Scintillator,1769.79263761,20.0081812985,World/hcal_below_ecal/hcal_below_ecal_layer4_strip6
73,Aluminum3003,1698.69032185,0.500204532462,World/hcal_below_ecal/hcal_below_ecal_cover_1_placement
73,Aluminum3003,1722.22435893,0.500204532462,World/hcal_below_ecal/hcal_below_ecal_cover_2_placement
73,Aluminum3003,1745.758396,0.500204532462,World/hcal_below_ecal/hcal_below_ecal_cover_3_placement
73,Aluminum3003,1769.29243307,0.500204532462,World/hcal_below_ecal/hcal_below_ecal_cover_4_placement
74,Polyvinyltoluene,861.555349228,2.00732376511,World/native_target/trigger_pad3_bar_volume_1
74,Polyvinyltoluene,857.540701698,2.00732376511,World/native_target/trigger_pad3_bar_volume_2
74,LYSO,936.328159478,0.602197129533,World/native_target/lvTarget_3/lvTargetArray1_phys/target_0
74,LYSO,937.131088985,0.602197129533,World/native_target/lvTarget_3/lvTargetArray2_phys/target_0
74,Polyvinyltoluene,631.114580994,2.00732376511,World/native_trig_scint/trigger_pad2_bar_volume_13
74,Polyvinyltoluene,627.099933463,2.00732376511,World/native_trig_scint/trigger_pad2_bar_volume_14
74,Polyvinyltoluene,555.639207425,2.00732376511,World/native_trig_scint/trigger_pad1_bar_volume_17
74,Polyvinyltoluene,551.624559895,2.00732376511,World/native_trig_scint/trigger_pad1_bar_volume_18
74,Silicon,692.478468493,0.321171802418,World/native_recoil/recoil_l14_sensor_vol_10/recoil_l14_active_sensor
74,Silicon,698.500439788,0.321171802418,World/native_recoil/recoil_l14_sensor_vol_20/recoil_l14_active_sensor
74,Silicon,792.844656748,0.321171802418,World/native_recoil/recoil_l14_sensor_vol_30/recoil_l14_active_sensor
74,Silicon,798.866628044,0.321171802418,World/native_recoil/recoil_l14_sensor_vol_40/recoil_l14_active_sensor
74,Aluminum,1354.32384083,0.802929506044,World/native_ecal/support_box_0/front_0_volume_0
74,Aluminum,1584.56387669,0.802929506044,World/native_ecal/support_box_0/front_1_volume_0
74,FR4,1432.11064771,0.903295694299,World/native_ecal/PCB_motherboard_volume_0
74,FR4,1437.295565,1.67210069634,World/native_ecal/PCB_volume_0
74,Glue,1438.96766569,0.100366188255,World/native_ecal/Glue_volume_0
74,Silicon,1439.06803188,0.301098564766,World/native_ecal/Si_volume_0
74,Glue,1439.36913045,0.200732376511,World/native_ecal/GlueThick_volume_0
74,Aluminum,1441.92846825,3.21171802418,World/native_ecal/C_volume_CarbonCoolingPlane_0
74,Glue,1445.14018627,0.200732376511,World/native_ecal/GlueThick_volume_0
74,Silicon,1445.34091865,0.301098564766,World/native_ecal/Si_volume_7
74,Glue,1445.64201721,0.100366188255,World/native_ecal/Glue_volume_0
74,FR4,1445.7423834,1.67210069634,World/native_ecal/PCB_volume_0
74,FR4,1452.19793663,0.903295694299,World/native_ecal/PCB_motherboard_volume_0
74,FR4,1483.11674458,0.903295694299,World/native_ecal/PCB_motherboard_volume_0
74,FR4,1488.30166187,1.67210069634,World/native_ecal/PCB_volume_0
74,Glue,1489.97376256,0.100366188255,World/native_ecal/Glue_volume_0
74,Silicon,1490.07412875,0.301098564766,World/native_ecal/Si_volume_14
74,Glue,1490.37522732,0.200732376511,World/native_ecal/GlueThick_volume_0
74,Aluminum,1492.93456512,3.21171802418,World/native_ecal/C_volume_CarbonCoolingPlane_0
74,Glue,1496.14628314,0.200732376511,World/native_ecal/GlueThick_volume_0
74,Silicon,1496.34701552,0.301098564766,World/native_ecal/Si_volume_21
74,Glue,1496.64811408,0.100366188255,World/native_ecal/Glue_volume_0
74,FR4,1496.74848027,1.67210069634,World/native_ecal/PCB_volume_0
74,FR4,1502.70220256,0.903295694299,World/native_ecal/PCB_motherboard_volume_0
74,Scintillator,232.135960746,20.0732376511,World/hcal_top/hcal_top_layer1_strip6
74,Scintillator,255.593126766,20.0732376511,World/hcal_top/hcal_top_layer2_strip4
74,Aluminum3003,231.634129805,0.501830941277,World/hcal_top/hcal_top_cover_1_placement
74,Aluminum3003,255.091295825,0.501830941277,World/hcal_top/hcal_top_cover_2_placement
74,Scintillator,1198.02517169,20.0732376511,World/hcal_above_ecal/hcal_above_ecal_layer1_strip4
74,Scintillator,1223.51818351,20.0732376511,World/hcal_above_ecal/hcal_above_ecal_layer2_strip4
74,Scintillator,1249.01119532,20.0732376511,World/hcal_above_ecal/hcal_above_ecal_layer3_strip4
74,Scintillator,1274.50420714,20.0732376511,World/hcal_above_ecal/hcal_above_ecal_layer4_strip4
74,Aluminum3003,1197.52334075,0.501830941277,World/hcal_above_ecal/hcal_above_ecal_cover_1_placement
74,Aluminum3003,1223.01635256,0.501830941277,World/hcal_above_ecal/hcal_above_ecal_cover_2_placement
74,Aluminum3003,1248.50936438,0.501830941277,World/hcal_above_ecal/hcal_above_ecal_cover_3_placement
74,Aluminum3003,1274.0023762,0.501830941277,World/hcal_above_ecal/hcal_above_ecal_cover_4_placement
74,Scintillator,1704.71542325,20.0732376511,World/hcal_below_ecal/hcal_below_ecal_layer1_strip6
74,Scintillator,1728.32598095,20.0732376511,World/hcal_below_ecal/hcal_below_ecal_layer2_strip5
74,Scintillator,1751.93653865,20.0732376511,World/hcal_below_ecal/hcal_below_ecal_layer3_strip6
74,Scintillator,1775.54709636,20.0732376511,World/hcal_below_ecal/hcal_below_ecal_layer4_strip5
74,Aluminum3003,1704.2135923,0.501830941277,World/hcal_below_ecal/hcal_below_ecal_cover_1_placement
74,Aluminum3003,1727.82415001,0.501830941277,World/hcal_below_ecal/hcal_below_ecal_cover_2_placement
74,Aluminum3003,1751.43470771,0.501830941277,World/hcal_below_ecal/hcal_below_ecal_cover_3_placement
74,Aluminum3003,1775.04526541,0.501830941277,World/hcal_below_ecal/hcal_below_ecal_cover_4_placement
75,Polyvinyltoluene,860.104687596,2.00394389222,World/native_target/trigger_pad3_bar_volume_7
75,Polyvinyltoluene,856.096799812,2.00394389222,World/native_target/trigger_pad3_bar_volume_8
75,LYSO,934.751597581,0.601183167665,World/native_target/lvTarget_3/lvTargetArray1_phys/target_0
75,LYSO,935.553175138,0.601183167665,World/native_target/lvTarget_3/lvTargetArray2_phys/target_0
75,Polyvinyltoluene,630.051928769,2.00394389222,World/native_trig_scint/trigger_pad2_bar_volume_15
75,Polyvinyltoluene,626.044040985,2.00394389222,World/native_trig_scint/trigger_pad2_bar_volume_16
75,Polyvinyltoluene,556.454818334,0.252763979999,World/native_trig_scint/trigger_pad1_bar_volume_17
75,Polyvinyltoluene,550.695750637,2.00394389222,World/native_trig_scint/trigger_pad1_bar_volume_18
75,Silicon,691.312493554,0.320631022755,World/native_recoil/recoil_l14_sensor_vol_10/recoil_l14_active_sensor
75,Silicon,697.324325231,0.320631022755,World/native_recoil/recoil_l14_sensor_vol_20/recoil_l14_active_sensor
75,Silicon,791.509688165,0.320631022755,World/native_recoil/recoil_l14_sensor_vol_30/recoil_l14_active_sensor
75,Silicon,797.521519842,0.320631022755,World/native_recoil/recoil_l14_sensor_vol_40/recoil_l14_active_sensor
75,Aluminum,1352.04347006,0.801577556887,World/native_ecal/support_box_0/front_0_volume_0
75,Aluminum,1581.8958345,0.801577556887,World/native_ecal/support_box_0/front_1_volume_0
75,FR4,1429.6993018,0.901774751498,World/native_ecal/PCB_motherboard_volume_0
75,FR4,1434.87548887,1.66928526222,World/native_ecal/PCB_volume_0
75,Glue,1436.54477413,0.100197194611,World/native_ecal/Glue_volume_0
75,Silicon,1436.64497133,0.300591583833,World/native_ecal/Si_volume_0
75,Glue,1436.94556291,0.200394389222,World/native_ecal/GlueThick_volume_0
75,Aluminum,1439.50059138,3.20631022755,World/native_ecal/C_volume_CarbonCoolingPlane_0
75,Glue,1442.7069016,0.200394389222,World/native_ecal/GlueThick_volume_0
75,Silicon,1442.90729599,0.300591583833,World/native_ecal/Si_volume_7
75,Glue,1443.20788758,0.100197194611,World/native_ecal/Glue_volume_0
75,FR4,1443.30808477,1.66928526222,World/native_ecal/PCB_volume_0
75,FR4,1449.75276833,0.901774751498,World/native_ecal/PCB_motherboard_volume_0
75,FR4,1480.6195161,0.901774751498,World/native_ecal/PCB_motherboard_volume_0
75,FR4,1485.79570317,1.66928526222,World/native_ecal/PCB_volume_0
75,Glue,1487.46498844,0.100197194611,World/native_ecal/Glue_volume_0
75,Silicon,1487.56518563,0.300591583833,World/native_ecal/Si_volume_14
75,Glue,1487.86577721,0.200394389222,World/native_ecal/GlueThick_volume_0
75,Aluminum,1490.42080568,3.20631022755,World/native_ecal/C_volume_CarbonCoolingPlane_0
75,Glue,1493.6271159,0.200394389222,World/native_ecal/GlueThick_volume_0
75,Silicon,1493.82751029,0.300591583833,World/native_ecal/Si_volume_21
75,Glue,1494.12810188,0.100197194611,World/native_ecal/Glue_volume_0
75,FR4,1494.22829907,1.66928526222,World/native_ecal/PCB_volume_0
75,FR4,1500.17199666,0.901774751498,World/native_ecal/PCB_motherboard_volume_0
75,Scintillator,231.745097023,20.0394389222,World/hcal_top/hcal_top_layer1_strip6
75,Scintillator,255.162766554,20.0394389222,World/hcal_top/hcal_top_layer2_strip4
75,Aluminum3003,231.24411105,0.500985973055,World/hcal_top/hcal_top_cover_1_placement
75,Aluminum3003,254.661780581,0.500985973055,World/hcal_top/hcal_top_cover_2_placement
75,Scintillator,1196.00797204,20.0394389222,World/hcal_above_ecal/hcal_above_ecal_layer1_strip3
75,Scintillator,1221.45805947,20.0394389222,World/hcal_above_ecal/hcal_above_ecal_layer2_strip4
75,Scintillator,1246.9081469,20.0394389222,World/hcal_above_ecal/hcal_above_ecal_layer3_strip3
75,Scintillator,1272.35823433,20.0394389222,World/hcal_above_ecal/hcal_above_ecal_layer4_strip4
75,Aluminum3003,1195.50698606,0.500985973055,World/hcal_above_ecal/hcal_above_ecal_cover_1_placement
75,Aluminum3003,1220.9570735,0.500985973055,World/hcal_above_ecal/hcal_above_ecal_cover_2_placement
75,Aluminum3003,1246.40716093,0.500985973055,World/hcal_above_ecal/hcal_above_ecal_cover_3_placement
75,Aluminum3003,1271.85724836,0.500985973054,World/hcal_above_ecal/hcal_above_ecal_cover_4_placement
75,Scintillator,1701.84507341,20.0394389222,World/hcal_below_ecal/hcal_below_ecal_layer1_strip6
75,Scintillator,1725.41587634,20.0394389222,World/hcal_below_ecal/hcal_below_ecal_layer2_strip5
75,Scintillator,1748.98667928,20.0394389222,World/hcal_below_ecal/hcal_below_ecal_layer3_strip6
75,Scintillator,1772.55748222,20.0394389222,World/hcal_below_ecal/hcal_below_ecal_layer4_strip5
75,Aluminum3003,1701.34408743,0.500985973054,World/hcal_below_ecal/hcal_below_ecal_cover_1_placement
75,Aluminum3003,1724.91489037,0.500985973054,World/hcal_below_ecal/hcal_below_ecal_cover_2_placement
75,Aluminum3003,1748.48569331,0.500985973055,World/hcal_below_ecal/hcal_below_ecal_cover_3_placement
75,Aluminum3003,1772.05649625,0.500985973054,World/hcal_below_ecal/hcal_below_ecal_cover_4_placement
76,Polyvinyltoluene,859.137682539,2.0016908829,World/native_target/trigger_pad3_bar_volume_3
76,Polyvinyltoluene,855.134300774,2.0016908829,World/native_target/trigger_pad3_bar_volume_4
76,LYSO,933.700667927,0.60050726487,World/native_target/lvTarget_3/lvTargetArray1_phys/target_0
76,LYSO,934.501344281,0.60050726487,World/native_target/lvTarget_3/lvTargetArray2_phys/target_0
76,Polyvinyltoluene,629.343569183,2.0016908829,World/native_trig_scint/trigger_pad2_bar_volume_9
76,Polyvinyltoluene,625.340187417,2.0016908829,World/native_trig_scint/trigger_pad2_bar_volume_10
76,Polyvinyltoluene,554.079991986,2.0016908829,World/native_trig_scint/trigger_pad1_bar_volume_11
76,Polyvinyltoluene,550.07661022,2.0016908829,World/native_trig_scint/trigger_pad1_bar_volume_12
76,Silicon,690.535259473,0.320270541264,World/native_recoil/recoil_l14_sensor_vol_10/recoil_l14_active_sensor
76,Silicon,696.540332122,0.320270541264,World/native_recoil/recoil_l14_sensor_vol_20/recoil_l14_active_sensor
76,Silicon,790.619803618,0.320270541264,World/native_recoil/recoil_l14_sensor_vol_30/recoil_l14_active_sensor
76,Silicon,796.624876267,0.320270541264,World/native_recoil/recoil_l14_sensor_vol_40/recoil_l14_active_sensor
76,Aluminum,1350.52338432,0.80067635316,World/native_ecal/support_box_0/front_0_volume_0
76,Aluminum,1580.11732859,0.80067635316,World/native_ecal/support_box_0/front_1_volume_0
76,FR4,1428.09190857,0.900760897304,World/native_ecal/PCB_motherboard_volume_0
76,FR4,1433.26227612,1.66740850545,World/native_ecal/PCB_volume_0
76,Glue,1434.92968462,0.100084544145,World/native_ecal/Glue_volume_0
76,Silicon,1435.02976917,0.300253632435,World/native_ecal/Si_volume_0
76,Glue,1435.3300228,0.20016908829,World/native_ecal/GlueThick_volume_0
76,Aluminum,1437.88217867,3.20270541264,World/native_ecal/C_volume_CarbonCoolingPlane_0
76,Glue,1441.08488409,0.20016908829,World/native_ecal/GlueThick_volume_0
76,Silicon,1441.28505318,0.300253632435,World/native_ecal/Si_volume_7
76,Glue,1441.58530681,0.100084544145,World/native_ecal/Glue_volume_0
76,FR4,1441.68539135,1.66740850545,World/native_ecal/PCB_volume_0
76,FR4,1448.12282923,0.900760897304,World/native_ecal/PCB_motherboard_volume_0
76,FR4,1478.9548739,0.900760897305,World/native_ecal/PCB_motherboard_volume_0
76,FR4,1484.12524145,1.66740850545,World/native_ecal/PCB_volume_0
76,Glue,1485.79264996,0.100084544145,World/native_ecal/Glue_volume_0
76,Silicon,1485.8927345,0.300253632435,World/native_ecal/Si_volume_14
76,Glue,1486.19298813,0.20016908829,World/native_ecal/GlueThick_volume_0
76,Aluminum,1488.74514401,3.20270541264,World/native_ecal/C_volume_CarbonCoolingPlane_0
76,Glue,1491.94784942,0.20016908829,World/native_ecal/GlueThick_volume_0
76,Silicon,1492.14801851,0.300253632435,World/native_ecal/Si_volume_21
76,Glue,1492.44827214,0.100084544145,World/native_ecal/Glue_volume_0
76,FR4,1492.54835669,1.66740850545,World/native_ecal/PCB_volume_0
76,FR4,1498.48537185,0.900760897304,World/native_ecal/PCB_motherboard_volume_0
76,Scintillator,231.484548878,20.016908829,World/hcal_top/hcal_top_layer1_strip6
76,Scintillator,254.875890214,20.016908829,World/hcal_top/hcal_top_layer2_strip4
76,Aluminum3003,230.984126158,0.500422720725,World/hcal_top/hcal_top_cover_1_placement
76,Aluminum3003,254.375467493,0.500422720725,World/hcal_top/hcal_top_cover_2_placement
76,Scintillator,1194.66331507,20.016908829,World/hcal_above_ecal/hcal_above_ecal_layer1_strip3
76,Scintillator,1220.08478929,20.016908829,World/hcal_above_ecal/hcal_above_ecal_layer2_strip4
76,Scintillator,1245.5062635,20.016908829,World/hcal_above_ecal/hcal_above_ecal_layer3_strip3
76,Scintillator,1270.92773771,20.016908829,World/hcal_above_ecal/hcal_above_ecal_layer4_strip4
76,Aluminum3003,1194.16289235,0.500422720725,World/hcal_above_ecal/hcal_above_ecal_cover_1_placement
76,Aluminum3003,1219.58436657,0.500422720725,World/hcal_above_ecal/hcal_above_ecal_cover_2_placement
76,Aluminum3003,1245.00584078,0.500422720725,World/hcal_above_ecal/hcal_above_ecal_cover_3_placement
76,Aluminum3003,1270.42731499,0.500422720725,World/hcal_above_ecal/hcal_above_ecal_cover_4_placement
76,Scintillator,1699.93171005,20.016908829,World/hcal_below_ecal/hcal_below_ecal_layer1_strip6
76,Scintillator,1723.47601263,20.016908829,World/hcal_below_ecal/hcal_below_ecal_layer2_strip6
76,Scintillator,1747.0203152,20.016908829,World/hcal_below_ecal/hcal_below_ecal_layer3_strip6
76,Scintillator,1770.56461778,20.016908829,World/hcal_below_ecal/hcal_below_ecal_layer4_strip6
76,Aluminum3003,1699.43128733,0.500422720725,World/hcal_below_ecal/hcal_below_ecal_cover_1_placement
76,Aluminum3003,1722.97558991,0.500422720725,World/hcal_below_ecal/hcal_below_ecal_cover_2_placement
76,Aluminum3003,1746.51989248,0.500422720725,World/hcal_below_ecal/hcal_below_ecal_cover_3_placement
76,Aluminum3003,1770.06419506,0.500422720725,World/hcal_below_ecal/hcal_below_ecal_cover_4_placement
77,Polyvinyltoluene,861.610168571,2.0074514878,World/native_target/trigger_pad3_bar_volume_19
77,Polyvinyltoluene,857.595265595,2.0074514878,World/native_target/trigger_pad3_bar_volume_20
77,LYSO,936.387736492,0.602235446341,World/native_target/lvTarget_3/lvTargetArray1_phys/target_0
77,LYSO,937.190717087,0.602235446341,World/native_target/lvTarget_3/lvTargetArray2_phys/target_0
77,Polyvinyltoluene,551.659658854,2.0074514878,World/native_trig_scint/trigger_pad1_bar_volume_2
77,Polyvinyltoluene,555.67456183,2.0074514878,World/native_trig_scint/trigger_pad1_bar_volume_3
77,Polyvinyltoluene,627.139834796,0.825560498108,World/native_trig_scint/trigger_pad2_bar_volume_6
77,Polyvinyltoluene,631.154737771,2.0074514878,World/native_trig_scint/trigger_pad2_bar_volume_7
77,Silicon,692.522529753,0.321192238049,World/native_recoil/recoil_l14_sensor_vol_10/recoil_l14_active_sensor
77,Silicon,698.544884217,0.321192238048,World/native_recoil/recoil_l14_sensor_vol_20/recoil_l14_active_sensor
77,Silicon,792.895104143,0.321192238049,World/native_recoil/recoil_l14_sensor_vol_30/recoil_l14_active_sensor
77,Silicon,798.917458607,0.321192238048,World/native_recoil/recoil_l14_sensor_vol_40/recoil_l14_active_sensor
77,Aluminum,1354.41001422,0.802980595121,World/native_ecal/support_box_0/front_0_volume_0
77,Aluminum,1584.66469987,0.802980595121,World/native_ecal/support_box_0/front_1_volume_0
77,FR4,1432.20177054,0.903353169511,World/native_ecal/PCB_motherboard_volume_0
77,FR4,1437.38701774,1.67220708934,World/native_ecal/PCB_volume_0
77,Glue,1439.05922483,0.10037257439,World/native_ecal/Glue_volume_0
77,Silicon,1439.1595974,0.30111772317,World/native_ecal/Si_volume_0
77,Glue,1439.46071512,0.20074514878,World/native_ecal/GlueThick_volume_0
77,Aluminum,1442.02021577,3.21192238048,World/native_ecal/C_volume_CarbonCoolingPlane_0
77,Glue,1445.23213815,0.20074514878,World/native_ecal/GlueThick_volume_0
77,Silicon,1445.4328833,0.30111772317,World/native_ecal/Si_volume_7
77,Glue,1445.73400102,0.10037257439,World/native_ecal/Glue_volume_0
77,FR4,1445.8343736,1.67220708934,World/native_ecal/PCB_volume_0
77,FR4,1452.29033758,0.903353169511,World/native_ecal/PCB_motherboard_volume_0
77,FR4,1483.21111285,0.903353169511,World/native_ecal/PCB_motherboard_volume_0
77,FR4,1488.39636004,1.67220708934,World/native_ecal/PCB_volume_0
77,Glue,1490.06856713,0.10037257439,World/native_ecal/Glue_volume_0
77,Silicon,1490.16893971,0.30111772317,World/native_ecal/Si_volume_14
77,Glue,1490.47005743,0.20074514878,World/native_ecal/GlueThick_volume_0
77,Aluminum,1493.02955808,3.21192238048,World/native_ecal/C_volume_CarbonCoolingPlane_0
77,Glue,1496.24148046,0.20074514878,World/native_ecal/GlueThick_volume_0
77,Silicon,1496.44222561,0.30111772317,World/native_ecal/Si_volume_21
77,Glue,1496.74334333,0.10037257439,World/native_ecal/Glue_volume_0
77,FR4,1496.8437159,1.67220708934,World/native_ecal/PCB_volume_0
77,FR4,1502.79781702,0.903353169511,World/native_ecal/PCB_motherboard_volume_0
77,Scintillator,232.150731174,20.074514878,World/hcal_top/hcal_top_layer1_strip6
77,Scintillator,255.609389734,20.074514878,World/hcal_top/hcal_top_layer2_strip5
77,Aluminum3003,231.648868302,0.501862871951,World/hcal_top/hcal_top_cover_1_placement
77,Aluminum3003,255.107526862,0.501862871951,World/hcal_top/hcal_top_cover_2_placement
77,Scintillator,1198.10140005,20.074514878,World/hcal_above_ecal/hcal_above_ecal_layer1_strip2
77,Scintillator,1223.59603395,20.074514878,World/hcal_above_ecal/hcal_above_ecal_layer2_strip4
77,Scintillator,1249.09066784,20.074514878,World/hcal_above_ecal/hcal_above_ecal_layer3_strip2
77,Scintillator,1274.58530174,20.074514878,World/hcal_above_ecal/hcal_above_ecal_layer4_strip4
77,Aluminum3003,1197.59953718,0.501862871951,World/hcal_above_ecal/hcal_above_ecal_cover_1_placement
77,Aluminum3003,1223.09417107,0.501862871951,World/hcal_above_ecal/hcal_above_ecal_cover_2_placement
77,Aluminum3003,1248.58880497,0.501862871951,World/hcal_above_ecal/hcal_above_ecal_cover_3_placement
77,Aluminum3003,1274.08343887,0.501862871951,World/hcal_above_ecal/hcal_above_ecal_cover_4_placement
77,Scintillator,1704.82389147,20.074514878,World/hcal_below_ecal/hcal_below_ecal_layer1_strip3
77,Scintillator,1728.43595147,20.074514878,World/hcal_below_ecal/hcal_below_ecal_layer2_strip6
77,Scintillator,1752.04801148,20.074514878,World/hcal_below_ecal/hcal_below_ecal_layer3_strip3
77,Scintillator,1775.66007148,20.074514878,World/hcal_below_ecal/hcal_below_ecal_layer4_strip6
77,Aluminum3003,1704.3220286,0.501862871951,World/hcal_below_ecal/hcal_below_ecal_cover_1_placement
77,Aluminum3003,1727.9340886,0.501862871951,World/hcal_below_ecal/hcal_below_ecal_cover_2_placement
77,Aluminum3003,1751.54614861,0.501862871951,World/hcal_below_ecal/hcal_below_ecal_cover_3_placement
77,Aluminum3003,1775.15820861,0.501862871951,World/hcal_below_ecal/hcal_below_ecal_cover_4_placement
78,Polyvinyltoluene,855.387732202,2.00228411297,World/native_target/trigger_pad3_bar_volume_22
78,Polyvinyltoluene,859.392300428,2.00228411297,World/native_target/trigger_pad3_bar_volume_23
78,LYSO,933.977383636,0.60068523389,World/native_target/lvTarget_3/lvTargetArray1_phys/target_0
78,LYSO,934.778297281,0.60068523389,World/native_target/lvTarget_3/lvTargetArray2_phys/target_0
78,Polyvinyltoluene,550.239633386,2.00228411297,World/native_trig_scint/trigger_pad1_bar_volume_14
78,Polyvinyltoluene,554.244201612,2.00228411297,World/native_trig_scint/trigger_pad1_bar_volume_15
78,Polyvinyltoluene,625.525516033,2.00228411297,World/native_trig_scint/trigger_pad2_bar_volume_16
78,Polyvinyltoluene,629.530084259,2.00228411297,World/native_trig_scint/trigger_pad2_bar_volume_17
78,Silicon,690.739909593,0.320365458075,World/native_recoil/recoil_l14_sensor_vol_10/recoil_l14_active_sensor
78,Silicon,696.746761932,0.320365458075,World/native_recoil/recoil_l14_sensor_vol_20/recoil_l14_active_sensor
78,Silicon,790.854115241,0.320365458075,World/native_recoil/recoil_l14_sensor_vol_30/recoil_l14_active_sensor
78,Silicon,796.86096758,0.320365458075,World/native_recoil/recoil_l14_sensor_vol_40/recoil_l14_active_sensor
78,Aluminum,1350.92363147,0.800913645187,World/native_ecal/support_box_0/front_0_volume_0
78,Aluminum,1580.58561923,0.800913645187,World/native_ecal/support_box_0/front_1_volume_0
78,FR4,1428.51514428,0.901027850835,World/native_ecal/PCB_motherboard_volume_0
78,FR4,1433.68704414,1.6679026661,World/native_ecal/PCB_volume_0
78,Glue,1435.35494681,0.100114205648,World/native_ecal/Glue_volume_0
78,Silicon,1435.45506101,0.300342616945,World/native_ecal/Si_volume_0
78,Glue,1435.75540363,0.200228411297,World/native_ecal/GlueThick_volume_0
78,Aluminum,1438.30831587,3.20365458075,World/native_ecal/C_volume_CarbonCoolingPlane_0
78,Glue,1441.51197045,0.200228411297,World/native_ecal/GlueThick_volume_0
78,Silicon,1441.71219886,0.300342616945,World/native_ecal/Si_volume_7
78,Glue,1442.01254148,0.100114205648,World/native_ecal/Glue_volume_0
78,FR4,1442.11265569,1.6679026661,World/native_ecal/PCB_volume_0
78,FR4,1448.55200139,0.901027850835,World/native_ecal/PCB_motherboard_volume_0
78,FR4,1479.39318359,0.901027850835,World/native_ecal/PCB_motherboard_volume_0
78,FR4,1484.56508345,1.6679026661,World/native_ecal/PCB_volume_0
78,Glue,1486.23298612,0.100114205648,World/native_ecal/Glue_volume_0
78,Silicon,1486.33310032,0.300342616945,World/native_ecal/Si_volume_14
78,Glue,1486.63344294,0.200228411297,World/native_ecal/GlueThick_volume_0
78,Aluminum,1489.18635518,3.20365458075,World/native_ecal/C_volume_CarbonCoolingPlane_0
78,Glue,1492.39000976,0.200228411297,World/native_ecal/GlueThick_volume_0
78,Silicon,1492.59023817,0.300342616945,World/native_ecal/Si_volume_21
78,Glue,1492.89058079,0.100114205648,World/native_ecal/Glue_volume_0
78,FR4,1492.990695,1.6679026661,World/native_ecal/PCB_volume_0
78,FR4,1498.92946968,0.901027850835,World/native_ecal/PCB_motherboard_volume_0
78,Scintillator,231.553152675,20.0228411297,World/hcal_top/hcal_top_layer1_strip6
78,Scintillator,254.951426373,20.0228411297,World/hcal_top/hcal_top_layer2_strip5
78,Aluminum3003,231.052581647,0.500571028242,World/hcal_top/hcal_top_cover_1_placement
78,Aluminum3003,254.450855345,0.500571028242,World/hcal_top/hcal_top_cover_2_placement
78,Scintillator,1195.01737084,20.0228411297,World/hcal_above_ecal/hcal_above_ecal_layer1_strip2
78,Scintillator,1220.44637908,20.0228411297,World/hcal_above_ecal/hcal_above_ecal_layer2_strip4
78,Scintillator,1245.87538731,20.0228411297,World/hcal_above_ecal/hcal_above_ecal_layer3_strip2
78,Scintillator,1271.30439555,20.0228411297,World/hcal_above_ecal/hcal_above_ecal_layer4_strip4
78,Aluminum3003,1194.51679981,0.500571028242,World/hcal_above_ecal/hcal_above_ecal_cover_1_placement
78,Aluminum3003,1219.94580805,0.500571028242,World/hcal_above_ecal/hcal_above_ecal_cover_2_placement
78,Aluminum3003,1245.37481628,0.500571028242,World/hcal_above_ecal/hcal_above_ecal_cover_3_placement
78,Aluminum3003,1270.80382452,0.500571028242,World/hcal_above_ecal/hcal_above_ecal_cover_4_placement
78,Scintillator,1715.84590157,4.61244898289,World/hcal_below_ecal/hcal_below_ecal_layer1_strip3
78,Scintillator,1700.43550942,15.4103921564,World/hcal_below_ecal/hcal_below_ecal_layer1_strip4
78,Scintillator,1723.98678969,20.0228411297,World/hcal_below_ecal/hcal_below_ecal_layer2_strip7
78,Scintillator,1747.53806996,20.0228411297,World/hcal_below_ecal/hcal_below_ecal_layer3_strip3
78,Scintillator,1771.08935023,20.0228411297,World/hcal_below_ecal/hcal_below_ecal_layer4_strip7
78,Aluminum3003,1699.93493839,0.500571028242,World/hcal_below_ecal/hcal_below_ecal_cover_1_placement
78,Aluminum3003,1723.48621866,0.500571028242,World/hcal_below_ecal/hcal_below_ecal_cover_2_placement
78,Aluminum3003,1747.03749893,0.500571028242,World/hcal_below_ecal/hcal_below_ecal_cover_3_placement
78,Aluminum3003,1770.58877921,0.500571028242,World/hcal_below_ecal/hcal_below_ecal_cover_4_placement
79,Polyvinyltoluene,855.263103834,2.00199238397,World/native_target/trigger_pad3_bar_volume_14
79,Polyvinyltoluene,859.267088601,0.654956351331,World/native_target/trigger_pad3_bar_volume_15
79,LYSO,933.841304904,0.600597715192,World/native_target/lvTarget_3/lvTargetArray1_phys/target_0
79,LYSO,934.642101858,0.600597715192,World/native_target/lvTarget_3/lvTargetArray2_phys/target_0
79,Polyvinyltoluene,629.438362921,2.00199238397,World/native_trig_scint/trigger_pad2_bar_volume_19
79,Polyvinyltoluene,625.434378153,2.00199238397,World/native_trig_scint/trigger_pad2_bar_volume_20
79,Polyvinyltoluene,554.163449284,2.00199238397,World/native_trig_scint/trigger_pad1_bar_volume_21
79,Polyvinyltoluene,550.159464516,2.00199238397,World/native_trig_scint/trigger_pad1_bar_volume_22
79,Silicon,690.639270099,0.320318781436,World/native_recoil/recoil_l14_sensor_vol_10/recoil_l14_active_sensor
79,Silicon,696.645247251,0.320318781436,World/native_recoil/recoil_l14_sensor_vol_20/recoil_l14_active_sensor
79,Silicon,790.738889298,0.320318781436,World/native_recoil/recoil_l14_sensor_vol_30/recoil_l14_active_sensor
79,Silicon,796.74486645,0.320318781436,World/native_recoil/recoil_l14_sensor_vol_40/recoil_l14_active_sensor
79,Aluminum,1350.72680446,0.800796953589,World/native_ecal/support_box_0/front_0_volume_0
79,Aluminum,1580.35533091,0.800796953589,World/native_ecal/support_box_0/front_1_volume_0
79,FR4,1428.30701233,0.900896572788,World/native_ecal/PCB_motherboard_volume_0
79,FR4,1433.47815866,1.66765965585,World/native_ecal/PCB_volume_0
79,Glue,1435.14581831,0.100099619199,World/native_ecal/Glue_volume_0
79,Silicon,1435.24591793,0.300298857596,World/native_ecal/Si_volume_0
79,Glue,1435.54621679,0.200199238397,World/native_ecal/GlueThick_volume_0
79,Aluminum,1438.09875708,3.20318781436,World/native_ecal/C_volume_CarbonCoolingPlane_0
79,Glue,1441.3019449,0.200199238397,World/native_ecal/GlueThick_volume_0
79,Silicon,1441.50214413,0.300298857596,World/native_ecal/Si_volume_7
79,Glue,1441.80244299,0.100099619199,World/native_ecal/Glue_volume_0
79,FR4,1441.90254261,1.66765965585,World/native_ecal/PCB_volume_0
79,FR4,1448.34095012,0.900896572788,World/native_ecal/PCB_motherboard_volume_0
79,FR4,1479.17763881,0.900896572788,World/native_ecal/PCB_motherboard_volume_0
79,FR4,1484.34878514,1.66765965585,World/native_ecal/PCB_volume_0
79,Glue,1486.01644479,0.100099619199,World/native_ecal/Glue_volume_0
79,Silicon,1486.11654441,0.300298857596,World/native_ecal/Si_volume_14
79,Glue,1486.41684327,0.200199238397,World/native_ecal/GlueThick_volume_0
79,Aluminum,1488.96938356,3.20318781436,World/native_ecal/C_volume_CarbonCoolingPlane_0
79,Glue,1492.17257137,0.200199238397,World/native_ecal/GlueThick_volume_0
79,Silicon,1492.37277061,0.300298857596,World/native_ecal/Si_volume_21
79,Glue,1492.67306947,0.100099619199,World/native_ecal/Glue_volume_0
79,FR4,1492.77316909,1.66765965585,World/native_ecal/PCB_volume_0
79,FR4,1498.7110785,0.900896572788,World/native_ecal/PCB_motherboard_volume_0
79,Scintillator,231.51941582,20.0199238397,World/hcal_top/hcal_top_layer1_strip6
79,Scintillator,254.914280434,20.0199238397,World/hcal_top/hcal_top_layer2_strip4
79,Aluminum3003,231.018917724,0.500498095993,World/hcal_top/hcal_top_cover_1_placement
79,Aluminum3003,254.413782338,0.500498095993,World/hcal_top/hcal_top_cover_2_placement
79,Scintillator,1194.84325908,20.0199238397,World/hcal_above_ecal/hcal_above_ecal_layer1_strip3
79,Scintillator,1220.26856236,20.0199238397,World/hcal_above_ecal/hcal_above_ecal_layer2_strip4
79,Scintillator,1245.69386563,20.0199238397,World/hcal_above_ecal/hcal_above_ecal_layer3_strip3
79,Scintillator,1271.11916891,20.0199238397,World/hcal_above_ecal/hcal_above_ecal_layer4_strip4
79,Aluminum3003,1194.34276098,0.500498095993,World/hcal_above_ecal/hcal_above_ecal_cover_1_placement
79,Aluminum3003,1219.76806426,0.500498095993,World/hcal_above_ecal/hcal_above_ecal_cover_2_placement
79,Aluminum3003,1245.19336754,0.500498095993,World/hcal_above_ecal/hcal_above_ecal_cover_3_placement
79,Aluminum3003,1270.61867081,0.500498095993,World/hcal_above_ecal/hcal_above_ecal_cover_4_placement
79,Scintillator,1700.18775919,20.0199238397,World/hcal_below_ecal/hcal_below_ecal_layer1_strip5
79,Scintillator,1723.73560809,20.0199238397,World/hcal_below_ecal/hcal_below_ecal_layer2_strip6
79,Scintillator,1747.28345698,20.0199238397,World/hcal_below_ecal/hcal_below_ecal_layer3_strip5
79,Scintillator,1770.83130588,20.0199238397,World/hcal_below_ecal/hcal_below_ecal_layer4_strip6
79,Aluminum3003,1699.6872611,0.500498095993,World/hcal_below_ecal/hcal_below_ecal_cover_1_placement
79,Aluminum3003,1723.23510999,0.500498095993,World/hcal_below_ecal/hcal_below_ecal_cover_2_placement
79,Aluminum3003,1746.78295889,0.500498095993,World/hcal_below_ecal/hcal_below_ecal_cover_3_placement
79,Aluminum3003,1770.33080778,0.500498095993,World/hcal_below_ecal/hcal_below_ecal_cover_4_placement
80,Polyvinyltoluene,857.984984797,2.0083637391,World/native_target/trigger_pad3_bar_volume_22
80,Polyvinyltoluene,862.001712275,2.0083637391,World/native_target/trigger_pad3_bar_volume_23
80,LYSO,936.813261557,0.602509121729,World/native_target/lvTarget_3/lvTargetArray1_phys/target_0
80,LYSO,937.616607052,0.602509121729,World/native_target/lvTarget_3/lvTargetArray2_phys/target_0
80,Polyvinyltoluene,551.910350959,2.0083637391,World/native_trig_scint/trigger_pad1_bar_volume_4
80,Polyvinyltoluene,555.927078437,2.0083637391,World/native_trig_scint/trigger_pad1_bar_volume_5
80,Polyvinyltoluene,627.424827549,2.0083637391,World/native_trig_scint/trigger_pad2_bar_volume_8
80,Polyvinyltoluene,631.441555027,2.0083637391,World/native_trig_scint/trigger_pad2_bar_volume_9
80,Silicon,692.837234531,0.321338198256,World/native_recoil/recoil_l14_sensor_vol_10/recoil_l14_active_sensor
80,Silicon,698.862325748,0.321338198256,World/native_recoil/recoil_l14_sensor_vol_20/recoil_l14_active_sensor
80,Silicon,793.255421486,0.321338198256,World/native_recoil/recoil_l14_sensor_vol_30/recoil_l14_active_sensor
80,Silicon,799.280512703,0.321338198256,World/native_recoil/recoil_l14_sensor_vol_40/recoil_l14_active_sensor
80,Aluminum,1355.02550221,0.803345495639,World/native_ecal/support_box_0/front_0_volume_0
80,Aluminum,1585.38482308,0.803345495639,World/native_ecal/support_box_0/front_1_volume_0
80,FR4,1432.85260964,0.903763682594,World/native_ecal/PCB_motherboard_volume_0
80,FR4,1438.04021318,1.67296699467,World/native_ecal/PCB_volume_0
80,Glue,1439.71318018,0.100418186955,World/native_ecal/Glue_volume_0
80,Silicon,1439.81359836,0.301254560865,World/native_ecal/Si_volume_0
80,Glue,1440.11485293,0.20083637391,World/native_ecal/GlueThick_volume_0
80,Aluminum,1442.67551669,3.21338198256,World/native_ecal/C_volume_CarbonCoolingPlane_0
80,Glue,1445.88889868,0.20083637391,World/native_ecal/GlueThick_volume_0
80,Silicon,1446.08973505,0.301254560865,World/native_ecal/Si_volume_7
80,Glue,1446.39098961,0.100418186955,World/native_ecal/Glue_volume_0
80,FR4,1446.4914078,1.67296699467,World/native_ecal/PCB_volume_0
80,FR4,1452.95030558,0.903763682594,World/native_ecal/PCB_motherboard_volume_0
80,FR4,1483.88513226,0.903763682594,World/native_ecal/PCB_motherboard_volume_0
80,FR4,1489.07273579,1.67296699467,World/native_ecal/PCB_volume_0
80,Glue,1490.74570279,0.100418186955,World/native_ecal/Glue_volume_0
80,Silicon,1490.84612097,0.301254560865,World/native_ecal/Si_volume_14
80,Glue,1491.14737554,0.20083637391,World/native_ecal/GlueThick_volume_0
80,Aluminum,1493.7080393,3.21338198256,World/native_ecal/C_volume_CarbonCoolingPlane_0
80,Glue,1496.92142129,0.20083637391,World/native_ecal/GlueThick_volume_0
80,Silicon,1497.12225766,0.301254560865,World/native_ecal/Si_volume_21
80,Glue,1497.42351222,0.100418186955,World/native_ecal/Glue_volume_0
80,FR4,1497.52393041,1.67296699467,World/native_ecal/PCB_volume_0
80,FR4,1503.48073726,0.903763682594,World/native_ecal/PCB_motherboard_volume_0
80,Scintillator,232.256228022,20.083637391,World/hcal_top/hcal_top_layer1_strip6
80,Scintillator,255.72554696,20.083637391,World/hcal_top/hcal_top_layer2_strip5
80,Aluminum3003,231.754137087,0.502090934774,World/hcal_top/hcal_top_cover_1_placement
80,Aluminum3003,255.223456026,0.502090934774,World/hcal_top/hcal_top_cover_2_placement
80,Scintillator,1198.64585632,20.083637391,World/hcal_above_ecal/hcal_above_ecal_layer1_strip2
80,Scintillator,1224.15207581,20.083637391,World/hcal_above_ecal/hcal_above_ecal_layer2_strip4
80,Scintillator,1249.6582953,20.083637391,World/hcal_above_ecal/hcal_above_ecal_layer3_strip2
80,Scintillator,1275.16451478,20.083637391,World/hcal_above_ecal/hcal_above_ecal_layer4_strip4
80,Aluminum3003,1198.14376539,0.502090934774,World/hcal_above_ecal/hcal_above_ecal_cover_1_placement
80,Aluminum3003,1223.64998487,0.502090934774,World/hcal_above_ecal/hcal_above_ecal_cover_2_placement
80,Aluminum3003,1249.15620436,0.502090934774,World/hcal_above_ecal/hcal_above_ecal_cover_3_placement
80,Aluminum3003,1274.66242385,0.502090934774,World/hcal_above_ecal/hcal_above_ecal_cover_4_placement
80,Scintillator,1705.59861893,20.083637391,World/hcal_below_ecal/hcal_below_ecal_layer1_strip3
80,Scintillator,1729.22140903,20.083637391,World/hcal_below_ecal/hcal_below_ecal_layer2_strip6
80,Scintillator,1752.84419912,20.083637391,World/hcal_below_ecal/hcal_below_ecal_layer3_strip3
80,Scintillator,1776.46698921,20.083637391,World/hcal_below_ecal/hcal_below_ecal_layer4_strip6
80,Aluminum3003,1705.096528,0.502090934774,World/hcal_below_ecal/hcal_below_ecal_cover_1_placement
80,Aluminum3003,1728.71931809,0.502090934774,World/hcal_below_ecal/hcal_below_ecal_cover_2_placement
80,Aluminum3003,1752.34210819,0.502090934774,World/hcal_below_ecal/hcal_below_ecal_cover_3_placement
80,Aluminum3003,1775.96489828,0.502090934774,World/hcal_below_ecal/hcal_below_ecal_cover_4_placement
81,Polyvinyltoluene,859.190021621,2.00181282687,World/native_target/trigger_pad3_bar_volume_3
81,Polyvinyltoluene,855.186395967,2.00181282687,World/native_target/trigger_pad3_bar_volume_4
81,LYSO,933.757549422,0.600543848061,World/native_target/lvTarget_3/lvTargetArray1_phys/target_0
81,LYSO,934.558274552,0.600543848061,World/native_target/lvTarget_3/lvTargetArray2_phys/target_0
81,Polyvinyltoluene,625.378283442,2.00181282687,World/native_trig_scint/trigger_pad2_bar_volume_6
81,Polyvinyltoluene,629.381909096,2.00181282687,World/native_trig_scint/trigger_pad2_bar_volume_7
81,Polyvinyltoluene,554.113746805,2.00181282687,World/native_trig_scint/trigger_pad1_bar_volume_7
81,Polyvinyltoluene,550.110121152,2.00181282687,World/native_trig_scint/trigger_pad1_bar_volume_8
81,Silicon,690.577327213,0.320290052299,World/native_recoil/recoil_l14_sensor_vol_10/recoil_l14_active_sensor
81,Silicon,696.582765694,0.320290052299,World/native_recoil/recoil_l14_sensor_vol_20/recoil_l14_active_sensor
81,Silicon,790.667968557,0.320290052299,World/native_recoil/recoil_l14_sensor_vol_30/recoil_l14_active_sensor
81,Silicon,796.673407037,0.320290052299,World/native_recoil/recoil_l14_sensor_vol_40/recoil_l14_active_sensor
81,Aluminum,1350.60565885,0.800725130748,World/native_ecal/support_box_0/front_0_volume_0
81,Aluminum,1580.21359009,0.800725130748,World/native_ecal/support_box_0/front_1_volume_0
81,FR4,1428.17890861,0.900815772092,World/native_ecal/PCB_motherboard_volume_0
81,FR4,1433.34959114,1.66751008478,World/native_ecal/PCB_volume_0
81,Glue,1435.01710123,0.100090641344,World/native_ecal/Glue_volume_0
81,Silicon,1435.11719187,0.300271924031,World/native_ecal/Si_volume_0
81,Glue,1435.41746379,0.200181282687,World/native_ecal/GlueThick_volume_0
81,Aluminum,1437.96977515,3.20290052299,World/native_ecal/C_volume_CarbonCoolingPlane_0
81,Glue,1441.17267567,0.200181282687,World/native_ecal/GlueThick_volume_0
81,Silicon,1441.37285695,0.300271924031,World/native_ecal/Si_volume_7
81,Glue,1441.67312888,0.100090641343,World/native_ecal/Glue_volume_0
81,FR4,1441.77321952,1.66751008478,World/native_ecal/PCB_volume_0
81,FR4,1448.21104957,0.900815772092,World/native_ecal/PCB_motherboard_volume_0
81,FR4,1479.04497254,0.900815772092,World/native_ecal/PCB_motherboard_volume_0
81,FR4,1484.21565508,1.66751008478,World/native_ecal/PCB_volume_0
81,Glue,1485.88316516,0.100090641343,World/native_ecal/Glue_volume_0
81,Silicon,1485.9832558,0.300271924031,World/native_ecal/Si_volume_14
81,Glue,1486.28352773,0.200181282687,World/native_ecal/GlueThick_volume_0
81,Aluminum,1488.83583908,3.20290052299,World/native_ecal/C_volume_CarbonCoolingPlane_0
81,Glue,1492.0387396,0.200181282687,World/native_ecal/GlueThick_volume_0
81,Silicon,1492.23892089,0.300271924031,World/native_ecal/Si_volume_21
81,Glue,1492.53919281,0.100090641344,World/native_ecal/Glue_volume_0
81,FR4,1492.63928345,1.66751008478,World/native_ecal/PCB_volume_0
81,FR4,1498.5766603,0.900815772092,World/native_ecal/PCB_motherboard_volume_0
81,Scintillator,231.498651028,15.9071412222,World/hcal_top/hcal_top_layer1_strip5
81,Scintillator,247.405792251,4.11098704649,World/hcal_top/hcal_top_layer1_strip6
81,Scintillator,254.891417375,20.0181282687,World/hcal_top/hcal_top_layer2_strip5
81,Aluminum3003,230.998197822,0.500453206718,World/hcal_top/hcal_top_cover_1_placement
81,Aluminum3003,254.390964169,0.500453206718,World/hcal_top/hcal_top_cover_2_placement
81,Scintillator,1194.73609454,20.0181282687,World/hcal_above_ecal/hcal_above_ecal_layer1_strip3
81,Scintillator,1220.15911744,20.0181282687,World/hcal_above_ecal/hcal_above_ecal_layer2_strip4
81,Scintillator,1245.58214034,20.0181282687,World/hcal_above_ecal/hcal_above_ecal_layer3_strip3
81,Scintillator,1271.00516324,20.0181282687,World/hcal_above_ecal/hcal_above_ecal_layer4_strip4
81,Aluminum3003,1194.23564133,0.500453206718,World/hcal_above_ecal/hcal_above_ecal_cover_1_placement
81,Aluminum3003,1219.65866423,0.500453206718,World/hcal_above_ecal/hcal_above_ecal_cover_2_placement
81,Aluminum3003,1245.08168714,0.500453206718,World/hcal_above_ecal/hcal_above_ecal_cover_3_placement
81,Aluminum3003,1270.50471004,0.500453206718,World/hcal_above_ecal/hcal_above_ecal_cover_4_placement
81,Scintillator,1700.03527071,20.0181282687,World/hcal_below_ecal/hcal_below_ecal_layer1_strip5
81,Scintillator,1723.58100761,20.0181282687,World/hcal_below_ecal/hcal_below_ecal_layer2_strip7
81,Scintillator,1747.12674452,20.0181282687,World/hcal_below_ecal/hcal_below_ecal_layer3_strip5
81,Scintillator,1770.67248143,20.0181282687,World/hcal_below_ecal/hcal_below_ecal_layer4_strip7
81,Aluminum3003,1699.5348175,0.500453206718,World/hcal_below_ecal/hcal_below_ecal_cover_1_placement
81,Aluminum3003,1723.08055441,0.500453206718,World/hcal_below_ecal/hcal_below_ecal_cover_2_placement
81,Aluminum3003,1746.62629132,0.500453206718,World/hcal_below_ecal/hcal_below_ecal_cover_3_placement
81,Aluminum3003,1770.17202822,0.500453206718,World/hcal_below_ecal/hcal_below_ecal_cover_4_placement
82,Polyvinyltoluene,854.417242592,2.00001239939,World/native_target/trigger_pad3_bar_volume_0
82,Polyvinyltoluene,858.417267391,2.00001239939,World/native_target/trigger_pad3_bar_volume_1
82,LYSO,932.917729268,0.600003719816,World/native_target/lvTarget_3/lvTargetArray1_phys/target_0
82,LYSO,933.717734228,0.600003719816,World/native_target/lvTarget_3/lvTargetArray2_phys/target_0
82,Polyvinyltoluene,624.815819143,2.00001239939,World/native_trig_scint/trigger_pad2_bar_volume_0
82,Polyvinyltoluene,628.815843941,2.00001239939,World/native_trig_scint/trigger_pad2_bar_volume_1
82,Polyvinyltoluene,549.615352926,2.00001239939,World/native_trig_scint/trigger_pad1_bar_volume_0
82,Polyvinyltoluene,553.615377724,2.00001239939,World/native_trig_scint/trigger_pad1_bar_volume_1
82,Silicon,689.956222991,0.320001983902,World/native_recoil/recoil_l14_sensor_vol_10/recoil_l14_active_sensor
82,Silicon,695.956260189,0.320001983902,World/native_recoil/recoil_l14_sensor_vol_20/recoil_l14_active_sensor
82,Silicon,789.95684296,0.320001983902,World/native_recoil/recoil_l14_sensor_vol_30/recoil_l14_active_sensor
82,Silicon,795.956880158,0.320001983902,World/native_recoil/recoil_l14_sensor_vol_40/recoil_l14_active_sensor
82,Aluminum,1349.39092613,0.800004959755,World/native_ecal/support_box_0/front_0_volume_0
82,Aluminum,1578.79234834,0.800004959755,World/native_ecal/support_box_0/front_1_volume_0
82,FR4,1426.89440662,0.900005579724,World/native_ecal/PCB_motherboard_volume_0
82,FR4,1432.06043865,1.66601032869,World/native_ecal/PCB_volume_0
82,Glue,1433.72644898,0.100000619969,World/native_ecal/Glue_volume_0
82,Silicon,1433.8264496,0.300001859908,World/native_ecal/Si_volume_0
82,Glue,1434.12645146,0.200001239939,World/native_ecal/GlueThick_volume_0
82,Aluminum,1436.67646727,3.20001983902,World/native_ecal/C_volume_CarbonCoolingPlane_0
82,Glue,1439.87648711,0.200001239939,World/native_ecal/GlueThick_volume_0
82,Silicon,1440.07648835,0.300001859908,World/native_ecal/Si_volume_7
82,Glue,1440.37649021,0.100000619969,World/native_ecal/Glue_volume_0
82,FR4,1440.47649083,1.66601032869,World/native_ecal/PCB_volume_0
82,FR4,1446.9085307,0.900005579724,World/native_ecal/PCB_motherboard_volume_0
82,FR4,1477.71472169,0.900005579724,World/native_ecal/PCB_motherboard_volume_0
82,FR4,1482.88075372,1.66601032869,World/native_ecal/PCB_volume_0
82,Glue,1484.54676405,0.100000619969,World/native_ecal/Glue_volume_0
82,Silicon,1484.64676467,0.300001859908,World/native_ecal/Si_volume_14
82,Glue,1484.94676653,0.200001239939,World/native_ecal/GlueThick_volume_0
82,Aluminum,1487.49678234,3.20001983902,World/native_ecal/C_volume_CarbonCoolingPlane_0
82,Glue,1490.69680218,0.200001239939,World/native_ecal/GlueThick_volume_0
82,Silicon,1490.89680342,0.300001859908,World/native_ecal/Si_volume_21
82,Glue,1491.19680528,0.100000619969,World/native_ecal/Glue_volume_0
82,FR4,1491.2968059,1.66601032869,World/native_ecal/PCB_volume_0
82,FR4,1497.22884267,0.900005579724,World/native_ecal/PCB_motherboard_volume_0
82,Scintillator,231.290441485,20.0001239939,World/hcal_top/hcal_top_layer1_strip6
82,Scintillator,254.662168413,20.0001239939,World/hcal_top/hcal_top_layer2_strip5
82,Aluminum3003,230.790438386,0.500003099847,World/hcal_top/hcal_top_cover_1_placement
82,Aluminum3003,254.162165313,0.500003099847,World/hcal_top/hcal_top_cover_2_placement
82,Scintillator,1193.66155067,20.0001239939,World/hcal_above_ecal/hcal_above_ecal_layer1_strip3
82,Scintillator,1219.06170814,20.0001239939,World/hcal_above_ecal/hcal_above_ecal_layer2_strip4
82,Scintillator,1244.46186561,20.0001239939,World/hcal_above_ecal/hcal_above_ecal_layer3_strip3
82,Scintillator,1269.86202309,20.0001239939,World/hcal_above_ecal/hcal_above_ecal_layer4_strip4
82,Aluminum3003,1193.16154757,0.500003099847,World/hcal_above_ecal/hcal_above_ecal_cover_1_placement
82,Aluminum3003,1218.56170504,0.500003099847,World/hcal_above_ecal/hcal_above_ecal_cover_2_placement
82,Aluminum3003,1243.96186252,0.500003099847,World/hcal_above_ecal/hcal_above_ecal_cover_3_placement
82,Aluminum3003,1269.36201999,0.500003099847,World/hcal_above_ecal/hcal_above_ecal_cover_4_placement
82,Scintillator,1698.50626151,20.0001239939,World/hcal_below_ecal/hcal_below_ecal_layer1_strip5
82,Scintillator,1722.03082142,20.0001239939,World/hcal_below_ecal/hcal_below_ecal_layer2_strip6
82,Scintillator,1745.55538132,20.0001239939,World/hcal_below_ecal/hcal_below_ecal_layer3_strip5
82,Scintillator,1769.07994123,20.0001239939,World/hcal_below_ecal/hcal_below_ecal_layer4_strip6
82,Aluminum3003,1698.00625841,0.500003099847,World/hcal_below_ecal/hcal_below_ecal_cover_1_placement
82,Aluminum3003,1721.53081832,0.500003099847,World/hcal_below_ecal/hcal_below_ecal_cover_2_placement
82,Aluminum3003,1745.05537822,0.500003099847,World/hcal_below_ecal/hcal_below_ecal_cover_3_placement
82,Aluminum3003,1768.57993813,0.500003099847,World/hcal_below_ecal/hcal_below_ecal_cover_4_placement
83,Polyvinyltoluene,862.518041369,2.00956672584,World/native_target/trigger_pad3_bar_volume_19
83,Polyvinyltoluene,858.498907918,2.00956672584,World/native_target/trigger_pad3_bar_volume_20
83,LYSO,937.374401907,0.602870017751,World/native_target/lvTarget_3/lvTargetArray1_phys/target_0
83,LYSO,938.55232884,0.228769775199,World/native_target/lvTarget_3/lvTargetArray2_phys/target_0
83,Polyvinyltoluene,556.260072352,2.00956672584,World/native_trig_scint/trigger_pad1_bar_volume_1
83,Polyvinyltoluene,552.2409389,2.00956672584,World/native_trig_scint/trigger_pad1_bar_volume_2
83,Polyvinyltoluene,627.800647791,2.00956672584,World/native_trig_scint/trigger_pad2_bar_volume_6
83,Polyvinyltoluene,633.189301732,0.640046236933,World/native_trig_scint/trigger_pad2_bar_volume_7
83,Silicon,693.252236052,0.321530676134,World/native_recoil/recoil_l14_sensor_vol_10/recoil_l14_active_sensor
83,Silicon,699.280936229,0.321530676134,World/native_recoil/recoil_l14_sensor_vol_20/recoil_l14_active_sensor
83,Silicon,793.730572344,0.321530676134,World/native_recoil/recoil_l14_sensor_vol_30/recoil_l14_active_sensor
83,Silicon,799.759272521,0.321530676134,World/native_recoil/recoil_l14_sensor_vol_40/recoil_l14_active_sensor
83,Aluminum,1355.83714687,0.803826690335,World/native_ecal/support_box_0/front_0_volume_0
83,Aluminum,1586.33445033,0.803826690335,World/native_ecal/support_box_0/front_1_volume_0
83,FR4,1433.71087185,0.904305026627,World/native_ecal/PCB_motherboard_volume_0
83,FR4,1438.9015827,1.67396908262,World/native_ecal/PCB_volume_0
83,Glue,1440.57555178,0.100478336292,World/native_ecal/Glue_volume_0
83,Silicon,1440.67603012,0.301435008876,World/native_ecal/Si_volume_0
83,Glue,1440.97746513,0.200956672584,World/native_ecal/GlueThick_volume_0
83,Aluminum,1443.53966271,3.21530676134,World/native_ecal/C_volume_CarbonCoolingPlane_0
83,Glue,1446.75496947,0.200956672584,World/native_ecal/GlueThick_volume_0
83,Silicon,1446.95592614,0.301435008876,World/native_ecal/Si_volume_7
83,Glue,1447.25736115,0.100478336292,World/native_ecal/Glue_volume_0
83,FR4,1447.35783948,1.67396908262,World/native_ecal/PCB_volume_0
83,FR4,1453.82060607,0.904305026627,World/native_ecal/PCB_motherboard_volume_0
83,FR4,1484.77396235,0.904305026627,World/native_ecal/PCB_motherboard_volume_0
83,FR4,1489.96467321,1.67396908262,World/native_ecal/PCB_volume_0
83,Glue,1491.63864229,0.100478336292,World/native_ecal/Glue_volume_0
83,Silicon,1491.73912062,0.301435008876,World/native_ecal/Si_volume_14
83,Glue,1492.04055563,0.200956672584,World/native_ecal/GlueThick_volume_0
83,Aluminum,1494.60275321,3.21530676134,World/native_ecal/C_volume_CarbonCoolingPlane_0
83,Glue,1497.81805997,0.200956672584,World/native_ecal/GlueThick_volume_0
83,Silicon,1498.01901664,0.301435008876,World/native_ecal/Si_volume_21
83,Glue,1498.32045165,0.100478336292,World/native_ecal/Glue_volume_0
83,FR4,1498.42092999,1.67396908262,World/native_ecal/PCB_volume_0
83,FR4,1504.3813049,0.904305026627,World/native_ecal/PCB_motherboard_volume_0
83,Scintillator,232.395346827,20.0956672584,World/hcal_top/hcal_top_layer1_strip6
83,Scintillator,255.878723617,20.0956672584,World/hcal_top/hcal_top_layer2_strip5
83,Aluminum3003,231.892955145,0.502391681459,World/hcal_top/hcal_top_cover_1_placement
83,Aluminum3003,255.376331935,0.502391681459,World/hcal_top/hcal_top_cover_2_placement
83,Scintillator,1199.36383138,20.0956672584,World/hcal_above_ecal/hcal_above_ecal_layer1_strip2
83,Scintillator,1224.8853288,20.0956672584,World/hcal_above_ecal/hcal_above_ecal_layer2_strip4
83,Scintillator,1250.40682622,20.0956672584,World/hcal_above_ecal/hcal_above_ecal_layer3_strip2
83,Scintillator,1275.92832364,20.0956672584,World/hcal_above_ecal/hcal_above_ecal_layer4_strip4
83,Aluminum3003,1198.8614397,0.502391681459,World/hcal_above_ecal/hcal_above_ecal_cover_1_placement
83,Aluminum3003,1224.38293712,0.502391681459,World/hcal_above_ecal/hcal_above_ecal_cover_2_placement
83,Aluminum3003,1249.90443454,0.502391681459,World/hcal_above_ecal/hcal_above_ecal_cover_3_placement
83,Aluminum3003,1275.42593195,0.502391681459,World/hcal_above_ecal/hcal_above_ecal_cover_4_placement
83,Scintillator,1706.62025286,20.0956672584,World/hcal_below_ecal/hcal_below_ecal_layer1_strip3
83,Scintillator,1730.25719273,20.0956672584,World/hcal_below_ecal/hcal_below_ecal_layer2_strip5
83,Scintillator,1753.8941326,20.0956672584,World/hcal_below_ecal/hcal_below_ecal_layer3_strip3
83,Scintillator,1777.53107247,20.0956672584,World/hcal_below_ecal/hcal_below_ecal_layer4_strip5
83,Aluminum3003,1706.11786117,0.502391681459,World/hcal_below_ecal/hcal_below_ecal_cover_1_placement
83,Aluminum3003,1729.75480105,0.502391681459,World/hcal_below_ecal/hcal_below_ecal_cover_2_placement
83,Aluminum3003,1753.39174092,0.502391681459,World/hcal_below_ecal/hcal_below_ecal_cover_3_placement
83,Aluminum3003,1777.02868079,0.502391681459,World/hcal_below_ecal/hcal_below_ecal_cover_4_placement
84,Polyvinyltoluene,855.177453453,2.00179189431,World/native_target/trigger_pad3_bar_volume_2
84,Polyvinyltoluene,859.181037242,2.00179189431,World/native_target/trigger_pad3_bar_volume_3
84,LYSO,933.747785305,0.600537568294,World/native_target/lvTarget_3/lvTargetArray1_phys/target_0
84,LYSO,934.548502063,0.600537568294,World/native_target/lvTarget_3/lvTargetArray2_phys/target_0
84,Polyvinyltoluene,625.371743986,2.00179189431,World/native_trig_scint/trigger_pad2_bar_volume_4
84,Polyvinyltoluene,629.375327775,2.00179189431,World/native_trig_scint/trigger_pad2_bar_volume_5
84,Polyvinyltoluene,550.10436876,2.00179189431,World/native_trig_scint/trigger_pad1_bar_volume_4
84,Polyvinyltoluene,554.107952549,2.00179189431,World/native_trig_scint/trigger_pad1_bar_volume_5
84,Silicon,690.570105984,0.32028670309,World/native_recoil/recoil_l14_sensor_vol_10/recoil_l14_active_sensor
84,Silicon,696.575481667,0.32028670309,World/native_recoil/recoil_l14_sensor_vol_20/recoil_l14_active_sensor
84,Silicon,790.6597007,0.32028670309,World/native_recoil/recoil_l14_sensor_vol_30/recoil_l14_active_sensor
84,Silicon,796.665076383,0.32028670309,World/native_recoil/recoil_l14_sensor_vol_40/recoil_l14_active_sensor
84,Aluminum,1350.59153584,0.800716757726,World/native_ecal/support_box_0/front_0_volume_0
84,Aluminum,1580.19706612,0.800716757725,World/native_ecal/support_box_0/front_1_volume_0
84,FR4,1428.16397443,0.900806352441,World/native_ecal/PCB_motherboard_volume_0
84,FR4,1433.33460289,1.66749264796,World/native_ecal/PCB_volume_0
84,Glue,1435.00209554,0.100089594716,World/native_ecal/Glue_volume_0
84,Silicon,1435.10218514,0.300268784147,World/native_ecal/Si_volume_0
84,Glue,1435.40245392,0.200179189431,World/native_ecal/GlueThick_volume_0
84,Aluminum,1437.95473859,3.2028670309,World/native_ecal/C_volume_CarbonCoolingPlane_0
84,Glue,1441.15760562,0.200179189431,World/native_ecal/GlueThick_volume_0
84,Silicon,1441.35778481,0.300268784147,World/native_ecal/Si_volume_7
84,Glue,1441.65805359,0.100089594716,World/native_ecal/Glue_volume_0
84,FR4,1441.75814319,1.66749264796,World/native_ecal/PCB_volume_0
84,FR4,1448.19590592,0.900806352441,World/native_ecal/PCB_motherboard_volume_0
84,FR4,1479.02950647,0.900806352441,World/native_ecal/PCB_motherboard_volume_0
84,FR4,1484.20013493,1.66749264796,World/native_ecal/PCB_volume_0
84,Glue,1485.86762758,0.100089594716,World/native_ecal/Glue_volume_0
84,Silicon,1485.96771717,0.300268784147,World/native_ecal/Si_volume_14
84,Glue,1486.26798596,0.200179189431,World/native_ecal/GlueThick_volume_0
84,Aluminum,1488.82027062,3.2028670309,World/native_ecal/C_volume_CarbonCoolingPlane_0
84,Glue,1492.02313765,0.200179189431,World/native_ecal/GlueThick_volume_0
84,Silicon,1492.22331684,0.300268784147,World/native_ecal/Si_volume_21
84,Glue,1492.52358562,0.100089594716,World/native_ecal/Glue_volume_0
84,FR4,1492.62367522,1.66749264796,World/native_ecal/PCB_volume_0
84,FR4,1498.56098998,0.900806352441,World/native_ecal/PCB_motherboard_volume_0
84,Scintillator,231.496230293,0.286092220416,World/hcal_top/hcal_top_layer1_strip5
84,Scintillator,231.782322514,19.7318267227,World/hcal_top/hcal_top_layer1_strip6
84,Scintillator,254.888752027,20.0179189431,World/hcal_top/hcal_top_layer2_strip5
84,Aluminum3003,230.99578232,0.500447973578,World/hcal_top/hcal_top_cover_1_placement
84,Aluminum3003,254.388304053,0.500447973578,World/hcal_top/hcal_top_cover_2_placement
84,Scintillator,1194.72360142,20.0179189431,World/hcal_above_ecal/hcal_above_ecal_layer1_strip3
84,Scintillator,1220.14635848,20.0179189431,World/hcal_above_ecal/hcal_above_ecal_layer2_strip4
84,Scintillator,1245.56911554,20.0179189431,World/hcal_above_ecal/hcal_above_ecal_layer3_strip3
84,Scintillator,1270.9918726,20.0179189431,World/hcal_above_ecal/hcal_above_ecal_layer4_strip4
84,Aluminum3003,1194.22315345,0.500447973578,World/hcal_above_ecal/hcal_above_ecal_cover_1_placement
84,Aluminum3003,1219.64591051,0.500447973578,World/hcal_above_ecal/hcal_above_ecal_cover_2_placement
84,Aluminum3003,1245.06866756,0.500447973578,World/hcal_above_ecal/hcal_above_ecal_cover_3_placement
84,Aluminum3003,1270.49142462,0.500447973578,World/hcal_above_ecal/hcal_above_ecal_cover_4_placement
84,Scintillator,1700.01749378,20.0179189431,World/hcal_below_ecal/hcal_below_ecal_layer1_strip5
84,Scintillator,1723.56298447,20.0179189431,World/hcal_below_ecal/hcal_below_ecal_layer2_strip7
84,Scintillator,1747.10847517,20.0179189431,World/hcal_below_ecal/hcal_below_ecal_layer3_strip5
84,Scintillator,1770.65396586,20.0179189431,World/hcal_below_ecal/hcal_below_ecal_layer4_strip7
84,Aluminum3003,1699.5170458,0.500447973578,World/hcal_below_ecal/hcal_below_ecal_cover_1_placement
84,Aluminum3003,1723.0625365,0.500447973578,World/hcal_below_ecal/hcal_below_ecal_cover_2_placement
84,Aluminum3003,1746.60802719,0.500447973578,World/hcal_below_ecal/hcal_below_ecal_cover_3_placement
84,Aluminum3003,1770.15351789,0.500447973578,World/hcal_below_ecal/hcal_below_ecal_cover_4_placement
85,Polyvinyltoluene,854.483910032,2.00016845395,World/native_target/trigger_pad3_bar_volume_18
85,Polyvinyltoluene,858.48424694,2.00016845395,World/native_target/trigger_pad3_bar_volume_19
85,LYSO,932.990521849,0.600050536184,World/native_target/lvTarget_3/lvTargetArray1_phys/target_0
85,LYSO,933.790589231,0.600050536184,World/native_target/lvTarget_3/lvTargetArray2_phys/target_0
85,Polyvinyltoluene,628.864908427,2.00016845395,World/native_trig_scint/trigger_pad2_bar_volume_19
85,Polyvinyltoluene,553.658574558,2.00016845395,World/native_trig_scint/trigger_pad1_bar_volume_19
85,Polyvinyltoluene,624.864571519,2.00016845395,World/native_trig_scint/trigger_pad2_bar_volume_20
85,Polyvinyltoluene,549.65823765,2.00016845395,World/native_trig_scint/trigger_pad1_bar_volume_20
85,Silicon,690.010058064,0.320026952631,World/native_recoil/recoil_l14_sensor_vol_10/recoil_l14_active_sensor
85,Silicon,696.010563426,0.320026952631,World/native_recoil/recoil_l14_sensor_vol_20/recoil_l14_active_sensor
85,Silicon,790.018480761,0.320026952631,World/native_recoil/recoil_l14_sensor_vol_30/recoil_l14_active_sensor
85,Silicon,796.018986123,0.320026952631,World/native_recoil/recoil_l14_sensor_vol_40/recoil_l14_active_sensor
85,Aluminum,1349.49621478,0.800067381578,World/native_ecal/support_box_0/front_0_volume_0
85,Aluminum,1578.91553645,0.800067381578,World/native_ecal/support_box_0/front_1_volume_0
85,FR4,1427.00574262,0.900075804275,World/native_ecal/PCB_motherboard_volume_0
85,FR4,1432.17217774,1.66614032214,World/native_ecal/PCB_volume_0
85,Glue,1433.83831806,0.100008422697,World/native_ecal/Glue_volume_0
85,Silicon,1433.93832648,0.300025268092,World/native_ecal/Si_volume_0
85,Glue,1434.23835175,0.200016845394,World/native_ecal/GlueThick_volume_0
85,Aluminum,1436.78856653,3.20026952631,World/native_ecal/C_volume_CarbonCoolingPlane_0
85,Glue,1439.98883606,0.200016845394,World/native_ecal/GlueThick_volume_0
85,Silicon,1440.1888529,0.300025268092,World/native_ecal/Si_volume_7
85,Glue,1440.48887817,0.100008422697,World/native_ecal/Glue_volume_0
85,FR4,1440.58888659,1.66614032214,World/native_ecal/PCB_volume_0
85,FR4,1447.02142834,0.900075804275,World/native_ecal/PCB_motherboard_volume_0
85,FR4,1477.83002304,0.900075804275,World/native_ecal/PCB_motherboard_volume_0
85,FR4,1482.99645815,1.66614032214,World/native_ecal/PCB_volume_0
85,Glue,1484.66259847,0.100008422697,World/native_ecal/Glue_volume_0
85,Silicon,1484.7626069,0.300025268092,World/native_ecal/Si_volume_14
85,Glue,1485.06263217,0.200016845395,World/native_ecal/GlueThick_volume_0
85,Aluminum,1487.61284694,3.20026952631,World/native_ecal/C_volume_CarbonCoolingPlane_0
85,Glue,1490.81311647,0.200016845395,World/native_ecal/GlueThick_volume_0
85,Silicon,1491.01313332,0.300025268092,World/native_ecal/Si_volume_21
85,Glue,1491.31315858,0.100008422697,World/native_ecal/Glue_volume_0
85,FR4,1491.41316701,1.66614032214,World/native_ecal/PCB_volume_0
85,FR4,1497.34566664,0.900075804275,World/native_ecal/PCB_motherboard_volume_0
85,Scintillator,231.308488337,20.0016845395,World/hcal_top/hcal_top_layer1_strip6
85,Scintillator,254.682038886,20.0016845395,World/hcal_top/hcal_top_layer2_strip4
85,Aluminum3003,230.808446224,0.500042113486,World/hcal_top/hcal_top_cover_1_placement
85,Aluminum3003,254.181996773,0.500042113486,World/hcal_top/hcal_top_cover_2_placement
85,Scintillator,1193.75468826,20.0016845395,World/hcal_above_ecal/hcal_above_ecal_layer1_strip3
85,Scintillator,1219.15682762,20.0016845395,World/hcal_above_ecal/hcal_above_ecal_layer2_strip4
85,Scintillator,1244.55896699,20.0016845395,World/hcal_above_ecal/hcal_above_ecal_layer3_strip3
85,Scintillator,1269.96110635,20.0016845395,World/hcal_above_ecal/hcal_above_ecal_layer4_strip4
85,Aluminum3003,1193.25464614,0.500042113486,World/hcal_above_ecal/hcal_above_ecal_cover_1_placement
85,Aluminum3003,1218.65678551,0.500042113486,World/hcal_above_ecal/hcal_above_ecal_cover_2_placement
85,Aluminum3003,1244.05892487,0.500042113486,World/hcal_above_ecal/hcal_above_ecal_cover_3_placement
85,Aluminum3003,1269.46106424,0.500042113486,World/hcal_above_ecal/hcal_above_ecal_cover_4_placement
85,Scintillator,1698.63879051,20.0016845395,World/hcal_below_ecal/hcal_below_ecal_layer1_strip4
85,Scintillator,1722.16518596,20.0016845395,World/hcal_below_ecal/hcal_below_ecal_layer2_strip6
85,Scintillator,1745.69158142,20.0016845395,World/hcal_below_ecal/hcal_below_ecal_layer3_strip4
85,Scintillator,1769.21797687,20.0016845395,World/hcal_below_ecal/hcal_below_ecal_layer4_strip6
85,Aluminum3003,1698.1387484,0.500042113486,World/hcal_below_ecal/hcal_below_ecal_cover_1_placement
85,Aluminum3003,1721.66514385,0.500042113486,World/hcal_below_ecal/hcal_below_ecal_cover_2_placement
85,Aluminum3003,1745.1915393,0.500042113486,World/hcal_below_ecal/hcal_below_ecal_cover_3_placement
85,Aluminum3003,1768.71793475,0.500042113486,World/hcal_below_ecal/hcal_below_ecal_cover_4_placement
86,Polyvinyltoluene,856.901197226,2.00582681864,World/native_target/trigger_pad3_bar_volume_2
86,Polyvinyltoluene,860.912850863,2.00582681864,World/native_target/trigger_pad3_bar_volume_3
86,LYSO,935.629899858,0.601748045593,World/native_target/lvTarget_3/lvTargetArray1_phys/target_0
86,LYSO,936.432230585,0.601748045593,World/native_target/lvTarget_3/lvTargetArray2_phys/target_0
86,Polyvinyltoluene,631.28962383,1.36013507216,World/native_trig_scint/trigger_pad2_bar_volume_11
86,Polyvinyltoluene,626.632278446,2.00582681864,World/native_trig_scint/trigger_pad2_bar_volume_12
86,Polyvinyltoluene,555.224843702,2.00582681864,World/native_trig_scint/trigger_pad1_bar_volume_15
86,Polyvinyltoluene,551.213190065,2.00582681864,World/native_trig_scint/trigger_pad1_bar_volume_16
86,Silicon,691.962057929,0.320932290983,World/native_recoil/recoil_l14_sensor_vol_10/recoil_l14_active_sensor
86,Silicon,697.979538385,0.320932290983,World/native_recoil/recoil_l14_sensor_vol_20/recoil_l14_active_sensor
86,Silicon,792.253398861,0.320932290983,World/native_recoil/recoil_l14_sensor_vol_30/recoil_l14_active_sensor
86,Silicon,798.270879317,0.320932290983,World/native_recoil/recoil_l14_sensor_vol_40/recoil_l14_active_sensor
86,Aluminum,1353.3138641,0.802330727457,World/native_ecal/support_box_0/front_0_volume_0
86,Aluminum,1583.3822002,0.802330727457,World/native_ecal/support_box_0/front_1_volume_0
86,FR4,1431.04266206,0.902622068389,World/native_ecal/PCB_motherboard_volume_0
86,FR4,1436.22371273,1.67085373993,World/native_ecal/PCB_volume_0
86,Glue,1437.89456647,0.100291340932,World/native_ecal/Glue_volume_0
86,Silicon,1437.99485782,0.300874022796,World/native_ecal/Si_volume_0
86,Glue,1438.29573184,0.200582681864,World/native_ecal/GlueThick_volume_0
86,Aluminum,1440.85316103,3.20932290983,World/native_ecal/C_volume_CarbonCoolingPlane_0
86,Glue,1444.06248394,0.200582681864,World/native_ecal/GlueThick_volume_0
86,Silicon,1444.26306662,0.300874022796,World/native_ecal/Si_volume_7
86,Glue,1444.56394065,0.100291340932,World/native_ecal/Glue_volume_0
86,FR4,1444.66423199,1.67085373993,World/native_ecal/PCB_volume_0
86,FR4,1451.11497104,0.902622068389,World/native_ecal/PCB_motherboard_volume_0
86,FR4,1482.01072152,0.902622068389,World/native_ecal/PCB_motherboard_volume_0
86,FR4,1487.1917722,1.67085373993,World/native_ecal/PCB_volume_0
86,Glue,1488.86262594,0.100291340932,World/native_ecal/Glue_volume_0
86,Silicon,1488.96291728,0.300874022796,World/native_ecal/Si_volume_14
86,Glue,1489.2637913,0.200582681864,World/native_ecal/GlueThick_volume_0
86,Aluminum,1491.82122049,3.20932290983,World/native_ecal/C_volume_CarbonCoolingPlane_0
86,Glue,1495.0305434,0.200582681864,World/native_ecal/GlueThick_volume_0
86,Silicon,1495.23112608,0.300874022796,World/native_ecal/Si_volume_21
86,Glue,1495.53200011,0.100291340932,World/native_ecal/Glue_volume_0
86,FR4,1495.63229145,1.67085373993,World/native_ecal/PCB_volume_0
86,FR4,1501.58157379,0.902622068389,World/native_ecal/PCB_motherboard_volume_0
86,Scintillator,244.980406239,7.04070906227,World/hcal_top/hcal_top_layer1_strip6
86,Scintillator,231.962847115,13.0175591242,World/hcal_top/hcal_top_layer1_strip7
86,Scintillator,255.402520131,20.0582681864,World/hcal_top/hcal_top_layer2_strip4
86,Aluminum3003,231.46139041,0.501456704661,World/hcal_top/hcal_top_cover_1_placement
86,Aluminum3003,254.901063426,0.501456704661,World/hcal_top/hcal_top_cover_2_placement
86,Scintillator,1197.13175351,20.0582681864,World/hcal_above_ecal/hcal_above_ecal_layer1_strip3
86,Scintillator,1222.6057541,20.0582681864,World/hcal_above_ecal/hcal_above_ecal_layer2_strip4
86,Scintillator,1248.0797547,10.5982693184,World/hcal_above_ecal/hcal_above_ecal_layer3_strip3
86,Scintillator,1258.67802402,9.45999886806,World/hcal_above_ecal/hcal_above_ecal_layer3_strip4
86,Scintillator,1273.5537553,20.0582681864,World/hcal_above_ecal/hcal_above_ecal_layer4_strip4
86,Aluminum3003,1196.6302968,0.50145670466,World/hcal_above_ecal/hcal_above_ecal_cover_1_placement
86,Aluminum3003,1222.1042974,0.50145670466,World/hcal_above_ecal/hcal_above_ecal_cover_2_placement
86,Aluminum3003,1247.578298,0.501456704661,World/hcal_above_ecal/hcal_above_ecal_cover_3_placement
86,Aluminum3003,1273.05229859,0.50145670466,World/hcal_above_ecal/hcal_above_ecal_cover_4_placement
86,Scintillator,1703.44414465,20.0582681864,World/hcal_below_ecal/hcal_below_ecal_layer1_strip6
86,Scintillator,1727.03709496,20.0582681864,World/hcal_below_ecal/hcal_below_ecal_layer2_strip5
86,Scintillator,1750.63004527,20.0582681864,World/hcal_below_ecal/hcal_below_ecal_layer3_strip6
86,Scintillator,1774.22299558,20.0582681864,World/hcal_below_ecal/hcal_below_ecal_layer4_strip5
86,Aluminum3003,1702.94268795,0.50145670466,World/hcal_below_ecal/hcal_below_ecal_cover_1_placement
86,Aluminum3003,1726.53563826,0.50145670466,World/hcal_below_ecal/hcal_below_ecal_cover_2_placement
86,Aluminum3003,1750.12858857,0.50145670466,World/hcal_below_ecal/hcal_below_ecal_cover_3_placement
86,Aluminum3003,1773.72153888,0.50145670466,World/hcal_below_ecal/hcal_below_ecal_cover_4_placement
87,Polyvinyltoluene,859.094420197,2.00159008667,World/native_target/trigger_pad3_bar_volume_13
87,Polyvinyltoluene,855.091240024,2.00159008667,World/native_target/trigger_pad3_bar_volume_14
87,LYSO,933.653650926,0.600477026002,World/native_target/lvTarget_3/lvTargetArray1_phys/target_0
87,LYSO,934.454286961,0.600477026002,World/native_target/lvTarget_3/lvTargetArray2_phys/target_0
87,Polyvinyltoluene,550.048910815,2.00159008667,World/native_trig_scint/trigger_pad1_bar_volume_6
87,Polyvinyltoluene,554.052090988,2.00159008667,World/native_trig_scint/trigger_pad1_bar_volume_7
87,Polyvinyltoluene,625.308698074,2.00159008667,World/native_trig_scint/trigger_pad2_bar_volume_8
87,Polyvinyltoluene,629.311878247,2.00159008667,World/native_trig_scint/trigger_pad2_bar_volume_9
87,Silicon,690.500487197,0.320254413868,World/native_recoil/recoil_l14_sensor_vol_10/recoil_l14_active_sensor
87,Silicon,696.505257457,0.320254413868,World/native_recoil/recoil_l14_sensor_vol_20/recoil_l14_active_sensor
87,Silicon,790.57999153,0.320254413868,World/native_recoil/recoil_l14_sensor_vol_30/recoil_l14_active_sensor
87,Silicon,796.58476179,0.320254413868,World/native_recoil/recoil_l14_sensor_vol_40/recoil_l14_active_sensor
87,Aluminum,1350.45537798,0.800636034669,World/native_ecal/support_box_0/front_0_volume_0
87,Aluminum,1580.03776092,0.800636034669,World/native_ecal/support_box_0/front_1_volume_0
87,FR4,1428.01999623,0.900715539003,World/native_ecal/PCB_motherboard_volume_0
87,FR4,1433.19010342,1.6673245422,World/native_ecal/PCB_volume_0
87,Glue,1434.85742796,0.100079504334,World/native_ecal/Glue_volume_0
87,Silicon,1434.95750747,0.300238513001,World/native_ecal/Si_volume_0
87,Glue,1435.25774598,0.200159008667,World/native_ecal/GlueThick_volume_0
87,Aluminum,1437.80977334,3.20254413868,World/native_ecal/C_volume_CarbonCoolingPlane_0
87,Glue,1441.01231748,0.200159008667,World/native_ecal/GlueThick_volume_0
87,Silicon,1441.21247649,0.300238513001,World/native_ecal/Si_volume_7
87,Glue,1441.512715,0.100079504333,World/native_ecal/Glue_volume_0
87,FR4,1441.61279451,1.6673245422,World/native_ecal/PCB_volume_0
87,FR4,1448.04990822,0.900715539003,World/native_ecal/PCB_motherboard_volume_0
87,FR4,1478.88040033,0.900715539003,World/native_ecal/PCB_motherboard_volume_0
87,FR4,1484.05050752,1.6673245422,World/native_ecal/PCB_volume_0
87,Glue,1485.71783207,0.100079504334,World/native_ecal/Glue_volume_0
87,Silicon,1485.81791157,0.300238513001,World/native_ecal/Si_volume_14
87,Glue,1486.11815008,0.200159008667,World/native_ecal/GlueThick_volume_0
87,Aluminum,1488.67017744,3.20254413868,World/native_ecal/C_volume_CarbonCoolingPlane_0
87,Glue,1491.87272158,0.200159008667,World/native_ecal/GlueThick_volume_0
87,Silicon,1492.07288059,0.300238513001,World/native_ecal/Si_volume_21
87,Glue,1492.3731191,0.100079504334,World/native_ecal/Glue_volume_0
87,FR4,1492.47319861,1.6673245422,World/native_ecal/PCB_volume_0
87,FR4,1498.4099148,0.900715539003,World/native_ecal/PCB_motherboard_volume_0
87,Scintillator,231.472892349,20.0159008667,World/hcal_top/hcal_top_layer1_strip6
87,Scintillator,254.8630558,20.0159008667,World/hcal_top/hcal_top_layer2_strip5
87,Aluminum3003,230.972494827,0.500397521668,World/hcal_top/hcal_top_cover_1_placement
87,Aluminum3003,254.362658279,0.500397521668,World/hcal_top/hcal_top_cover_2_placement
87,Scintillator,1194.60315716,20.0159008667,World/hcal_above_ecal/hcal_above_ecal_layer1_strip2
87,Scintillator,1220.02335126,20.0159008667,World/hcal_above_ecal/hcal_above_ecal_layer2_strip4
87,Scintillator,1245.44354536,20.0159008667,World/hcal_above_ecal/hcal_above_ecal_layer3_strip2
87,Scintillator,1270.86373946,20.0159008667,World/hcal_above_ecal/hcal_above_ecal_layer4_strip4
87,Aluminum3003,1194.10275964,0.500397521668,World/hcal_above_ecal/hcal_above_ecal_cover_1_placement
87,Aluminum3003,1219.52295374,0.500397521668,World/hcal_above_ecal/hcal_above_ecal_cover_2_placement
87,Aluminum3003,1244.94314784,0.500397521668,World/hcal_above_ecal/hcal_above_ecal_cover_3_placement
87,Aluminum3003,1270.36334194,0.500397521668,World/hcal_above_ecal/hcal_above_ecal_cover_4_placement
87,Scintillator,1699.84610907,20.0159008667,World/hcal_below_ecal/hcal_below_ecal_layer1_strip4
87,Scintillator,1723.38922606,20.0159008667,World/hcal_below_ecal/hcal_below_ecal_layer2_strip6
87,Scintillator,1746.93234305,20.0159008667,World/hcal_below_ecal/hcal_below_ecal_layer3_strip4
87,Scintillator,1770.47546004,20.0159008667,World/hcal_below_ecal/hcal_below_ecal_layer4_strip6
87,Aluminum3003,1699.34571155,0.500397521668,World/hcal_below_ecal/hcal_below_ecal_cover_1_placement
87,Aluminum3003,1722.88882854,0.500397521668,World/hcal_below_ecal/hcal_below_ecal_cover_2_placement
87,Aluminum3003,1746.43194553,0.500397521668,World/hcal_below_ecal/hcal_below_ecal_cover_3_placement
87,Aluminum3003,1769.97506252,0.500397521668,World/hcal_below_ecal/hcal_below_ecal_cover_4_placement
88,Polyvinyltoluene,854.515362074,2.00024207661,World/native_target/trigger_pad3_bar_volume_14
88,Polyvinyltoluene,858.515846227,2.00024207661,World/native_target/trigger_pad3_bar_volume_15
88,LYSO,933.024863581,0.600072622983,World/native_target/lvTarget_3/lvTargetArray1_phys/target_0
88,LYSO,933.824960412,0.600072622983,World/native_target/lvTarget_3/lvTargetArray2_phys/target_0
88,Polyvinyltoluene,624.887571679,2.00024207661,World/native_trig_scint/trigger_pad2_bar_volume_16
88,Polyvinyltoluene,628.888055832,2.00024207661,World/native_trig_scint/trigger_pad2_bar_volume_17
88,Polyvinyltoluene,553.678953752,2.00024207661,World/native_trig_scint/trigger_pad1_bar_volume_17
88,Polyvinyltoluene,549.678469598,2.00024207661,World/native_trig_scint/trigger_pad1_bar_volume_18
88,Silicon,690.035456114,0.320038732258,World/native_recoil/recoil_l14_sensor_vol_10/recoil_l14_active_sensor
88,Silicon,696.036182344,0.320038732258,World/native_recoil/recoil_l14_sensor_vol_20/recoil_l14_active_sensor
88,Silicon,790.047559945,0.320038732258,World/native_recoil/recoil_l14_sensor_vol_30/recoil_l14_active_sensor
88,Silicon,796.048286175,0.320038732258,World/native_recoil/recoil_l14_sensor_vol_40/recoil_l14_active_sensor
88,Aluminum,1349.54588735,0.800096830644,World/native_ecal/support_box_0/front_0_volume_0
88,Aluminum,1578.97365354,0.800096830644,World/native_ecal/support_box_0/front_1_volume_0
88,FR4,1427.05826818,0.900108934475,World/native_ecal/PCB_motherboard_volume_0
88,FR4,1432.22489346,1.66620164982,World/native_ecal/PCB_volume_0
88,Glue,1433.89109511,0.10001210383,World/native_ecal/Glue_volume_0
88,Silicon,1433.99110722,0.300036311492,World/native_ecal/Si_volume_0
88,Glue,1434.29114353,0.200024207661,World/native_ecal/GlueThick_volume_0
88,Aluminum,1436.84145218,3.20038732258,World/native_ecal/C_volume_CarbonCoolingPlane_0
88,Glue,1440.0418395,0.200024207661,World/native_ecal/GlueThick_volume_0
88,Silicon,1440.24186371,0.300036311492,World/native_ecal/Si_volume_7
88,Glue,1440.54190002,0.100012103831,World/native_ecal/Glue_volume_0
88,FR4,1440.64191212,1.66620164982,World/native_ecal/PCB_volume_0
88,FR4,1447.07469064,0.900108934475,World/native_ecal/PCB_motherboard_volume_0
88,FR4,1477.88441935,0.900108934475,World/native_ecal/PCB_motherboard_volume_0
88,FR4,1483.05104463,1.66620164982,World/native_ecal/PCB_volume_0
88,Glue,1484.71724628,0.100012103831,World/native_ecal/Glue_volume_0
88,Silicon,1484.81725838,0.300036311492,World/native_ecal/Si_volume_14
88,Glue,1485.1172947,0.200024207661,World/native_ecal/GlueThick_volume_0
88,Aluminum,1487.66760334,3.20038732258,World/native_ecal/C_volume_CarbonCoolingPlane_0
88,Glue,1490.86799067,0.200024207661,World/native_ecal/GlueThick_volume_0
88,Silicon,1491.06801487,0.300036311492,World/native_ecal/Si_volume_21
88,Glue,1491.36805119,0.10001210383,World/native_ecal/Glue_volume_0
88,FR4,1491.46806329,1.66620164982,World/native_ecal/PCB_volume_0
88,FR4,1497.40078129,0.900108934475,World/native_ecal/PCB_motherboard_volume_0
88,Scintillator,231.317002394,20.0024207661,World/hcal_top/hcal_top_layer1_strip6
88,Scintillator,254.691413282,20.0024207661,World/hcal_top/hcal_top_layer2_strip4
88,Aluminum3003,230.816941875,0.500060519153,World/hcal_top/hcal_top_cover_1_placement
88,Aluminum3003,254.191352763,0.500060519153,World/hcal_top/hcal_top_cover_2_placement
88,Scintillator,1193.79862825,20.0024207661,World/hcal_above_ecal/hcal_above_ecal_layer1_strip3
88,Scintillator,1219.20170263,20.0024207661,World/hcal_above_ecal/hcal_above_ecal_layer2_strip4
88,Scintillator,1244.604777,20.0024207661,World/hcal_above_ecal/hcal_above_ecal_layer3_strip3
88,Scintillator,1270.00785137,20.0024207661,World/hcal_above_ecal/hcal_above_ecal_layer4_strip4
88,Aluminum3003,1193.29856774,0.500060519153,World/hcal_above_ecal/hcal_above_ecal_cover_1_placement
88,Aluminum3003,1218.70164211,0.500060519153,World/hcal_above_ecal/hcal_above_ecal_cover_2_placement
88,Aluminum3003,1244.10471648,0.500060519153,World/hcal_above_ecal/hcal_above_ecal_cover_3_placement
88,Aluminum3003,1269.50779086,0.500060519152,World/hcal_above_ecal/hcal_above_ecal_cover_4_placement
88,Scintillator,1698.7013144,20.0024207661,World/hcal_below_ecal/hcal_below_ecal_layer1_strip5
88,Scintillator,1722.22857582,20.0024207661,World/hcal_below_ecal/hcal_below_ecal_layer2_strip6
88,Scintillator,1745.75583724,20.0024207661,World/hcal_below_ecal/hcal_below_ecal_layer3_strip5
88,Scintillator,1769.28309865,20.0024207661,World/hcal_below_ecal/hcal_below_ecal_layer4_strip6
88,Aluminum3003,1698.20125388,0.500060519153,World/hcal_below_ecal/hcal_below_ecal_cover_1_placement
88,Aluminum3003,1721.7285153,0.500060519153,World/hcal_below_ecal/hcal_below_ecal_cover_2_placement
88,Aluminum3003,1745.25577672,0.500060519153,World/hcal_below_ecal/hcal_below_ecal_cover_3_placement
88,Aluminum3003,1768.78303813,0.500060519152,World/hcal_below_ecal/hcal_below_ecal_cover_4_placement
89,Polyvinyltoluene,855.304858935,2.00209012395,World/native_target/trigger_pad3_bar_volume_2
89,Polyvinyltoluene,859.309039183,2.00209012395,World/native_target/trigger_pad3_bar_volume_3
89,LYSO,933.8868963,0.600627037185,World/native_target/lvTarget_3/lvTargetArray1_phys/target_0
89,LYSO,934.68773235,0.600627037185,World/native_target/lvTarget_3/lvTargetArray2_phys/target_0
89,Polyvinyltoluene,629.469092954,2.00209012395,World/native_trig_scint/trigger_pad2_bar_volume_7
89,Polyvinyltoluene,625.464912706,2.00209012395,World/native_trig_scint/trigger_pad2_bar_volume_8
89,Polyvinyltoluene,550.186324045,2.00209012395,World/native_trig_scint/trigger_pad1_bar_volume_8
89,Polyvinyltoluene,554.190504293,2.00209012395,World/native_trig_scint/trigger_pad1_bar_volume_9
89,Silicon,690.672988043,0.320334419832,World/native_recoil/recoil_l14_sensor_vol_10/recoil_l14_active_sensor
89,Silicon,696.679258415,0.320334419832,World/native_recoil/recoil_l14_sensor_vol_20/recoil_l14_active_sensor
89,Silicon,790.77749424,0.320334419832,World/native_recoil/recoil_l14_sensor_vol_30/recoil_l14_active_sensor
89,Silicon,796.783764612,0.320334419832,World/native_recoil/recoil_l14_sensor_vol_40/recoil_l14_active_sensor
89,Aluminum,1350.79274877,0.80083604958,World/native_ecal/support_box_0/front_0_volume_0
89,Aluminum,1580.43248599,0.80083604958,World/native_ecal/support_box_0/front_1_volume_0
89,FR4,1428.37674421,0.900940555777,World/native_ecal/PCB_motherboard_volume_0
89,FR4,1433.548143,1.66774107325,World/native_ecal/PCB_volume_0
89,Glue,1435.21588408,0.100104506197,World/native_ecal/Glue_volume_0
89,Silicon,1435.31598858,0.300313518592,World/native_ecal/Si_volume_0
89,Glue,1435.6163021,0.200209012395,World/native_ecal/GlueThick_volume_0
89,Aluminum,1438.16896701,3.20334419832,World/native_ecal/C_volume_CarbonCoolingPlane_0
89,Glue,1441.37231121,0.200209012395,World/native_ecal/GlueThick_volume_0
89,Silicon,1441.57252022,0.300313518592,World/native_ecal/Si_volume_7
89,Glue,1441.87283374,0.100104506197,World/native_ecal/Glue_volume_0
89,FR4,1441.97293824,1.66774107325,World/native_ecal/PCB_volume_0
89,FR4,1448.41166008,0.900940555777,World/native_ecal/PCB_motherboard_volume_0
89,FR4,1479.24985426,0.900940555777,World/native_ecal/PCB_motherboard_volume_0
89,FR4,1484.42125305,1.66774107325,World/native_ecal/PCB_volume_0
89,Glue,1486.08899412,0.100104506197,World/native_ecal/Glue_volume_0
89,Silicon,1486.18909863,0.300313518592,World/native_ecal/Si_volume_14
89,Glue,1486.48941215,0.200209012395,World/native_ecal/GlueThick_volume_0
89,Aluminum,1489.04207706,3.20334419832,World/native_ecal/C_volume_CarbonCoolingPlane_0
89,Glue,1492.24542126,0.200209012395,World/native_ecal/GlueThick_volume_0
89,Silicon,1492.44563027,0.300313518592,World/native_ecal/Si_volume_21
89,Glue,1492.74594379,0.100104506197,World/native_ecal/Glue_volume_0
89,FR4,1492.84604829,1.66774107325,World/native_ecal/PCB_volume_0
89,FR4,1498.7842476,0.900940555777,World/native_ecal/PCB_motherboard_volume_0
89,Scintillator,231.530718912,20.0209012395,World/hcal_top/hcal_top_layer1_strip6
89,Scintillator,254.926725694,20.0209012395,World/hcal_top/hcal_top_layer2_strip4
89,Aluminum3003,231.030196381,0.500522530987,World/hcal_top/hcal_top_cover_1_placement
89,Aluminum3003,254.426203163,0.500522530987,World/hcal_top/hcal_top_cover_2_placement
89,Scintillator,1194.90159294,20.0209012395,World/hcal_above_ecal/hcal_above_ecal_layer1_strip3
89,Scintillator,1220.32813752,20.0209012395,World/hcal_above_ecal/hcal_above_ecal_layer2_strip4
89,Scintillator,1245.75468209,20.0209012395,World/hcal_above_ecal/hcal_above_ecal_layer3_strip3
89,Scintillator,1271.18122667,20.0209012395,World/hcal_above_ecal/hcal_above_ecal_layer4_strip4
89,Aluminum3003,1194.40107041,0.500522530987,World/hcal_above_ecal/hcal_above_ecal_cover_1_placement
89,Aluminum3003,1219.82761499,0.500522530987,World/hcal_above_ecal/hcal_above_ecal_cover_2_placement
89,Aluminum3003,1245.25415956,0.500522530987,World/hcal_above_ecal/hcal_above_ecal_cover_3_placement
89,Aluminum3003,1270.68070414,0.500522530987,World/hcal_above_ecal/hcal_above_ecal_cover_4_placement
89,Scintillator,1700.27076466,20.0209012395,World/hcal_below_ecal/hcal_below_ecal_layer1_strip5
89,Scintillator,1723.81976319,20.0209012395,World/hcal_below_ecal/hcal_below_ecal_layer2_strip5
89,Scintillator,1747.36876173,20.0209012395,World/hcal_below_ecal/hcal_below_ecal_layer3_strip5
89,Scintillator,1770.91776026,20.0209012395,World/hcal_below_ecal/hcal_below_ecal_layer4_strip5
89,Aluminum3003,1699.77024213,0.500522530987,World/hcal_below_ecal/hcal_below_ecal_cover_1_placement
89,Aluminum3003,1723.31924066,0.500522530987,World/hcal_below_ecal/hcal_below_ecal_cover_2_placement
89,Aluminum3003,1746.86823919,0.500522530987,World/hcal_below_ecal/hcal_below_ecal_cover_3_placement
89,Aluminum3003,1770.41723773,0.500522530987,World/hcal_below_ecal/hcal_below_ecal_cover_4_placement
90,Polyvinyltoluene,859.287247443,2.01141206409,World/native_target/trigger_pad3_bar_volume_0
90,Polyvinyltoluene,863.310071571,2.01141206409,World/native_target/trigger_pad3_bar_volume_1
90,LYSO,938.235170958,0.603423619228,World/native_target/lvTarget_3/lvTargetArray1_phys/target_0
90,LYSO,939.039735784,0.603423619228,World/native_target/lvTarget_3/lvTargetArray2_phys/target_0
90,Polyvinyltoluene,632.399966613,2.01141206409,World/native_trig_scint/trigger_pad2_bar_volume_15
90,Polyvinyltoluene,628.377142485,2.01141206409,World/native_trig_scint/trigger_pad2_bar_volume_16
90,Polyvinyltoluene,552.748048875,2.01141206409,World/native_trig_scint/trigger_pad1_bar_volume_20
90,Polyvinyltoluene,556.770873003,2.01141206409,World/native_trig_scint/trigger_pad1_bar_volume_21
90,Silicon,693.888833412,0.321825930255,World/native_recoil/recoil_l14_sensor_vol_10/recoil_l14_active_sensor
90,Silicon,699.923069604,0.321825930255,World/native_recoil/recoil_l14_sensor_vol_20/recoil_l14_active_sensor
90,Silicon,794.459436617,0.321825930255,World/native_recoil/recoil_l14_sensor_vol_30/recoil_l14_active_sensor
90,Silicon,800.493672809,0.321825930255,World/native_recoil/recoil_l14_sensor_vol_40/recoil_l14_active_sensor
90,Aluminum,1357.0821805,0.804564825638,World/native_ecal/support_box_0/front_0_volume_0
90,Aluminum,1587.79114426,0.804564825638,World/native_ecal/support_box_0/front_1_volume_0
90,FR4,1435.02741511,0.905135428842,World/native_ecal/PCB_motherboard_volume_0
90,FR4,1440.22289247,1.67550624939,World/native_ecal/PCB_volume_0
90,Glue,1441.89839872,0.100570603205,World/native_ecal/Glue_volume_0
90,Silicon,1441.99896932,0.301711809614,World/native_ecal/Si_volume_0
90,Glue,1442.30068113,0.201141206409,World/native_ecal/GlueThick_volume_0
90,Aluminum,1444.86523151,3.21825930255,World/native_ecal/C_volume_CarbonCoolingPlane_0
90,Glue,1448.08349081,0.201141206409,World/native_ecal/GlueThick_volume_0
90,Silicon,1448.28463202,0.301711809614,World/native_ecal/Si_volume_7
90,Glue,1448.58634383,0.100570603205,World/native_ecal/Glue_volume_0
90,FR4,1448.68691443,1.67550624939,World/native_ecal/PCB_volume_0
90,FR4,1455.15561563,0.905135428842,World/native_ecal/PCB_motherboard_volume_0
90,FR4,1486.13739565,0.905135428842,World/native_ecal/PCB_motherboard_volume_0
90,FR4,1491.33287302,1.67550624939,World/native_ecal/PCB_volume_0
90,Glue,1493.00837926,0.100570603205,World/native_ecal/Glue_volume_0
90,Silicon,1493.10894987,0.301711809614,World/native_ecal/Si_volume_14
90,Glue,1493.41066168,0.201141206409,World/native_ecal/GlueThick_volume_0
90,Aluminum,1495.97521206,3.21825930255,World/native_ecal/C_volume_CarbonCoolingPlane_0
90,Glue,1499.19347136,0.201141206409,World/native_ecal/GlueThick_volume_0
90,Silicon,1499.39461257,0.301711809614,World/native_ecal/Si_volume_21
90,Glue,1499.69632438,0.100570603205,World/native_ecal/Glue_volume_0
90,FR4,1499.79689498,1.67550624939,World/native_ecal/PCB_volume_0
90,FR4,1505.76274316,0.905135428843,World/native_ecal/PCB_motherboard_volume_0
90,Scintillator,232.608750054,20.1141206409,World/hcal_top/hcal_top_layer1_strip6
90,Scintillator,256.113691081,20.1141206409,World/hcal_top/hcal_top_layer2_strip4
90,Aluminum3003,232.105897038,0.502853016024,World/hcal_top/hcal_top_cover_1_placement
90,Aluminum3003,255.610838065,0.502853016024,World/hcal_top/hcal_top_cover_2_placement
90,Scintillator,1200.46517921,20.1141206409,World/hcal_above_ecal/hcal_above_ecal_layer1_strip4
90,Scintillator,1226.01011243,20.1141206409,World/hcal_above_ecal/hcal_above_ecal_layer2_strip4
90,Scintillator,1251.55504564,20.1141206409,World/hcal_above_ecal/hcal_above_ecal_layer3_strip4
90,Scintillator,1277.09997886,20.1141206409,World/hcal_above_ecal/hcal_above_ecal_layer4_strip4
90,Aluminum3003,1199.9623262,0.502853016024,World/hcal_above_ecal/hcal_above_ecal_cover_1_placement
90,Aluminum3003,1225.50725941,0.502853016024,World/hcal_above_ecal/hcal_above_ecal_cover_2_placement
90,Aluminum3003,1251.05219263,0.502853016024,World/hcal_above_ecal/hcal_above_ecal_cover_3_placement
90,Aluminum3003,1276.59712584,0.502853016023,World/hcal_above_ecal/hcal_above_ecal_cover_4_placement
90,Scintillator,1708.18740243,20.1141206409,World/hcal_below_ecal/hcal_below_ecal_layer1_strip7
90,Scintillator,1731.84604755,20.1141206409,World/hcal_below_ecal/hcal_below_ecal_layer2_strip5
90,Scintillator,1755.50469268,20.1141206409,World/hcal_below_ecal/hcal_below_ecal_layer3_strip7
90,Scintillator,1779.1633378,20.1141206409,World/hcal_below_ecal/hcal_below_ecal_layer4_strip5
90,Aluminum3003,1707.68454942,0.502853016024,World/hcal_below_ecal/hcal_below_ecal_cover_1_placement
90,Aluminum3003,1731.34319454,0.502853016023,World/hcal_below_ecal/hcal_below_ecal_cover_2_placement
90,Aluminum3003,1755.00183966,0.502853016024,World/hcal_below_ecal/hcal_below_ecal_cover_3_placement
90,Aluminum3003,1778.66048478,0.502853016024,World/hcal_below_ecal/hcal_below_ecal_cover_4_placement
91,Polyvinyltoluene,859.939278997,2.00355850942,World/native_target/trigger_pad3_bar_volume_9
91,Polyvinyltoluene,855.932161978,2.00355850942,World/native_target/trigger_pad3_bar_volume_10
91,LYSO,934.571833473,0.601067552826,World/native_target/lvTarget_3/lvTargetArray1_phys/target_0
91,LYSO,935.373256876,0.601067552826,World/native_target/lvTarget_3/lvTargetArray2_phys/target_0
91,Polyvinyltoluene,550.589845143,2.00355850942,World/native_trig_scint/trigger_pad1_bar_volume_0
91,Polyvinyltoluene,554.596962161,2.00355850942,World/native_trig_scint/trigger_pad1_bar_volume_1
91,Polyvinyltoluene,625.923645097,2.00355850942,World/native_trig_scint/trigger_pad2_bar_volume_2
91,Polyvinyltoluene,629.930762116,2.00355850942,World/native_trig_scint/trigger_pad2_bar_volume_3
91,Silicon,691.179545748,0.320569361507,World/native_recoil/recoil_l14_sensor_vol_10/recoil_l14_active_sensor
91,Silicon,697.190221277,0.320569361507,World/native_recoil/recoil_l14_sensor_vol_20/recoil_l14_active_sensor
91,Silicon,791.357471219,0.320569361507,World/native_recoil/recoil_l14_sensor_vol_30/recoil_l14_active_sensor
91,Silicon,797.368146748,0.320569361507,World/native_recoil/recoil_l14_sensor_vol_40/recoil_l14_active_sensor
91,Aluminum,1351.78345565,0.801423403768,World/native_ecal/support_box_0/front_0_volume_0
91,Aluminum,1581.59161668,0.801423403768,World/native_ecal/support_box_0/front_1_volume_0
91,FR4,1429.42435322,0.901601329239,World/native_ecal/PCB_motherboard_volume_0
91,FR4,1434.59954485,1.66896423835,World/native_ecal/PCB_volume_0
91,Glue,1436.26850909,0.100177925471,World/native_ecal/Glue_volume_0
91,Silicon,1436.36868702,0.300533776413,World/native_ecal/Si_volume_0
91,Glue,1436.66922079,0.200355850942,World/native_ecal/GlueThick_volume_0
91,Aluminum,1439.22375789,3.20569361507,World/native_ecal/C_volume_CarbonCoolingPlane_0
91,Glue,1442.42945151,0.200355850942,World/native_ecal/GlueThick_volume_0
91,Silicon,1442.62980736,0.300533776413,World/native_ecal/Si_volume_7
91,Glue,1442.93034114,0.100177925471,World/native_ecal/Glue_volume_0
91,FR4,1443.03051906,1.66896423835,World/native_ecal/PCB_volume_0
91,FR4,1449.47396323,0.901601329239,World/native_ecal/PCB_motherboard_volume_0
91,FR4,1480.33477495,0.901601329239,World/native_ecal/PCB_motherboard_volume_0
91,FR4,1485.50996658,1.66896423835,World/native_ecal/PCB_volume_0
91,Glue,1487.17893082,0.100177925471,World/native_ecal/Glue_volume_0
91,Silicon,1487.27910874,0.300533776413,World/native_ecal/Si_volume_14
91,Glue,1487.57964252,0.200355850942,World/native_ecal/GlueThick_volume_0
91,Aluminum,1490.13417962,3.20569361507,World/native_ecal/C_volume_CarbonCoolingPlane_0
91,Glue,1493.33987323,0.200355850942,World/native_ecal/GlueThick_volume_0
91,Silicon,1493.54022908,0.300533776413,World/native_ecal/Si_volume_21
91,Glue,1493.84076286,0.100177925471,World/native_ecal/Glue_volume_0
91,FR4,1493.94094079,1.66896423835,World/native_ecal/PCB_volume_0
91,FR4,1499.88349532,0.901601329239,World/native_ecal/PCB_motherboard_volume_0
91,Scintillator,231.700529621,20.0355850942,World/hcal_top/hcal_top_layer1_strip6
91,Scintillator,255.113695649,20.0355850942,World/hcal_top/hcal_top_layer2_strip5
91,Aluminum3003,231.199639993,0.500889627355,World/hcal_top/hcal_top_cover_1_placement
91,Aluminum3003,254.612806022,0.500889627355,World/hcal_top/hcal_top_cover_2_placement
91,Scintillator,1195.77796515,20.0355850942,World/hcal_above_ecal/hcal_above_ecal_layer1_strip2
91,Scintillator,1221.22315822,20.0355850942,World/hcal_above_ecal/hcal_above_ecal_layer2_strip4
91,Scintillator,1246.66835129,20.0355850942,World/hcal_above_ecal/hcal_above_ecal_layer3_strip2
91,Scintillator,1272.11354436,20.0355850942,World/hcal_above_ecal/hcal_above_ecal_layer4_strip4
91,Aluminum3003,1195.27707552,0.500889627355,World/hcal_above_ecal/hcal_above_ecal_cover_1_placement
91,Aluminum3003,1220.72226859,0.500889627355,World/hcal_above_ecal/hcal_above_ecal_cover_2_placement
91,Aluminum3003,1246.16746166,0.500889627355,World/hcal_above_ecal/hcal_above_ecal_cover_3_placement
91,Aluminum3003,1271.61265473,0.500889627355,World/hcal_above_ecal/hcal_above_ecal_cover_4_placement
91,Scintillator,1701.51778789,20.0355850942,World/hcal_below_ecal/hcal_below_ecal_layer1_strip4
91,Scintillator,1725.08405787,20.0355850942,World/hcal_below_ecal/hcal_below_ecal_layer2_strip5
91,Scintillator,1748.65032786,20.0355850942,World/hcal_below_ecal/hcal_below_ecal_layer3_strip4
91,Scintillator,1772.21659785,20.0355850942,World/hcal_below_ecal/hcal_below_ecal_layer4_strip5
91,Aluminum3003,1701.01689826,0.500889627355,World/hcal_below_ecal/hcal_below_ecal_cover_1_placement
91,Aluminum3003,1724.58316825,0.500889627355,World/hcal_below_ecal/hcal_below_ecal_cover_2_placement
91,Aluminum3003,1748.14943823,0.500889627355,World/hcal_below_ecal/hcal_below_ecal_cover_3_placement
91,Aluminum3003,1771.71570822,0.500889627355,World/hcal_below_ecal/hcal_below_ecal_cover_4_placement
92,Polyvinyltoluene,858.474882755,2.00014663649,World/native_target/trigger_pad3_bar_volume_13
92,Polyvinyltoluene,854.474589482,2.00014663649,World/native_target/trigger_pad3_bar_volume_14
92,LYSO,932.980344964,0.600043990945,World/native_target/lvTarget_3/lvTargetArray1_phys/target_0
92,LYSO,933.780403619,0.600043990945,World/native_target/lvTarget_3/lvTargetArray2_phys/target_0
92,Polyvinyltoluene,628.858048887,2.00014663649,World/native_trig_scint/trigger_pad2_bar_volume_13
92,Polyvinyltoluene,553.652535355,2.00014663648,World/native_trig_scint/trigger_pad1_bar_volume_13
92,Polyvinyltoluene,624.857755614,2.00014663648,World/native_trig_scint/trigger_pad2_bar_volume_14
92,Polyvinyltoluene,549.652242082,2.00014663648,World/native_trig_scint/trigger_pad1_bar_volume_14
92,Silicon,690.002531564,0.320023461838,World/native_recoil/recoil_l14_sensor_vol_10/recoil_l14_active_sensor
92,Silicon,696.002971474,0.320023461838,World/native_recoil/recoil_l14_sensor_vol_20/recoil_l14_active_sensor
92,Silicon,790.009863388,0.320023461838,World/native_recoil/recoil_l14_sensor_vol_30/recoil_l14_active_sensor
92,Silicon,796.010303298,0.320023461838,World/native_recoil/recoil_l14_sensor_vol_40/recoil_l14_active_sensor
92,Aluminum,1349.48149473,0.800058654594,World/native_ecal/support_box_0/front_0_volume_0
92,Aluminum,1578.89831393,0.800058654594,World/native_ecal/support_box_0/front_1_volume_0
92,FR4,1426.99017711,0.900065986418,World/native_ecal/PCB_motherboard_volume_0
92,FR4,1432.15655587,1.66612214819,World/native_ecal/PCB_volume_0
92,Glue,1433.82267802,0.100007331824,World/native_ecal/Glue_volume_0
92,Silicon,1433.92268535,0.300021995473,World/native_ecal/Si_volume_0
92,Glue,1434.22270735,0.200014663648,World/native_ecal/GlueThick_volume_0
92,Aluminum,1436.77289431,3.20023461838,World/native_ecal/C_volume_CarbonCoolingPlane_0
92,Glue,1439.97312893,0.200014663648,World/native_ecal/GlueThick_volume_0
92,Silicon,1440.17314359,0.300021995473,World/native_ecal/Si_volume_7
92,Glue,1440.47316559,0.100007331824,World/native_ecal/Glue_volume_0
92,FR4,1440.57317292,1.66612214819,World/native_ecal/PCB_volume_0
92,FR4,1447.0056445,0.900065986418,World/native_ecal/PCB_motherboard_volume_0
92,FR4,1477.81390314,0.900065986418,World/native_ecal/PCB_motherboard_volume_0
92,FR4,1482.98028191,1.66612214819,World/native_ecal/PCB_volume_0
92,Glue,1484.64640405,0.100007331824,World/native_ecal/Glue_volume_0
92,Silicon,1484.74641139,0.300021995473,World/native_ecal/Si_volume_14
92,Glue,1485.04643338,0.200014663649,World/native_ecal/GlueThick_volume_0
92,Aluminum,1487.59662034,3.20023461838,World/native_ecal/C_volume_CarbonCoolingPlane_0
92,Glue,1490.79685496,0.200014663648,World/native_ecal/GlueThick_volume_0
92,Silicon,1490.99686963,0.300021995473,World/native_ecal/Si_volume_21
92,Glue,1491.29689162,0.100007331824,World/native_ecal/Glue_volume_0
92,FR4,1491.39689895,1.66612214819,World/native_ecal/PCB_volume_0
92,FR4,1497.32933388,0.900065986418,World/native_ecal/PCB_motherboard_volume_0
92,Scintillator,231.305965268,20.0014663648,World/hcal_top/hcal_top_layer1_strip6
92,Scintillator,254.679260862,20.0014663648,World/hcal_top/hcal_top_layer2_strip4
92,Aluminum3003,230.805928609,0.500036659121,World/hcal_top/hcal_top_cover_1_placement
92,Aluminum3003,254.179224203,0.500036659121,World/hcal_top/hcal_top_cover_2_placement
92,Scintillator,1193.741667,20.0014663648,World/hcal_above_ecal/hcal_above_ecal_layer1_strip3
92,Scintillator,1219.14352929,20.0014663648,World/hcal_above_ecal/hcal_above_ecal_layer2_strip4
92,Scintillator,1244.54539157,20.0014663648,World/hcal_above_ecal/hcal_above_ecal_layer3_strip3
92,Scintillator,1269.94725386,20.0014663648,World/hcal_above_ecal/hcal_above_ecal_layer4_strip4
92,Aluminum3003,1193.24163034,0.500036659121,World/hcal_above_ecal/hcal_above_ecal_cover_1_placement
92,Aluminum3003,1218.64349263,0.500036659121,World/hcal_above_ecal/hcal_above_ecal_cover_2_placement
92,Aluminum3003,1244.04535491,0.500036659121,World/hcal_above_ecal/hcal_above_ecal_cover_3_placement
92,Aluminum3003,1269.4472172,0.500036659121,World/hcal_above_ecal/hcal_above_ecal_cover_4_placement
92,Scintillator,1698.62026208,20.0014663648,World/hcal_below_ecal/hcal_below_ecal_layer1_strip5
92,Scintillator,1722.14640091,20.0014663648,World/hcal_below_ecal/hcal_below_ecal_layer2_strip6
92,Scintillator,1745.67253974,20.0014663648,World/hcal_below_ecal/hcal_below_ecal_layer3_strip5
92,Scintillator,1769.19867857,20.0014663648,World/hcal_below_ecal/hcal_below_ecal_layer4_strip6
92,Aluminum3003,1698.12022542,0.500036659121,World/hcal_below_ecal/hcal_below_ecal_cover_1_placement
92,Aluminum3003,1721.64636425,0.500036659121,World/hcal_below_ecal/hcal_below_ecal_cover_2_placement
92,Aluminum3003,1745.17250308,0.500036659121,World/hcal_below_ecal/hcal_below_ecal_cover_3_placement
92,Aluminum3003,1768.69864191,0.500036659121,World/hcal_below_ecal/hcal_below_ecal_cover_4_placement
93,Polyvinyltoluene,854.941219288,2.00123891945,World/native_target/trigger_pad3_bar_volume_8
93,Polyvinyltoluene,858.943697127,2.00123891945,World/native_target/trigger_pad3_bar_volume_9
93,LYSO,933.489846876,0.600371675834,World/native_target/lvTarget_3/lvTargetArray1_phys/target_0
93,LYSO,934.290342444,0.600371675834,World/native_target/lvTarget_3/lvTargetArray2_phys/target_0
93,Polyvinyltoluene,553.954885803,2.00123891945,World/native_trig_scint/trigger_pad1_bar_volume_3
93,Polyvinyltoluene,625.198991335,2.00123891945,World/native_trig_scint/trigger_pad2_bar_volume_4
93,Polyvinyltoluene,629.201469174,2.00123891945,World/native_trig_scint/trigger_pad2_bar_volume_5
93,Polyvinyltoluene,549.952407964,2.00123891945,World/native_trig_scint/trigger_pad1_bar_volume_4
93,Silicon,690.379342942,0.320198227112,World/native_recoil/recoil_l14_sensor_vol_10/recoil_l14_active_sensor
93,Silicon,696.3830597,0.320198227112,World/native_recoil/recoil_l14_sensor_vol_20/recoil_l14_active_sensor
93,Silicon,790.441288914,0.320198227112,World/native_recoil/recoil_l14_sensor_vol_30/recoil_l14_active_sensor
93,Silicon,796.445005673,0.320198227112,World/native_recoil/recoil_l14_sensor_vol_40/recoil_l14_active_sensor
93,Aluminum,1350.21844852,0.800495567779,World/native_ecal/support_box_0/front_0_volume_0
93,Aluminum,1579.76055258,0.800495567779,World/native_ecal/support_box_0/front_1_volume_0
93,FR4,1427.76945851,0.900557513752,World/native_ecal/PCB_motherboard_volume_0
93,FR4,1432.93865863,1.6670320199,World/native_ecal/PCB_volume_0
93,Glue,1434.60569065,0.100061945972,World/native_ecal/Glue_volume_0
93,Silicon,1434.7057526,0.300185837917,World/native_ecal/Si_volume_0
93,Glue,1435.00593844,0.200123891945,World/native_ecal/GlueThick_volume_0
93,Aluminum,1437.55751806,3.20198227112,World/native_ecal/C_volume_CarbonCoolingPlane_0
93,Glue,1440.75950033,0.200123891945,World/native_ecal/GlueThick_volume_0
93,Silicon,1440.95962422,0.300185837917,World/native_ecal/Si_volume_7
93,Glue,1441.25981006,0.100061945972,World/native_ecal/Glue_volume_0
93,FR4,1441.35987201,1.6670320199,World/native_ecal/PCB_volume_0
93,FR4,1447.79585637,0.900557513752,World/native_ecal/PCB_motherboard_volume_0
93,FR4,1478.62093945,0.900557513752,World/native_ecal/PCB_motherboard_volume_0
93,FR4,1483.79013958,1.6670320199,World/native_ecal/PCB_volume_0
93,Glue,1485.4571716,0.100061945972,World/native_ecal/Glue_volume_0
93,Silicon,1485.55723354,0.300185837917,World/native_ecal/Si_volume_14
93,Glue,1485.85741938,0.200123891945,World/native_ecal/GlueThick_volume_0
93,Aluminum,1488.408999,3.20198227112,World/native_ecal/C_volume_CarbonCoolingPlane_0
93,Glue,1491.61098127,0.200123891945,World/native_ecal/GlueThick_volume_0
93,Silicon,1491.81110517,0.300185837917,World/native_ecal/Si_volume_21
93,Glue,1492.111291,0.100061945972,World/native_ecal/Glue_volume_0
93,FR4,1492.21135295,1.6670320199,World/native_ecal/PCB_volume_0
93,FR4,1498.14702759,0.900557513752,World/native_ecal/PCB_motherboard_volume_0
93,Scintillator,231.432281789,20.0123891945,World/hcal_top/hcal_top_layer1_strip6
93,Scintillator,254.818341574,20.0123891945,World/hcal_top/hcal_top_layer2_strip5
93,Aluminum3003,230.931972059,0.500309729862,World/hcal_top/hcal_top_cover_1_placement
93,Aluminum3003,254.318031844,0.500309729862,World/hcal_top/hcal_top_cover_2_placement
93,Scintillator,1194.39357105,20.0123891945,World/hcal_above_ecal/hcal_above_ecal_layer1_strip3
93,Scintillator,1219.80930533,20.0123891945,World/hcal_above_ecal/hcal_above_ecal_layer2_strip4
93,Scintillator,1245.22503961,20.0123891945,World/hcal_above_ecal/hcal_above_ecal_layer3_strip3
93,Scintillator,1270.64077388,20.0123891945,World/hcal_above_ecal/hcal_above_ecal_layer4_strip4
93,Aluminum3003,1193.89326132,0.500309729862,World/hcal_above_ecal/hcal_above_ecal_cover_1_placement
93,Aluminum3003,1219.3089956,0.500309729862,World/hcal_above_ecal/hcal_above_ecal_cover_2_placement
93,Aluminum3003,1244.72472988,0.500309729862,World/hcal_above_ecal/hcal_above_ecal_cover_3_placement
93,Aluminum3003,1270.14046415,0.500309729862,World/hcal_above_ecal/hcal_above_ecal_cover_4_placement
93,Scintillator,1699.54788105,20.0123891945,World/hcal_below_ecal/hcal_below_ecal_layer1_strip4
93,Scintillator,1723.08686754,20.0123891945,World/hcal_below_ecal/hcal_below_ecal_layer2_strip7
93,Scintillator,1746.62585403,20.0123891945,World/hcal_below_ecal/hcal_below_ecal_layer3_strip4
93,Scintillator,1770.16484052,20.0123891945,World/hcal_below_ecal/hcal_below_ecal_layer4_strip7
93,Aluminum3003,1699.04757132,0.500309729862,World/hcal_below_ecal/hcal_below_ecal_cover_1_placement
93,Aluminum3003,1722.58655781,0.500309729862,World/hcal_below_ecal/hcal_below_ecal_cover_2_placement
93,Aluminum3003,1746.1255443,0.500309729862,World/hcal_below_ecal/hcal_below_ecal_cover_3_placement
93,Aluminum3003,1769.66453079,0.500309729862,World/hcal_below_ecal/hcal_below_ecal_cover_4_placement
94,Polyvinyltoluene,855.601301063,2.00278403309,World/native_target/trigger_pad3_bar_volume_6
94,Polyvinyltoluene,859.606869129,2.00278403309,World/native_target/trigger_pad3_bar_volume_7
94,LYSO,934.210574361,0.600835209926,World/native_target/lvTarget_3/lvTargetArray1_phys/target_0
94,LYSO,935.011687975,0.600835209926,World/native_target/lvTarget_3/lvTargetArray2_phys/target_0
94,Polyvinyltoluene,625.681694064,2.00278403309,World/native_trig_scint/trigger_pad2_bar_volume_14
94,Polyvinyltoluene,629.687262131,2.00278403309,World/native_trig_scint/trigger_pad2_bar_volume_15
94,Polyvinyltoluene,552.051785627,0.328012826939,World/native_trig_scint/trigger_pad1_bar_volume_16
94,Polyvinyltoluene,554.382582487,2.00278403309,World/native_trig_scint/trigger_pad1_bar_volume_17
94,Silicon,690.912370022,0.320445445294,World/native_recoil/recoil_l14_sensor_vol_10/recoil_l14_active_sensor
94,Silicon,696.920722121,0.320445445294,World/native_recoil/recoil_l14_sensor_vol_20/recoil_l14_active_sensor
94,Silicon,791.051571676,0.320445445294,World/native_recoil/recoil_l14_sensor_vol_30/recoil_l14_active_sensor
94,Silicon,797.059923776,0.320445445294,World/native_recoil/recoil_l14_sensor_vol_40/recoil_l14_active_sensor
94,Aluminum,1351.26092322,0.801113613234,World/native_ecal/support_box_0/front_0_volume_0
94,Aluminum,1580.98025181,0.801113613234,World/native_ecal/support_box_0/front_1_volume_0
94,FR4,1428.87180868,0.901252814889,World/native_ecal/PCB_motherboard_volume_0
94,FR4,1434.04499983,1.66831909956,World/native_ecal/PCB_volume_0
94,Glue,1435.71331893,0.100139201654,World/native_ecal/Glue_volume_0
94,Silicon,1435.81345813,0.300417604963,World/native_ecal/Si_volume_0
94,Glue,1436.11387574,0.200278403309,World/native_ecal/GlueThick_volume_0
94,Aluminum,1438.66742538,3.20445445294,World/native_ecal/C_volume_CarbonCoolingPlane_0
94,Glue,1441.87187983,0.200278403308,World/native_ecal/GlueThick_volume_0
94,Silicon,1442.07215824,0.300417604963,World/native_ecal/Si_volume_7
94,Glue,1442.37257584,0.100139201654,World/native_ecal/Glue_volume_0
94,FR4,1442.47271504,1.66831909956,World/native_ecal/PCB_volume_0
94,FR4,1448.91366849,0.901252814889,World/native_ecal/PCB_motherboard_volume_0
94,FR4,1479.76255096,0.901252814889,World/native_ecal/PCB_motherboard_volume_0
94,FR4,1484.93574211,1.66831909956,World/native_ecal/PCB_volume_0
94,Glue,1486.60406121,0.100139201654,World/native_ecal/Glue_volume_0
94,Silicon,1486.70420041,0.300417604963,World/native_ecal/Si_volume_14
94,Glue,1487.00461802,0.200278403308,World/native_ecal/GlueThick_volume_0
94,Aluminum,1489.55816766,3.20445445294,World/native_ecal/C_volume_CarbonCoolingPlane_0
94,Glue,1492.76262211,0.200278403309,World/native_ecal/GlueThick_volume_0
94,Silicon,1492.96290052,0.300417604963,World/native_ecal/Si_volume_21
94,Glue,1493.26331812,0.100139201654,World/native_ecal/Glue_volume_0
94,FR4,1493.36345732,1.66831909956,World/native_ecal/PCB_volume_0
94,FR4,1499.30371477,0.901252814889,World/native_ecal/PCB_motherboard_volume_0
94,Scintillator,231.610965689,20.0278403309,World/hcal_top/hcal_top_layer1_strip6
94,Scintillator,255.015081349,20.0278403309,World/hcal_top/hcal_top_layer2_strip4
94,Aluminum3003,231.110269681,0.500696008272,World/hcal_top/hcal_top_cover_1_placement
94,Aluminum3003,254.514385341,0.500696008272,World/hcal_top/hcal_top_cover_2_placement
94,Scintillator,1195.3157367,20.0278403309,World/hcal_above_ecal/hcal_above_ecal_layer1_strip3
94,Scintillator,1220.75109392,20.0278403309,World/hcal_above_ecal/hcal_above_ecal_layer2_strip4
94,Scintillator,1246.18645114,20.0278403309,World/hcal_above_ecal/hcal_above_ecal_layer3_strip3
94,Scintillator,1271.62180837,20.0278403309,World/hcal_above_ecal/hcal_above_ecal_layer4_strip4
94,Aluminum3003,1194.8150407,0.500696008271,World/hcal_above_ecal/hcal_above_ecal_cover_1_placement
94,Aluminum3003,1220.25039792,0.500696008272,World/hcal_above_ecal/hcal_above_ecal_cover_2_placement
94,Aluminum3003,1245.68575514,0.500696008271,World/hcal_above_ecal/hcal_above_ecal_cover_3_placement
94,Aluminum3003,1271.12111236,0.500696008271,World/hcal_above_ecal/hcal_above_ecal_cover_4_placement
94,Scintillator,1700.86006551,20.0278403309,World/hcal_below_ecal/hcal_below_ecal_layer1_strip6
94,Scintillator,1724.41722595,20.0278403309,World/hcal_below_ecal/hcal_below_ecal_layer2_strip6
94,Scintillator,1747.97438638,20.0278403309,World/hcal_below_ecal/hcal_below_ecal_layer3_strip6
94,Scintillator,1771.53154682,20.0278403309,World/hcal_below_ecal/hcal_below_ecal_layer4_strip6
94,Aluminum3003,1700.3593695,0.500696008271,World/hcal_below_ecal/hcal_below_ecal_cover_1_placement
94,Aluminum3003,1723.91652994,0.500696008272,World/hcal_below_ecal/hcal_below_ecal_cover_2_placement
94,Aluminum3003,1747.47369038,0.500696008271,World/hcal_below_ecal/hcal_below_ecal_cover_3_placement
94,Aluminum3003,1771.03085081,0.500696008271,World/hcal_below_ecal/hcal_below_ecal_cover_4_placement
95,Polyvinyltoluene,860.22415127,2.00422222869,World/native_target/trigger_pad3_bar_volume_13
95,Polyvinyltoluene,856.215706813,2.00422222869,World/native_target/trigger_pad3_bar_volume_14
95,LYSO,934.881429289,0.601266668606,World/native_target/lvTarget_3/lvTargetArray1_phys/target_0
95,LYSO,935.68311818,0.601266668606,World/native_target/lvTarget_3/lvTargetArray2_phys/target_0
95,Polyvinyltoluene,550.772239161,1.13070289256,World/native_trig_scint/trigger_pad1_bar_volume_0
95,Polyvinyltoluene,554.780683619,2.00422222869,World/native_trig_scint/trigger_pad1_bar_volume_1
95,Polyvinyltoluene,626.13099496,2.00422222869,World/native_trig_scint/trigger_pad2_bar_volume_4
95,Polyvinyltoluene,630.139439417,2.00422222869,World/native_trig_scint/trigger_pad2_bar_volume_5
95,Silicon,691.408512948,0.32067555659,World/native_recoil/recoil_l14_sensor_vol_10/recoil_l14_active_sensor
95,Silicon,697.421179634,0.32067555659,World/native_recoil/recoil_l14_sensor_vol_20/recoil_l14_active_sensor
95,Silicon,791.619624382,0.32067555659,World/native_recoil/recoil_l14_sensor_vol_30/recoil_l14_active_sensor
95,Silicon,797.632291068,0.32067555659,World/native_recoil/recoil_l14_sensor_vol_40/recoil_l14_active_sensor
95,Aluminum,1352.23126125,0.801688891474,World/native_ecal/support_box_0/front_0_volume_0
95,Aluminum,1582.11555088,0.801688891474,World/native_ecal/support_box_0/front_1_volume_0
95,FR4,1429.89787894,0.901900002909,World/native_ecal/PCB_motherboard_volume_0
95,FR4,1435.07478496,1.6695171165,World/native_ecal/PCB_volume_0
95,Glue,1436.74430208,0.100211111434,World/native_ecal/Glue_volume_0
95,Silicon,1436.84451319,0.300633334303,World/native_ecal/Si_volume_0
95,Glue,1437.14514652,0.200422222869,World/native_ecal/GlueThick_volume_0
95,Aluminum,1439.70052986,3.2067555659,World/native_ecal/C_volume_CarbonCoolingPlane_0
95,Glue,1442.90728543,0.200422222868,World/native_ecal/GlueThick_volume_0
95,Silicon,1443.10770765,0.300633334303,World/native_ecal/Si_volume_7
95,Glue,1443.40834099,0.100211111434,World/native_ecal/Glue_volume_0
95,FR4,1443.5085521,1.6695171165,World/native_ecal/PCB_volume_0
95,FR4,1449.95413078,0.901900002909,World/native_ecal/PCB_motherboard_volume_0
95,FR4,1480.82516577,0.901900002909,World/native_ecal/PCB_motherboard_volume_0
95,FR4,1486.00207179,1.6695171165,World/native_ecal/PCB_volume_0
95,Glue,1487.67158891,0.100211111434,World/native_ecal/Glue_volume_0
95,Silicon,1487.77180002,0.300633334303,World/native_ecal/Si_volume_14
95,Glue,1488.07243335,0.200422222869,World/native_ecal/GlueThick_volume_0
95,Aluminum,1490.62781669,3.2067555659,World/native_ecal/C_volume_CarbonCoolingPlane_0
95,Glue,1493.83457226,0.200422222869,World/native_ecal/GlueThick_volume_0
95,Silicon,1494.03499448,0.300633334303,World/native_ecal/Si_volume_21
95,Glue,1494.33562782,0.100211111434,World/native_ecal/Glue_volume_0
95,FR4,1494.43583893,1.6695171165,World/native_ecal/PCB_volume_0
95,FR4,1500.38036206,0.901900002909,World/native_ecal/PCB_motherboard_volume_0
95,Scintillator,231.777285106,20.0422222869,World/hcal_top/hcal_top_layer1_strip6
95,Scintillator,255.198207219,20.0422222869,World/hcal_top/hcal_top_layer2_strip5
95,Aluminum3003,231.276229549,0.501055557172,World/hcal_top/hcal_top_cover_1_placement
95,Aluminum3003,254.697151662,0.501055557172,World/hcal_top/hcal_top_cover_2_placement
95,Scintillator,1196.17409078,20.0422222869,World/hcal_above_ecal/hcal_above_ecal_layer1_strip2
95,Scintillator,1221.62771308,20.0422222869,World/hcal_above_ecal/hcal_above_ecal_layer2_strip4
95,Scintillator,1247.08133539,20.0422222869,World/hcal_above_ecal/hcal_above_ecal_layer3_strip2
95,Scintillator,1272.53495769,20.0422222869,World/hcal_above_ecal/hcal_above_ecal_layer4_strip4
95,Aluminum3003,1195.67303522,0.501055557171,World/hcal_above_ecal/hcal_above_ecal_cover_1_placement
95,Aluminum3003,1221.12665752,0.501055557171,World/hcal_above_ecal/hcal_above_ecal_cover_2_placement
95,Aluminum3003,1246.58027983,0.501055557171,World/hcal_above_ecal/hcal_above_ecal_cover_3_placement
95,Aluminum3003,1272.03390213,0.501055557171,World/hcal_above_ecal/hcal_above_ecal_cover_4_placement
95,Scintillator,1702.08145006,20.0422222869,World/hcal_below_ecal/hcal_below_ecal_layer1_strip3
95,Scintillator,1725.65552685,20.0422222869,World/hcal_below_ecal/hcal_below_ecal_layer2_strip6
95,Scintillator,1749.22960364,20.0422222869,World/hcal_below_ecal/hcal_below_ecal_layer3_strip3
95,Scintillator,1772.80368043,20.0422222869,World/hcal_below_ecal/hcal_below_ecal_layer4_strip6
95,Aluminum3003,1701.5803945,0.501055557171,World/hcal_below_ecal/hcal_below_ecal_cover_1_placement
95,Aluminum3003,1725.15447129,0.501055557171,World/hcal_below_ecal/hcal_below_ecal_cover_2_placement
95,Aluminum3003,1748.72854808,0.501055557171,World/hcal_below_ecal/hcal_below_ecal_cover_3_placement
95,Aluminum3003,1772.30262487,0.501055557171,World/hcal_below_ecal/hcal_below_ecal_cover_4_placement
